﻿<?xml version="1.0" encoding="utf-8"?>
<DataRoot n="">
  <Data n="!FOLD">
    <Key v="1" t="Int32" n="20202964575831" />
    <Key v="1" t="Int32" n="20202964581995" />
    <Key v="1" t="Int32" n="20202964591140" />
    <Key v="1" t="Int32" n="20202964594476" />
    <Key v="1" t="Int32" n="20202964598484" />
    <Key v="1" t="Int32" n="20202964602846" />
    <Key v="1" t="Int32" n="20202964606582" />
    <Key v="1" t="Int32" n="20202890303422" />
    <Key v="1" t="Int32" n="20202890303674" />
    <Key v="1" t="Int32" n="20202890328754" />
    <Key v="1" t="Int32" n="20202874614902" />
    <Key v="1" t="Int32" n="20202874614977" />
    <Key v="1" t="Int32" n="20202874614551" />
    <Key v="1" t="Int32" n="20202874614794" />
    <Key v="1" t="Int32" n="20202874608783" />
    <Key v="1" t="Int32" n="20202874615036" />
    <Key v="1" t="Int32" n="20202847030667" />
    <Key v="1" t="Int32" n="20202845065802" />
    <Key v="1" t="Int32" n="20202847030404" />
    <Key v="1" t="Int32" n="20202845065719" />
    <Key v="1" t="Int32" n="20202847030830" />
    <Key v="1" t="Int32" n="20202874615123" />
    <Key v="1" t="Int32" n="20205578134657" />
    <Key v="1" t="Int32" n="20205578146684" />
    <Key v="1" t="Int32" n="20205578158069" />
    <Key v="1" t="Int32" n="20205578325179" />
    <Key v="1" t="Int32" n="20205578338949" />
    <Key v="1" t="Int32" n="20205578151484" />
    <Key v="1" t="Int32" n="20205578152952" />
    <Key v="1" t="Int32" n="20205578198624" />
    <Key v="1" t="Int32" n="20205578204221" />
    <Key v="1" t="Int32" n="20205344410237" />
    <Key v="1" t="Int32" n="20205344405679" />
    <Key v="1" t="Int32" n="20205344402569" />
    <Key v="1" t="Int32" n="20205336019642" />
    <Key v="1" t="Int32" n="20205336025916" />
    <Key v="1" t="Int32" n="20205336030174" />
    <Key v="1" t="Int32" n="20205342176716" />
    <Key v="1" t="Int32" n="20205623794353" />
    <Key v="1" t="Int32" n="20205575615872" />
    <Key v="1" t="Int32" n="20205575685719" />
    <Key v="1" t="Int32" n="20205575682376" />
    <Key v="1" t="Int32" n="20205575675920" />
    <Key v="1" t="Int32" n="20205575668451" />
    <Key v="1" t="Int32" n="20205575679169" />
    <Key v="1" t="Int32" n="20205575658960" />
    <Key v="1" t="Int32" n="20205575674160" />
    <Key v="1" t="Int32" n="20205575648309" />
    <Key v="1" t="Int32" n="20205575663279" />
    <Key v="1" t="Int32" n="20205840273935" />
    <Key v="1" t="Int32" n="20205840272235" />
    <Key v="1" t="Int32" n="20205840270536" />
    <Key v="1" t="Int32" n="20205840267218" />
    <Key v="1" t="Int32" n="20205840255303" />
    <Key v="1" t="Int32" n="20203031416073" />
    <Key v="1" t="Int32" n="20203031427785" />
    <Key v="1" t="Int32" n="20203031429528" />
    <Key v="1" t="Int32" n="20203031431288" />
    <Key v="1" t="Int32" n="20203031433548" />
    <Key v="1" t="Int32" n="20203036898874" />
    <Key v="1" t="Int32" n="20203037006853" />
    <Key v="1" t="Int32" n="20203037009277" />
    <Key v="1" t="Int32" n="20203031455932" />
    <Key v="1" t="Int32" n="20203031464986" />
    <Key v="1" t="Int32" n="20203031472044" />
    <Key v="1" t="Int32" n="20203031477353" />
    <Key v="1" t="Int32" n="20203031481061" />
    <Key v="1" t="Int32" n="20203031485097" />
    <Key v="1" t="Int32" n="20203031499757" />
    <Key v="1" t="Int32" n="20203031507962" />
    <Key v="1" t="Int32" n="20202990784752" />
    <Key v="1" t="Int32" n="20202993749600" />
    <Key v="1" t="Int32" n="20202993764888" />
    <Key v="1" t="Int32" n="20202990766382" />
    <Key v="1" t="Int32" n="20202990772796" />
    <Key v="1" t="Int32" n="20202990778926" />
    <Key v="1" t="Int32" n="20202990817393" />
    <Key v="1" t="Int32" n="20202990835208" />
    <Key v="1" t="Int32" n="20202990839629" />
    <Key v="1" t="Int32" n="20202990844270" />
    <Key v="1" t="Int32" n="20202991045504" />
    <Key v="1" t="Int32" n="20202991048773" />
    <Key v="1" t="Int32" n="20202991052876" />
    <Key v="1" t="Int32" n="20202991058764" />
    <Key v="1" t="Int32" n="20202991086017" />
    <Key v="1" t="Int32" n="20202993785506" />
    <Key v="1" t="Int32" n="20202993861813" />
    <Key v="1" t="Int32" n="20202994133181" />
    <Key v="1" t="Int32" n="20202994157202" />
    <Key v="1" t="Int32" n="20202994165033" />
    <Key v="1" t="Int32" n="20202994188904" />
    <Key v="1" t="Int32" n="20202994191640" />
    <Key v="1" t="Int32" n="20202994193875" />
    <Key v="1" t="Int32" n="20202987244703" />
    <Key v="1" t="Int32" n="20202994095657" />
    <Key v="1" t="Int32" n="20202994100262" />
    <Key v="1" t="Int32" n="20202994105028" />
    <Key v="1" t="Int32" n="20202994118882" />
    <Key v="1" t="Int32" n="20203042856244" />
    <Key v="1" t="Int32" n="20205339450650" />
    <Key v="1" t="Int32" n="20202985525449" />
    <Key v="1" t="Int32" n="20202986083333" />
    <Key v="1" t="Int32" n="20202986079552" />
    <Key v="1" t="Int32" n="20203012610010" />
    <Key v="1" t="Int32" n="20203031391802" />
    <Key v="1" t="Int32" n="20203031398847" />
    <Key v="1" t="Int32" n="20203012361088" />
    <Key v="1" t="Int32" n="20203012377812" />
    <Key v="1" t="Int32" n="20203012386828" />
    <Key v="1" t="Int32" n="20203012390497" />
    <Key v="1" t="Int32" n="20203012407100" />
    <Key v="1" t="Int32" n="20203012438376" />
    <Key v="1" t="Int32" n="20203056462145" />
    <Key v="1" t="Int32" n="20203013102181" />
    <Key v="1" t="Int32" n="20203013080474" />
    <Key v="1" t="Int32" n="20203013086764" />
    <Key v="1" t="Int32" n="20203013090613" />
    <Key v="1" t="Int32" n="20202985294469" />
    <Key v="1" t="Int32" n="20202985315072" />
    <Key v="1" t="Int32" n="20202985315460" />
    <Key v="1" t="Int32" n="20202985315539" />
    <Key v="1" t="Int32" n="20202985315643" />
    <Key v="1" t="Int32" n="20202985315685" />
    <Key v="1" t="Int32" n="20202993793488" />
    <Key v="1" t="Int32" n="20202993801349" />
    <Key v="1" t="Int32" n="20202993804710" />
    <Key v="1" t="Int32" n="20202993806645" />
    <Key v="1" t="Int32" n="20202993811095" />
    <Key v="1" t="Int32" n="20202993816578" />
    <Key v="1" t="Int32" n="20204529712638" />
    <Key v="1" t="Int32" n="20204529718064" />
    <Key v="1" t="Int32" n="20204529718175" />
    <Key v="1" t="Int32" n="20202993743833" />
    <Key v="1" t="Int32" n="20203009867032" />
    <Key v="1" t="Int32" n="20202991427931" />
    <Key v="1" t="Int32" n="20202991366479" />
    <Key v="1" t="Int32" n="20202991564336" />
    <Key v="1" t="Int32" n="20202991556621" />
    <Key v="1" t="Int32" n="20202991421822" />
    <Key v="1" t="Int32" n="20202991516962" />
    <Key v="1" t="Int32" n="20202991510048" />
    <Key v="1" t="Int32" n="20202993591402" />
    <Key v="1" t="Int32" n="20202993585922" />
    <Key v="1" t="Int32" n="20202991431021" />
    <Key v="1" t="Int32" n="20202993599542" />
    <Key v="1" t="Int32" n="20202993597034" />
    <Key v="1" t="Int32" n="20202991566825" />
    <Key v="1" t="Int32" n="20205826073293" />
    <Key v="1" t="Int32" n="20205826082605" />
    <Key v="1" t="Int32" n="20205826085132" />
    <Key v="1" t="Int32" n="20205826087463" />
    <Key v="1" t="Int32" n="20202988201037" />
    <Key v="1" t="Int32" n="20202988191246" />
    <Key v="1" t="Int32" n="20202988204047" />
    <Key v="1" t="Int32" n="20202988207613" />
    <Key v="1" t="Int32" n="20202848619977" />
    <Key v="1" t="Int32" n="20202848620023" />
    <Key v="1" t="Int32" n="20202848613834" />
    <Key v="1" t="Int32" n="20202848619893" />
    <Key v="1" t="Int32" n="20204529349489" />
    <Key v="1" t="Int32" n="20202988224606" />
    <Key v="1" t="Int32" n="20202988226529" />
    <Key v="1" t="Int32" n="20202988219007" />
    <Key v="1" t="Int32" n="20204529349697" />
    <Key v="1" t="Int32" n="20202988229276" />
    <Key v="1" t="Int32" n="20206416740540" />
    <Key v="1" t="Int32" n="20206416739251" />
    <Key v="1" t="Int32" n="20206416733788" />
    <Key v="1" t="Int32" n="20206518005844" />
    <Key v="1" t="Int32" n="20206517899722" />
    <Key v="1" t="Int32" n="20206518008150" />
    <Key v="1" t="Int32" n="20206371067146" />
    <Key v="1" t="Int32" n="20206371086254" />
    <Key v="1" t="Int32" n="20206371129961" />
    <Key v="1" t="Int32" n="20206371071582" />
    <Key v="1" t="Int32" n="20206371074438" />
    <Key v="1" t="Int32" n="20205575608442" />
    <Key v="1" t="Int32" n="20205575624538" />
    <Key v="1" t="Int32" n="20205575622624" />
    <Key v="1" t="Int32" n="20205575618224" />
    <Key v="1" t="Int32" n="20202890359455" />
    <Key v="1" t="Int32" n="20202890361311" />
    <Key v="1" t="Int32" n="20202890361673" />
    <Key v="1" t="Int32" n="20202890362116" />
    <Key v="1" t="Int32" n="20202890362483" />
    <Key v="1" t="Int32" n="20202890327405" />
    <Key v="1" t="Int32" n="20202890329033" />
    <Key v="1" t="Int32" n="20202847030934" />
    <Key v="1" t="Int32" n="20206517882837" />
    <Key v="1" t="Int32" n="20206536556318" />
    <Key v="1" t="Int32" n="20206536560062" />
    <Key v="1" t="Int32" n="20206536561489" />
    <Key v="1" t="Int32" n="20206536562827" />
    <Key v="1" t="Int32" n="20206536564391" />
    <Key v="1" t="Int32" n="20206536565717" />
    <Key v="1" t="Int32" n="20206594547684" />
    <Key v="1" t="Int32" n="20206594594349" />
    <Key v="1" t="Int32" n="20203043419791" />
    <Key v="1" t="Int32" n="20203043414224" />
    <Key v="1" t="Int32" n="20203043431856" />
    <Key v="1" t="Int32" n="20203043423982" />
    <Key v="1" t="Int32" n="20203043407182" />
    <Key v="1" t="Int32" n="20203043427035" />
    <Key v="1" t="Int32" n="20161406198795" />
    <Key v="1" t="Int32" n="20165923785459" />
    <Key v="1" t="Int32" n="20156734678000" />
    <Key v="1" t="Int32" n="20157576804995" />
    <Key v="1" t="Int32" n="20156735834421" />
    <Key v="1" t="Int32" n="20161602655983" />
    <Key v="1" t="Int32" n="20197719079800" />
    <Key v="1" t="Int32" n="20181524704545" />
    <Key v="1" t="Int32" n="20197739252550" />
    <Key v="1" t="Int32" n="20178539752076" />
    <Key v="1" t="Int32" n="20178539513044" />
    <Key v="1" t="Int32" n="20178540142624" />
    <Key v="1" t="Int32" n="20178580675193" />
    <Key v="1" t="Int32" n="20188685364847" />
    <Key v="1" t="Int32" n="20158654662138" />
    <Key v="1" t="Int32" n="20177910043984" />
    <Key v="1" t="Int32" n="20177791825296" />
    <Key v="1" t="Int32" n="20161406232361" />
    <Key v="1" t="Int32" n="20178080206299" />
    <Key v="1" t="Int32" n="20156257387086" />
    <Key v="1" t="Int32" n="20161629349856" />
    <Key v="1" t="Int32" n="20161630319025" />
    <Key v="1" t="Int32" n="20161650811746" />
    <Key v="1" t="Int32" n="20161628641817" />
    <Key v="1" t="Int32" n="20183375072720" />
    <Key v="1" t="Int32" n="20181117489850" />
    <Key v="1" t="Int32" n="20181357825811" />
    <Key v="1" t="Int32" n="20181646657489" />
    <Key v="1" t="Int32" n="20178894374097" />
    <Key v="1" t="Int32" n="20165178673821" />
    <Key v="1" t="Int32" n="20162077564008" />
    <Key v="1" t="Int32" n="20178580486965" />
    <Key v="1" t="Int32" n="20178569217842" />
    <Key v="1" t="Int32" n="20178584847241" />
    <Key v="1" t="Int32" n="20162991722162" />
    <Key v="1" t="Int32" n="20161317817708" />
    <Key v="1" t="Int32" n="20157262613597" />
    <Key v="1" t="Int32" n="20162967427161" />
    <Key v="1" t="Int32" n="20157262703544" />
    <Key v="1" t="Int32" n="20181116895363" />
    <Key v="1" t="Int32" n="20181044397845" />
    <Key v="1" t="Int32" n="20181358457372" />
    <Key v="1" t="Int32" n="20178541568192" />
    <Key v="1" t="Int32" n="20178581169721" />
    <Key v="1" t="Int32" n="20178923006897" />
    <Key v="1" t="Int32" n="20179034739844" />
    <Key v="1" t="Int32" n="20162945087906" />
    <Key v="1" t="Int32" n="20162945133260" />
    <Key v="1" t="Int32" n="20181576276323" />
    <Key v="1" t="Int32" n="20161628363334" />
    <Key v="1" t="Int32" n="20178080438009" />
    <Key v="1" t="Int32" n="20181674692259" />
    <Key v="1" t="Int32" n="20183540071941" />
    <Key v="1" t="Int32" n="20156259055599" />
    <Key v="1" t="Int32" n="20183301051932" />
    <Key v="1" t="Int32" n="20165105673035" />
    <Key v="1" t="Int32" n="20165150391301" />
    <Key v="1" t="Int32" n="20165156230694" />
    <Key v="1" t="Int32" n="20179422164346" />
    <Key v="1" t="Int32" n="20156110311329" />
    <Key v="1" t="Int32" n="20158518215581" />
    <Key v="1" t="Int32" n="20162991400733" />
    <Key v="1" t="Int32" n="20156899787303" />
    <Key v="1" t="Int32" n="20156883185014" />
    <Key v="1" t="Int32" n="20162604556317" />
    <Key v="1" t="Int32" n="20156713540528" />
    <Key v="1" t="Int32" n="20162941516740" />
    <Key v="1" t="Int32" n="20156714112942" />
    <Key v="1" t="Int32" n="20162536087581" />
    <Key v="1" t="Int32" n="20162535776879" />
    <Key v="1" t="Int32" n="20162535622275" />
    <Key v="1" t="Int32" n="20156736481769" />
    <Key v="1" t="Int32" n="20162535618222" />
    <Key v="1" t="Int32" n="20195100227276" />
    <Key v="1" t="Int32" n="20178900300938" />
    <Key v="1" t="Int32" n="20178946304747" />
    <Key v="1" t="Int32" n="20178606623024" />
    <Key v="1" t="Int32" n="20181311334089" />
    <Key v="1" t="Int32" n="20181312304351" />
    <Key v="1" t="Int32" n="20182773877228" />
    <Key v="1" t="Int32" n="20182820243676" />
    <Key v="1" t="Int32" n="20186474650805" />
    <Key v="1" t="Int32" n="20178028518602" />
    <Key v="1" t="Int32" n="20162605056713" />
    <Key v="1" t="Int32" n="20156330326001" />
    <Key v="1" t="Int32" n="20178080840802" />
    <Key v="1" t="Int32" n="20162629300126" />
    <Key v="1" t="Int32" n="20162991048403" />
    <Key v="1" t="Int32" n="20162628640105" />
    <Key v="1" t="Int32" n="20162629184176" />
    <Key v="1" t="Int32" n="20162536255977" />
    <Key v="1" t="Int32" n="20181576450514" />
    <Key v="1" t="Int32" n="20186492357316" />
    <Key v="1" t="Int32" n="20186515823000" />
    <Key v="1" t="Int32" n="20178946715343" />
    <Key v="1" t="Int32" n="20181407714376" />
    <Key v="1" t="Int32" n="20162643006720" />
    <Key v="1" t="Int32" n="20162642868547" />
    <Key v="1" t="Int32" n="20162642869905" />
    <Key v="1" t="Int32" n="20162643183726" />
    <Key v="1" t="Int32" n="20156714106867" />
    <Key v="1" t="Int32" n="20156405733535" />
    <Key v="1" t="Int32" n="20156901825591" />
    <Key v="1" t="Int32" n="20157101199707" />
    <Key v="1" t="Int32" n="20157212594683" />
    <Key v="1" t="Int32" n="20157212667572" />
    <Key v="1" t="Int32" n="20157212530778" />
    <Key v="1" t="Int32" n="20162967554086" />
    <Key v="1" t="Int32" n="20165922711291" />
    <Key v="1" t="Int32" n="20165923708929" />
    <Key v="1" t="Int32" n="20181044315484" />
    <Key v="1" t="Int32" n="20178415083213" />
    <Key v="1" t="Int32" n="20178894313117" />
    <Key v="1" t="Int32" n="20181358267638" />
    <Key v="1" t="Int32" n="20162945157742" />
    <Key v="1" t="Int32" n="20156904339539" />
    <Key v="1" t="Int32" n="20187000591539" />
    <Key v="1" t="Int32" n="20182176304873" />
    <Key v="1" t="Int32" n="20178080543131" />
    <Key v="1" t="Int32" n="20181885307985" />
    <Key v="1" t="Int32" n="20186517281799" />
    <Key v="1" t="Int32" n="20183183850092" />
    <Key v="1" t="Int32" n="20182006279946" />
    <Key v="1" t="Int32" n="20165103343855" />
    <Key v="1" t="Int32" n="20165103341133" />
    <Key v="1" t="Int32" n="20157524780938" />
    <Key v="1" t="Int32" n="20157097085391" />
    <Key v="1" t="Int32" n="20156109364640" />
    <Key v="1" t="Int32" n="20157597537981" />
    <Key v="1" t="Int32" n="20156109536738" />
    <Key v="1" t="Int32" n="20156111532684" />
    <Key v="1" t="Int32" n="20156112121316" />
    <Key v="1" t="Int32" n="20157263339585" />
    <Key v="1" t="Int32" n="20157461473790" />
    <Key v="1" t="Int32" n="20157461479106" />
    <Key v="1" t="Int32" n="20207091480360" />
    <Key v="1" t="Int32" n="20205575760333" />
    <Key v="1" t="Int32" n="20207091490048" />
    <Key v="1" t="Int32" n="20207091472941" />
    <Key v="1" t="Int32" n="20205575756673" />
    <Key v="1" t="Int32" n="20205575763750" />
    <Key v="1" t="Int32" n="20205575768471" />
    <Key v="1" t="Int32" n="20207091469664" />
    <Key v="1" t="Int32" n="20207119739462" />
    <Key v="1" t="Int32" n="20207119768492" />
    <Key v="1" t="Int32" n="20207119751281" />
    <Key v="1" t="Int32" n="20207119753258" />
    <Key v="1" t="Int32" n="20207119746243" />
    <Key v="1" t="Int32" n="20207119743887" />
    <Key v="1" t="Int32" n="20207210144331" />
    <Key v="1" t="Int32" n="20207120454432" />
    <Key v="1" t="Int32" n="20205336228167" />
    <Key v="1" t="Int32" n="20205337404739" />
    <Key v="1" t="Int32" n="20205336248021" />
    <Key v="1" t="Int32" n="20205336241968" />
    <Key v="1" t="Int32" n="20205336230727" />
    <Key v="1" t="Int32" n="20205335881471" />
    <Key v="1" t="Int32" n="20207119849575" />
    <Key v="1" t="Int32" n="20207119837323" />
    <Key v="1" t="Int32" n="20207119841931" />
    <Key v="1" t="Int32" n="20207119844066" />
    <Key v="1" t="Int32" n="20207119825925" />
    <Key v="1" t="Int32" n="20207237625269" />
    <Key v="1" t="Int32" n="20207089375209" />
    <Key v="1" t="Int32" n="20207089396644" />
    <Key v="1" t="Int32" n="20207089394684" />
    <Key v="1" t="Int32" n="20207089384359" />
    <Key v="1" t="Int32" n="20207089387791" />
    <Key v="1" t="Int32" n="20207089404164" />
    <Key v="1" t="Int32" n="20207089408621" />
    <Key v="1" t="Int32" n="20207089401411" />
    <Key v="1" t="Int32" n="20207089385852" />
    <Key v="1" t="Int32" n="20207089392783" />
    <Key v="1" t="Int32" n="20207126724772" />
    <Key v="1" t="Int32" n="20207121590679" />
    <Key v="1" t="Int32" n="20207121588873" />
    <Key v="1" t="Int32" n="20207121609641" />
    <Key v="1" t="Int32" n="20207135261623" />
    <Key v="1" t="Int32" n="20207135257219" />
    <Key v="1" t="Int32" n="20207135255096" />
    <Key v="1" t="Int32" n="20207137338010" />
    <Key v="1" t="Int32" n="20207137409183" />
    <Key v="1" t="Int32" n="20207137332345" />
    <Key v="1" t="Int32" n="20207137340056" />
    <Key v="1" t="Int32" n="20207122270973" />
    <Key v="1" t="Int32" n="20207120686377" />
    <Key v="1" t="Int32" n="20207120682494" />
    <Key v="1" t="Int32" n="20207235771905" />
    <Key v="1" t="Int32" n="20205502409224" />
    <Key v="1" t="Int32" n="20207209308351" />
    <Key v="1" t="Int32" n="20207216031876" />
    <Key v="1" t="Int32" n="20207209292312" />
    <Key v="1" t="Int32" n="20207209351643" />
    <Key v="1" t="Int32" n="20207209299656" />
    <Key v="1" t="Int32" n="20207209303509" />
    <Key v="1" t="Int32" n="20207216233469" />
    <Key v="1" t="Int32" n="20207209305644" />
    <Key v="1" t="Int32" n="20207120689367" />
    <Key v="1" t="Int32" n="20207089398567" />
    <Key v="1" t="Int32" n="20207523402629" />
    <Key v="1" t="Int32" n="20207523399939" />
    <Key v="1" t="Int32" n="20207523391578" />
  </Data>
</DataRoot>