﻿<?xml version="1.0" encoding="utf-8"?>
<DataRoot n="">
  <Data n="20203890660776">
    <Key v="-1078,87" t="Vector2" n="!$MP" />
    <Key v="0.6,0.6,0.6" t="Vector3" n="!$MZ" />
    <Data n="$Elems">
      <Data n="20203910130197e">
        <Key v="20203782066473" t="String" n="$T" />
        <Key v="950,550" t="Vector2" n="!$P" />
        <Key v="Vrhnout se na ní" t="String" n="%Option" />
        <Key v="Attack" t="String" n="OptionType" />
      </Data>
      <Data n="20203910240318e">
        <Key v="20203879172518" t="String" n="$T" />
        <Key v="4450,250" t="Vector2" n="!$P" />
        <Key v="BattleBasic" t="String" n="BattleType" />
      </Data>
      <Data n="20203976546703e">
        <Key v="20203950288293" t="String" n="$T" />
        <Key v="4950,250" t="Vector2" n="!$P" />
        <Key v="1" t="Int32" n="AddTimeChange" />
        <Key v="Delay" t="String" n="TimeChange" />
        <Key v="600" t="Int32" n="TimeDelay" />
      </Data>
      <Data n="20203949175407e">
        <Key v="20203879175349" t="String" n="$T" />
        <Key v="4000,250" t="Vector2" n="!$P" />
        <Key v="20203901264861" t="String" n="Monster" />
        <Key v="1" t="Int32" n="BeastNumber" />
      </Data>
      <Data n="20208438640747e">
        <Key v="20203950288293" t="String" n="$T" />
        <Key v="5400,250" t="Vector2" n="!$P" />
        <Key v="1" t="Int32" n="AddTextWindow" />
        <Key v="O zombíka méně" t="String" n="%TitleTextWindow" />
        <Key v="Tak zombík to měl rychle za sebou. No svět je hned o něco krásnější .)" t="String" n="%TextWindow" />
      </Data>
      <Data n="20203976568771e">
        <Key v="20203950288293" t="String" n="$T" />
        <Key v="3050,250" t="Vector2" n="!$P" />
        <Key v="1" t="Int32" n="AddTextWindow" />
        <Key v="Úspěšné plížení" t="String" n="%TitleTextWindow" />
        <Key v="Některým tvým specialistům se povedlo k zombíkovi nepozoravně připlížit. Tito specialisté dostávají dočasně perk &quot;První úder&quot;" t="String" n="%TextWindow" />
      </Data>
      <Data n="20203975508660e">
        <Key v="20203973067233" t="String" n="$T" />
        <Key v="2650,250" t="Vector2" n="!$P" />
        <Key v="Success" t="String" n="Result" />
      </Data>
      <Data n="20203952603793e">
        <Key v="20203950288293" t="String" n="$T" />
        <Key v="3450,250" t="Vector2" n="!$P" />
        <Key v="1" t="Int32" n="AddPerk" />
        <Key v="DirectX" t="String" n="!ItemCount" />
        <Key v="ResBasic" t="String" n="!DropType" />
        <Key v="Specialist" t="String" n="PerkTarget" />
        <Key v="FirstStrike" t="String" n="TypePerk" />
        <Key v="1" t="Int32" n="SuccRateValue" />
      </Data>
      <Data n="20203910135722e">
        <Key v="20203782066473" t="String" n="$T" />
        <Key v="950,50" t="Vector2" n="!$P" />
        <Key v="Ambush" t="String" n="OptionType" />
        <Key v="Pokusit se zombii přepadnout" t="String" n="%Option" />
      </Data>
      <Data n="20203925614372e">
        <Key v="20203910104079" t="String" n="$T" />
        <Key v="1400,50" t="Vector2" n="!$P" />
        <Key v="SpecActive" t="String" n="TestTarget" />
        <Key v="Pokus o přepad" t="String" n="TestName" />
        <Key v="Separately" t="String" n="KindTest" />
        <Key v="Sneaking" t="String" n="TestType" />
        <Key v="MiL" t="String" n="TestAtribute" />
        <Key v="3" t="Int32" n="TestDiff" />
        <Key v="2" t="Int32" n="TestRateMod" />
        <Key v="1" t="Int32" n="KarmaInfluence" />
        <Key v="- [KAR/10]↑ = +/- nebezpečnost" t="String" n="KarmaDescription" />
      </Data>
      <Data n="20203976301524e">
        <Key v="20203950288293" t="String" n="$T" />
        <Key v="350,50" t="Vector2" n="!$P" />
        <Key v="1" t="Int32" n="AddTextWindow" />
        <Key v="Oblastí si to špacíruje jeden zombík, blbě čumí a neměl by problém se mu vyhnout. Nicméně každej si rád zabije zombii..." t="String" n="%TextWindow" />
        <Key v="Potulná zombie" t="String" n="%TitleTextWindow" />
      </Data>
      <Data n="20203976746970e">
        <Key v="20203950288293" t="String" n="$T" />
        <Key v="2200,50" t="Vector2" n="!$P" />
        <Key v="1" t="Int32" n="AddSecAtr" />
        <Key v="Stamina" t="String" n="SecAtr" />
        <Key v="-3200" t="Int32" n="SecAtrChange" />
        <Key v="ChangeTypeDirect" t="String" n="SecAtrChangeType" />
        <Key v="AllActiveSpec" t="String" n="SecAtrChangeTarg" />
      </Data>
      <Data n="20203977069088e">
        <Key v="20203950288293" t="String" n="$T" />
        <Key v="1800,50" t="Vector2" n="!$P" />
        <Key v="1" t="Int32" n="AddTimeChange" />
        <Key v="Delay" t="String" n="TimeChange" />
        <Key v="1800" t="Int32" n="TimeDelay" />
      </Data>
      <Data n="20203976253054e">
        <Key v="20203950288293" t="String" n="$T" />
        <Key v="5850,-50" t="Vector2" n="!$P" />
        <Key v="1" t="Int32" n="AddEventEnd" />
      </Data>
      <Data n="20203975510603e">
        <Key v="20203973067233" t="String" n="$T" />
        <Key v="2650,-150" t="Vector2" n="!$P" />
        <Key v="Failure" t="String" n="Result" />
      </Data>
      <Data n="20203976601140e">
        <Key v="20203950288293" t="String" n="$T" />
        <Key v="3050,-150" t="Vector2" n="!$P" />
        <Key v="1" t="Int32" n="AddTextWindow" />
        <Key v="Neúspěšné plížení" t="String" n="%TitleTextWindow" />
        <Key v="Přepad skončil fiaskem, zombík si vás všiml a bez caviků zaútočil." t="String" n="%TextWindow" />
      </Data>
      <Data n="20203910133600e">
        <Key v="20203782066473" t="String" n="$T" />
        <Key v="950,-350" t="Vector2" n="!$P" />
        <Key v="Avoid" t="String" n="OptionType" />
        <Key v="Obejít zombii obloukem" t="String" n="%Option" />
      </Data>
      <Data n="20203976539368e">
        <Key v="20203950288293" t="String" n="$T" />
        <Key v="2100,-350" t="Vector2" n="!$P" />
        <Key v="1" t="Int32" n="AddTimeChange" />
        <Key v="Delay" t="String" n="TimeChange" />
        <Key v="3600" t="Int32" n="TimeDelay" />
      </Data>
      <Data n="20203976845986e">
        <Key v="20203950288293" t="String" n="$T" />
        <Key v="3250,-350" t="Vector2" n="!$P" />
        <Key v="1" t="Int32" n="AddSecAtr" />
        <Key v="Stamina" t="String" n="SecAtr" />
        <Key v="-2000" t="Int32" n="SecAtrChange" />
        <Key v="ChangeTypeDirect" t="String" n="SecAtrChangeType" />
        <Key v="AllSpec" t="String" n="SecAtrChangeTarg" />
      </Data>
      <Data n="20208438629300e">
        <Key v="20203950288293" t="String" n="$T" />
        <Key v="5400,-350" t="Vector2" n="!$P" />
        <Key v="1" t="Int32" n="AddTextWindow" />
        <Key v="Zombík &quot;žije&quot;" t="String" n="%TitleTextWindow" />
        <Key v="Zombíka jste nechali zombíkem a pokračujete dál ve své cestě..." t="String" n="%TextWindow" />
      </Data>
    </Data>
    <Data n="$Conns">
      <Data n="20203976367074c">
        <Key v="20203976301524e" t="String" n="$S" />
        <Key v="20203910130197e" t="String" n="$E" />
      </Data>
      <Data n="20203976367387c">
        <Key v="20203976301524e" t="String" n="$S" />
        <Key v="20203910135722e" t="String" n="$E" />
      </Data>
      <Data n="20203976367775c">
        <Key v="20203976301524e" t="String" n="$S" />
        <Key v="20203910133600e" t="String" n="$E" />
      </Data>
      <Data n="20203949175411c">
        <Key v="20203910130197e" t="String" n="$S" />
        <Key v="20203949175407e" t="String" n="$E" />
        <Data n="!Node">
          <Key v="3550,520" t="Vector2" n="0" />
        </Data>
      </Data>
      <Data n="20203976548379c">
        <Key v="20203910240318e" t="String" n="$S" />
        <Key v="20203976546703e" t="String" n="$E" />
      </Data>
      <Data n="20203976543334c">
        <Key v="20203910133600e" t="String" n="$S" />
        <Key v="20203976539368e" t="String" n="$E" />
      </Data>
      <Data n="20203925614376c">
        <Key v="20203910135722e" t="String" n="$S" />
        <Key v="20203925614372e" t="String" n="$E" />
      </Data>
      <Data n="20203977071678c">
        <Key v="20203977069088e" t="String" n="$S" />
        <Key v="20203976746970e" t="String" n="$E" />
      </Data>
      <Data n="20203976835168c">
        <Key v="20203952603793e" t="String" n="$S" />
        <Key v="20203949175407e" t="String" n="$E" />
      </Data>
      <Data n="20203976792178c">
        <Key v="20203976746970e" t="String" n="$S" />
        <Key v="20203975508660e" t="String" n="$E" />
      </Data>
      <Data n="20203976613621c">
        <Key v="20203975508660e" t="String" n="$S" />
        <Key v="20203976568771e" t="String" n="$E" />
      </Data>
      <Data n="20203976609877c">
        <Key v="20203975510603e" t="String" n="$S" />
        <Key v="20203976601140e" t="String" n="$E" />
      </Data>
      <Data n="20203976849422c">
        <Key v="20203976539368e" t="String" n="$S" />
        <Key v="20203976845986e" t="String" n="$E" />
      </Data>
      <Data n="20208438648616c">
        <Key v="20203976546703e" t="String" n="$S" />
        <Key v="20208438640747e" t="String" n="$E" />
      </Data>
      <Data n="20203976362007c">
        <Key v="20203976301524e" t="String" n="$E" />
      </Data>
      <Data n="20203976834780c">
        <Key v="20203976568771e" t="String" n="$S" />
        <Key v="20203952603793e" t="String" n="$E" />
      </Data>
      <Data n="20203976610147c">
        <Key v="20203976601140e" t="String" n="$S" />
        <Key v="20203949175407e" t="String" n="$E" />
        <Data n="!Node">
          <Key v="3550,-180" t="Vector2" n="0" />
        </Data>
      </Data>
      <Data n="20203976792441c">
        <Key v="20203976746970e" t="String" n="$S" />
        <Key v="20203975510603e" t="String" n="$E" />
      </Data>
      <Data n="20208438638900c">
        <Key v="20203976845986e" t="String" n="$S" />
        <Key v="20208438629300e" t="String" n="$E" />
      </Data>
      <Data n="20203977072141c">
        <Key v="20203925614372e" t="String" n="$S" />
        <Key v="20203977069088e" t="String" n="$E" />
      </Data>
      <Data n="20203977463129c">
        <Key v="20203949175407e" t="String" n="$S" />
        <Key v="20203910240318e" t="String" n="$E" />
      </Data>
      <Data n="20208438639625c">
        <Key v="20208438629300e" t="String" n="$S" />
        <Key v="20203976253054e" t="String" n="$E" />
      </Data>
      <Data n="20208438648820c">
        <Key v="20208438640747e" t="String" n="$S" />
        <Key v="20203976253054e" t="String" n="$E" />
      </Data>
    </Data>
  </Data>
</DataRoot>