﻿<?xml version="1.0" encoding="utf-8"?>
<DataRoot n="">
  <Data n="20206109884845">
    <Key v="-790,154" t="Vector2" n="!$MP" />
    <Key v="0.4,0.4,0.4" t="Vector3" n="!$MZ" />
    <Data n="$Elems">
      <Data n="20203910130197e">
        <Key v="20203782066473" t="String" n="$T" />
        <Key v="900,550" t="Vector2" n="!$P" />
        <Key v="Vrhnout se na ně" t="String" n="%Option" />
        <Key v="Attack" t="String" n="OptionType" />
      </Data>
      <Data n="20203910240318e">
        <Key v="20203879172518" t="String" n="$T" />
        <Key v="4600,50" t="Vector2" n="!$P" />
        <Key v="BattleBasic" t="String" n="BattleType" />
        <Key v="5" t="Int32" n="BattleDiff" />
        <Key v="3" t="Int32" n="MinEnemyNumber" />
        <Key v="2" t="Int32" n="MonsterDiffMax" />
        <Key v="5" t="Int32" n="MaxEnemyNumber" />
        <Key v="KindDemons,KindObsessed" t="String" n="EnemyKinds" />
      </Data>
      <Data n="20203976546703e">
        <Key v="20203950288293" t="String" n="$T" />
        <Key v="5150,50" t="Vector2" n="!$P" />
        <Key v="1" t="Int32" n="AddTimeChange" />
        <Key v="Delay" t="String" n="TimeChange" />
        <Key v="600" t="Int32" n="TimeDelay" />
      </Data>
      <Data n="20203976568771e">
        <Key v="20203950288293" t="String" n="$T" />
        <Key v="2950,50" t="Vector2" n="!$P" />
        <Key v="1" t="Int32" n="AddTextWindow" />
        <Key v="Úspěšné plížení" t="String" n="%TitleTextWindow" />
        <Key v="Některým tvým specialistům se povedlo k zombíkovi nepozoravně připlížit. Tito specialisté dostávají dočasně perk &quot;První úder&quot;" t="String" n="%TextWindow" />
      </Data>
      <Data n="20203975508660e">
        <Key v="20203973067233" t="String" n="$T" />
        <Key v="2550,50" t="Vector2" n="!$P" />
        <Key v="Success" t="String" n="Result" />
      </Data>
      <Data n="20203910135722e">
        <Key v="20203782066473" t="String" n="$T" />
        <Key v="900,50" t="Vector2" n="!$P" />
        <Key v="Ambush" t="String" n="OptionType" />
        <Key v="Pokusit se o přepad" t="String" n="%Option" />
      </Data>
      <Data n="20203925614372e">
        <Key v="20203910104079" t="String" n="$T" />
        <Key v="1350,50" t="Vector2" n="!$P" />
        <Key v="RangeNum" t="String" n="TestTarget" />
        <Key v="Pokus o přepad" t="String" n="TestName" />
        <Key v="Separately" t="String" n="KindTest" />
        <Key v="Sneaking" t="String" n="TestType" />
        <Key v="MiL" t="String" n="TestAtribute" />
        <Key v="1" t="Int32" n="SpecTestNumMin" />
        <Key v="5" t="Int32" n="SpecTestNumMax" />
        <Key v="3" t="Int32" n="TestDiff" />
        <Key v="3" t="Int32" n="TestRateMod" />
        <Key v="1" t="Int32" n="KarmaInfluence" />
        <Key v="- [KAR/10]↑ = +/- nebezpečnost" t="String" n="KarmaDescription" />
      </Data>
      <Data n="20203976301524e">
        <Key v="20203950288293" t="String" n="$T" />
        <Key v="300,50" t="Vector2" n="!$P" />
        <Key v="1" t="Int32" n="AddTextWindow" />
        <Key v="V dálce vidíte menší skupinu nepřátel. Na první pohled se nejedná o žádný větší problém. Nicméně rozhodnutí je na Vás. Je možné skupinku obejít a tím se trochu zdržet. Či na ně zaútočit." t="String" n="%TextWindow" />
        <Key v="Malá skupinka nepřátel" t="String" n="%TitleTextWindow" />
      </Data>
      <Data n="20203952603793e">
        <Key v="20203950288293" t="String" n="$T" />
        <Key v="3850,50" t="Vector2" n="!$P" />
        <Key v="1" t="Int32" n="AddPerk" />
        <Key v="DirectX" t="String" n="!ItemCount" />
        <Key v="ResBasic" t="String" n="!DropType" />
        <Key v="Specialist" t="String" n="PerkTarget" />
        <Key v="FirstStrike" t="String" n="TypePerk" />
        <Key v="1" t="Int32" n="SuccRateValue" />
      </Data>
      <Data n="20203976746970e">
        <Key v="20203950288293" t="String" n="$T" />
        <Key v="2150,50" t="Vector2" n="!$P" />
        <Key v="1" t="Int32" n="AddSecAtr" />
        <Key v="Stamina" t="String" n="SecAtr" />
        <Key v="-3200" t="Int32" n="SecAtrChange" />
        <Key v="ChangeTypeDirect" t="String" n="SecAtrChangeType" />
        <Key v="AllActiveSpec" t="String" n="SecAtrChangeTarg" />
      </Data>
      <Data n="20203977069088e">
        <Key v="20203950288293" t="String" n="$T" />
        <Key v="1750,50" t="Vector2" n="!$P" />
        <Key v="1" t="Int32" n="AddTimeChange" />
        <Key v="Delay" t="String" n="TimeChange" />
        <Key v="1200" t="Int32" n="TimeDelay" />
      </Data>
      <Data n="20208509098095e">
        <Key v="20203950288293" t="String" n="$T" />
        <Key v="5700,50" t="Vector2" n="!$P" />
        <Key v="1" t="Int32" n="AddTextWindow" />
        <Key v="Po boji" t="String" n="%TitleTextWindow" />
        <Key v="Nepřátelé jsou poraženi a vy můžete pokračovat ve své cestě." t="String" n="%TextWindow" />
      </Data>
      <Data n="20208749205864e">
        <Key v="20203782066473" t="String" n="$T" />
        <Key v="3400,50" t="Vector2" n="!$P" />
        <Key v="OK" t="String" n="%Option" />
        <Key v="Confirm" t="String" n="OptionType" />
      </Data>
      <Data n="20203975510603e">
        <Key v="20203973067233" t="String" n="$T" />
        <Key v="2550,-200" t="Vector2" n="!$P" />
        <Key v="Failure" t="String" n="Result" />
      </Data>
      <Data n="20203976601140e">
        <Key v="20203950288293" t="String" n="$T" />
        <Key v="2950,-200" t="Vector2" n="!$P" />
        <Key v="1" t="Int32" n="AddTextWindow" />
        <Key v="Neúspěšné plížení" t="String" n="%TitleTextWindow" />
        <Key v="Přepad skončil fiaskem, zombík si vás všiml a bez caviků zaútočil." t="String" n="%TextWindow" />
      </Data>
      <Data n="20208749206819e">
        <Key v="20203782066473" t="String" n="$T" />
        <Key v="3400,-200" t="Vector2" n="!$P" />
        <Key v="OK" t="String" n="%Option" />
        <Key v="Confirm" t="String" n="OptionType" />
      </Data>
      <Data n="20206110282127e">
        <Key v="20203973067233" t="String" n="$T" />
        <Key v="2150,-350" t="Vector2" n="!$P" />
        <Key v="Failure" t="String" n="Result" />
      </Data>
      <Data n="20206110244024e">
        <Key v="20203782066473" t="String" n="$T" />
        <Key v="900,-450" t="Vector2" n="!$P" />
        <Key v="Avoid" t="String" n="OptionType" />
        <Key v="Schovat se a počkat" t="String" n="%Option" />
      </Data>
      <Data n="20206110253232e">
        <Key v="20203910104079" t="String" n="$T" />
        <Key v="1350,-450" t="Vector2" n="!$P" />
        <Key v="1" t="Decimal" n="TestRateMod" />
        <Key v="Sneaking" t="String" n="TestType" />
        <Key v="Separately" t="String" n="KindTest" />
        <Key v="AllGroup" t="String" n="TestTarget" />
        <Key v="1" t="Int32" n="KarmaInfluence" />
        <Key v="- [KAR/5]↑ = +/- nebezpečnost" t="String" n="KarmaDescription" />
        <Key v="3" t="Int32" n="TestDiff" />
        <Key v="Ukrytí" t="String" n="TestName" />
        <Key v="MiL,LvL" t="String" n="TestAtribute" />
      </Data>
      <Data n="20203976253054e">
        <Key v="20203950288293" t="String" n="$T" />
        <Key v="6700,-700" t="Vector2" n="!$P" />
        <Key v="1" t="Int32" n="AddEventEnd" />
      </Data>
      <Data n="20206110251134e">
        <Key v="20203950288293" t="String" n="$T" />
        <Key v="2650,-700" t="Vector2" n="!$P" />
        <Key v="1" t="Int32" n="AddTimeChange" />
        <Key v="Delay" t="String" n="TimeChange" />
        <Key v="3200" t="Int32" n="TimeDelay" />
      </Data>
      <Data n="20206110268715e">
        <Key v="20203950288293" t="String" n="$T" />
        <Key v="3200,-700" t="Vector2" n="!$P" />
        <Key v="1" t="Int32" n="AddSecAtr" />
        <Key v="Stamina" t="String" n="SecAtr" />
        <Key v="-1000" t="Int32" n="SecAtrChange" />
        <Key v="ChangeTypeDirect" t="String" n="SecAtrChangeType" />
        <Key v="AllActiveSpec" t="String" n="SecAtrChangeTarg" />
      </Data>
      <Data n="20206110281684e">
        <Key v="20203973067233" t="String" n="$T" />
        <Key v="2150,-700" t="Vector2" n="!$P" />
        <Key v="Success" t="String" n="Result" />
      </Data>
      <Data n="20208509106252e">
        <Key v="20203950288293" t="String" n="$T" />
        <Key v="5700,-700" t="Vector2" n="!$P" />
        <Key v="1" t="Int32" n="AddTextWindow" />
        <Key v="Hlavně nenápadně" t="String" n="%TitleTextWindow" />
        <Key v="V klidu jste přečkali v křoví, až kolem vás skupina projde. Jakmile je vzduch čistý, rychle jste se vydali dál..." t="String" n="%TextWindow" />
      </Data>
      <Data n="20208749213149e">
        <Key v="20203782066473" t="String" n="$T" />
        <Key v="6250,-700" t="Vector2" n="!$P" />
        <Key v="OK" t="String" n="%Option" />
        <Key v="Confirm" t="String" n="OptionType" />
      </Data>
      <Data n="20208509119733e">
        <Key v="20203950288293" t="String" n="$T" />
        <Key v="5700,-1050" t="Vector2" n="!$P" />
        <Key v="1" t="Int32" n="AddTextWindow" />
        <Key v="Hlavně v bezpečí" t="String" n="%TitleTextWindow" />
        <Key v="Ačkoli jste museli nepřátele obejít velkým obloukem, bez problémů jste se jim vyhli. Nyní můžete pokračovat ve směru, který potřebujete." t="String" n="%TextWindow" />
      </Data>
      <Data n="20203910133600e">
        <Key v="20203782066473" t="String" n="$T" />
        <Key v="900,-1050" t="Vector2" n="!$P" />
        <Key v="Avoid" t="String" n="OptionType" />
        <Key v="Obejít skupinu nepřátel" t="String" n="%Option" />
      </Data>
      <Data n="20203976539368e">
        <Key v="20203950288293" t="String" n="$T" />
        <Key v="2100,-1050" t="Vector2" n="!$P" />
        <Key v="1" t="Int32" n="AddTimeChange" />
        <Key v="Delay" t="String" n="TimeChange" />
        <Key v="7200" t="Int32" n="TimeDelay" />
      </Data>
      <Data n="20203976845986e">
        <Key v="20203950288293" t="String" n="$T" />
        <Key v="3200,-1050" t="Vector2" n="!$P" />
        <Key v="1" t="Int32" n="AddSecAtr" />
        <Key v="Stamina" t="String" n="SecAtr" />
        <Key v="-2500" t="Int32" n="SecAtrChange" />
        <Key v="ChangeTypeDirect" t="String" n="SecAtrChangeType" />
        <Key v="AllActiveSpec" t="String" n="SecAtrChangeTarg" />
      </Data>
    </Data>
    <Data n="$Conns">
      <Data n="20203976367074c">
        <Key v="20203976301524e" t="String" n="$S" />
        <Key v="20203910130197e" t="String" n="$E" />
      </Data>
      <Data n="20203976367387c">
        <Key v="20203976301524e" t="String" n="$S" />
        <Key v="20203910135722e" t="String" n="$E" />
      </Data>
      <Data n="20203976367775c">
        <Key v="20203976301524e" t="String" n="$S" />
        <Key v="20203910133600e" t="String" n="$E" />
      </Data>
      <Data n="20206110163111c">
        <Key v="20203952603793e" t="String" n="$S" />
        <Key v="20203910240318e" t="String" n="$E" />
      </Data>
      <Data n="20203976548379c">
        <Key v="20203910240318e" t="String" n="$S" />
        <Key v="20203976546703e" t="String" n="$E" />
      </Data>
      <Data n="20203976543334c">
        <Key v="20203910133600e" t="String" n="$S" />
        <Key v="20203976539368e" t="String" n="$E" />
      </Data>
      <Data n="20203925614376c">
        <Key v="20203910135722e" t="String" n="$S" />
        <Key v="20203925614372e" t="String" n="$E" />
      </Data>
      <Data n="20203977071678c">
        <Key v="20203977069088e" t="String" n="$S" />
        <Key v="20203976746970e" t="String" n="$E" />
      </Data>
      <Data n="20208749206702c">
        <Key v="20208749205864e" t="String" n="$S" />
        <Key v="20203952603793e" t="String" n="$E" />
      </Data>
      <Data n="20203976792178c">
        <Key v="20203976746970e" t="String" n="$S" />
        <Key v="20203975508660e" t="String" n="$E" />
      </Data>
      <Data n="20203976613621c">
        <Key v="20203975508660e" t="String" n="$S" />
        <Key v="20203976568771e" t="String" n="$E" />
      </Data>
      <Data n="20203976609877c">
        <Key v="20203975510603e" t="String" n="$S" />
        <Key v="20203976601140e" t="String" n="$E" />
      </Data>
      <Data n="20203976849422c">
        <Key v="20203976539368e" t="String" n="$S" />
        <Key v="20203976845986e" t="String" n="$E" />
      </Data>
      <Data n="20208509104763c">
        <Key v="20203976546703e" t="String" n="$S" />
        <Key v="20208509098095e" t="String" n="$E" />
      </Data>
      <Data n="20203976362007c">
        <Key v="20203976301524e" t="String" n="$E" />
      </Data>
      <Data n="20208749206435c">
        <Key v="20203976568771e" t="String" n="$S" />
        <Key v="20208749205864e" t="String" n="$E" />
      </Data>
      <Data n="20206110250521c">
        <Key v="20203976301524e" t="String" n="$S" />
        <Key v="20206110244024e" t="String" n="$E" />
      </Data>
      <Data n="20203976792441c">
        <Key v="20203976746970e" t="String" n="$S" />
        <Key v="20203975510603e" t="String" n="$E" />
      </Data>
      <Data n="20208509131493c">
        <Key v="20203976845986e" t="String" n="$S" />
        <Key v="20208509119733e" t="String" n="$E" />
      </Data>
      <Data n="20203977072141c">
        <Key v="20203925614372e" t="String" n="$S" />
        <Key v="20203977069088e" t="String" n="$E" />
      </Data>
      <Data n="20203977463129c">
        <Key v="20203910130197e" t="String" n="$S" />
        <Key v="20203910240318e" t="String" n="$E" />
      </Data>
      <Data n="20206110260642c">
        <Key v="20206110244024e" t="String" n="$S" />
        <Key v="20206110253232e" t="String" n="$E" />
      </Data>
      <Data n="20206110282869c">
        <Key v="20206110253232e" t="String" n="$S" />
        <Key v="20206110281684e" t="String" n="$E" />
      </Data>
      <Data n="20206110269996c">
        <Key v="20206110251134e" t="String" n="$S" />
        <Key v="20206110268715e" t="String" n="$E" />
      </Data>
      <Data n="20206110283086c">
        <Key v="20206110281684e" t="String" n="$S" />
        <Key v="20206110251134e" t="String" n="$E" />
      </Data>
      <Data n="20206110283407c">
        <Key v="20206110253232e" t="String" n="$S" />
        <Key v="20206110282127e" t="String" n="$E" />
      </Data>
      <Data n="20206110284608c">
        <Key v="20206110282127e" t="String" n="$S" />
        <Key v="20203910240318e" t="String" n="$E" />
        <Data n="!Node">
          <Key v="3414,-379" t="Vector2" n="0" />
        </Data>
      </Data>
      <Data n="20208509117557c">
        <Key v="20206110268715e" t="String" n="$S" />
        <Key v="20208509106252e" t="String" n="$E" />
      </Data>
      <Data n="20208749213649c">
        <Key v="20208509098095e" t="String" n="$S" />
        <Key v="20208749213149e" t="String" n="$E" />
      </Data>
      <Data n="20208749214980c">
        <Key v="20208509119733e" t="String" n="$S" />
        <Key v="20208749213149e" t="String" n="$E" />
      </Data>
      <Data n="20208749214609c">
        <Key v="20208509106252e" t="String" n="$S" />
        <Key v="20208749213149e" t="String" n="$E" />
      </Data>
      <Data n="20208749207945c">
        <Key v="20203976601140e" t="String" n="$S" />
        <Key v="20208749206819e" t="String" n="$E" />
      </Data>
      <Data n="20208749208207c">
        <Key v="20208749206819e" t="String" n="$S" />
        <Key v="20203910240318e" t="String" n="$E" />
      </Data>
      <Data n="20208749215497c">
        <Key v="20208749213149e" t="String" n="$S" />
        <Key v="20203976253054e" t="String" n="$E" />
      </Data>
    </Data>
  </Data>
</DataRoot>