﻿<?xml version="1.0" encoding="utf-8"?>
<DataRoot n="">
  <Data n="20203956336369">
    <Key v="-1093,250" t="Vector2" n="!$MP" />
    <Key v="0.6,0.6,0.6" t="Vector3" n="!$MZ" />
    <Data n="$Elems">
      <Data n="20203973390351e">
        <Key v="20203973067233" t="String" n="$T" />
        <Key v="2650,300" t="Vector2" n="!$P" />
        <Key v="SuccRatio" t="String" n="Result" />
        <Key v="MUBiggerThan" t="String" n="MuDef" />
        <Key v="0" t="Int32" n="MuDefValue" />
      </Data>
      <Data n="20203956767498e">
        <Key v="20203879172518" t="String" n="$T" />
        <Key v="3500,100" t="Vector2" n="!$P" />
        <Key v="BattleAmbush" t="String" n="BattleType" />
        <Key v="1" t="Int32" n="MonsterDiffMax" />
        <Key v="1" t="Int32" n="MinEnemyNumber" />
        <Key v="1" t="Int32" n="MaxEnemyNumber" />
        <Key v="1" t="Int32" n="BattleDiff" />
        <Key v="KindObsessed,KindDemons" t="String" n="EnemyKinds" />
      </Data>
      <Data n="20203973316677e">
        <Key v="20203973067233" t="String" n="$T" />
        <Key v="3050,100" t="Vector2" n="!$P" />
        <Key v="FailRatio" t="String" n="Result" />
        <Key v="DirectMU" t="String" n="MuDef" />
        <Key v="0" t="Int32" n="MuDefValue" />
      </Data>
      <Data n="20203956461811e">
        <Key v="20203950288293" t="String" n="$T" />
        <Key v="6050,50" t="Vector2" n="!$P" />
        <Key v="ResBasic" t="String" n="!DropType" />
        <Key v="XplusYkratMU" t="String" n="!ItemCount" />
        <Key v="100" t="Decimal" n="DropChance" />
        <Key v="20203948682800" t="String" n="DropItem" />
        <Key v="2" t="Int32" n="ItemsCount02" />
        <Key v="1" t="Decimal" n="MultipleMU" />
        <Key v="1" t="Int32" n="ChangeSource" />
      </Data>
      <Data n="20203974047068e">
        <Key v="20203973067233" t="String" n="$T" />
        <Key v="5650,50" t="Vector2" n="!$P" />
        <Key v="Success" t="String" n="Result" />
      </Data>
      <Data n="20203956482548e">
        <Key v="20203910104079" t="String" n="$T" />
        <Key v="1350,50" t="Vector2" n="!$P" />
        <Key v="1" t="Decimal" n="TestRateMod" />
        <Key v="Scouting" t="String" n="TestType" />
        <Key v="Together" t="String" n="KindTest" />
        <Key v="AllGroup" t="String" n="TestTarget" />
        <Key v="Hlídka a přepad" t="String" n="TestName" />
        <Key v="4" t="Int32" n="TestDiff" />
        <Key v="1" t="Int32" n="KarmaInfluence" />
        <Key v="Při lovení králíků je i jistá šance, že skupina na sebe upozorní a přivolá tak na sebe hněv démonů. Šance, že k něčemu podobnému je dána primárně sumou Karmy skupiny. Základní pravděpodobnost přepadení družiny je „4“. Za každých 5 bodů do mínusu „KAR“ narůstá nebezepčnost o 1 a naopak (minimum 2, maximum není omezené).&#xA;Poté se za každou postavu, která je ve skupině hodí. Cílem je míra neúspěchů. Pokud je více úspěchů, než neúspěchů, k přepadení vůbec nedošlo. Pokud je remíza, či více neúspěchů, došlo k přepadu. Síla přepadu je dána poměrem úspěchů a neúspěchů: „1+n“. Tzn. za remízu je síla přepadu rovna „1“, za míru neúspěchu „1“ je to „2“ a za míru neúspěchu „4“ je to „5“ (maximum).&#xA;Postavy, které jsou na hlídce snižují celkovou nebezpečnost o počet postav na hlídce." t="String" n="Description" />
        <Key v="- [KAR/5]↑ - [Počet postav na hlídce] = +/- nebezpečnost" t="String" n="KarmaDescription" />
        <Key v="Other" t="String" n="TestAtribute" />
      </Data>
      <Data n="20203974339387e">
        <Key v="20203950288293" t="String" n="$T" />
        <Key v="400,50" t="Vector2" n="!$P" />
        <Key v="1" t="Int32" n="AddTextWindow" />
        <Key v="Zaječí paseka" t="String" n="%TitleTextWindow" />
        <Key v="Skupina dorazila na mýtinu, kde jsou vidět všude hopkající zajíci. Mají zde svá hnízda a nory. Bylo by skoro až tristní nějakého toho zajíce neulovit, nebo se o to alespoň nepokusit.&#xA;Specialisté, kteří se nezúčastní lovu, budou automaticky na hlídce." t="String" n="%TextWindow" />
      </Data>
      <Data n="20203974469787e">
        <Key v="20203782066473" t="String" n="$T" />
        <Key v="900,50" t="Vector2" n="!$P" />
        <Key v="Lovit zajíce" t="String" n="%Option" />
        <Key v="SpecAct" t="String" n="OptionType" />
      </Data>
      <Data n="20203977325535e">
        <Key v="20203950288293" t="String" n="$T" />
        <Key v="1800,50" t="Vector2" n="!$P" />
        <Key v="1" t="Int32" n="AddSecAtr" />
        <Key v="Stamina" t="String" n="SecAtr" />
        <Key v="-12000" t="Int32" n="SecAtrChange" />
        <Key v="ChangeTypeDirect" t="String" n="SecAtrChangeType" />
        <Key v="AllActiveSpec" t="String" n="SecAtrChangeTarg" />
      </Data>
      <Data n="20203977354834e">
        <Key v="20203950288293" t="String" n="$T" />
        <Key v="6650,-50" t="Vector2" n="!$P" />
        <Key v="14400" t="Int32" n="TimeDelay" />
        <Key v="1" t="Int32" n="AddTimeChange" />
        <Key v="Delay" t="String" n="TimeChange" />
      </Data>
      <Data n="20203956382240e">
        <Key v="20203910104079" t="String" n="$T" />
        <Key v="5100,-50" t="Vector2" n="!$P" />
        <Key v="1" t="Decimal" n="TestRateMod" />
        <Key v="Hunting" t="String" n="TestType" />
        <Key v="Separately" t="String" n="KindTest" />
        <Key v="RangeNum" t="String" n="TestTarget" />
        <Key v="Lov králíků" t="String" n="TestName" />
        <Key v="5" t="Int32" n="TestDiff" />
        <Key v="MiL,TeL" t="String" n="TestAtribute" />
        <Key v="2" t="Int32" n="SpecTestNumMin" />
        <Key v="4" t="Int32" n="SpecTestNumMax" />
        <Key v="Každý specialista natěží tolik jídla, kolik je jeho MU +2" t="String" n="Description" />
      </Data>
      <Data n="20203974838173e">
        <Key v="20203950288293" t="String" n="$T" />
        <Key v="7050,-50" t="Vector2" n="!$P" />
        <Key v="1" t="Int32" n="AddTextWindow" />
        <Key v="Lov ukončen" t="String" n="%TitleTextWindow" />
        <Key v="Lov zajíců je u konce. Celkově se skupině povedlo natěžit @Jídlo. A teď rychle pryč." t="String" n="%TextWindow" />
      </Data>
      <Data n="20208749199000e">
        <Key v="20203782066473" t="String" n="$T" />
        <Key v="7450,-50" t="Vector2" n="!$P" />
        <Key v="OK" t="String" n="%Option" />
        <Key v="Confirm" t="String" n="OptionType" />
      </Data>
      <Data n="20203974309520e">
        <Key v="20203973067233" t="String" n="$T" />
        <Key v="5650,-150" t="Vector2" n="!$P" />
        <Key v="Failure" t="String" n="Result" />
      </Data>
      <Data n="20203956737019e">
        <Key v="20203879172518" t="String" n="$T" />
        <Key v="3500,-150" t="Vector2" n="!$P" />
        <Key v="BattleAmbush" t="String" n="BattleType" />
        <Key v="2" t="Int32" n="MonsterDiffMax" />
        <Key v="1" t="Int32" n="MinEnemyNumber" />
        <Key v="2" t="Int32" n="MaxEnemyNumber" />
        <Key v="2" t="Int32" n="BattleDiff" />
        <Key v="KindObsessed,KindDemons" t="String" n="EnemyKinds" />
      </Data>
      <Data n="20203973404784e">
        <Key v="20203973067233" t="String" n="$T" />
        <Key v="3050,-150" t="Vector2" n="!$P" />
        <Key v="FailRatio" t="String" n="Result" />
        <Key v="DirectMU" t="String" n="MuDef" />
        <Key v="1" t="Int32" n="MuDefValue" />
      </Data>
      <Data n="20203974782431e">
        <Key v="20203950288293" t="String" n="$T" />
        <Key v="2200,-250" t="Vector2" n="!$P" />
        <Key v="1" t="Int32" n="AddTextWindow" />
        <Key v="Přepadení" t="String" n="%TitleTextWindow" />
        <Key v="Pozor, řítí se na nás! Bohužel lov králíků byl přerušen nepřáteli, kteří se bez jakéhokoliv varování rozhodli udělat ze skupiny sekanout. Nejde nic dělat, je třeba bojovat.&#xA;Pro postavy, které byly na hlídce se jedná o standardní souboj (mohou se připravit), ostatní mají bohužel boj s přepadením (nemohou se připravit)." t="String" n="%TextWindow" />
      </Data>
      <Data n="20208749194342e">
        <Key v="20203782066473" t="String" n="$T" />
        <Key v="2600,-250" t="Vector2" n="!$P" />
        <Key v="OK" t="String" n="%Option" />
        <Key v="Confirm" t="String" n="OptionType" />
      </Data>
      <Data n="20203974858652e">
        <Key v="20203950288293" t="String" n="$T" />
        <Key v="7950,-350" t="Vector2" n="!$P" />
        <Key v="1" t="Int32" n="AddEventEnd" />
      </Data>
      <Data n="20203956792490e">
        <Key v="20203879172518" t="String" n="$T" />
        <Key v="3500,-400" t="Vector2" n="!$P" />
        <Key v="BattleAmbush" t="String" n="BattleType" />
        <Key v="2" t="Int32" n="MonsterDiffMax" />
        <Key v="1" t="Int32" n="MinEnemyNumber" />
        <Key v="3" t="Int32" n="MaxEnemyNumber" />
        <Key v="3" t="Int32" n="BattleDiff" />
        <Key v="KindObsessed,KindDemons" t="String" n="EnemyKinds" />
      </Data>
      <Data n="20203973405284e">
        <Key v="20203973067233" t="String" n="$T" />
        <Key v="3050,-400" t="Vector2" n="!$P" />
        <Key v="FailRatio" t="String" n="Result" />
        <Key v="DirectMU" t="String" n="MuDef" />
        <Key v="2" t="Int32" n="MuDefValue" />
      </Data>
      <Data n="20203956781139e">
        <Key v="20203879172518" t="String" n="$T" />
        <Key v="3500,-650" t="Vector2" n="!$P" />
        <Key v="BattleAmbush" t="String" n="BattleType" />
        <Key v="2" t="Int32" n="MonsterDiffMax" />
        <Key v="1" t="Int32" n="MinEnemyNumber" />
        <Key v="3" t="Int32" n="MaxEnemyNumber" />
        <Key v="4" t="Int32" n="BattleDiff" />
        <Key v="KindObsessed,KindDemons" t="String" n="EnemyKinds" />
      </Data>
      <Data n="20203973405684e">
        <Key v="20203973067233" t="String" n="$T" />
        <Key v="3050,-650" t="Vector2" n="!$P" />
        <Key v="FailRatio" t="String" n="Result" />
        <Key v="DirectMU" t="String" n="MuDef" />
        <Key v="3" t="Int32" n="MuDefValue" />
      </Data>
      <Data n="20203974044074e">
        <Key v="20203950288293" t="String" n="$T" />
        <Key v="4050,-700" t="Vector2" n="!$P" />
        <Key v="1" t="Int32" n="AddTextWindow" />
        <Key v="Po přepadu" t="String" n="%TitleTextWindow" />
        <Key v="Nepřátele jste zdolali a můžete konečně dokončit, co jste začali. Lov králíků pokračuje." t="String" n="%TextWindow" />
      </Data>
      <Data n="20208749186202e">
        <Key v="20203782066473" t="String" n="$T" />
        <Key v="4450,-700" t="Vector2" n="!$P" />
        <Key v="OK" t="String" n="%Option" />
        <Key v="Confirm" t="String" n="OptionType" />
      </Data>
      <Data n="20203956786560e">
        <Key v="20203879172518" t="String" n="$T" />
        <Key v="3500,-900" t="Vector2" n="!$P" />
        <Key v="BattleAmbush" t="String" n="BattleType" />
        <Key v="2" t="Int32" n="MonsterDiffMax" />
        <Key v="1" t="Int32" n="MinEnemyNumber" />
        <Key v="4" t="Int32" n="MaxEnemyNumber" />
        <Key v="5" t="Int32" n="BattleDiff" />
        <Key v="KindObsessed,KindDemons" t="String" n="EnemyKinds" />
      </Data>
      <Data n="20203973406089e">
        <Key v="20203973067233" t="String" n="$T" />
        <Key v="3050,-900" t="Vector2" n="!$P" />
        <Key v="FailRatio" t="String" n="Result" />
        <Key v="DirectMU" t="String" n="MuDef" />
        <Key v="4" t="Int32" n="MuDefValue" />
      </Data>
      <Data n="20203974476267e">
        <Key v="20203782066473" t="String" n="$T" />
        <Key v="900,-1100" t="Vector2" n="!$P" />
        <Key v="Avoid" t="String" n="OptionType" />
        <Key v="Ignorovat paseku" t="String" n="%Option" />
      </Data>
      <Data n="20203974862643e">
        <Key v="20203950288293" t="String" n="$T" />
        <Key v="2250,-1100" t="Vector2" n="!$P" />
        <Key v="1" t="Int32" n="AddTextWindow" />
        <Key v="Průchod pasekou" t="String" n="%TitleTextWindow" />
        <Key v="Zajíce jste nechali zajícema a pasekou prošli tak rychle, jak jen to jde. Nikdo si vás nevšimnul a tak vaše výprava může v klidu pokračovat." t="String" n="%TextWindow" />
      </Data>
      <Data n="20203977293429e">
        <Key v="20203950288293" t="String" n="$T" />
        <Key v="3900,-1100" t="Vector2" n="!$P" />
        <Key v="1" t="Int32" n="AddSecAtr" />
        <Key v="Stamina" t="String" n="SecAtr" />
        <Key v="ChangeTypeDirect" t="String" n="SecAtrChangeType" />
        <Key v="AllSpec" t="String" n="SecAtrChangeTarg" />
        <Key v="-1200" t="Int32" n="SecAtrChange" />
      </Data>
      <Data n="20208749183804e">
        <Key v="20203782066473" t="String" n="$T" />
        <Key v="2900,-1100" t="Vector2" n="!$P" />
        <Key v="OK" t="String" n="%Option" />
        <Key v="Confirm" t="String" n="OptionType" />
      </Data>
    </Data>
    <Data n="$Conns">
      <Data n="20203974468991c">
        <Key v="20203974339387e" t="String" n="$E" />
      </Data>
      <Data n="20203974054287c">
        <Key v="20203974047068e" t="String" n="$S" />
        <Key v="20203956461811e" t="String" n="$E" />
      </Data>
      <Data n="20203974523719c">
        <Key v="20203974469787e" t="String" n="$S" />
        <Key v="20203956482548e" t="String" n="$E" />
      </Data>
      <Data n="20208749195593c">
        <Key v="20208749194342e" t="String" n="$S" />
        <Key v="20203973405684e" t="String" n="$E" />
      </Data>
      <Data n="20208749195167c">
        <Key v="20208749194342e" t="String" n="$S" />
        <Key v="20203973404784e" t="String" n="$E" />
      </Data>
      <Data n="20208749195351c">
        <Key v="20208749194342e" t="String" n="$S" />
        <Key v="20203973405284e" t="String" n="$E" />
      </Data>
      <Data n="20208749194988c">
        <Key v="20208749194342e" t="String" n="$S" />
        <Key v="20203973316677e" t="String" n="$E" />
      </Data>
      <Data n="20203977334034c">
        <Key v="20203977325535e" t="String" n="$S" />
        <Key v="20203973390351e" t="String" n="$E" />
      </Data>
      <Data n="20203977333792c">
        <Key v="20203956482548e" t="String" n="$S" />
        <Key v="20203977325535e" t="String" n="$E" />
      </Data>
      <Data n="20208749194796c">
        <Key v="20203974782431e" t="String" n="$S" />
        <Key v="20208749194342e" t="String" n="$E" />
      </Data>
      <Data n="20208749186798c">
        <Key v="20203974044074e" t="String" n="$S" />
        <Key v="20208749186202e" t="String" n="$E" />
      </Data>
      <Data n="20203974053669c">
        <Key v="20203956382240e" t="String" n="$S" />
        <Key v="20203974047068e" t="String" n="$E" />
      </Data>
      <Data n="20203974061885c">
        <Key v="20203956767498e" t="String" n="$S" />
        <Key v="20203974044074e" t="String" n="$E" />
      </Data>
      <Data n="20203974062319c">
        <Key v="20203956737019e" t="String" n="$S" />
        <Key v="20203974044074e" t="String" n="$E" />
      </Data>
      <Data n="20203974062802c">
        <Key v="20203956792490e" t="String" n="$S" />
        <Key v="20203974044074e" t="String" n="$E" />
      </Data>
      <Data n="20203974063161c">
        <Key v="20203956781139e" t="String" n="$S" />
        <Key v="20203974044074e" t="String" n="$E" />
      </Data>
      <Data n="20203974063565c">
        <Key v="20203956786560e" t="String" n="$S" />
        <Key v="20203974044074e" t="String" n="$E" />
      </Data>
      <Data n="20203974320996c">
        <Key v="20203956382240e" t="String" n="$S" />
        <Key v="20203974309520e" t="String" n="$E" />
      </Data>
      <Data n="20203974475325c">
        <Key v="20203974339387e" t="String" n="$S" />
        <Key v="20203974469787e" t="String" n="$E" />
      </Data>
      <Data n="20203974482977c">
        <Key v="20203974339387e" t="String" n="$S" />
        <Key v="20203974476267e" t="String" n="$E" />
      </Data>
      <Data n="20203974542619c">
        <Key v="20203973390351e" t="String" n="$S" />
        <Key v="20203956382240e" t="String" n="$E" />
        <Data n="!Node">
          <Key v="3905,274" t="Vector2" n="0" />
        </Data>
      </Data>
      <Data n="20204120598401c">
        <Key v="20203973316677e" t="String" n="$S" />
        <Key v="20203956767498e" t="String" n="$E" />
      </Data>
      <Data n="20204120599219c">
        <Key v="20203973406089e" t="String" n="$S" />
        <Key v="20203956786560e" t="String" n="$E" />
      </Data>
      <Data n="20204120599023c">
        <Key v="20203973405684e" t="String" n="$S" />
        <Key v="20203956781139e" t="String" n="$E" />
      </Data>
      <Data n="20204120598614c">
        <Key v="20203973404784e" t="String" n="$S" />
        <Key v="20203956737019e" t="String" n="$E" />
      </Data>
      <Data n="20204120598814c">
        <Key v="20203973405284e" t="String" n="$S" />
        <Key v="20203956792490e" t="String" n="$E" />
      </Data>
      <Data n="20203977363354c">
        <Key v="20203977354834e" t="String" n="$S" />
        <Key v="20203974838173e" t="String" n="$E" />
      </Data>
      <Data n="20203977362945c">
        <Key v="20203956461811e" t="String" n="$S" />
        <Key v="20203977354834e" t="String" n="$E" />
      </Data>
      <Data n="20208510219076c">
        <Key v="20203974476267e" t="String" n="$S" />
        <Key v="20203974862643e" t="String" n="$E" />
      </Data>
      <Data n="20208749184458c">
        <Key v="20203974862643e" t="String" n="$S" />
        <Key v="20208749183804e" t="String" n="$E" />
      </Data>
      <Data n="20208749199254c">
        <Key v="20203974838173e" t="String" n="$S" />
        <Key v="20208749199000e" t="String" n="$E" />
      </Data>
      <Data n="20203977300781c">
        <Key v="20203977293429e" t="String" n="$S" />
        <Key v="20203974858652e" t="String" n="$E" />
      </Data>
      <Data n="20204120596150c">
        <Key v="20203977325535e" t="String" n="$S" />
        <Key v="20203974782431e" t="String" n="$E" />
      </Data>
      <Data n="20204120563511c">
        <Key v="20203974309520e" t="String" n="$S" />
        <Key v="20203977354834e" t="String" n="$E" />
      </Data>
      <Data n="20208749184688c">
        <Key v="20208749183804e" t="String" n="$S" />
        <Key v="20203977293429e" t="String" n="$E" />
      </Data>
      <Data n="20208749187036c">
        <Key v="20208749186202e" t="String" n="$S" />
        <Key v="20203956382240e" t="String" n="$E" />
      </Data>
      <Data n="20208749195826c">
        <Key v="20208749194342e" t="String" n="$S" />
        <Key v="20203973406089e" t="String" n="$E" />
      </Data>
      <Data n="20208749199784c">
        <Key v="20208749199000e" t="String" n="$S" />
        <Key v="20203974858652e" t="String" n="$E" />
      </Data>
    </Data>
  </Data>
</DataRoot>