﻿<?xml version="1.0" encoding="utf-8"?>
<DataRoot n="">
  <Data n="20206110732558">
    <Key v="-2624,933" t="Vector2" n="!$MP" />
    <Key v="0.5,0.5,0.5" t="Vector3" n="!$MZ" />
    <Data n="$Elems">
      <Data n="20206111498343e">
        <Key v="20203950288293" t="String" n="$T" />
        <Key v="2000,750" t="Vector2" n="!$P" />
        <Key v="1" t="Int32" n="AddTextWindow" />
        <Key v="Ignorování vozidla" t="String" n="%TitleTextWindow" />
        <Key v="Vozidlo jste nechali být a raděj jste ho obešli." t="String" n="%TextWindow" />
      </Data>
      <Data n="20206111493477e">
        <Key v="20203782066473" t="String" n="$T" />
        <Key v="900,750" t="Vector2" n="!$P" />
        <Key v="Avoid" t="String" n="OptionType" />
        <Key v="Ignorovat" t="String" n="%Option" />
      </Data>
      <Data n="20206111577180e">
        <Key v="20203950288293" t="String" n="$T" />
        <Key v="1750,150" t="Vector2" n="!$P" />
        <Key v="1" t="Int32" n="RngChange" />
        <Key v="Vrak" t="String" n="RngType" />
        <Key v="1" t="Int32" n="RngTypeProbMin" />
        <Key v="40" t="Int32" n="RngTypeProbMax" />
      </Data>
      <Data n="20206228527466e">
        <Key v="20203950288293" t="String" n="$T" />
        <Key v="4600,150" t="Vector2" n="!$P" />
        <Key v="1" t="Int32" n="AddTextWindow" />
        <Key v="Vrak" t="String" n="%TitleTextWindow" />
        <Key v="Obyčejný vrak auta. Na první pohled už vyrabovaný. Třeba mohlo něco nezkušenému oku utéct a ještě půjde něco najít.&#xA;Vyber si jednoho specialistu, který auto pořádně proleze a případně i něco rozmontuje." t="String" n="%TextWindow" />
      </Data>
      <Data n="20206110760874e">
        <Key v="20203950288293" t="String" n="$T" />
        <Key v="350,50" t="Vector2" n="!$P" />
        <Key v="1" t="Int32" n="AddTextWindow" />
        <Key v="Nedaleko spatříte opuštěné auto. Mohlo by v něm být něco zajímavého." t="String" n="%TextWindow" />
        <Key v="Opuštěné vozidlo" t="String" n="%TitleTextWindow" />
      </Data>
      <Data n="20206111526600e">
        <Key v="20203782066473" t="String" n="$T" />
        <Key v="900,-300" t="Vector2" n="!$P" />
        <Key v="Explore" t="String" n="OptionType" />
        <Key v="Obhlédnout auto" t="String" n="%Option" />
      </Data>
      <Data n="20206111702030e">
        <Key v="20203950288293" t="String" n="$T" />
        <Key v="3600,-400" t="Vector2" n="!$P" />
        <Key v="1" t="Int32" n="RngChange" />
        <Key v="Démoni" t="String" n="RngType" />
        <Key v="1" t="Int32" n="RngTypeProbMin" />
        <Key v="20" t="Int32" n="RngTypeProbMax" />
      </Data>
      <Data n="20206228685548e">
        <Key v="20203950288293" t="String" n="$T" />
        <Key v="4600,-400" t="Vector2" n="!$P" />
        <Key v="1" t="Int32" n="AddTextWindow" />
        <Key v="Démoni!!!" t="String" n="%TitleTextWindow" />
        <Key v="Byla to past. Démoni čekali na hlupáky, kteří půjdou auto prohlédnout a zaútočili ze zálohy." t="String" n="%TextWindow" />
      </Data>
      <Data n="20206135735302e">
        <Key v="20203879172518" t="String" n="$T" />
        <Key v="5200,-450" t="Vector2" n="!$P" />
        <Key v="BattleAmbush" t="String" n="BattleType" />
        <Key v="4" t="Int32" n="BattleDiff" />
        <Key v="2" t="Int32" n="MonsterDiffMax" />
        <Key v="1" t="Int32" n="MinEnemyNumber" />
        <Key v="5" t="Int32" n="MaxEnemyNumber" />
      </Data>
      <Data n="20206111507876e">
        <Key v="20203950288293" t="String" n="$T" />
        <Key v="16550,-700" t="Vector2" n="!$P" />
        <Key v="1" t="Int32" n="AddEventEnd" />
      </Data>
      <Data n="20206135399860e">
        <Key v="20203910104079" t="String" n="$T" />
        <Key v="2550,-850" t="Vector2" n="!$P" />
        <Key v="1" t="Int32" n="TestRateMod" />
        <Key v="Repair" t="String" n="TestType" />
        <Key v="Separately" t="String" n="KindTest" />
        <Key v="RangeNum" t="String" n="TestTarget" />
        <Key v="Výběr aktivního specialisty" t="String" n="TestName" />
        <Key v="TeL" t="String" n="TestAtribute" />
        <Key v="1" t="Int32" n="SpecTestNumMin" />
        <Key v="1" t="Int32" n="SpecTestNumMax" />
        <Key v="5" t="Int32" n="TestDiff" />
      </Data>
      <Data n="20206135451419e">
        <Key v="20203950288293" t="String" n="$T" />
        <Key v="2950,-850" t="Vector2" n="!$P" />
        <Key v="1" t="Int32" n="AddPerk" />
        <Key v="Specialist" t="String" n="PerkTarget" />
        <Key v="Stunned" t="String" n="TypePerk" />
        <Key v="2" t="String" n="PerkValue" />
      </Data>
      <Data n="20206111532138e">
        <Key v="20203950288293" t="String" n="$T" />
        <Key v="1750,-850" t="Vector2" n="!$P" />
        <Key v="1" t="Int32" n="RngChange" />
        <Key v="Vrak s přepadením" t="String" n="RngType" />
        <Key v="41" t="Int32" n="RngTypeProbMin" />
        <Key v="75" t="Int32" n="RngTypeProbMax" />
      </Data>
      <Data n="20206111772376e">
        <Key v="20203950288293" t="String" n="$T" />
        <Key v="3600,-850" t="Vector2" n="!$P" />
        <Key v="1" t="Int32" n="RngChange" />
        <Key v="Skupina banditů" t="String" n="RngType" />
        <Key v="21" t="Int32" n="RngTypeProbMin" />
        <Key v="70" t="Int32" n="RngTypeProbMax" />
      </Data>
      <Data n="20206228469960e">
        <Key v="20203879172518" t="String" n="$T" />
        <Key v="5200,-850" t="Vector2" n="!$P" />
        <Key v="BattleAmbush" t="String" n="BattleType" />
        <Key v="4" t="Int32" n="BattleDiff" />
        <Key v="2" t="Int32" n="MonsterDiffMax" />
        <Key v="1" t="Int32" n="MinEnemyNumber" />
        <Key v="5" t="Int32" n="MaxEnemyNumber" />
      </Data>
      <Data n="20206228556294e">
        <Key v="20203950288293" t="String" n="$T" />
        <Key v="2150,-850" t="Vector2" n="!$P" />
        <Key v="1" t="Int32" n="AddTextWindow" />
        <Key v="Prohledání auta" t="String" n="%TitleTextWindow" />
        <Key v="Na první pohled to vypadá na vrak. &#xA;Vyber postavu, která jej prohlédne. Ostatní zůstanou na hlídce." t="String" n="%TextWindow" />
      </Data>
      <Data n="20206228707833e">
        <Key v="20203950288293" t="String" n="$T" />
        <Key v="4600,-850" t="Vector2" n="!$P" />
        <Key v="1" t="Int32" n="AddTextWindow" />
        <Key v="Banditi!" t="String" n="%TitleTextWindow" />
        <Key v="Byla to past. Banditi a různí další chuligáni čekali na najivní scavengery a teď mají v plánu si na vás smlsnout." t="String" n="%TextWindow" />
      </Data>
      <Data n="20206232786719e">
        <Key v="20203782066473" t="String" n="$T" />
        <Key v="4950,-1100" t="Vector2" n="!$P" />
        <Key v="Attack" t="String" n="OptionType" />
        <Key v="Bránit se" t="String" n="%Option" />
      </Data>
      <Data n="20206135290223e">
        <Key v="20203950288293" t="String" n="$T" />
        <Key v="15200,-1150" t="Vector2" n="!$P" />
        <Key v="ResBasic" t="String" n="!DropType" />
        <Key v="XplusMU" t="String" n="!ItemCount" />
        <Key v="1" t="Int32" n="ChangeSource" />
        <Key v="50" t="Int32" n="DropChance" />
        <Key v="20203978442136" t="String" n="DropItem" />
        <Key v="1" t="Int32" n="ItemsCount02" />
      </Data>
      <Data n="20207119742758e">
        <Key v="_EGate" t="String" n="$T" />
        <Key v="4000,-1200" t="Vector2" n="!$P" />
        <Key v="G1" t="String" n="GT" />
        <Key v="Og" t="String" n="O" />
        <Key v="1" t="Int32" n="T2" />
        <Key v="JimmReq" t="String" n="Cnt" />
        <Key v="0" t="Decimal" n="Val" />
      </Data>
      <Data n="20206134071806e">
        <Key v="20203973067233" t="String" n="$T" />
        <Key v="14750,-1250" t="Vector2" n="!$P" />
        <Key v="Success" t="String" n="Result" />
      </Data>
      <Data n="20206135261591e">
        <Key v="20203950288293" t="String" n="$T" />
        <Key v="15200,-1250" t="Vector2" n="!$P" />
        <Key v="ResBasic" t="String" n="!DropType" />
        <Key v="XplusMU" t="String" n="!ItemCount" />
        <Key v="1" t="Int32" n="ChangeSource" />
        <Key v="100" t="Decimal" n="DropChance" />
        <Key v="20203978444588" t="String" n="DropItem" />
        <Key v="2" t="Int32" n="ItemsCount02" />
      </Data>
      <Data n="20206233287753e">
        <Key v="20203973067233" t="String" n="$T" />
        <Key v="6450,-1250" t="Vector2" n="!$P" />
        <Key v="Failure" t="String" n="Result" />
      </Data>
      <Data n="20206112024499e">
        <Key v="20203910104079" t="String" n="$T" />
        <Key v="14250,-1300" t="Vector2" n="!$P" />
        <Key v="1" t="Int32" n="TestRateMod" />
        <Key v="Repair" t="String" n="TestType" />
        <Key v="Separately" t="String" n="KindTest" />
        <Key v="RangeNum" t="String" n="TestTarget" />
        <Key v="Prohlédnutí vraku" t="String" n="TestName" />
        <Key v="TeL" t="String" n="TestAtribute" />
        <Key v="1" t="Int32" n="SpecTestNumMin" />
        <Key v="1" t="Int32" n="SpecTestNumMax" />
        <Key v="5" t="Int32" n="TestDiff" />
      </Data>
      <Data n="20206135332925e">
        <Key v="20203950288293" t="String" n="$T" />
        <Key v="13350,-1300" t="Vector2" n="!$P" />
        <Key v="1" t="Int32" n="AddTimeChange" />
        <Key v="Delay" t="String" n="TimeChange" />
        <Key v="2400" t="Int32" n="TimeDelay" />
      </Data>
      <Data n="20206135343288e">
        <Key v="20203950288293" t="String" n="$T" />
        <Key v="13800,-1300" t="Vector2" n="!$P" />
        <Key v="1" t="Int32" n="AddSecAtr" />
        <Key v="Stamina" t="String" n="SecAtr" />
        <Key v="-1400" t="Int32" n="SecAtrChange" />
        <Key v="ChangeTypeDirect" t="String" n="SecAtrChangeType" />
        <Key v="OneRanActiveSpec" t="String" n="SecAtrChangeTarg" />
      </Data>
      <Data n="20206232802707e">
        <Key v="20203879172518" t="String" n="$T" />
        <Key v="12050,-1300" t="Vector2" n="!$P" />
        <Key v="BattleAmbush" t="String" n="BattleType" />
        <Key v="4" t="Int32" n="BattleDiff" />
        <Key v="1" t="Int32" n="MinEnemyNumber" />
        <Key v="1" t="Int32" n="MaxEnemyNumber" />
        <Key v="4" t="Int32" n="MonsterDiffMax" />
      </Data>
      <Data n="20206232807766e">
        <Key v="20203879175349" t="String" n="$T" />
        <Key v="11600,-1300" t="Vector2" n="!$P" />
        <Key v="20206232823475" t="String" n="Monster" />
        <Key v="1" t="Int32" n="BeastNumber" />
      </Data>
      <Data n="20207115335963e">
        <Key v="_EFunc" t="String" n="$T" />
        <Key v="11200,-1300" t="Vector2" n="!$P" />
        <Key v="G1" t="String" n="GT" />
        <Key v="Os" t="String" n="O" />
        <Key v="1" t="Int32" n="T2" />
        <Key v="JimmReq" t="String" n="Cnt" />
        <Key v="1" t="Decimal" n="Val" />
      </Data>
      <Data n="20206233402524e">
        <Key v="20203950288293" t="String" n="$T" />
        <Key v="9900,-1300" t="Vector2" n="!$P" />
        <Key v="1" t="Int32" n="AddTextWindow" />
        <Key v="Vyjednávání" t="String" n="%TitleTextWindow" />
        <Key v="Neznámý cizinec:&#xA;Myslím, že mi právě došla trpělivost. S těmito slovy zmáčkl spoušť." t="String" n="%TextWindow" />
      </Data>
      <Data n="20206233812920e">
        <Key v="20203950288293" t="String" n="$T" />
        <Key v="10400,-1300" t="Vector2" n="!$P" />
        <Key v="1" t="Int32" n="AddSecAtr" />
        <Key v="Hp" t="String" n="SecAtr" />
        <Key v="-25" t="Int32" n="SecAtrChange" />
        <Key v="ChangeTypeDirect" t="String" n="SecAtrChangeType" />
        <Key v="OneRanActiveSpec" t="String" n="SecAtrChangeTarg" />
      </Data>
      <Data n="20206135319530e">
        <Key v="20203950288293" t="String" n="$T" />
        <Key v="15800,-1350" t="Vector2" n="!$P" />
        <Key v="1" t="Int32" n="AddTextWindow" />
        <Key v="Vrak vozidla" t="String" n="%TitleTextWindow" />
        <Key v="Prohledali jste vrak vozidla a našli několik málo surovin." t="String" n="%TextWindow" />
      </Data>
      <Data n="20206135281440e">
        <Key v="20203950288293" t="String" n="$T" />
        <Key v="15200,-1350" t="Vector2" n="!$P" />
        <Key v="ResBasic" t="String" n="!DropType" />
        <Key v="DirectX" t="String" n="!ItemCount" />
        <Key v="1" t="Int32" n="ChangeSource" />
        <Key v="20" t="Int32" n="DropChance" />
        <Key v="1" t="Int32" n="ItemsCount01" />
        <Key v="20203978449705" t="String" n="DropItem" />
      </Data>
      <Data n="20206111767755e">
        <Key v="20203950288293" t="String" n="$T" />
        <Key v="3600,-1400" t="Vector2" n="!$P" />
        <Key v="1" t="Int32" n="RngChange" />
        <Key v="Osamělý cizinec" t="String" n="RngType" />
        <Key v="71" t="Int32" n="RngTypeProbMin" />
        <Key v="100" t="Int32" n="RngTypeProbMax" />
      </Data>
      <Data n="20206232748996e">
        <Key v="20203950288293" t="String" n="$T" />
        <Key v="4400,-1400" t="Vector2" n="!$P" />
        <Key v="1" t="Int32" n="AddTextWindow" />
        <Key v="Neznámý cizinec!" t="String" n="%TitleTextWindow" />
        <Key v="Byla to past. Při průzkumu někdo přiložil @SpecialistaFakeTest pistoli k hlavě.&#xA;Neznámý cizinec:&#xA;&quot;Naval všechno co máš a možná přežiješ&quot;" t="String" n="%TextWindow" />
      </Data>
      <Data n="20207115279033e">
        <Key v="_EGate" t="String" n="$T" />
        <Key v="4000,-1400" t="Vector2" n="!$P" />
        <Key v="G1" t="String" n="GT" />
        <Key v="Oe" t="String" n="O" />
        <Key v="1" t="Int32" n="T2" />
        <Key v="JimmReq" t="String" n="Cnt" />
        <Key v="0" t="Decimal" n="Val" />
      </Data>
      <Data n="20206234686225e">
        <Key v="20203973067233" t="String" n="$T" />
        <Key v="9100,-1450" t="Vector2" n="!$P" />
        <Key v="Failure" t="String" n="Result" />
      </Data>
      <Data n="20206232790981e">
        <Key v="20203782066473" t="String" n="$T" />
        <Key v="4950,-1500" t="Vector2" n="!$P" />
        <Key v="Talk" t="String" n="OptionType" />
        <Key v="Pokusit se vyjednávat" t="String" n="%Option" />
      </Data>
      <Data n="20206233168704e">
        <Key v="20203950288293" t="String" n="$T" />
        <Key v="5400,-1500" t="Vector2" n="!$P" />
        <Key v="1" t="Int32" n="AddTextWindow" />
        <Key v="Vyjednávání" t="String" n="%TitleTextWindow" />
        <Key v="@SpecialistActive:&#xA;&quot;Heleď, zklidni to. Podívej, všude řáděj démoni a nemá cenu se ještě zabíjet mezi sebou. Dej tu zbraň pryč a nomrálně si promluvíme.&quot;" t="String" n="%TextWindow" />
      </Data>
      <Data n="20206233188550e">
        <Key v="20203910104079" t="String" n="$T" />
        <Key v="5900,-1500" t="Vector2" n="!$P" />
        <Key v="1" t="Decimal" n="TestRateMod" />
        <Key v="Comunication" t="String" n="TestType" />
        <Key v="Separately" t="String" n="KindTest" />
        <Key v="SpecActive" t="String" n="TestTarget" />
        <Key v="1" t="Int32" n="KarmaInfluence" />
        <Key v="4" t="Int32" n="TestDiff" />
        <Key v="Vyjednávání" t="String" n="TestName" />
        <Key v="SoL" t="String" n="TestAtribute" />
        <Key v="- [KAR/10]↑ = +/- nebezpečnost" t="String" n="KarmaDescription" />
      </Data>
      <Data n="20206135296311e">
        <Key v="20203973067233" t="String" n="$T" />
        <Key v="14750,-1550" t="Vector2" n="!$P" />
        <Key v="Failure" t="String" n="Result" />
      </Data>
      <Data n="20206135300235e">
        <Key v="20203950288293" t="String" n="$T" />
        <Key v="15200,-1550" t="Vector2" n="!$P" />
        <Key v="ResBasic" t="String" n="!DropType" />
        <Key v="DirectX" t="String" n="!ItemCount" />
        <Key v="1" t="Int32" n="ChangeSource" />
        <Key v="50" t="Int32" n="DropChance" />
        <Key v="1" t="Int32" n="ItemsCount01" />
        <Key v="20203978444588" t="String" n="DropItem" />
      </Data>
      <Data n="20206233285176e">
        <Key v="20203973067233" t="String" n="$T" />
        <Key v="6450,-1550" t="Vector2" n="!$P" />
        <Key v="Success" t="String" n="Result" />
        <Key v="DirectMU" t="String" n="MuDef" />
        <Key v="1" t="Int32" n="MuDefValue" />
      </Data>
      <Data n="20206233383245e">
        <Key v="20203950288293" t="String" n="$T" />
        <Key v="7050,-1550" t="Vector2" n="!$P" />
        <Key v="1" t="Int32" n="AddTextWindow" />
        <Key v="Vyjednávání" t="String" n="%TitleTextWindow" />
        <Key v="Neznámý cizinec:&#xA;&quot;Ta pistole zůstane přesně tam, kde je. Nicméně máš mojí pozornost, tak tedy poslouchám.&quot;" t="String" n="%TextWindow" />
      </Data>
      <Data n="20206234036552e">
        <Key v="20203782066473" t="String" n="$T" />
        <Key v="7550,-1550" t="Vector2" n="!$P" />
        <Key v="Přemluvit k ústupu" t="String" n="%Option" />
        <Key v="Talk" t="String" n="OptionType" />
      </Data>
      <Data n="20206234041507e">
        <Key v="20203910104079" t="String" n="$T" />
        <Key v="8550,-1550" t="Vector2" n="!$P" />
        <Key v="2" t="Int32" n="TestRateMod" />
        <Key v="Comunication" t="String" n="TestType" />
        <Key v="Separately" t="String" n="KindTest" />
        <Key v="SpecActive" t="String" n="TestTarget" />
        <Key v="Přemluvit k ústupu" t="String" n="TestName" />
        <Key v="SoL" t="String" n="TestAtribute" />
        <Key v="1" t="Int32" n="KarmaInfluence" />
        <Key v="- [KAR/10]↑ = +/- nebezpečnost" t="String" n="KarmaDescription" />
        <Key v="3" t="Int32" n="TestDiff" />
      </Data>
      <Data n="20206234406386e">
        <Key v="20203950288293" t="String" n="$T" />
        <Key v="8050,-1550" t="Vector2" n="!$P" />
        <Key v="1" t="Int32" n="AddTextWindow" />
        <Key v="Vyjednávání" t="String" n="%TitleTextWindow" />
        <Key v="@SpecialistActive:&#xA;Situace je taková, že ty mě máš sice v hrsti, ale já tady nejsem sám. A v tenhle moment na tebe míří moji kámoši. Takže mé doporučení je abys raděj zmizel." t="String" n="%TextWindow" />
      </Data>
      <Data n="20206234645516e">
        <Key v="20203950288293" t="String" n="$T" />
        <Key v="10300,-1650" t="Vector2" n="!$P" />
        <Key v="1" t="Int32" n="AddTextWindow" />
        <Key v="Vyjednávání" t="String" n="%TitleTextWindow" />
        <Key v="Neznámý cizinec:&#xA;&quot;Víš co, možná jsem si tentokrát vzal opravdu velké sousto. Raděj zmizím.&quot;&#xA;S těmito slovy udělá pár rychlých kroků a zmizí za nejbližším křovím..." t="String" n="%TextWindow" />
      </Data>
      <Data n="20206234643026e">
        <Key v="20203973067233" t="String" n="$T" />
        <Key v="9100,-1650" t="Vector2" n="!$P" />
        <Key v="Success" t="String" n="Result" />
      </Data>
      <Data n="20206234462713e">
        <Key v="20203782066473" t="String" n="$T" />
        <Key v="7550,-1800" t="Vector2" n="!$P" />
        <Key v="Pokus o spojenectví" t="String" n="%Option" />
        <Key v="Talk" t="String" n="OptionType" />
      </Data>
      <Data n="20206234479723e">
        <Key v="20203950288293" t="String" n="$T" />
        <Key v="8050,-1800" t="Vector2" n="!$P" />
        <Key v="1" t="Int32" n="AddTextWindow" />
        <Key v="Vyjednávání" t="String" n="%TitleTextWindow" />
        <Key v="@SpecialistActive:&#xA;Situace je taková, že ty mě máš sice v hrsti, ale já tady nejsem sám. A v tenhle moment na tebe míří moji kámoši. Nicméně to neznamená, že to musí špatně skončit. Podívej, co kdyby ses k nám přidal. Ve více lidech máme větší šanci na přežití. Nejsme úplně malá skupina a s námi určitě přežiješ o něco déle, než takhle sám." t="String" n="%TextWindow" />
      </Data>
      <Data n="20206234500386e">
        <Key v="20203910104079" t="String" n="$T" />
        <Key v="8550,-1800" t="Vector2" n="!$P" />
        <Key v="2" t="Int32" n="TestRateMod" />
        <Key v="Comunication" t="String" n="TestType" />
        <Key v="Separately" t="String" n="KindTest" />
        <Key v="SpecActive" t="String" n="TestTarget" />
        <Key v="Spojenectví" t="String" n="TestName" />
        <Key v="SoL" t="String" n="TestAtribute" />
        <Key v="1" t="Int32" n="KarmaInfluence" />
        <Key v="- [KAR/10]↑ = +/- nebezpečnost" t="String" n="KarmaDescription" />
        <Key v="4" t="Int32" n="TestDiff" />
      </Data>
      <Data n="20206234775358e">
        <Key v="20203973067233" t="String" n="$T" />
        <Key v="9100,-2050" t="Vector2" n="!$P" />
        <Key v="Success" t="String" n="Result" />
      </Data>
      <Data n="20206234776284e">
        <Key v="20203950288293" t="String" n="$T" />
        <Key v="10300,-2050" t="Vector2" n="!$P" />
        <Key v="1" t="Int32" n="AddTextWindow" />
        <Key v="Vyjednávání" t="String" n="%TitleTextWindow" />
        <Key v="Neznámý cizinec:&#xA;&quot;Popravdě to zní jako celkem dobrej nápad. Společnost přijde v hod. Tak já se k vám teda přidám. Mimochodem, jmenuju se Jimmy Sendler, ale říjekte mi prostě Jimm.&quot;" t="String" n="%TextWindow" />
      </Data>
      <Data n="20206237465547e">
        <Key v="20203950288293" t="String" n="$T" />
        <Key v="11050,-2050" t="Vector2" n="!$P" />
        <Key v="1" t="Int32" n="Specialist" />
        <Key v="Hire" t="String" n="SpecSort" />
        <Key v="20206237432524" t="String" n="SpecNameSort" />
      </Data>
      <Data n="20207091418158e">
        <Key v="20203950288293" t="String" n="$T" />
        <Key v="11500,-2050" t="Vector2" n="!$P" />
        <Key v="1" t="Int32" n="AddTextWindow" />
        <Key v="Získáváš nového specialistu Jimma. Nyní můžeš prohlédnout vrak, nebo prostě odejít." t="String" n="%TextWindow" />
        <Key v="Nový specialista" t="String" n="%TitleTextWindow" />
      </Data>
      <Data n="20207091441711e">
        <Key v="20203782066473" t="String" n="$T" />
        <Key v="12400,-2050" t="Vector2" n="!$P" />
        <Key v="Prozkoumat vrak" t="String" n="%Option" />
        <Key v="Explore" t="String" n="OptionType" />
      </Data>
      <Data n="20207115374768e">
        <Key v="_EFunc" t="String" n="$T" />
        <Key v="10700,-2050" t="Vector2" n="!$P" />
        <Key v="G1" t="String" n="GT" />
        <Key v="Os" t="String" n="O" />
        <Key v="1" t="Int32" n="T2" />
        <Key v="JimmReq" t="String" n="Cnt" />
        <Key v="2" t="Decimal" n="Val" />
      </Data>
      <Data n="20206234551462e">
        <Key v="20203782066473" t="String" n="$T" />
        <Key v="7550,-2150" t="Vector2" n="!$P" />
        <Key v="Odzbrojit nepřítele" t="String" n="%Option" />
        <Key v="SpecAct" t="String" n="OptionType" />
      </Data>
      <Data n="20206234559043e">
        <Key v="20203910104079" t="String" n="$T" />
        <Key v="8150,-2150" t="Vector2" n="!$P" />
        <Key v="2" t="Int32" n="TestRateMod" />
        <Key v="Battle" t="String" n="TestType" />
        <Key v="Separately" t="String" n="KindTest" />
        <Key v="SpecActive" t="String" n="TestTarget" />
        <Key v="Vytrhnutí zbraně" t="String" n="TestName" />
        <Key v="MiL" t="String" n="TestAtribute" />
        <Key v="1" t="Int32" n="KarmaInfluence" />
        <Key v="- [KAR/10]↑ = +/- nebezpečnost" t="String" n="KarmaDescription" />
        <Key v="6" t="Int32" n="TestDiff" />
      </Data>
      <Data n="20207092789845e">
        <Key v="20203973067233" t="String" n="$T" />
        <Key v="8650,-2150" t="Vector2" n="!$P" />
        <Key v="Failure" t="String" n="Result" />
      </Data>
      <Data n="20207092794494e">
        <Key v="20203950288293" t="String" n="$T" />
        <Key v="9100,-2150" t="Vector2" n="!$P" />
        <Key v="1" t="Int32" n="AddTextWindow" />
        <Key v="Boj" t="String" n="%TitleTextWindow" />
        <Key v="Pokusil si se vytrhnout cizinci pistoli z ruky, bohužel celá akce byla příliš pomalá a cizinec stihl vystřelit. Nyní je boj nevyhnutelný" t="String" n="%TextWindow" />
      </Data>
      <Data n="20207091438895e">
        <Key v="20203782066473" t="String" n="$T" />
        <Key v="12400,-2300" t="Vector2" n="!$P" />
        <Key v="Odejít" t="String" n="%Option" />
      </Data>
      <Data n="20207092773102e">
        <Key v="20203973067233" t="String" n="$T" />
        <Key v="8650,-2450" t="Vector2" n="!$P" />
        <Key v="Success" t="String" n="Result" />
      </Data>
      <Data n="20207092776473e">
        <Key v="20203950288293" t="String" n="$T" />
        <Key v="9100,-2450" t="Vector2" n="!$P" />
        <Key v="1" t="Int32" n="AddTextWindow" />
        <Key v="Cizinec zpacifikován" t="String" n="%TitleTextWindow" />
        <Key v="Cizinec vypadal, že takovou akci vůbec nečekal. Každopádně nyní leží na zemi a je zcela zpacifikován.&#xA;Každopádně nyní je třeba rozhodnout, co se zajatcem." t="String" n="%TextWindow" />
      </Data>
      <Data n="20207092898695e">
        <Key v="20203782066473" t="String" n="$T" />
        <Key v="9600,-2600" t="Vector2" n="!$P" />
        <Key v="Zabít cizince" t="String" n="%Option" />
        <Key v="SpecAct" t="String" n="OptionType" />
      </Data>
      <Data n="20207115385595e">
        <Key v="20203950288293" t="String" n="$T" />
        <Key v="10550,-2600" t="Vector2" n="!$P" />
        <Key v="1" t="Int32" n="AddTextWindow" />
        <Key v="Poprava" t="String" n="%TitleTextWindow" />
        <Key v="Cizinci jsi zlomil vaz. O jeden problém méně..." t="String" n="%TextWindow" />
      </Data>
      <Data n="20207115393023e">
        <Key v="_EFunc" t="String" n="$T" />
        <Key v="10050,-2600" t="Vector2" n="!$P" />
        <Key v="G1" t="String" n="GT" />
        <Key v="Os" t="String" n="O" />
        <Key v="1" t="Int32" n="T2" />
        <Key v="JimmReq" t="String" n="Cnt" />
        <Key v="1" t="Decimal" n="Val" />
      </Data>
      <Data n="20207092486426e">
        <Key v="20203782066473" t="String" n="$T" />
        <Key v="7700,-2650" t="Vector2" n="!$P" />
        <Key v="Odzbrojit nepřítele" t="String" n="%Option" />
        <Key v="SpecAct" t="String" n="OptionType" />
      </Data>
      <Data n="20207119553379e">
        <Key v="20203910104079" t="String" n="$T" />
        <Key v="8150,-2650" t="Vector2" n="!$P" />
        <Key v="2" t="Int32" n="TestRateMod" />
        <Key v="Battle" t="String" n="TestType" />
        <Key v="Separately" t="String" n="KindTest" />
        <Key v="SpecActive" t="String" n="TestTarget" />
        <Key v="Vytrhnutí zbraně" t="String" n="TestName" />
        <Key v="MiL" t="String" n="TestAtribute" />
        <Key v="1" t="Int32" n="KarmaInfluence" />
        <Key v="- [KAR/10]↑ = +/- nebezpečnost" t="String" n="KarmaDescription" />
        <Key v="4" t="Int32" n="TestDiff" />
      </Data>
      <Data n="20207093002406e">
        <Key v="20203782066473" t="String" n="$T" />
        <Key v="9600,-2800" t="Vector2" n="!$P" />
        <Key v="Zajmout cizince" t="String" n="%Option" />
        <Key v="SpecAct" t="String" n="OptionType" />
      </Data>
      <Data n="20207118612245e">
        <Key v="20203950288293" t="String" n="$T" />
        <Key v="10800,-2800" t="Vector2" n="!$P" />
        <Key v="1" t="Int32" n="Specialist" />
        <Key v="Busy" t="String" n="SpecSort" />
        <Key v="1" t="Int32" n="SpecDefSelect" />
      </Data>
      <Data n="20207118630807e">
        <Key v="20203910104079" t="String" n="$T" />
        <Key v="10350,-2800" t="Vector2" n="!$P" />
        <Key v="1" t="Decimal" n="TestRateMod" />
        <Key v="SelectOnly" t="String" n="TestType" />
        <Key v="Separately" t="String" n="KindTest" />
        <Key v="DirectNum" t="String" n="TestTarget" />
        <Key v="1" t="Int32" n="SpecTestNum" />
        <Key v="Other" t="String" n="TestAtribute" />
        <Key v="Eskorta" t="String" n="TestName" />
        <Key v="Hráč musí vybrat specialistu, jež bude dohlížet na zajatý subjekt." t="String" n="Description" />
      </Data>
      <Data n="20207118868694e">
        <Key v="20203950288293" t="String" n="$T" />
        <Key v="11250,-2800" t="Vector2" n="!$P" />
        <Key v="1" t="Int32" n="AddTextWindow" />
        <Key v="Co dál?" t="String" n="%TitleTextWindow" />
        <Key v="Zajatec je spoutaný a připravený pro eskort. Chceš stále prozkoumat vrak auta?" t="String" n="%TextWindow" />
      </Data>
      <Data n="20207119077252e">
        <Key v="_EFunc" t="String" n="$T" />
        <Key v="10000,-2800" t="Vector2" n="!$P" />
        <Key v="G1" t="String" n="GT" />
        <Key v="Os" t="String" n="O" />
        <Key v="1" t="Int32" n="T2" />
        <Key v="JimmReq" t="String" n="Cnt" />
        <Key v="3" t="Decimal" n="Val" />
      </Data>
      <Data n="20206233318267e">
        <Key v="20203973067233" t="String" n="$T" />
        <Key v="6500,-2950" t="Vector2" n="!$P" />
        <Key v="Success" t="String" n="Result" />
        <Key v="MUBiggerThan" t="String" n="MuDef" />
        <Key v="1" t="Int32" n="MuDefValue" />
      </Data>
      <Data n="20206233356869e">
        <Key v="20203950288293" t="String" n="$T" />
        <Key v="7100,-2950" t="Vector2" n="!$P" />
        <Key v="1" t="Int32" n="AddTextWindow" />
        <Key v="Vyjednávání" t="String" n="%TitleTextWindow" />
        <Key v="Neznámý cizinec:&#xA;&quot;No, asi máš pravdu (pomalu dává pistoli pryč). Tak co navrhuješ?&quot;" t="String" n="%TextWindow" />
      </Data>
      <Data n="20207092482497e">
        <Key v="20203782066473" t="String" n="$T" />
        <Key v="7700,-2950" t="Vector2" n="!$P" />
        <Key v="Přemluvit k ústupu" t="String" n="%Option" />
        <Key v="Talk" t="String" n="OptionType" />
      </Data>
      <Data n="20207092639962e">
        <Key v="20203950288293" t="String" n="$T" />
        <Key v="8200,-2950" t="Vector2" n="!$P" />
        <Key v="1" t="Int32" n="AddTextWindow" />
        <Key v="Vyjednávání" t="String" n="%TitleTextWindow" />
        <Key v="@SpecialistActive:&#xA;Podívej, nejsem tady ani z daleka sám. Rozhodně ti nevyhrožuju, ale určitě pro tebe bude lepší, když prostě zmizíš." t="String" n="%TextWindow" />
      </Data>
      <Data n="20207092844447e">
        <Key v="20203910104079" t="String" n="$T" />
        <Key v="8700,-2950" t="Vector2" n="!$P" />
        <Key v="1" t="Int32" n="TestRateMod" />
        <Key v="Comunication" t="String" n="TestType" />
        <Key v="Separately" t="String" n="KindTest" />
        <Key v="SpecActive" t="String" n="TestTarget" />
        <Key v="Přemluvit k ústupu" t="String" n="TestName" />
        <Key v="SoL" t="String" n="TestAtribute" />
        <Key v="1" t="Int32" n="KarmaInfluence" />
        <Key v="- [KAR/10]↑ = +/- nebezpečnost" t="String" n="KarmaDescription" />
        <Key v="3" t="Int32" n="TestDiff" />
      </Data>
      <Data n="20207119167609e">
        <Key v="20203973067233" t="String" n="$T" />
        <Key v="9150,-2950" t="Vector2" n="!$P" />
        <Key v="Success" t="String" n="Result" />
      </Data>
      <Data n="20207119178074e">
        <Key v="20203973067233" t="String" n="$T" />
        <Key v="9150,-3300" t="Vector2" n="!$P" />
        <Key v="Failure" t="String" n="Result" />
      </Data>
      <Data n="20207119183643e">
        <Key v="20203950288293" t="String" n="$T" />
        <Key v="9650,-3300" t="Vector2" n="!$P" />
        <Key v="1" t="Int32" n="AddTextWindow" />
        <Key v="Vyjednávání" t="String" n="%TitleTextWindow" />
        <Key v="Neznámý cizinec:&#xA;&quot;Myslím, že ti nevěřím a s těmito slovy mu pistole opět zklouzla do ruky.&#xA;Takže se vraťme k mému původnímu návrhu. Naval všechno co máš, nebo to dopadne špatně." t="String" n="%TextWindow" />
      </Data>
      <Data n="20207119216308e">
        <Key v="20203782066473" t="String" n="$T" />
        <Key v="10150,-3300" t="Vector2" n="!$P" />
        <Key v="Bojovat" t="String" n="%Option" />
        <Key v="Attack" t="String" n="OptionType" />
      </Data>
      <Data n="20207119206202e">
        <Key v="20203782066473" t="String" n="$T" />
        <Key v="10150,-3450" t="Vector2" n="!$P" />
        <Key v="Dát vybavení" t="String" n="%Option" />
        <Key v="Talk" t="String" n="OptionType" />
      </Data>
      <Data n="20207119481760e">
        <Key v="20203950288293" t="String" n="$T" />
        <Key v="11850,-3550" t="Vector2" n="!$P" />
        <Key v="1" t="Int32" n="AddTextWindow" />
        <Key v="Ztráta vybavení" t="String" n="%TitleTextWindow" />
        <Key v="Cizinec tě obral o @hodnota @surovina. Poté zmizel v lese... Nezbývá, než pokračovat... Stále však můžeš prohledat vrak vozidla, pokud na tom trváš." t="String" n="%TextWindow" />
      </Data>
      <Data n="20207092484426e">
        <Key v="20203782066473" t="String" n="$T" />
        <Key v="7700,-3650" t="Vector2" n="!$P" />
        <Key v="Pokus o spojenectví" t="String" n="%Option" />
        <Key v="Talk" t="String" n="OptionType" />
      </Data>
      <Data n="20207092668906e">
        <Key v="20203950288293" t="String" n="$T" />
        <Key v="8200,-3650" t="Vector2" n="!$P" />
        <Key v="1" t="Int32" n="AddTextWindow" />
        <Key v="Vyjednávání" t="String" n="%TitleTextWindow" />
        <Key v="@SpecialistActive:&#xA;Dobré, že jsi odložil tu zbraň. Hned se nám bude lépe vyjednávat. Moje spojence, kteří na tebe teď právě míří, nebude tolik svrbět prst na spoušti. Vím, že jsou to teď těžké časy. Těžší, než jsme si kdy dokázali představit. Co bys řekl na to, kdybychom je přečkali společně? Ve více lidech máme větší šanci na přežití. Nejsme úplně malá skupina a s námi určitě přežiješ o něco déle, než takhle sám. Tak co na to říkáš?" t="String" n="%TextWindow" />
      </Data>
      <Data n="20207119530567e">
        <Key v="20203910104079" t="String" n="$T" />
        <Key v="8700,-3650" t="Vector2" n="!$P" />
        <Key v="2" t="Int32" n="TestRateMod" />
        <Key v="Comunication" t="String" n="TestType" />
        <Key v="Separately" t="String" n="KindTest" />
        <Key v="SpecActive" t="String" n="TestTarget" />
        <Key v="Spojenectví" t="String" n="TestName" />
        <Key v="SoL" t="String" n="TestAtribute" />
        <Key v="1" t="Int32" n="KarmaInfluence" />
        <Key v="- [KAR/10]↑ = +/- nebezpečnost" t="String" n="KarmaDescription" />
        <Key v="4" t="Int32" n="TestDiff" />
      </Data>
      <Data n="20206233878596e">
        <Key v="20203782066473" t="String" n="$T" />
        <Key v="5050,-3700" t="Vector2" n="!$P" />
        <Key v="Dát všechno" t="String" n="%Option" />
        <Key v="SpecAct" t="String" n="OptionType" />
      </Data>
      <Data n="20207119407129e">
        <Key v="20203950288293" t="String" n="$T" />
        <Key v="11000,-3900" t="Vector2" n="!$P" />
        <Key v="1" t="Int32" n="ChangeSource" />
        <Key v="ResBasic" t="String" n="!DropType" />
        <Key v="Range" t="String" n="!ItemCount" />
        <Key v="100" t="Decimal" n="DropChance" />
        <Key v="-20" t="Int32" n="ItemsMin" />
        <Key v="-10" t="Int32" n="ItemsMax" />
      </Data>
      <Data n="20207198315882e">
        <Key v="20203782066473" t="String" n="$T" />
        <Key v="7900,-4450" t="Vector2" n="!$P" />
        <Key v="Nechat ho jít" t="String" n="%Option" />
        <Key v="Talk" t="String" n="OptionType" />
      </Data>
      <Data n="20207197776580e">
        <Key v="20203950288293" t="String" n="$T" />
        <Key v="7300,-4450" t="Vector2" n="!$P" />
        <Key v="1" t="Int32" n="AddTextWindow" />
        <Key v="Vyhrožování" t="String" n="%TitleTextWindow" />
        <Key v="Neznámý cizinec:&#xA;&quot;Ok, vzdávám se. Myslel jsem, že jsi tady sám. Hele co kdbych se prostě stáhnul a oba na tohle setkání zapomenem?&quot;" t="String" n="%TextWindow" />
      </Data>
      <Data n="20207198522366e">
        <Key v="20203950288293" t="String" n="$T" />
        <Key v="8500,-4450" t="Vector2" n="!$P" />
        <Key v="1" t="Int32" n="AddTextWindow" />
        <Key v="Vyhrožování" t="String" n="%TitleTextWindow" />
        <Key v="@SpecialistActive:&#xA;Dobrá, dnes mám dobrou náladu a tak tě nechám být. Můžeš jít." t="String" n="%TextWindow" />
      </Data>
      <Data n="20207198602825e">
        <Key v="20203950288293" t="String" n="$T" />
        <Key v="9000,-4450" t="Vector2" n="!$P" />
        <Key v="1" t="Int32" n="AddTextWindow" />
        <Key v="Vyhrožování" t="String" n="%TitleTextWindow" />
        <Key v="Neznámý cizinec se otočil na pětníku a pelášil pryč. Nyní se můžeš vrátit k vraku, či bez dalších problémů odejít." t="String" n="%TextWindow" />
      </Data>
      <Data n="20207197385287e">
        <Key v="20203973067233" t="String" n="$T" />
        <Key v="6650,-4450" t="Vector2" n="!$P" />
        <Key v="Success" t="String" n="Result" />
      </Data>
      <Data n="20206233215818e">
        <Key v="20203782066473" t="String" n="$T" />
        <Key v="5050,-4700" t="Vector2" n="!$P" />
        <Key v="Vyhrožovat" t="String" n="%Option" />
        <Key v="Talk" t="String" n="OptionType" />
      </Data>
      <Data n="20206233219843e">
        <Key v="20203950288293" t="String" n="$T" />
        <Key v="5550,-4700" t="Vector2" n="!$P" />
        <Key v="1" t="Int32" n="AddTextWindow" />
        <Key v="Vyhrožování" t="String" n="%TitleTextWindow" />
        <Key v="@SpecialistActive:&#xA;Koukej se uklidit a dej tu bouchačku pryč. Nejsem tady sám a právě tě má na mušce banda mejch kámošů, takže pokud chceš přežít, budeš poslouchyt ty mě." t="String" n="%TextWindow" />
      </Data>
      <Data n="20206233231336e">
        <Key v="20203910104079" t="String" n="$T" />
        <Key v="6000,-4700" t="Vector2" n="!$P" />
        <Key v="2" t="Int32" n="TestRateMod" />
        <Key v="Comunication" t="String" n="TestType" />
        <Key v="Separately" t="String" n="KindTest" />
        <Key v="SpecActive" t="String" n="TestTarget" />
        <Key v="1" t="Int32" n="KarmaInfluence" />
        <Key v="6" t="Int32" n="TestDiff" />
        <Key v="Vyhrožování" t="String" n="TestName" />
        <Key v="MiL,LvL" t="String" n="TestAtribute" />
        <Key v="- [KAR/10]↑ = +/- nebezpečnost" t="String" n="KarmaDescription" />
      </Data>
      <Data n="20207197584423e">
        <Key v="20203973067233" t="String" n="$T" />
        <Key v="6650,-5000" t="Vector2" n="!$P" />
        <Key v="Failure" t="String" n="Result" />
      </Data>
      <Data n="20207199032756e">
        <Key v="20203950288293" t="String" n="$T" />
        <Key v="7350,-5000" t="Vector2" n="!$P" />
        <Key v="1" t="Int32" n="AddTextWindow" />
        <Key v="Vyhrožování" t="String" n="%TitleTextWindow" />
        <Key v="Neznámý cizinec:&#xA;&quot;Myslíš, že se tě zaleknu? Nevěřím ti ani slovo. Okamžitě mi dej zásoby co máš a přežiješ.&quot;" t="String" n="%TextWindow" />
      </Data>
      <Data n="20206111584119e">
        <Key v="20203950288293" t="String" n="$T" />
        <Key v="2350,-5600" t="Vector2" n="!$P" />
        <Key v="1" t="Int32" n="RngChange" />
        <Key v="Kontejner" t="String" n="RngType" />
        <Key v="76" t="Int32" n="RngTypeProbMin" />
        <Key v="100" t="Int32" n="RngTypeProbMax" />
      </Data>
      <Data n="20207199206597e">
        <Key v="20203950288293" t="String" n="$T" />
        <Key v="2950,-5600" t="Vector2" n="!$P" />
        <Key v="1" t="Int32" n="AddTextWindow" />
        <Key v="Kontejner" t="String" n="%TitleTextWindow" />
        <Key v="Vypadá to, že majitel auto opustil na rychlo. V autě je nemalé množství zásob." t="String" n="%TextWindow" />
        <Key v="ResBasic" t="String" n="!DropType" />
        <Key v="DirectX" t="String" n="!ItemCount" />
      </Data>
      <Data n="20207221802694e">
        <Key v="20203950288293" t="String" n="$T" />
        <Key v="3500,-5600" t="Vector2" n="!$P" />
        <Key v="1" t="Int32" n="AddContainer" />
        <Key v="20207221624991" t="String" n="AddDirectCont" />
      </Data>
    </Data>
    <Data n="$Conns">
      <Data n="20206111244165c">
        <Key v="20206110760874e" t="String" n="$E" />
      </Data>
      <Data n="20206111493952c">
        <Key v="20206110760874e" t="String" n="$S" />
        <Key v="20206111493477e" t="String" n="$E" />
      </Data>
      <Data n="20206111506058c">
        <Key v="20206111493477e" t="String" n="$S" />
        <Key v="20206111498343e" t="String" n="$E" />
      </Data>
      <Data n="20206111509019c">
        <Key v="20206111498343e" t="String" n="$S" />
        <Key v="20206111507876e" t="String" n="$E" />
        <Data n="!Node">
          <Key v="6943,711" t="Vector2" n="0" />
        </Data>
      </Data>
      <Data n="20206111527359c">
        <Key v="20206110760874e" t="String" n="$S" />
        <Key v="20206111526600e" t="String" n="$E" />
      </Data>
      <Data n="20206111534811c">
        <Key v="20206111526600e" t="String" n="$S" />
        <Key v="20206111532138e" t="String" n="$E" />
      </Data>
      <Data n="20206111577184c">
        <Key v="20206111526600e" t="String" n="$S" />
        <Key v="20206111577180e" t="String" n="$E" />
      </Data>
      <Data n="20206111584123c">
        <Key v="20206111526600e" t="String" n="$S" />
        <Key v="20206111584119e" t="String" n="$E" />
      </Data>
      <Data n="20206135458667c">
        <Key v="20206135399860e" t="String" n="$S" />
        <Key v="20206135451419e" t="String" n="$E" />
      </Data>
      <Data n="20206228568690c">
        <Key v="20206111532138e" t="String" n="$S" />
        <Key v="20206228556294e" t="String" n="$E" />
      </Data>
      <Data n="20206228547366c">
        <Key v="20206111577180e" t="String" n="$S" />
        <Key v="20206228527466e" t="String" n="$E" />
      </Data>
      <Data n="20206135260147c">
        <Key v="20206112024499e" t="String" n="$S" />
        <Key v="20206134071806e" t="String" n="$E" />
      </Data>
      <Data n="20206135265952c">
        <Key v="20206134071806e" t="String" n="$S" />
        <Key v="20206135261591e" t="String" n="$E" />
      </Data>
      <Data n="20206135288784c">
        <Key v="20206134071806e" t="String" n="$S" />
        <Key v="20206135281440e" t="String" n="$E" />
      </Data>
      <Data n="20206135290815c">
        <Key v="20206134071806e" t="String" n="$S" />
        <Key v="20206135290223e" t="String" n="$E" />
      </Data>
      <Data n="20206135299476c">
        <Key v="20206112024499e" t="String" n="$S" />
        <Key v="20206135296311e" t="String" n="$E" />
      </Data>
      <Data n="20206135302037c">
        <Key v="20206135296311e" t="String" n="$S" />
        <Key v="20206135300235e" t="String" n="$E" />
      </Data>
      <Data n="20206135331749c">
        <Key v="20206135290223e" t="String" n="$S" />
        <Key v="20206135319530e" t="String" n="$E" />
      </Data>
      <Data n="20206135331995c">
        <Key v="20206135261591e" t="String" n="$S" />
        <Key v="20206135319530e" t="String" n="$E" />
      </Data>
      <Data n="20206135348901c">
        <Key v="20206135343288e" t="String" n="$S" />
        <Key v="20206112024499e" t="String" n="$E" />
      </Data>
      <Data n="20206135348342c">
        <Key v="20206135332925e" t="String" n="$S" />
        <Key v="20206135343288e" t="String" n="$E" />
      </Data>
      <Data n="20206135351824c">
        <Key v="20206135281440e" t="String" n="$S" />
        <Key v="20206135319530e" t="String" n="$E" />
      </Data>
      <Data n="20206135352170c">
        <Key v="20206135300235e" t="String" n="$S" />
        <Key v="20206135319530e" t="String" n="$E" />
      </Data>
      <Data n="20206135367254c">
        <Key v="20206135319530e" t="String" n="$S" />
        <Key v="20206111507876e" t="String" n="$E" />
      </Data>
      <Data n="20206228705598c">
        <Key v="20206228685548e" t="String" n="$S" />
        <Key v="20206135735302e" t="String" n="$E" />
      </Data>
      <Data n="20206135730194c">
        <Key v="20206135451419e" t="String" n="$S" />
        <Key v="20206111767755e" t="String" n="$E" />
      </Data>
      <Data n="20206135730519c">
        <Key v="20206135451419e" t="String" n="$S" />
        <Key v="20206111772376e" t="String" n="$E" />
      </Data>
      <Data n="20206228705373c">
        <Key v="20206111702030e" t="String" n="$S" />
        <Key v="20206228685548e" t="String" n="$E" />
      </Data>
      <Data n="20206228492028c">
        <Key v="20206135735302e" t="String" n="$S" />
        <Key v="20206135332925e" t="String" n="$E" />
      </Data>
      <Data n="20206228718842c">
        <Key v="20206111772376e" t="String" n="$S" />
        <Key v="20206228707833e" t="String" n="$E" />
      </Data>
      <Data n="20206228492470c">
        <Key v="20206228469960e" t="String" n="$S" />
        <Key v="20206135332925e" t="String" n="$E" />
      </Data>
      <Data n="20206228547741c">
        <Key v="20206228527466e" t="String" n="$S" />
        <Key v="20206135332925e" t="String" n="$E" />
      </Data>
      <Data n="20206228569130c">
        <Key v="20206228556294e" t="String" n="$S" />
        <Key v="20206135399860e" t="String" n="$E" />
      </Data>
      <Data n="20206228704230c">
        <Key v="20206135451419e" t="String" n="$S" />
        <Key v="20206111702030e" t="String" n="$E" />
      </Data>
      <Data n="20206228719084c">
        <Key v="20206228707833e" t="String" n="$S" />
        <Key v="20206228469960e" t="String" n="$E" />
      </Data>
      <Data n="20207115288761c">
        <Key v="20206111767755e" t="String" n="$S" />
        <Key v="20207115279033e" t="String" n="$E" />
      </Data>
      <Data n="20206232790573c">
        <Key v="20206232748996e" t="String" n="$S" />
        <Key v="20206232786719e" t="String" n="$E" />
      </Data>
      <Data n="20206232791344c">
        <Key v="20206232748996e" t="String" n="$S" />
        <Key v="20206232790981e" t="String" n="$E" />
      </Data>
      <Data n="20206233021285c">
        <Key v="20206232807766e" t="String" n="$S" />
        <Key v="20206232802707e" t="String" n="$E" />
      </Data>
      <Data n="20207115342088c">
        <Key v="20206232786719e" t="String" n="$S" />
        <Key v="20207115335963e" t="String" n="$E" />
      </Data>
      <Data n="20206233187720c">
        <Key v="20206232790981e" t="String" n="$S" />
        <Key v="20206233168704e" t="String" n="$E" />
      </Data>
      <Data n="20206233189179c">
        <Key v="20206233168704e" t="String" n="$S" />
        <Key v="20206233188550e" t="String" n="$E" />
      </Data>
      <Data n="20206233218809c">
        <Key v="20206232748996e" t="String" n="$S" />
        <Key v="20206233215818e" t="String" n="$E" />
      </Data>
      <Data n="20206233230210c">
        <Key v="20206233215818e" t="String" n="$S" />
        <Key v="20206233219843e" t="String" n="$E" />
      </Data>
      <Data n="20206233239055c">
        <Key v="20206233219843e" t="String" n="$S" />
        <Key v="20206233231336e" t="String" n="$E" />
      </Data>
      <Data n="20206233286778c">
        <Key v="20206233188550e" t="String" n="$S" />
        <Key v="20206233285176e" t="String" n="$E" />
      </Data>
      <Data n="20206233321044c">
        <Key v="20206233188550e" t="String" n="$S" />
        <Key v="20206233318267e" t="String" n="$E" />
        <Data n="!Node" />
      </Data>
      <Data n="20206233333642c">
        <Key v="20206232802707e" t="String" n="$S" />
        <Key v="20206135332925e" t="String" n="$E" />
      </Data>
      <Data n="20206233378784c">
        <Key v="20206233318267e" t="String" n="$S" />
        <Key v="20206233356869e" t="String" n="$E" />
      </Data>
      <Data n="20206233400481c">
        <Key v="20206233285176e" t="String" n="$S" />
        <Key v="20206233383245e" t="String" n="$E" />
      </Data>
      <Data n="20206233401160c">
        <Key v="20206233188550e" t="String" n="$S" />
        <Key v="20206233287753e" t="String" n="$E" />
        <Data n="!Node" />
      </Data>
      <Data n="20206233403304c">
        <Key v="20206233287753e" t="String" n="$S" />
        <Key v="20206233402524e" t="String" n="$E" />
      </Data>
      <Data n="20206233817487c">
        <Key v="20206233402524e" t="String" n="$S" />
        <Key v="20206233812920e" t="String" n="$E" />
      </Data>
      <Data n="20207115339533c">
        <Key v="20206233812920e" t="String" n="$S" />
        <Key v="20207115335963e" t="String" n="$E" />
      </Data>
      <Data n="20206233881048c">
        <Key v="20206232748996e" t="String" n="$S" />
        <Key v="20206233878596e" t="String" n="$E" />
      </Data>
      <Data n="20206234040577c">
        <Key v="20206233383245e" t="String" n="$S" />
        <Key v="20206234036552e" t="String" n="$E" />
      </Data>
      <Data n="20206234442479c">
        <Key v="20206234036552e" t="String" n="$S" />
        <Key v="20206234406386e" t="String" n="$E" />
      </Data>
      <Data n="20206234444577c">
        <Key v="20206234406386e" t="String" n="$S" />
        <Key v="20206234041507e" t="String" n="$E" />
      </Data>
      <Data n="20206234479093c">
        <Key v="20206233383245e" t="String" n="$S" />
        <Key v="20206234462713e" t="String" n="$E" />
      </Data>
      <Data n="20206234499752c">
        <Key v="20206234462713e" t="String" n="$S" />
        <Key v="20206234479723e" t="String" n="$E" />
      </Data>
      <Data n="20206234502146c">
        <Key v="20206234479723e" t="String" n="$S" />
        <Key v="20206234500386e" t="String" n="$E" />
      </Data>
      <Data n="20206234557359c">
        <Key v="20206233383245e" t="String" n="$S" />
        <Key v="20206234551462e" t="String" n="$E" />
      </Data>
      <Data n="20206234559698c">
        <Key v="20206234551462e" t="String" n="$S" />
        <Key v="20206234559043e" t="String" n="$E" />
      </Data>
      <Data n="20206234643572c">
        <Key v="20206234041507e" t="String" n="$S" />
        <Key v="20206234643026e" t="String" n="$E" />
      </Data>
      <Data n="20206234666016c">
        <Key v="20206234643026e" t="String" n="$S" />
        <Key v="20206234645516e" t="String" n="$E" />
      </Data>
      <Data n="20206234685124c">
        <Key v="20206234645516e" t="String" n="$S" />
        <Key v="20206135332925e" t="String" n="$E" />
      </Data>
      <Data n="20206234690061c">
        <Key v="20206234041507e" t="String" n="$S" />
        <Key v="20206234686225e" t="String" n="$E" />
      </Data>
      <Data n="20206234697472c">
        <Key v="20206234686225e" t="String" n="$S" />
        <Key v="20206233402524e" t="String" n="$E" />
      </Data>
      <Data n="20206234739999c">
        <Key v="20206234500386e" t="String" n="$S" />
        <Key v="20206234686225e" t="String" n="$E" />
      </Data>
      <Data n="20206234775800c">
        <Key v="20206234500386e" t="String" n="$S" />
        <Key v="20206234775358e" t="String" n="$E" />
      </Data>
      <Data n="20206234811655c">
        <Key v="20206234775358e" t="String" n="$S" />
        <Key v="20206234776284e" t="String" n="$E" />
      </Data>
      <Data n="20207115378234c">
        <Key v="20206234776284e" t="String" n="$S" />
        <Key v="20207115374768e" t="String" n="$E" />
      </Data>
      <Data n="20207091430409c">
        <Key v="20206237465547e" t="String" n="$S" />
        <Key v="20207091418158e" t="String" n="$E" />
      </Data>
      <Data n="20207091445081c">
        <Key v="20207091418158e" t="String" n="$S" />
        <Key v="20207091441711e" t="String" n="$E" />
      </Data>
      <Data n="20207091445348c">
        <Key v="20207091441711e" t="String" n="$S" />
        <Key v="20206135332925e" t="String" n="$E" />
      </Data>
      <Data n="20207091445915c">
        <Key v="20207091418158e" t="String" n="$S" />
        <Key v="20207091438895e" t="String" n="$E" />
      </Data>
      <Data n="20207091447040c">
        <Key v="20207091438895e" t="String" n="$S" />
        <Key v="20206111507876e" t="String" n="$E" />
        <Data n="!Node">
          <Key v="15850,-2123" t="Vector2" n="0" />
        </Data>
      </Data>
      <Data n="20207092483805c">
        <Key v="20206233356869e" t="String" n="$S" />
        <Key v="20207092482497e" t="String" n="$E" />
      </Data>
      <Data n="20207092485076c">
        <Key v="20206233356869e" t="String" n="$S" />
        <Key v="20207092484426e" t="String" n="$E" />
      </Data>
      <Data n="20207092487930c">
        <Key v="20206233356869e" t="String" n="$S" />
        <Key v="20207092486426e" t="String" n="$E" />
      </Data>
      <Data n="20207092641308c">
        <Key v="20207092482497e" t="String" n="$S" />
        <Key v="20207092639962e" t="String" n="$E" />
      </Data>
      <Data n="20207092701825c">
        <Key v="20207092484426e" t="String" n="$S" />
        <Key v="20207092668906e" t="String" n="$E" />
      </Data>
      <Data n="20207092775011c">
        <Key v="20206234559043e" t="String" n="$S" />
        <Key v="20207092773102e" t="String" n="$E" />
      </Data>
      <Data n="20207092785568c">
        <Key v="20207092773102e" t="String" n="$S" />
        <Key v="20207092776473e" t="String" n="$E" />
      </Data>
      <Data n="20207092790799c">
        <Key v="20206234559043e" t="String" n="$S" />
        <Key v="20207092789845e" t="String" n="$E" />
      </Data>
      <Data n="20207092808412c">
        <Key v="20207092789845e" t="String" n="$S" />
        <Key v="20207092794494e" t="String" n="$E" />
      </Data>
      <Data n="20207092809041c">
        <Key v="20207092794494e" t="String" n="$S" />
        <Key v="20206233812920e" t="String" n="$E" />
        <Data n="!Node" />
      </Data>
      <Data n="20207092848667c">
        <Key v="20207092639962e" t="String" n="$S" />
        <Key v="20207092844447e" t="String" n="$E" />
      </Data>
      <Data n="20207093001990c">
        <Key v="20207092776473e" t="String" n="$S" />
        <Key v="20207092898695e" t="String" n="$E" />
      </Data>
      <Data n="20207093004139c">
        <Key v="20207092776473e" t="String" n="$S" />
        <Key v="20207093002406e" t="String" n="$E" />
      </Data>
      <Data n="20207115289210c">
        <Key v="20207115279033e" t="String" n="$S" />
        <Key v="20206232748996e" t="String" n="$E" />
      </Data>
      <Data n="20207115343070c">
        <Key v="20207115335963e" t="String" n="$S" />
        <Key v="20206232807766e" t="String" n="$E" />
      </Data>
      <Data n="20207115378805c">
        <Key v="20207115374768e" t="String" n="$S" />
        <Key v="20206237465547e" t="String" n="$E" />
      </Data>
      <Data n="20207115396031c">
        <Key v="20207092898695e" t="String" n="$S" />
        <Key v="20207115393023e" t="String" n="$E" />
      </Data>
      <Data n="20207115396626c">
        <Key v="20207115393023e" t="String" n="$S" />
        <Key v="20207115385595e" t="String" n="$E" />
      </Data>
      <Data n="20207118170186c">
        <Key v="20207115385595e" t="String" n="$S" />
        <Key v="20206135332925e" t="String" n="$E" />
        <Data n="!Node">
          <Key v="11350,-2480" t="Vector2" n="0" />
        </Data>
      </Data>
      <Data n="20207119079468c">
        <Key v="20207093002406e" t="String" n="$S" />
        <Key v="20207119077252e" t="String" n="$E" />
      </Data>
      <Data n="20207118834130c">
        <Key v="20207118630807e" t="String" n="$S" />
        <Key v="20207118612245e" t="String" n="$E" />
      </Data>
      <Data n="20207118880475c">
        <Key v="20207118612245e" t="String" n="$S" />
        <Key v="20207118868694e" t="String" n="$E" />
      </Data>
      <Data n="20207118881179c">
        <Key v="20207118868694e" t="String" n="$S" />
        <Key v="20207091441711e" t="String" n="$E" />
      </Data>
      <Data n="20207118881587c">
        <Key v="20207118868694e" t="String" n="$S" />
        <Key v="20207091438895e" t="String" n="$E" />
      </Data>
      <Data n="20207119079685c">
        <Key v="20207119077252e" t="String" n="$S" />
        <Key v="20207118630807e" t="String" n="$E" />
      </Data>
      <Data n="20207119168251c">
        <Key v="20207092844447e" t="String" n="$S" />
        <Key v="20207119167609e" t="String" n="$E" />
      </Data>
      <Data n="20207119174420c">
        <Key v="20207119167609e" t="String" n="$S" />
        <Key v="20206234645516e" t="String" n="$E" />
      </Data>
      <Data n="20207119179873c">
        <Key v="20207092844447e" t="String" n="$S" />
        <Key v="20207119178074e" t="String" n="$E" />
      </Data>
      <Data n="20207119196024c">
        <Key v="20207119178074e" t="String" n="$S" />
        <Key v="20207119183643e" t="String" n="$E" />
      </Data>
      <Data n="20207119216083c">
        <Key v="20207119183643e" t="String" n="$S" />
        <Key v="20207119206202e" t="String" n="$E" />
      </Data>
      <Data n="20207119218004c">
        <Key v="20207119183643e" t="String" n="$S" />
        <Key v="20207119216308e" t="String" n="$E" />
      </Data>
      <Data n="20207119231538c">
        <Key v="20207119216308e" t="String" n="$S" />
        <Key v="20207115335963e" t="String" n="$E" />
      </Data>
      <Data n="20207119416431c">
        <Key v="20207119206202e" t="String" n="$S" />
        <Key v="20207119407129e" t="String" n="$E" />
      </Data>
      <Data n="20207119504801c">
        <Key v="20207119407129e" t="String" n="$S" />
        <Key v="20207119481760e" t="String" n="$E" />
      </Data>
      <Data n="20207119516462c">
        <Key v="20207119481760e" t="String" n="$S" />
        <Key v="20206135332925e" t="String" n="$E" />
      </Data>
      <Data n="20207119531917c">
        <Key v="20207092668906e" t="String" n="$S" />
        <Key v="20207119530567e" t="String" n="$E" />
      </Data>
      <Data n="20207119536149c">
        <Key v="20207119530567e" t="String" n="$S" />
        <Key v="20207119178074e" t="String" n="$E" />
      </Data>
      <Data n="20207119542310c">
        <Key v="20207119530567e" t="String" n="$S" />
        <Key v="20206234775358e" t="String" n="$E" />
      </Data>
      <Data n="20207119555500c">
        <Key v="20207092486426e" t="String" n="$S" />
        <Key v="20207119553379e" t="String" n="$E" />
      </Data>
      <Data n="20207119557453c">
        <Key v="20207119553379e" t="String" n="$S" />
        <Key v="20207092773102e" t="String" n="$E" />
      </Data>
      <Data n="20207119557791c">
        <Key v="20207119553379e" t="String" n="$S" />
        <Key v="20207092789845e" t="String" n="$E" />
      </Data>
      <Data n="20207119565168c">
        <Key v="20206233878596e" t="String" n="$S" />
        <Key v="20207119407129e" t="String" n="$E" />
      </Data>
      <Data n="20207119746491c">
        <Key v="20206111767755e" t="String" n="$S" />
        <Key v="20207119742758e" t="String" n="$E" />
      </Data>
      <Data n="20207119759909c">
        <Key v="20207119742758e" t="String" n="$S" />
        <Key v="20206228685548e" t="String" n="$E" />
        <Data n="!Node" />
      </Data>
      <Data n="20207197385291c">
        <Key v="20206233231336e" t="String" n="$S" />
        <Key v="20207197385287e" t="String" n="$E" />
      </Data>
      <Data n="20207197585960c">
        <Key v="20206233231336e" t="String" n="$S" />
        <Key v="20207197584423e" t="String" n="$E" />
      </Data>
      <Data n="20207197779301c">
        <Key v="20207197385287e" t="String" n="$S" />
        <Key v="20207197776580e" t="String" n="$E" />
      </Data>
      <Data n="20207198320153c">
        <Key v="20207197776580e" t="String" n="$S" />
        <Key v="20207198315882e" t="String" n="$E" />
      </Data>
      <Data n="20207198550590c">
        <Key v="20207197776580e" t="String" n="$S" />
        <Key v="20207093002406e" t="String" n="$E" />
      </Data>
      <Data n="20207198557284c">
        <Key v="20207197776580e" t="String" n="$S" />
        <Key v="20207092898695e" t="String" n="$E" />
      </Data>
      <Data n="20207198573448c">
        <Key v="20207197776580e" t="String" n="$S" />
        <Key v="20207092484426e" t="String" n="$E" />
      </Data>
      <Data n="20207198542358c">
        <Key v="20207198315882e" t="String" n="$S" />
        <Key v="20207198522366e" t="String" n="$E" />
      </Data>
      <Data n="20207198612373c">
        <Key v="20207198522366e" t="String" n="$S" />
        <Key v="20207198602825e" t="String" n="$E" />
      </Data>
      <Data n="20207198614277c">
        <Key v="20207198602825e" t="String" n="$S" />
        <Key v="20207091441711e" t="String" n="$E" />
      </Data>
      <Data n="20207198614827c">
        <Key v="20207198602825e" t="String" n="$S" />
        <Key v="20207091438895e" t="String" n="$E" />
      </Data>
      <Data n="20207199045346c">
        <Key v="20207197584423e" t="String" n="$S" />
        <Key v="20207199032756e" t="String" n="$E" />
      </Data>
      <Data n="20207199053419c">
        <Key v="20207199032756e" t="String" n="$S" />
        <Key v="20207119206202e" t="String" n="$E" />
      </Data>
      <Data n="20207199057339c">
        <Key v="20207199032756e" t="String" n="$S" />
        <Key v="20206232786719e" t="String" n="$E" />
      </Data>
      <Data n="20207199215150c">
        <Key v="20206111584119e" t="String" n="$S" />
        <Key v="20207199206597e" t="String" n="$E" />
      </Data>
      <Data n="20207221802698c">
        <Key v="20207199206597e" t="String" n="$S" />
        <Key v="20207221802694e" t="String" n="$E" />
      </Data>
      <Data n="20207222015022c">
        <Key v="20207221802694e" t="String" n="$S" />
        <Key v="20206111507876e" t="String" n="$E" />
        <Data n="!Node">
          <Key v="14970,-5435" t="Vector2" n="0" />
        </Data>
      </Data>
    </Data>
  </Data>
</DataRoot>