﻿<?xml version="1.0" encoding="utf-8"?>
<DataRoot n="">
  <Data n="_ROOTS">
    <Key v="-502,172" t="Vector2" n="!$MP" />
    <Key v="1,1,1" t="Vector3" n="!$MZ" />
    <Key v="20208512658487" t="String" n="!$LC" />
    <Data n="$Elems">
      <Data n="20207222591637">
        <Key v="0,0" t="Vector2" n="!$P" />
        <Key v="20208512653972" t="String" n="!$LC" />
        <Key v="Chata Rossie" t="String" n="%Name" />
        <Key v="Lesy" t="String" n="EventTerrain" />
        <Key v="Mezi stromy je vidět nějaké stavení. Vypadá to na malou lesní chatu." t="String" n="%Description" />
        <Key v="Event_Lesni_chata" t="String" n="EventPicture" />
        <Key v="Legend" t="String" n="EventRarity" />
        <Key v="75" t="Int32" n="!$C" />
      </Data>
      <Data n="20203890660776">
        <Key v="0,-162.44" t="Vector2" n="!$P" />
        <Key v="20208507390758" t="String" n="!$LC" />
        <Key v="Potulná zombie" t="String" n="%Name" />
        <Key v="&#xD;Oblastí si to špacíruje jeden zombík, blbě čumí a neměl by být problém se mu vyhnout. Nicméně každej si rád zabije zombii..." t="String" n="%Description" />
        <Key v="20" t="Int32" n="!$C" />
        <Key v="1" t="Int32" n="Difficulty" />
        <Key v="Hory,Lesy,Louky,MalaMesta,Vesnice,VelkaMesta" t="String" n="EventTerrain" />
        <Key v="Event_Potulna_zombie" t="String" n="EventPicture" />
        <Key v="Common" t="String" n="EventRarity" />
      </Data>
      <Data n="20203956336369">
        <Key v="0,-480.89" t="Vector2" n="!$P" />
        <Key v="20208509087452" t="String" n="!$LC" />
        <Key v="2" t="Int32" n="Difficulty" />
        <Key v="Zaječí nory" t="String" n="%Name" />
        <Key v="Procházíte oblastí, kde si zajíci vybudovali své nory.&#xA;Můžete se na chvíli zastavit a pokusit se jich pár ulovit.&#xA;Specialisté, kteří se pokusí nějaké zajíce ulovit bude akce stát jistou dávku staminy. Ostatní zůstanou na hlídce." t="String" n="%Description" />
        <Key v="27" t="Int32" n="!$C" />
        <Key v="Louky" t="String" n="EventTerrain" />
        <Key v="Event_Zajeci_nory" t="String" n="EventPicture" />
        <Key v="Uncommon" t="String" n="EventRarity" />
      </Data>
      <Data n="20206109884845">
        <Key v="0,-668.94" t="Vector2" n="!$P" />
        <Key v="20208509083574" t="String" n="!$LC" />
        <Key v="Malá skupinka nepřátel" t="String" n="%Name" />
        <Key v="V dálce vidíte menší skupinu nepřátel. Na první pohled se nejedná o žádný větší problém. Nicméně rozhodnutí je na Vás. Je možné skupinku obejít a tím se trochu zdržet. Či na ně zaútočit." t="String" n="%Description" />
        <Key v="3" t="Int32" n="Difficulty" />
        <Key v="Hory,Lesy,Louky,MalaMesta,Vesnice,VelkaMesta" t="String" n="EventTerrain" />
        <Key v="Event_Mala_skupinka_nepratel" t="String" n="EventPicture" />
        <Key v="Common" t="String" n="EventRarity" />
        <Key v="26" t="Int32" n="!$C" />
      </Data>
      <Data n="20206110732558">
        <Key v="0,-987.39" t="Vector2" n="!$P" />
        <Key v="20208365434737" t="String" n="!$LC" />
        <Key v="Opuštěné vozidlo" t="String" n="%Name" />
        <Key v="4" t="Int32" n="Difficulty" />
        <Key v="MalaMesta,VelkaMesta,Vesnice,Louky" t="String" n="EventTerrain" />
        <Key v="Nedaleko spatříte opuštěné auto. Mohlo by v něm být něco zajímavého." t="String" n="%Description" />
        <Key v="Event_Opustene_vozidlo" t="String" n="EventPicture" />
      </Data>
      <Data n="20208412217975">
        <Key v="310,-987.39" t="Vector2" n="!$P" />
        <Key v="20208510824151" t="String" n="!$LC" />
        <Key v="Uzamčená chata" t="String" n="%Name" />
        <Key v="4" t="Int32" n="Difficulty" />
        <Key v="Lesy,Hory" t="String" n="EventTerrain" />
        <Key v="Uzamčená chata s lootem" t="String" n="%Description" />
        <Key v="Event_Lesni_chata" t="String" n="EventPicture" />
        <Key v="Common" t="String" n="EventRarity" />
        <Key v="17" t="Int32" n="!$C" />
      </Data>
      <Data n="20208412217424">
        <Key v="0,-1228.07" t="Vector2" n="!$P" />
        <Key v="20208510819605" t="String" n="!$LC" />
        <Key v="Chata banditů" t="String" n="%Name" />
        <Key v="5" t="Int32" n="Difficulty" />
        <Key v="Lesy,Hory" t="String" n="EventTerrain" />
        <Key v="Chata je otevřená, ale čekají v ní nepřátelé..." t="String" n="%Description" />
        <Key v="Event_Lesni_chata" t="String" n="EventPicture" />
        <Key v="Common" t="String" n="EventRarity" />
        <Key v="38" t="Int32" n="!$C" />
      </Data>
      <Data n="20208412048071">
        <Key v="310,-1228.07" t="Vector2" n="!$P" />
        <Key v="48" t="Int32" n="!$C" />
        <Key v="Pobořená chata" t="String" n="%Name" />
        <Key v="5" t="Int32" n="Difficulty" />
        <Key v="Lesy,Hory" t="String" n="EventTerrain" />
        <Key v="Rozbořená chata s pokladem" t="String" n="%Description" />
        <Key v="Event_Lesni_chata" t="String" n="EventPicture" />
        <Key v="Uncommon" t="String" n="EventRarity" />
        <Key v="20208508588816" t="String" n="!$LC" />
      </Data>
    </Data>
  </Data>
</DataRoot>