﻿<?xml version="1.0" encoding="utf-8"?>
<DataRoot n="">
  <Data n="_ROOTS">
    <Key v="-1801,804" t="Vector2" n="!$MP" />
    <Key v="1.2,1.2,1.2" t="Vector3" n="!$MZ" />
    <Key v="20208034559347" t="String" n="!$LC" />
    <Data n="$Elems">
      <Data n="20205336335338">
        <Key v="520,0" t="Vector2" n="!$P" />
        <Key v="20207120463382" t="String" n="!$LC" />
        <Key v="AttribCategories" t="String" n="K" />
        <Key v="attribs" t="String" n="!!L" />
        <Key v="20205335881471,20205336230727,20205336241968,20205336228167,20205336248021,20207120454432,20205337404739" t="String" n="L" />
      </Data>
      <Data n="20205336053988">
        <Key v="2600,0" t="Vector2" n="!$P" />
        <Key v="20205623805383" t="String" n="!$LC" />
        <Key v="AttribTypes" t="String" n="K" />
        <Key v="attribt" t="String" n="!!L" />
        <Key v="20205336019642,20205336025916,20205336030174,20205342176716,20205623794353" t="String" n="L" />
      </Data>
      <Data n="20205344416134">
        <Key v="780,0" t="Vector2" n="!$P" />
        <Key v="20205344420005" t="String" n="!$LC" />
        <Key v="AttribMods" t="String" n="K" />
        <Key v="attribm" t="String" n="!!L" />
        <Key v="20205344402569,20205344405679,20205344410237" t="String" n="L" />
      </Data>
      <Data n="20205484577520">
        <Key v="1040,0" t="Vector2" n="!$P" />
        <Key v="20207121783022" t="String" n="!$LC" />
        <Key v="AttribSpecials" t="String" n="K" />
        <Key v="sa" t="String" n="!!L" />
        <Key v="20205484525079,20205484538524,20205484547131,20205485496655,20205531269472,20205552370238,20207121777137" t="String" n="L" />
      </Data>
      <Data n="20205502428662">
        <Key v="2080,0" t="Vector2" n="!$P" />
        <Key v="20207210164011" t="String" n="!$LC" />
        <Key v="AttribSwitch" t="String" n="K" />
        <Key v="attribs" t="String" n="!!L" />
        <Key v="20205337404739,20205336248021,20207120454432,20205502409224,20207210144331" t="String" n="L" />
      </Data>
      <Data n="20205531042970">
        <Key v="2340,0" t="Vector2" n="!$P" />
        <Key v="20207237727746" t="String" n="!$LC" />
        <Key v="AttribTriggers" t="String" n="K" />
        <Key v="attribe" t="String" n="!!L" />
        <Key v="20205551545408,20205551563553,20205530808496,20206401595932,20205624132140,20206401608168,20205624107506,20207136078416,20207208555914,20207210452221,20207136084822,20207136088537,20207237718876" t="String" n="L" />
      </Data>
      <Data n="20205578345246">
        <Key v="1560,0" t="Vector2" n="!$P" />
        <Key v="20205578433810" t="String" n="!$LC" />
        <Key v="AttribSubs1" t="String" n="K" />
        <Key v="a2" t="String" n="!!L" />
        <Key v="20205578146684,20205578134657,20205578338949,20205578158069,20205578325179" t="String" n="L" />
      </Data>
      <Data n="20205578434101">
        <Key v="1820,0" t="Vector2" n="!$P" />
        <Key v="20205578476630" t="String" n="!$LC" />
        <Key v="AttribSubs2" t="String" n="K" />
        <Key v="a1" t="String" n="!!L" />
        <Key v="20205578151484,20205578152952,20205578204221,20205578198624" t="String" n="L" />
      </Data>
      <Data n="20205607686310">
        <Key v="2860,0" t="Vector2" n="!$P" />
        <Key v="20205607689947" t="String" n="!$LC" />
        <Key v="AttribTypesI" t="String" n="K" />
        <Key v="attribt" t="String" n="!!L" />
        <Key v="20205336030174,20205336019642" t="String" n="L" />
      </Data>
      <Data n="20207120705668">
        <Key v="0,0" t="Vector2" n="!$P" />
        <Key v="20207235779762" t="String" n="!$LC" />
        <Key v="ActActions" t="String" n="K" />
        <Key v="act" t="String" n="!!L" />
        <Key v="20207120682494,20207120689367,20207120686377,20207122270973,20207235771905" t="String" n="L" />
      </Data>
      <Data n="20207121066992">
        <Key v="1300,0" t="Vector2" n="!$P" />
        <Key v="20207239632355" t="String" n="!$LC" />
        <Key v="AttribSpecials2" t="String" n="K" />
        <Key v="actionsa" t="String" n="!!L" />
        <Key v="20207121032070,20207121038555,20207121040019,20207121043359,20207121680762,20207123045683,20207123040766,20207123051346,20207126555040,20207127104720,20207135814765,20207135818051,20207135478429,20207208441227,20207209488512,20207216103730,20207239625220" t="String" n="L" />
      </Data>
      <Data n="20207121619070">
        <Key v="260,0" t="Vector2" n="!$P" />
        <Key v="20207523575289" t="String" n="!$LC" />
        <Key v="Areas" t="String" n="K" />
        <Key v="" t="String" n="!!L" />
        <Key v="20207126724772,20207121609641,20207121588873,20207121590679" t="String" n="L" />
      </Data>
      <Data n="20202965666276">
        <Key v="1820,-534.88" t="Vector2" n="!$P" />
        <Key v="20202965768681" t="String" n="!$LC" />
        <Key v="CEvnStates" t="String" n="K" />
        <Key v="20202965650761,20202965652977" t="String" n="L" />
      </Data>
      <Data n="20202965682256">
        <Key v="3900,-534.88" t="Vector2" n="!$P" />
        <Key v="20202965770091" t="String" n="!$LC" />
        <Key v="CQstStates" t="String" n="K" />
        <Key v="20202965641601,20202965647299,20202965652977,20202965655932" t="String" n="L" />
      </Data>
      <Data n="20202985002414">
        <Key v="2340,-534.88" t="Vector2" n="!$P" />
        <Key v="20202985005917" t="String" n="!$LC" />
        <Key v="CInvStates" t="String" n="K" />
        <Key v="20202965641601,20202965647299" t="String" n="L" />
      </Data>
      <Data n="20202964325329">
        <Key v="780,-534.88" t="Vector2" n="!$P" />
        <Key v="20206519169888" t="String" n="!$LC" />
        <Key v="CDialogConds" t="String" n="K" />
        <Key v="20202964343194,20202964377035,20202964513820,20202964390576,20206390831718" t="String" n="L" />
        <Key v="conds" t="String" n="!!L" />
      </Data>
      <Data n="20203183192192">
        <Key v="4680,-534.88" t="Vector2" n="!$P" />
        <Key v="20203183212647" t="String" n="!$LC" />
        <Key v="CTimeStates" t="String" n="K" />
        <Key v="states" t="String" n="!!L" />
        <Key v="20203183202697,20203183206649" t="String" n="L" />
      </Data>
      <Data n="20206351894571">
        <Key v="4940,-534.88" t="Vector2" n="!$P" />
        <Key v="20206352022537" t="String" n="!$LC" />
        <Key v="CTimeStates2" t="String" n="K" />
        <Key v="states" t="String" n="!!L" />
        <Key v="20206352005339,20203183202697,20203183206649" t="String" n="L" />
      </Data>
      <Data n="20206352812873">
        <Key v="520,-534.88" t="Vector2" n="!$P" />
        <Key v="20206495891791" t="String" n="!$LC" />
        <Key v="CDialogActs" t="String" n="K" />
        <Key v="20202964377035,20202964513820,20202964390576,20202964368048,20203131780447,20206390831718,20202964536622" t="String" n="L" />
        <Key v="conds" t="String" n="!!L" />
      </Data>
      <Data n="20206352848554">
        <Key v="1560,-534.88" t="Vector2" n="!$P" />
        <Key v="20206352853500" t="String" n="!$LC" />
        <Key v="CEventsConds" t="String" n="K" />
        <Key v="20202964368048,20202964343194,20202964377035,20202964513820,20202964390576" t="String" n="L" />
        <Key v="conds" t="String" n="!!L" />
      </Data>
      <Data n="20206352857328">
        <Key v="1300,-534.88" t="Vector2" n="!$P" />
        <Key v="20206390845367" t="String" n="!$LC" />
        <Key v="CEventsActs" t="String" n="K" />
        <Key v="20202964377035,20202964513820,20202964390576,20202964368048,20202964510254,20203131780447,20206371600921,20206390831718,20202964536622" t="String" n="L" />
        <Key v="conds" t="String" n="!!L" />
      </Data>
      <Data n="20206353136007">
        <Key v="2600,-534.88" t="Vector2" n="!$P" />
        <Key v="20206353141249" t="String" n="!$LC" />
        <Key v="CInvStatesA" t="String" n="K" />
        <Key v="20206353122503,20206353128971" t="String" n="L" />
        <Key v="states" t="String" n="!!L" />
      </Data>
      <Data n="20206353186462">
        <Key v="2080,-534.88" t="Vector2" n="!$P" />
        <Key v="20206371176598" t="String" n="!$LC" />
        <Key v="CEvnStatesA" t="String" n="K" />
        <Key v="20206353164481,20206353176304,20206371168904,20206371166056" t="String" n="L" />
        <Key v="skupinu" t="String" n="!!L" />
      </Data>
      <Data n="20206353588749">
        <Key v="260,-534.88" t="Vector2" n="!$P" />
        <Key v="20206353804672" t="String" n="!$LC" />
        <Key v="CContStates" t="String" n="K" />
        <Key v="20206353122503,20206353565671,20206353577773" t="String" n="L" />
        <Key v="states" t="String" n="!!L" />
      </Data>
      <Data n="20206353798588">
        <Key v="4420,-534.88" t="Vector2" n="!$P" />
        <Key v="20208034558716" t="String" n="!$LC" />
        <Key v="CSpecStates" t="String" n="K" />
        <Key v="20206353574470,20206370827818,20206371349396,20206536781628,20206536769559,20206536765497,20208034538669" t="String" n="L" />
        <Key v="specs" t="String" n="!!L" />
      </Data>
      <Data n="20206371522983">
        <Key v="3120,-534.88" t="Vector2" n="!$P" />
        <Key v="20206371532270" t="String" n="!$LC" />
        <Key v="CModules" t="String" n="K" />
        <Key v="modules" t="String" n="!!L" />
        <Key v="20206371067146,20206371071582,20206371074438,20206371086254,20206371129961" t="String" n="L" />
      </Data>
      <Data n="20206390880864">
        <Key v="3640,-534.88" t="Vector2" n="!$P" />
        <Key v="20206491683871" t="String" n="!$LC" />
        <Key v="CPartyStates" t="String" n="K" />
        <Key v="specs" t="String" n="!!L" />
        <Key v="20206353811224,20206390861652,20206390864520" t="String" n="L" />
      </Data>
      <Data n="20206416744210">
        <Key v="2860,-534.88" t="Vector2" n="!$P" />
        <Key v="20206416746241" t="String" n="!$LC" />
        <Key v="CModifs" t="String" n="K" />
        <Key v="mods" t="String" n="!!L" />
        <Key v="20206416733788,20206416739251,20206416740540" t="String" n="L" />
      </Data>
      <Data n="20206518509771">
        <Key v="4160,-534.88" t="Vector2" n="!$P" />
        <Key v="20206518779961" t="String" n="!$LC" />
        <Key v="CRolls" t="String" n="K" />
        <Key v="marks" t="String" n="!!L" />
        <Key v="20206517899722,20206518005844,20206518008150,20206518771579,20206518762667,20206518767746" t="String" n="L" />
      </Data>
      <Data n="20206536801302">
        <Key v="1040,-534.88" t="Vector2" n="!$P" />
        <Key v="20206536805610" t="String" n="!$LC" />
        <Key v="CDlgSpecStates" t="String" n="K" />
        <Key v="20206353574470,20206370827818,20206371349396,20206536781628" t="String" n="L" />
        <Key v="specs" t="String" n="!!L" />
      </Data>
      <Data n="20207091448399">
        <Key v="3380,-534.88" t="Vector2" n="!$P" />
        <Key v="20207091494085" t="String" n="!$LC" />
        <Key v="Costs" t="String" n="K" />
        <Key v="basee" t="String" n="!!L" />
        <Key v="20207089392783,20207089394684,20207089398567,20207089396644,20207089375209,20207089384359,20207089385852,20207089387791,20205575756673,20205575760333,20205575768471,20207091469664,20207091472941,20207091480360,20207091490048" t="String" n="L" />
      </Data>
      <Data n="20207135274401">
        <Key v="0,-534.88" t="Vector2" n="!$P" />
        <Key v="20207135428565" t="String" n="!$LC" />
        <Key v="Categs" t="String" n="K" />
        <Key v="categs" t="String" n="!!L" />
        <Key v="20207135255096,20207135257219,20207135261623" t="String" n="L" />
      </Data>
      <Data n="20207089028514">
        <Key v="260,-1017.6" t="Vector2" n="!$P" />
        <Key v="20207089128502" t="String" n="!$LC" />
        <Key v="Durations" t="String" n="K" />
        <Key v="durations" t="String" n="!!L" />
        <Key v="20207089058858,20207089034224,20207089105402,20207089106870,20207089040479,20207089080276,20207089045062" t="String" n="L" />
      </Data>
      <Data n="20207119860046">
        <Key v="0,-1017.6" t="Vector2" n="!$P" />
        <Key v="20207119864096" t="String" n="!$LC" />
        <Key v="DamageTypes" t="String" n="K" />
        <Key v="damage" t="String" n="!!L" />
        <Key v="20207119825925,20207119837323,20207119841931,20207119844066,20207119849575" t="String" n="L" />
      </Data>
      <Data n="20202848639481">
        <Key v="1820,-1291.69" t="Vector2" n="!$P" />
        <Key v="20202875155183" t="String" n="!$LC" />
        <Key v="EResult" t="String" n="K" />
        <Key v="20202848613834,20202848619893,20202848620023,20202848619977" t="String" n="L" />
      </Data>
      <Data n="20202988237811">
        <Key v="1560,-1291.69" t="Vector2" n="!$P" />
        <Key v="20202988243024" t="String" n="!$LC" />
        <Key v="ERarity" t="String" n="K" />
        <Key v="20202988191246,20202988201037,20202988204047,20202988207613" t="String" n="L" />
      </Data>
      <Data n="20202988245638">
        <Key v="2080,-1291.69" t="Vector2" n="!$P" />
        <Key v="20204529362913" t="String" n="!$LC" />
        <Key v="ESize" t="String" n="K" />
        <Key v="20202988219007,20202988224606,20204529349489,20202988226529,20202988229276,20204529349697" t="String" n="L" />
      </Data>
      <Data n="20203043380872">
        <Key v="2340,-1291.69" t="Vector2" n="!$P" />
        <Key v="20206594604645" t="String" n="!$LC" />
        <Key v="ETools" t="String" n="K" />
        <Key v="20203043414224,20203043407182,20203043419791,20203043423982,20203043427035,20203043431856,20206594594349" t="String" n="L" />
        <Key v="tools" t="String" n="!!L" />
      </Data>
      <Data n="20207135268287">
        <Key v="1040,-1291.69" t="Vector2" n="!$P" />
        <Key v="20207237630983" t="String" n="!$LC" />
        <Key v="Elements2" t="String" n="K" />
        <Key v="elements" t="String" n="!!L" />
        <Key v="20207089375209,20207089384359,20207089385852,20207089387791,20207089392783,20207089394684,20207089398567,20207089396644,20207237625269" t="String" n="L" />
      </Data>
      <Data n="20203031521376">
        <Key v="260,-1291.69" t="Vector2" n="!$P" />
        <Key v="20203031527769" t="String" n="!$LC" />
        <Key v="EGems" t="String" n="K" />
        <Key v="20203031416073,20203031427785,20203031433548,20203031429528,20203031431288" t="String" n="L" />
      </Data>
      <Data n="20203031529416">
        <Key v="0,-1291.69" t="Vector2" n="!$P" />
        <Key v="20203035269559" t="String" n="!$LC" />
        <Key v="EAlch" t="String" n="K" />
        <Key v="20203031455932,20203031464986,20203031472044,20203031477353,20203031485097,20203031481061,20203031507962,20203031499757" t="String" n="L" />
      </Data>
      <Data n="20203037016747">
        <Key v="520,-1291.69" t="Vector2" n="!$P" />
        <Key v="20203037021960" t="String" n="!$LC" />
        <Key v="EGemSizes" t="String" n="K" />
        <Key v="20203036898874,20203037006853,20203037009277" t="String" n="L" />
      </Data>
      <Data n="20207089358173">
        <Key v="780,-1291.69" t="Vector2" n="!$P" />
        <Key v="20207089419710" t="String" n="!$LC" />
        <Key v="Elements" t="String" n="K" />
        <Key v="elements" t="String" n="!!L" />
        <Key v="20207089375209,20207089384359,20207089385852,20207089387791,20207089392783,20207089394684,20207089398567,20207089396644,20207089401411,20207089404164,20207089408621" t="String" n="L" />
      </Data>
      <Data n="20207209315674">
        <Key v="1300,-1291.69" t="Vector2" n="!$P" />
        <Key v="20207216250959" t="String" n="!$LC" />
        <Key v="Ends" t="String" n="K" />
        <Key v="ends" t="String" n="!!L" />
        <Key v="20207209292312,20207209351643,20207209305644,20207209308351,20207209299656,20207209303509,20207216031876,20207216233469" t="String" n="L" />
      </Data>
      <Data n="20205575690570">
        <Key v="0,-1670.1" t="Vector2" n="!$P" />
        <Key v="20205575775168" t="String" n="!$LC" />
        <Key v="FilterNames" t="String" n="K" />
        <Key v="base" t="String" n="!!L" />
        <Key v="20205575682376,20205575685719,20205575648309,20205575675920,20205575658960,20205575668451,20205575674160,20205575663279,20205575679169,20205575608442,20205575624538,20205575615872,20205575618224,20205575622624,20205575763750,20205575768471,20205575760333,20205575756673" t="String" n="L" />
      </Data>
      <Data n="20206371570486">
        <Key v="520,-1670.1" t="Vector2" n="!$P" />
        <Key v="20208033496172" t="String" n="!$LC" />
        <Key v="FObjects" t="String" n="K" />
        <Key v="conds" t="String" n="!!L" />
        <Key v="20203131780447,20202964377035,20202964510254,20206371600921,20202964368048,20202964536622" t="String" n="L" />
      </Data>
      <Data n="20206536575463">
        <Key v="260,-1670.1" t="Vector2" n="!$P" />
        <Key v="20206594556141" t="String" n="!$LC" />
        <Key v="FLevels" t="String" n="K" />
        <Key v="levels" t="String" n="!!L" />
        <Key v="20206536556318,20206536560062,20206536561489,20206536562827,20206536564391,20206536565717,20206594547684" t="String" n="L" />
      </Data>
      <Data n="20202968785745">
        <Key v="1560,-2231.06" t="Vector2" n="!$P" />
        <Key v="20202987265683" t="String" n="!$LC" />
        <Key v="ItmTypes" t="String" n="K" />
        <Key v="20202985294469,20202985315072,20202985315460,20202985315539,20202985315643,20202985315685" t="String" n="L" />
      </Data>
      <Data n="20202968791495">
        <Key v="1300,-2231.06" t="Vector2" n="!$P" />
        <Key v="20205339460542" t="String" n="!$LC" />
        <Key v="ItmSubs" t="String" n="K" />
        <Key v="20202990766382,20202990772796,20202990778926,20202990784752,20202993749600,20202993764888,20202990817393,20202990835208,20202990839629,20202990844270,20202993861813,20202991052876,20202991048773,20202991058764,20202991086017,20202991045504,20202993785506,20202994133181,20202994157202,20202994188904,20202994191640,20202994193875,20202994165033,20202987244703,20202994095657,20202994100262,20202994105028,20202994118882,20202985525449,20202986083333,20202986079552,20203042856244,20205339450650" t="String" n="L" />
        <Key v="i5" t="String" n="!!L" />
      </Data>
      <Data n="20202991619842">
        <Key v="520,-2231.06" t="Vector2" n="!$P" />
        <Key v="20205609177167" t="String" n="!$LC" />
        <Key v="ItmEquips" t="String" n="K" />
        <Key v="20202991427931,20202991421822,20202991366479,20202991510048,20202991556621,20202991516962,20202991431021,20202993591402,20202993585922,20202993597034,20202993599542,20202993793488,20202993801349,20202993806645,20202993816578,20202993804710,20202993811095,20202993743833,20203009867032,20202991564336,20202991566825" t="String" n="L" />
        <Key v="pri" t="String" n="!!L" />
      </Data>
      <Data n="20203012446361">
        <Key v="0,-2231.06" t="Vector2" n="!$P" />
        <Key v="20205840823208" t="String" n="!$LC" />
        <Key v="ItmCategs" t="String" n="K" />
        <Key v="20203012361088,20203012377812,20203012386828,20203012390497,20203012407100,20203012438376,20203013102181,20203013080474,20203013086764,20203013090613,20203031391802,20203031398847,20203012610010,20203056462145" t="String" n="L" />
        <Key v="ics" t="String" n="!!L" />
      </Data>
      <Data n="20204529762477">
        <Key v="1820,-2231.06" t="Vector2" n="!$P" />
        <Key v="20204529764979" t="String" n="!$LC" />
        <Key v="ItmWeapons" t="String" n="K" />
        <Key v="itc" t="String" n="!!L" />
        <Key v="20204529712638,20204529718064,20204529718175" t="String" n="L" />
      </Data>
      <Data n="20205826130909">
        <Key v="1040,-2231.06" t="Vector2" n="!$P" />
        <Key v="20205826144212" t="String" n="!$LC" />
        <Key v="ItmQuality" t="String" n="K" />
        <Key v="qual" t="String" n="!!L" />
        <Key v="20205826073293,20205826082605,20205826085132,20205826087463" t="String" n="L" />
      </Data>
      <Data n="20205840288378">
        <Key v="260,-2231.06" t="Vector2" n="!$P" />
        <Key v="20205840293194" t="String" n="!$LC" />
        <Key v="ItmDurability" t="String" n="K" />
        <Key v="dur" t="String" n="!!L" />
        <Key v="20205840255303,20205840267218,20205840270536,20205840272235,20205840273935" t="String" n="L" />
      </Data>
      <Data n="20205840574761">
        <Key v="780,-2231.06" t="Vector2" n="!$P" />
        <Key v="20206283325867" t="String" n="!$LC" />
        <Key v="ItmImprovs" t="String" n="K" />
        <Key v="imp" t="String" n="!!L" />
        <Key v="20205840420474,20205840546307,20205840548810,20205840551399,20205840553935,20206283318894" t="String" n="L" />
      </Data>
      <Data n="20207137361249">
        <Key v="0,-3183.23" t="Vector2" n="!$P" />
        <Key v="20207189550100" t="String" n="!$LC" />
        <Key v="Stacking" t="String" n="K" />
        <Key v="stacking" t="String" n="!!L" />
        <Key v="20207137332345,20207137338010,20207137340056,20207137409183" t="String" n="L" />
      </Data>
      <Data n="20207119797154">
        <Key v="0,-3379.08" t="Vector2" n="!$P" />
        <Key v="20207119800194" t="String" n="!$LC" />
        <Key v="Targets" t="String" n="K" />
        <Key v="targets" t="String" n="!!L" />
        <Key v="20207119739462,20207119743887,20207119768492,20207119746243,20207119751281,20207119753258" t="String" n="L" />
      </Data>
    </Data>
  </Data>
</DataRoot>