﻿<?xml version="1.0" encoding="utf-8"?>
<DataRoot n="D">
  <Data n="20181355635846">
    <Data n="$Elems">
      <Data n="20181647238562e">
        <Key v="450,0" t="Vector2" n="!$P" />
        <Key v="_EGate" t="String" n="$T" />
        <Key v="G1" t="String" n="GT" />
        <Key v="1" t="Int32" n="T2" />
        <Key v="8" t="Decimal" n="Val" />
        <Key v="Kudla_v_zadech" t="String" n="Cnt" />
        <Key v="Oe" t="String" n="O" />
      </Data>
      <Data n="20181646179969e">
        <Key v="450,-200" t="Vector2" n="!$P" />
        <Key v="20202866798502" t="String" n="$T" />
        <Key v="%M1" t="String" n="T" />
        <Key v="Nevotravuj..." t="String" n="%X" />
      </Data>
      <Data n="20181647231085e">
        <Key v="900,0" t="Vector2" n="!$P" />
        <Key v="20202866798502" t="String" n="$T" />
        <Key v="%M1" t="String" n="T" />
        <Key v="Tak koukám, že sis přišel pro odměnu. Výborně. Tady jí pro tebe mám. &lt;A vrhne dýkou. V ten moment se to kolem vás začne hemžit piráty. Bitva je nevyhnutelná.&gt;" t="String" n="%X" />
      </Data>
      <Data n="20181646183289e">
        <Key v="1050,-200" t="Vector2" n="!$P" />
        <Key v="20206495856812" t="String" n="$T" />
        <Key v="Shifty - základní možnosti" t="String" n="!%Txt" />
      </Data>
      <Data n="20181646195758e">
        <Key v="1650,-200" t="Vector2" n="!$P" />
        <Key v="20202934699316" t="String" n="$T" />
        <Key v="Odejít" t="String" n="%CX" />
      </Data>
      <Data n="20181646186880e">
        <Key v="1650,-400" t="Vector2" n="!$P" />
        <Key v="20202934699316" t="String" n="$T" />
        <Key v="Zeptat se na" t="String" n="%CX" />
      </Data>
      <Data n="20181646362909e">
        <Key v="1650,-600" t="Vector2" n="!$P" />
        <Key v="_EGate" t="String" n="$T" />
        <Key v="G1" t="String" n="GT" />
        <Key v="1" t="Int32" n="T2" />
        <Key v="2" t="Decimal" n="Val" />
        <Key v="Kudla_v_zadech" t="String" n="Cnt" />
        <Key v="Oe" t="String" n="O" />
      </Data>
      <Data n="20181646505070e">
        <Key v="1950,-600" t="Vector2" n="!$P" />
        <Key v="_EGate" t="String" n="$T" />
        <Key v="G4" t="String" n="GT" />
      </Data>
      <Data n="20181646187142e">
        <Key v="2250,-600" t="Vector2" n="!$P" />
        <Key v="20202934699316" t="String" n="$T" />
        <Key v="Konfrontovat ho (noční výprava)" t="String" n="%CX" />
      </Data>
      <Data n="20181646367881e">
        <Key v="1650,-800" t="Vector2" n="!$P" />
        <Key v="_EGate" t="String" n="$T" />
        <Key v="G1" t="String" n="GT" />
        <Key v="1" t="Int32" n="T2" />
        <Key v="1" t="Decimal" n="Val" />
        <Key v="Kudla_v_zadech" t="String" n="Cnt" />
        <Key v="Oe" t="String" n="O" />
      </Data>
      <Data n="20181646633307e">
        <Key v="1950,-800" t="Vector2" n="!$P" />
        <Key v="_EGate" t="String" n="$T" />
        <Key v="G4" t="String" n="GT" />
      </Data>
      <Data n="20181646262297e">
        <Key v="2250,-800" t="Vector2" n="!$P" />
        <Key v="20202934699316" t="String" n="$T" />
        <Key v="Konfrontovat ho (Rough Dog)" t="String" n="%CX" />
      </Data>
      <Data n="20181646657489e">
        <Key v="1650,-1000" t="Vector2" n="!$P" />
        <Key v="_EGate" t="String" n="$T" />
        <Key v="G1" t="String" n="GT" />
        <Key v="1" t="Int32" n="T2" />
        <Key v="1" t="Decimal" n="Val" />
        <Key v="Kudla_v_zadech_dukazy" t="String" n="Cnt" />
        <Key v="Oe" t="String" n="O" />
      </Data>
      <Data n="20181646664324e">
        <Key v="1950,-1000" t="Vector2" n="!$P" />
        <Key v="_EGate" t="String" n="$T" />
        <Key v="G4" t="String" n="GT" />
      </Data>
      <Data n="20181646528899e">
        <Key v="2250,-1000" t="Vector2" n="!$P" />
        <Key v="20202934699316" t="String" n="$T" />
        <Key v="Nařknout ho ze zrady" t="String" n="%CX" />
      </Data>
      <Data n="20181646659950e">
        <Key v="1650,-2200" t="Vector2" n="!$P" />
        <Key v="_EGate" t="String" n="$T" />
        <Key v="G1" t="String" n="GT" />
        <Key v="1" t="Int32" n="T2" />
        <Key v="2" t="Decimal" n="Val" />
        <Key v="Kudla_v_zadech_dukazy" t="String" n="Cnt" />
        <Key v="Oe" t="String" n="O" />
      </Data>
      <Data n="20181646664570e">
        <Key v="1950,-2200" t="Vector2" n="!$P" />
        <Key v="_EGate" t="String" n="$T" />
        <Key v="G4" t="String" n="GT" />
      </Data>
      <Data n="20181646653736e">
        <Key v="2250,-2200" t="Vector2" n="!$P" />
        <Key v="20202934699316" t="String" n="$T" />
        <Key v="Nařknout ho ze zrady" t="String" n="%CX" />
      </Data>
      <Data n="20181646660220e">
        <Key v="1650,-2800" t="Vector2" n="!$P" />
        <Key v="_EGate" t="String" n="$T" />
        <Key v="G1" t="String" n="GT" />
        <Key v="1" t="Int32" n="T2" />
        <Key v="3" t="Decimal" n="Val" />
        <Key v="Kudla_v_zadech_dukazy" t="String" n="Cnt" />
        <Key v="Oe" t="String" n="O" />
      </Data>
      <Data n="20181646664824e">
        <Key v="1950,-2800" t="Vector2" n="!$P" />
        <Key v="_EGate" t="String" n="$T" />
        <Key v="G4" t="String" n="GT" />
      </Data>
      <Data n="20181646654070e">
        <Key v="2250,-2800" t="Vector2" n="!$P" />
        <Key v="20202934699316" t="String" n="$T" />
        <Key v="Nařknout ho ze zrady" t="String" n="%CX" />
      </Data>
      <Data n="20181646195757e">
        <Key v="2100,-200" t="Vector2" n="!$P" />
        <Key v="20202866798502" t="String" n="$T" />
        <Key v="Tak my radši půjdem" t="String" n="%X" />
      </Data>
      <Data n="20181646186879e">
        <Key v="2100,-400" t="Vector2" n="!$P" />
        <Key v="20202866798502" t="String" n="$T" />
        <Key v="Můžem se jen zeptat na..." t="String" n="%X" />
      </Data>
      <Data n="20181646187143e">
        <Key v="2700,-600" t="Vector2" n="!$P" />
        <Key v="20202866798502" t="String" n="$T" />
        <Key v="Shifty, viděli jsme tě, jak se v noci kradeš přes náměstí na loď Zabijákův Dublon. Co k tomu můžeš říct." t="String" n="%X" />
      </Data>
      <Data n="20181646262296e">
        <Key v="2700,-800" t="Vector2" n="!$P" />
        <Key v="20202866798502" t="String" n="$T" />
        <Key v="Jeden nejmenovaný pirát povídal, že jsi Hardonův špeh. Chceš k tomu něco říct?" t="String" n="%X" />
      </Data>
      <Data n="20181647107774e">
        <Key v="2700,-1000" t="Vector2" n="!$P" />
        <Key v="20202934699316" t="String" n="$T" />
        <Key v="Raděj nic neříkat" t="String" n="%CX" />
      </Data>
      <Data n="20181646785334e">
        <Key v="2700,-1200" t="Vector2" n="!$P" />
        <Key v="20202934699316" t="String" n="$T" />
        <Key v="Domluvit" t="String" n="%CX" />
        <Key v="RoP" t="String" n="Spc" />
        <Key v="L3" t="String" n="Lvl" />
      </Data>
      <Data n="20181646785613e">
        <Key v="2700,-1800" t="Vector2" n="!$P" />
        <Key v="20202934699316" t="String" n="$T" />
        <Key v="Vyhrožovat" t="String" n="%CX" />
        <Key v="RoI" t="String" n="Spc" />
        <Key v="L3" t="String" n="Lvl" />
      </Data>
      <Data n="20181647104617e">
        <Key v="2700,-2200" t="Vector2" n="!$P" />
        <Key v="20202934699316" t="String" n="$T" />
        <Key v="Vyhrožovat" t="String" n="%CX" />
        <Key v="RoI" t="String" n="Spc" />
        <Key v="L3" t="String" n="Lvl" />
      </Data>
      <Data n="20181647102340e">
        <Key v="2700,-2400" t="Vector2" n="!$P" />
        <Key v="20202934699316" t="String" n="$T" />
        <Key v="Domluvit" t="String" n="%CX" />
        <Key v="RoP" t="String" n="Spc" />
        <Key v="L3" t="String" n="Lvl" />
      </Data>
      <Data n="20181647117878e">
        <Key v="2700,-2600" t="Vector2" n="!$P" />
        <Key v="20202934699316" t="String" n="$T" />
        <Key v="Raděj nic neříkat" t="String" n="%CX" />
      </Data>
      <Data n="20181646654071e">
        <Key v="2700,-2800" t="Vector2" n="!$P" />
        <Key v="20202866798502" t="String" n="$T" />
        <Key v="Shifty, máme dost důkazů a jsme přesvědčeni o tom, že jsi Hardonův špeh. S tím co na tebe víme, bude přesvědčený i Lishak. Jdem rovnou za ním." t="String" n="%X" />
      </Data>
      <Data n="20181646191729e">
        <Key v="2700,-400" t="Vector2" n="!$P" />
        <Key v="20202866798502" t="String" n="$T" />
        <Key v="%M1" t="String" n="T" />
        <Key v="Řekl jsem NEOTRAVUJ!!!" t="String" n="%X" />
      </Data>
      <Data n="20181646508886e">
        <Key v="3300,-600" t="Vector2" n="!$P" />
        <Key v="_EFunc" t="String" n="$T" />
        <Key v="G1" t="String" n="GT" />
        <Key v="1" t="Int32" n="T2" />
        <Key v="2" t="Decimal" n="Val" />
        <Key v="Kudla_v_zadech_dukazy" t="String" n="Cnt" />
        <Key v="O+" t="String" n="O" />
      </Data>
      <Data n="20181646612410e">
        <Key v="3300,-800" t="Vector2" n="!$P" />
        <Key v="_EFunc" t="String" n="$T" />
        <Key v="G1" t="String" n="GT" />
        <Key v="1" t="Int32" n="T2" />
        <Key v="1" t="Decimal" n="Val" />
        <Key v="Kudla_v_zadech_dukazy" t="String" n="Cnt" />
        <Key v="O+" t="String" n="O" />
      </Data>
      <Data n="20181647107773e">
        <Key v="3150,-1000" t="Vector2" n="!$P" />
        <Key v="20202866798502" t="String" n="$T" />
        <Key v="Ale nic" t="String" n="%X" />
      </Data>
      <Data n="20181646785333e">
        <Key v="3150,-1200" t="Vector2" n="!$P" />
        <Key v="20202866798502" t="String" n="$T" />
        <Key v="Shifty víme o tom, že jsi Hardonův špeh a zrádce. Mám důkaz ve formě výpovědi jednoho piráta. Jdem rovnou za Lishakem a uvidíme, co na to řekne." t="String" n="%X" />
      </Data>
      <Data n="20181646785614e">
        <Key v="3150,-1800" t="Vector2" n="!$P" />
        <Key v="20202866798502" t="String" n="$T" />
        <Key v="Shifty, hned s přiznej, že jsi špeh. Víme to jistě. Máme důkaz." t="String" n="%X" />
      </Data>
      <Data n="20181647104618e">
        <Key v="3150,-2200" t="Vector2" n="!$P" />
        <Key v="20202866798502" t="String" n="$T" />
        <Key v="Shifty, hned s přiznej, že jsi špeh. Víme to jistě. Máme důkaz." t="String" n="%X" />
      </Data>
      <Data n="20181647102341e">
        <Key v="3150,-2400" t="Vector2" n="!$P" />
        <Key v="20202866798502" t="String" n="$T" />
        <Key v="Shifty, tvá noční výprava bude Lishakovi jako záminka jednoznačně stačit. A my mu o ní půjdem říci rovnou. Jelikož heldá někoho, kdo může za zmarem jeho nedávné akce a my víme, žes to byl ty." t="String" n="%X" />
      </Data>
      <Data n="20181647117879e">
        <Key v="3150,-2600" t="Vector2" n="!$P" />
        <Key v="20202866798502" t="String" n="$T" />
        <Key v="Ale nic" t="String" n="%X" />
      </Data>
      <Data n="20181647012698e">
        <Key v="3300,-2800" t="Vector2" n="!$P" />
        <Key v="20202866798502" t="String" n="$T" />
        <Key v="%M1" t="String" n="T" />
        <Key v="Hej, HEJ! Pomalu. Třeba se můžem nějak domluvit. Co říkáš." t="String" n="%X" />
      </Data>
      <Data n="20181646454636e">
        <Key v="3750,-600" t="Vector2" n="!$P" />
        <Key v="20202866798502" t="String" n="$T" />
        <Key v="%M1" t="String" n="T" />
        <Key v="&lt;Shifty se trochu zarazí a pak povídá&gt; Jen jsem jednomu parchantovi dlužil prachy za sázku v hospodě. A co ti je vůbec potom." t="String" n="%X" />
      </Data>
      <Data n="20181646597155e">
        <Key v="3750,-800" t="Vector2" n="!$P" />
        <Key v="20202866798502" t="String" n="$T" />
        <Key v="%M1" t="String" n="T" />
        <Key v="&lt;Zakleje pro sebe&gt; Já toho Do... &lt;Zarazí se&gt; To si může vymyslet kdokoliv. A co je vám vůbec do toho." t="String" n="%X" />
      </Data>
      <Data n="20181647209154e">
        <Key v="3750,-1200" t="Vector2" n="!$P" />
        <Key v="20206495856812" t="String" n="$T" />
        <Key v="Výsledky přemlouvání" t="String" n="!%Txt" />
      </Data>
      <Data n="20181647214125e">
        <Key v="3750,-1800" t="Vector2" n="!$P" />
        <Key v="20206495856812" t="String" n="$T" />
        <Key v="Výsledky vyhrožování" t="String" n="!%Txt" />
      </Data>
      <Data n="20181647018374e">
        <Key v="3900,-2800" t="Vector2" n="!$P" />
        <Key v="20202866798502" t="String" n="$T" />
        <Key v="%M1" t="String" n="T" />
        <Key v="Je jasný, že Lishak hledá nějakou oběť, tak mu jí dáme. Jeden bezvýznamnej pirát, jménem Rough Dog by se na tu roli hodil. Určitě se ti to vyplatí." t="String" n="%X" />
      </Data>
      <Data n="20181646472038e">
        <Key v="4350,-600" t="Vector2" n="!$P" />
        <Key v="20202866798502" t="String" n="$T" />
        <Key v="To není tvoje starost." t="String" n="%X" />
      </Data>
      <Data n="20181647159696e">
        <Key v="4350,-1200" t="Vector2" n="!$P" />
        <Key v="_EGate" t="String" n="$T" />
        <Key v="G1" t="String" n="GT" />
        <Key v="1" t="Int32" n="T2" />
        <Key v="2" t="Decimal" n="Val" />
        <Key v="XResult" t="String" n="Cnt" />
        <Key v="Oeg" t="String" n="O" />
      </Data>
      <Data n="20181647161502e">
        <Key v="4350,-1600" t="Vector2" n="!$P" />
        <Key v="_EGate" t="String" n="$T" />
        <Key v="G1" t="String" n="GT" />
        <Key v="1" t="Int32" n="T2" />
        <Key v="0" t="Decimal" n="Val" />
        <Key v="XResult" t="String" n="Cnt" />
        <Key v="Oeg" t="String" n="O" />
      </Data>
      <Data n="20181647165447e">
        <Key v="4350,-1800" t="Vector2" n="!$P" />
        <Key v="_EGate" t="String" n="$T" />
        <Key v="G1" t="String" n="GT" />
        <Key v="1" t="Int32" n="T2" />
        <Key v="2" t="Decimal" n="Val" />
        <Key v="XResult" t="String" n="Cnt" />
        <Key v="Oeg" t="String" n="O" />
      </Data>
      <Data n="20181647165743e">
        <Key v="4350,-2000" t="Vector2" n="!$P" />
        <Key v="_EGate" t="String" n="$T" />
        <Key v="G1" t="String" n="GT" />
        <Key v="1" t="Int32" n="T2" />
        <Key v="0" t="Decimal" n="Val" />
        <Key v="XResult" t="String" n="Cnt" />
        <Key v="Oeg" t="String" n="O" />
      </Data>
      <Data n="20181647029796e">
        <Key v="4500,-2800" t="Vector2" n="!$P" />
        <Key v="20202866798502" t="String" n="$T" />
        <Key v="%M1" t="String" n="T" />
        <Key v="Když místo mě udáš Doga, dostaneš peníze od Lishaka a pěknou sumu ti dám i já, tak co říkáš. Taková nabídka se přece neodmítá, ne?" t="String" n="%X" />
      </Data>
      <Data n="20181647158028e">
        <Key v="4800,-1200" t="Vector2" n="!$P" />
        <Key v="20202866798502" t="String" n="$T" />
        <Key v="%M1" t="String" n="T" />
        <Key v="&lt;chvíli zamlkle čumí&gt;" t="String" n="%X" />
      </Data>
      <Data n="20181647158228e">
        <Key v="4800,-1600" t="Vector2" n="!$P" />
        <Key v="20202866798502" t="String" n="$T" />
        <Key v="%M1" t="String" n="T" />
        <Key v="Heh? Klidně si za ním jdi. Nemáš nic a hlavně já nic neudělal a nevinnej člověk se nemusí ničeho bát." t="String" n="%X" />
      </Data>
      <Data n="20181647158503e">
        <Key v="4800,-1800" t="Vector2" n="!$P" />
        <Key v="20202866798502" t="String" n="$T" />
        <Key v="%M1" t="String" n="T" />
        <Key v="&lt;vyvalí oči a vapadá, jakoby se krve v něm nedořezal&gt;" t="String" n="%X" />
      </Data>
      <Data n="20181647158829e">
        <Key v="4800,-2000" t="Vector2" n="!$P" />
        <Key v="20202866798502" t="String" n="$T" />
        <Key v="%M1" t="String" n="T" />
        <Key v="Pche, hodně chabej pokus. Mě jen tak nevystrašíš. Klidně si za ním jdi. Já budu v pohodě a víš proč? Protože máš špatného člověka." t="String" n="%X" />
      </Data>
      <Data n="20181647047107e">
        <Key v="5100,-2800" t="Vector2" n="!$P" />
        <Key v="20202934699316" t="String" n="$T" />
        <Key v="Přijmout" t="String" n="%CX" />
      </Data>
      <Data n="20181647047269e">
        <Key v="5100,-3000" t="Vector2" n="!$P" />
        <Key v="20202934699316" t="String" n="$T" />
        <Key v="Odmítnout" t="String" n="%CX" />
      </Data>
      <Data n="20181647047106e">
        <Key v="5550,-2800" t="Vector2" n="!$P" />
        <Key v="20202866798502" t="String" n="$T" />
        <Key v="Dobrá, takovu nabídku by odmítl jen hlupák. Pravda. Ok jdem za Lishakem" t="String" n="%X" />
      </Data>
      <Data n="20181647047270e">
        <Key v="5550,-3000" t="Vector2" n="!$P" />
        <Key v="20202866798502" t="String" n="$T" />
        <Key v="S tím nemůžem souhlasit. Jdem rovnou za Lishakem." t="String" n="%X" />
      </Data>
      <Data n="20181647097198e">
        <Key v="6150,-2800" t="Vector2" n="!$P" />
        <Key v="_EFunc" t="String" n="$T" />
        <Key v="G1" t="String" n="GT" />
        <Key v="1" t="Int32" n="T2" />
        <Key v="5" t="Decimal" n="Val" />
        <Key v="Kudla_v_zadech" t="String" n="Cnt" />
        <Key v="Os" t="String" n="O" />
      </Data>
      <Data n="20181647093499e">
        <Key v="6150,-3000" t="Vector2" n="!$P" />
        <Key v="_EFunc" t="String" n="$T" />
        <Key v="G1" t="String" n="GT" />
        <Key v="1" t="Int32" n="T2" />
        <Key v="4" t="Decimal" n="Val" />
        <Key v="Kudla_v_zadech" t="String" n="Cnt" />
        <Key v="Os" t="String" n="O" />
      </Data>
      <Data n="20181647054858e">
        <Key v="6600,-2800" t="Vector2" n="!$P" />
        <Key v="20202866798502" t="String" n="$T" />
        <Key v="%M1" t="String" n="T" />
        <Key v="Hej, počkej ještě chvilku. Tady vem si tenhle papír. Je to jistá šifra, ale jako důkaz to bohatě poslouží. Prostě řekneš, žes to u Doga našel a je to na jistotu." t="String" n="%X" />
      </Data>
      <Data n="20181647069671e">
        <Key v="6600,-3000" t="Vector2" n="!$P" />
        <Key v="20202866798502" t="String" n="$T" />
        <Key v="%M1" t="String" n="T" />
        <Key v="Ty si blázen, ty jsi ku*va blázen. Nemůžu tě nechat odejít. Chcípneš." t="String" n="%X" />
      </Data>
      <Data n="20181647258516e">
        <Key v="7200,-2800" t="Vector2" n="!$P" />
        <Key v="20202866798502" t="String" n="$T" />
        <Key v="%M1" t="String" n="T" />
        <Key v="Až to budeš mít hotový s Lishakem, budu na tebe čekat na skryté pasece v bažinách za farmou. Jistě víš, kde to je." t="String" n="%X" />
      </Data>
    </Data>
    <Data n="$Conns">
      <Data n="20181647238562c">
        <Key v="20181647238562e" t="String" n="$E" />
      </Data>
      <Data n="20181646179969c">
        <Key v="20181646179969e" t="String" n="$E" />
      </Data>
      <Data n="20181647231085c">
        <Key v="20181647231085e" t="String" n="$E" />
        <Key v="20181647238562e" t="String" n="$S" />
      </Data>
      <Data n="20181646183289c">
        <Key v="20181646183289e" t="String" n="$E" />
        <Key v="20181646179969e" t="String" n="$S" />
      </Data>
      <Data n="20181646195758c">
        <Key v="20181646195758e" t="String" n="$E" />
        <Key v="20181646183289e" t="String" n="$S" />
      </Data>
      <Data n="20181646186880c">
        <Key v="20181646186880e" t="String" n="$E" />
        <Key v="20181646183289e" t="String" n="$S" />
      </Data>
      <Data n="20181646362909c">
        <Key v="20181646362909e" t="String" n="$E" />
        <Key v="20181646183289e" t="String" n="$S" />
      </Data>
      <Data n="20181646505070c">
        <Key v="20181646505070e" t="String" n="$E" />
        <Key v="20181646362909e" t="String" n="$S" />
      </Data>
      <Data n="20181646187142c">
        <Key v="20181646187142e" t="String" n="$E" />
        <Key v="20181646505070e" t="String" n="$S" />
      </Data>
      <Data n="20181646367881c">
        <Key v="20181646367881e" t="String" n="$E" />
        <Key v="20181646183289e" t="String" n="$S" />
      </Data>
      <Data n="20181646633307c">
        <Key v="20181646633307e" t="String" n="$E" />
        <Key v="20181646367881e" t="String" n="$S" />
      </Data>
      <Data n="20181646262297c">
        <Key v="20181646262297e" t="String" n="$E" />
        <Key v="20181646633307e" t="String" n="$S" />
      </Data>
      <Data n="20181646657489c">
        <Key v="20181646657489e" t="String" n="$E" />
        <Key v="20181646183289e" t="String" n="$S" />
      </Data>
      <Data n="20181646664324c">
        <Key v="20181646664324e" t="String" n="$E" />
        <Key v="20181646657489e" t="String" n="$S" />
      </Data>
      <Data n="20181646528899c">
        <Key v="20181646528899e" t="String" n="$E" />
        <Key v="20181646664324e" t="String" n="$S" />
      </Data>
      <Data n="20181646659950c">
        <Key v="20181646659950e" t="String" n="$E" />
        <Key v="20181646183289e" t="String" n="$S" />
      </Data>
      <Data n="20181646664570c">
        <Key v="20181646664570e" t="String" n="$E" />
        <Key v="20181646659950e" t="String" n="$S" />
      </Data>
      <Data n="20181646653736c">
        <Key v="20181646653736e" t="String" n="$E" />
        <Key v="20181646664570e" t="String" n="$S" />
      </Data>
      <Data n="20181646660220c">
        <Key v="20181646660220e" t="String" n="$E" />
        <Key v="20181646183289e" t="String" n="$S" />
      </Data>
      <Data n="20181646664824c">
        <Key v="20181646664824e" t="String" n="$E" />
        <Key v="20181646660220e" t="String" n="$S" />
      </Data>
      <Data n="20181646654070c">
        <Key v="20181646654070e" t="String" n="$E" />
        <Key v="20181646664824e" t="String" n="$S" />
      </Data>
      <Data n="20181646195757c">
        <Key v="20181646195757e" t="String" n="$E" />
        <Key v="20181646195758e" t="String" n="$S" />
      </Data>
      <Data n="20181646186879c">
        <Key v="20181646186879e" t="String" n="$E" />
        <Key v="20181646186880e" t="String" n="$S" />
      </Data>
      <Data n="20181646187143c">
        <Key v="20181646187143e" t="String" n="$E" />
        <Key v="20181646187142e" t="String" n="$S" />
      </Data>
      <Data n="20181646262296c">
        <Key v="20181646262296e" t="String" n="$E" />
        <Key v="20181646262297e" t="String" n="$S" />
      </Data>
      <Data n="20181647107774c">
        <Key v="20181647107774e" t="String" n="$E" />
        <Key v="20181646528899e" t="String" n="$S" />
      </Data>
      <Data n="20181646785334c">
        <Key v="20181646785334e" t="String" n="$E" />
        <Key v="20181646528899e" t="String" n="$S" />
      </Data>
      <Data n="20181646785613c">
        <Key v="20181646785613e" t="String" n="$E" />
        <Key v="20181646528899e" t="String" n="$S" />
      </Data>
      <Data n="20181647104617c">
        <Key v="20181647104617e" t="String" n="$E" />
        <Key v="20181646653736e" t="String" n="$S" />
      </Data>
      <Data n="20181647102340c">
        <Key v="20181647102340e" t="String" n="$E" />
        <Key v="20181646653736e" t="String" n="$S" />
      </Data>
      <Data n="20181647117878c">
        <Key v="20181647117878e" t="String" n="$E" />
        <Key v="20181646653736e" t="String" n="$S" />
      </Data>
      <Data n="20181646654071c">
        <Key v="20181646654071e" t="String" n="$E" />
        <Key v="20181646654070e" t="String" n="$S" />
      </Data>
      <Data n="20181646191729c">
        <Key v="20181646191729e" t="String" n="$E" />
        <Key v="20181646186879e" t="String" n="$S" />
      </Data>
      <Data n="20181646508886c">
        <Key v="20181646508886e" t="String" n="$E" />
        <Key v="20181646187143e" t="String" n="$S" />
      </Data>
      <Data n="20181646612410c">
        <Key v="20181646612410e" t="String" n="$E" />
        <Key v="20181646262296e" t="String" n="$S" />
      </Data>
      <Data n="20181647107773c">
        <Key v="20181647107773e" t="String" n="$E" />
        <Key v="20181647107774e" t="String" n="$S" />
      </Data>
      <Data n="20181646785333c">
        <Key v="20181646785333e" t="String" n="$E" />
        <Key v="20181646785334e" t="String" n="$S" />
      </Data>
      <Data n="20181646785614c">
        <Key v="20181646785614e" t="String" n="$E" />
        <Key v="20181646785613e" t="String" n="$S" />
      </Data>
      <Data n="20181647104618c">
        <Key v="20181647104618e" t="String" n="$E" />
        <Key v="20181647104617e" t="String" n="$S" />
      </Data>
      <Data n="20181647102341c">
        <Key v="20181647102341e" t="String" n="$E" />
        <Key v="20181647102340e" t="String" n="$S" />
      </Data>
      <Data n="20181647117879c">
        <Key v="20181647117879e" t="String" n="$E" />
        <Key v="20181647117878e" t="String" n="$S" />
      </Data>
      <Data n="20181647012698c">
        <Key v="20181647012698e" t="String" n="$E" />
        <Key v="20181646654071e" t="String" n="$S" />
      </Data>
      <Data n="20181646454636c">
        <Key v="20181646454636e" t="String" n="$E" />
        <Key v="20181646508886e" t="String" n="$S" />
      </Data>
      <Data n="20181646597155c">
        <Key v="20181646597155e" t="String" n="$E" />
        <Key v="20181646612410e" t="String" n="$S" />
      </Data>
      <Data n="20206616256064c">
        <Key v="20181646183289e" t="String" n="$E" />
        <Key v="20181647107773e" t="String" n="$S" />
      </Data>
      <Data n="20181647209154c">
        <Key v="20181647209154e" t="String" n="$E" />
        <Key v="20181646785333e" t="String" n="$S" />
      </Data>
      <Data n="20181647214125c">
        <Key v="20181647214125e" t="String" n="$E" />
        <Key v="20181646785614e" t="String" n="$S" />
      </Data>
      <Data n="20206616256067c">
        <Key v="20181647214125e" t="String" n="$E" />
        <Key v="20181647104618e" t="String" n="$S" />
      </Data>
      <Data n="20206616256068c">
        <Key v="20181647209154e" t="String" n="$E" />
        <Key v="20181647102341e" t="String" n="$S" />
      </Data>
      <Data n="20206616256069c">
        <Key v="20181646183289e" t="String" n="$E" />
        <Key v="20181647117879e" t="String" n="$S" />
      </Data>
      <Data n="20181647018374c">
        <Key v="20181647018374e" t="String" n="$E" />
        <Key v="20181647012698e" t="String" n="$S" />
      </Data>
      <Data n="20181646472038c">
        <Key v="20181646472038e" t="String" n="$E" />
        <Key v="20181646454636e" t="String" n="$S" />
      </Data>
      <Data n="20206616256072c">
        <Key v="20181646472038e" t="String" n="$E" />
        <Key v="20181646597155e" t="String" n="$S" />
      </Data>
      <Data n="20181647159696c">
        <Key v="20181647159696e" t="String" n="$E" />
        <Key v="20181647209154e" t="String" n="$S" />
      </Data>
      <Data n="20181647161502c">
        <Key v="20181647161502e" t="String" n="$E" />
        <Key v="20181647209154e" t="String" n="$S" />
      </Data>
      <Data n="20181647165447c">
        <Key v="20181647165447e" t="String" n="$E" />
        <Key v="20181647214125e" t="String" n="$S" />
      </Data>
      <Data n="20181647165743c">
        <Key v="20181647165743e" t="String" n="$E" />
        <Key v="20181647214125e" t="String" n="$S" />
      </Data>
      <Data n="20181647029796c">
        <Key v="20181647029796e" t="String" n="$E" />
        <Key v="20181647018374e" t="String" n="$S" />
      </Data>
      <Data n="20206616256079c">
        <Key v="20181646183289e" t="String" n="$E" />
        <Key v="20181646472038e" t="String" n="$S" />
      </Data>
      <Data n="20181647158028c">
        <Key v="20181647158028e" t="String" n="$E" />
        <Key v="20181647159696e" t="String" n="$S" />
      </Data>
      <Data n="20181647158228c">
        <Key v="20181647158228e" t="String" n="$E" />
        <Key v="20181647161502e" t="String" n="$S" />
      </Data>
      <Data n="20181647158503c">
        <Key v="20181647158503e" t="String" n="$E" />
        <Key v="20181647165447e" t="String" n="$S" />
      </Data>
      <Data n="20181647158829c">
        <Key v="20181647158829e" t="String" n="$E" />
        <Key v="20181647165743e" t="String" n="$S" />
      </Data>
      <Data n="20181647047107c">
        <Key v="20181647047107e" t="String" n="$E" />
        <Key v="20181647029796e" t="String" n="$S" />
      </Data>
      <Data n="20181647047269c">
        <Key v="20181647047269e" t="String" n="$E" />
        <Key v="20181647029796e" t="String" n="$S" />
      </Data>
      <Data n="20206616256086c">
        <Key v="20181647012698e" t="String" n="$E" />
        <Key v="20181647158028e" t="String" n="$S" />
      </Data>
      <Data n="20206616256087c">
        <Key v="20181646183289e" t="String" n="$E" />
        <Key v="20181647158228e" t="String" n="$S" />
      </Data>
      <Data n="20206616256088c">
        <Key v="20181647012698e" t="String" n="$E" />
        <Key v="20181647158503e" t="String" n="$S" />
      </Data>
      <Data n="20206616256089c">
        <Key v="20181646183289e" t="String" n="$E" />
        <Key v="20181647158829e" t="String" n="$S" />
      </Data>
      <Data n="20181647047106c">
        <Key v="20181647047106e" t="String" n="$E" />
        <Key v="20181647047107e" t="String" n="$S" />
      </Data>
      <Data n="20181647047270c">
        <Key v="20181647047270e" t="String" n="$E" />
        <Key v="20181647047269e" t="String" n="$S" />
      </Data>
      <Data n="20181647097198c">
        <Key v="20181647097198e" t="String" n="$E" />
        <Key v="20181647047106e" t="String" n="$S" />
      </Data>
      <Data n="20181647093499c">
        <Key v="20181647093499e" t="String" n="$E" />
        <Key v="20181647047270e" t="String" n="$S" />
      </Data>
      <Data n="20181647054858c">
        <Key v="20181647054858e" t="String" n="$E" />
        <Key v="20181647097198e" t="String" n="$S" />
      </Data>
      <Data n="20181647069671c">
        <Key v="20181647069671e" t="String" n="$E" />
        <Key v="20181647093499e" t="String" n="$S" />
      </Data>
      <Data n="20181647258516c">
        <Key v="20181647258516e" t="String" n="$E" />
        <Key v="20181647054858e" t="String" n="$S" />
      </Data>
    </Data>
  </Data>
</DataRoot>