﻿<?xml version="1.0" encoding="utf-8"?>
<DataRoot n="D">
  <Data n="20177241787709">
    <Data n="$Elems">
      <Data n="20178080404948e">
        <Key v="450,0" t="Vector2" n="!$P" />
        <Key v="20202866798502" t="String" n="$T" />
        <Key v="%M1" t="String" n="T" />
        <Key v="Stát, tohle je soukromé skladiště a tady nemáš co pohledávat." t="String" n="%X" />
      </Data>
      <Data n="20178080415040e">
        <Key v="1050,0" t="Vector2" n="!$P" />
        <Key v="20206495856812" t="String" n="$T" />
        <Key v="Možnosti" t="String" n="!%Txt" />
      </Data>
      <Data n="20178080447125e">
        <Key v="1650,0" t="Vector2" n="!$P" />
        <Key v="20206352251934" t="String" n="$T" />
        <Key v="CkI" t="String" n="GT" />
        <Key v="SkH" t="String" n="T" />
        <Key v="1" t="String" n="M" />
        <Key v="200" t="String" n="C" />
      </Data>
      <Data n="20178080458906e">
        <Key v="2100,0" t="Vector2" n="!$P" />
        <Key v="_EGate" t="String" n="$T" />
        <Key v="G4" t="String" n="GT" />
      </Data>
      <Data n="20178080543131e">
        <Key v="2400,0" t="Vector2" n="!$P" />
        <Key v="_EGate" t="String" n="$T" />
        <Key v="G0" t="String" n="GT" />
        <Key v="Spravedlivy_muz_skladiste_A" t="String" n="Var" />
      </Data>
      <Data n="20178080840802e">
        <Key v="2700,0" t="Vector2" n="!$P" />
        <Key v="_EGate" t="String" n="$T" />
        <Key v="G0" t="String" n="GT" />
        <Key v="Howler_nastvanej" t="String" n="Var" />
      </Data>
      <Data n="20178080420503e">
        <Key v="3000,0" t="Vector2" n="!$P" />
        <Key v="20202934699316" t="String" n="$T" />
        <Key v="Podplatit" t="String" n="%CX" />
        <Key v="RoT" t="String" n="Spc" />
        <Key v="L2" t="String" n="Lvl" />
      </Data>
      <Data n="20178080450382e">
        <Key v="3450,0" t="Vector2" n="!$P" />
        <Key v="20206371455404" t="String" n="$T" />
        <Key v="CkI" t="String" n="GT" />
        <Key v="SaT" t="String" n="T" />
        <Key v="1" t="String" n="M" />
        <Key v="200" t="String" n="C" />
      </Data>
      <Data n="20178080841369e">
        <Key v="1650,-800" t="Vector2" n="!$P" />
        <Key v="_EGate" t="String" n="$T" />
        <Key v="G0" t="String" n="GT" />
        <Key v="Howler_nastvanej" t="String" n="Var" />
      </Data>
      <Data n="20178080416529e">
        <Key v="1950,-800" t="Vector2" n="!$P" />
        <Key v="20202934699316" t="String" n="$T" />
        <Key v="Zeptat se na skaldiště" t="String" n="%CX" />
      </Data>
      <Data n="20178080460241e">
        <Key v="1650,-1000" t="Vector2" n="!$P" />
        <Key v="_EGate" t="String" n="$T" />
        <Key v="G4" t="String" n="GT" />
      </Data>
      <Data n="20178080544866e">
        <Key v="1950,-1000" t="Vector2" n="!$P" />
        <Key v="_EGate" t="String" n="$T" />
        <Key v="G0" t="String" n="GT" />
        <Key v="Spravedlivy_muz_skladiste_A" t="String" n="Var" />
      </Data>
      <Data n="20178080839755e">
        <Key v="2250,-1000" t="Vector2" n="!$P" />
        <Key v="_EGate" t="String" n="$T" />
        <Key v="G0" t="String" n="GT" />
        <Key v="Howler_nastvanej" t="String" n="Var" />
      </Data>
      <Data n="20178080422251e">
        <Key v="2550,-1000" t="Vector2" n="!$P" />
        <Key v="20202934699316" t="String" n="$T" />
        <Key v="Vyhrožovat" t="String" n="%CX" />
        <Key v="RoI" t="String" n="Spc" />
        <Key v="L3" t="String" n="Lvl" />
      </Data>
      <Data n="20178080460741e">
        <Key v="1650,-1800" t="Vector2" n="!$P" />
        <Key v="_EGate" t="String" n="$T" />
        <Key v="G4" t="String" n="GT" />
      </Data>
      <Data n="20178080545742e">
        <Key v="1950,-1800" t="Vector2" n="!$P" />
        <Key v="_EGate" t="String" n="$T" />
        <Key v="G0" t="String" n="GT" />
        <Key v="Spravedlivy_muz_skladiste_A" t="String" n="Var" />
      </Data>
      <Data n="20178080833079e">
        <Key v="2250,-1800" t="Vector2" n="!$P" />
        <Key v="_EGate" t="String" n="$T" />
        <Key v="G0" t="String" n="GT" />
        <Key v="Howler_nastvanej" t="String" n="Var" />
      </Data>
      <Data n="20178080423310e">
        <Key v="2550,-1800" t="Vector2" n="!$P" />
        <Key v="20202934699316" t="String" n="$T" />
        <Key v="Přemluvit" t="String" n="%CX" />
        <Key v="RoP" t="String" n="Spc" />
        <Key v="L3" t="String" n="Lvl" />
      </Data>
      <Data n="20178080426675e">
        <Key v="1650,-2600" t="Vector2" n="!$P" />
        <Key v="20202934699316" t="String" n="$T" />
        <Key v="Zeptat se zda můžu vstoupit" t="String" n="%CX" />
      </Data>
      <Data n="20178080731381e">
        <Key v="1650,-3200" t="Vector2" n="!$P" />
        <Key v="20202934699316" t="String" n="$T" />
        <Key v="Bezeslova zaútočit" t="String" n="%CX" />
        <Key v="MrA" t="String" n="Spc" />
      </Data>
      <Data n="20178606448032e">
        <Key v="2100,-3200" t="Vector2" n="!$P" />
        <Key v="_EFunc" t="String" n="$T" />
        <Key v="G1" t="String" n="GT" />
        <Key v="1" t="Int32" n="T2" />
        <Key v="-5" t="Decimal" n="Val" />
        <Key v="Spravedlivy_muz" t="String" n="Cnt" />
        <Key v="O+" t="String" n="O" />
      </Data>
      <Data n="20178080734722e">
        <Key v="1650,-3400" t="Vector2" n="!$P" />
        <Key v="20202934699316" t="String" n="$T" />
        <Key v="Odejít" t="String" n="%CX" />
        <Key v="MrE" t="String" n="Spc" />
      </Data>
      <Data n="20186378690980e">
        <Key v="2100,-3400" t="Vector2" n="!$P" />
        <Key v="20206371455404" t="String" n="$T" />
        <Key v="CkE" t="String" n="GT" />
        <Key v="SaS" t="String" n="T" />
        <Key v="E20186378367362" t="String" n="Ev" />
      </Data>
      <Data n="20178080420504e">
        <Key v="3900,0" t="Vector2" n="!$P" />
        <Key v="20202866798502" t="String" n="$T" />
        <Key v="A co bys řekl na těchle 200 měďáků?" t="String" n="%X" />
      </Data>
      <Data n="20178080416530e">
        <Key v="2400,-800" t="Vector2" n="!$P" />
        <Key v="20202866798502" t="String" n="$T" />
        <Key v="Komu patří tyhle zásoby?" t="String" n="%X" />
      </Data>
      <Data n="20178080422250e">
        <Key v="3000,-1000" t="Vector2" n="!$P" />
        <Key v="20202866798502" t="String" n="$T" />
        <Key v="Raděj uhni, nebo to s tebou špatně dopadne." t="String" n="%X" />
      </Data>
      <Data n="20178080423309e">
        <Key v="3000,-1800" t="Vector2" n="!$P" />
        <Key v="20202866798502" t="String" n="$T" />
        <Key v="Však o tom víme a máme něco vyzvednout právě pro něj." t="String" n="%X" />
      </Data>
      <Data n="20178080426676e">
        <Key v="2100,-2600" t="Vector2" n="!$P" />
        <Key v="20202866798502" t="String" n="$T" />
        <Key v="Můžem se tady v tom skladišti porozhlédnout?" t="String" n="%X" />
      </Data>
      <Data n="20178080734721e">
        <Key v="2550,-3400" t="Vector2" n="!$P" />
        <Key v="20202866798502" t="String" n="$T" />
        <Key v="Odcházíme..." t="String" n="%X" />
      </Data>
      <Data n="20178081008442e">
        <Key v="4500,0" t="Vector2" n="!$P" />
        <Key v="_EGate" t="String" n="$T" />
        <Key v="G1" t="String" n="GT" />
        <Key v="1" t="Int32" n="T2" />
        <Key v="1" t="Decimal" n="Val" />
        <Key v="XResult" t="String" n="Cnt" />
        <Key v="Oeg" t="String" n="O" />
      </Data>
      <Data n="20178081000711e">
        <Key v="4500,-200" t="Vector2" n="!$P" />
        <Key v="_EGate" t="String" n="$T" />
        <Key v="G1" t="String" n="GT" />
        <Key v="1" t="Int32" n="T2" />
        <Key v="3" t="Decimal" n="Val" />
        <Key v="XResult" t="String" n="Cnt" />
        <Key v="Oeg" t="String" n="O" />
      </Data>
      <Data n="20178080491504e">
        <Key v="4800,-200" t="Vector2" n="!$P" />
        <Key v="_EFunc" t="String" n="$T" />
        <Key v="G1" t="String" n="GT" />
        <Key v="1" t="Int32" n="T2" />
        <Key v="1" t="Decimal" n="Val" />
        <Key v="Spravedlivy_muz" t="String" n="Cnt" />
        <Key v="O+" t="String" n="O" />
      </Data>
      <Data n="20178080531388e">
        <Key v="5100,-200" t="Vector2" n="!$P" />
        <Key v="_EFunc" t="String" n="$T" />
        <Key v="G0" t="String" n="GT" />
        <Key v="Spravedlivy_muz_skladiste_A" t="String" n="Var" />
      </Data>
      <Data n="20186379221449e">
        <Key v="5400,-200" t="Vector2" n="!$P" />
        <Key v="20206371455404" t="String" n="$T" />
        <Key v="CkE" t="String" n="GT" />
        <Key v="SaS" t="String" n="T" />
        <Key v="E20186379188613" t="String" n="Ev" />
      </Data>
      <Data n="20178081005677e">
        <Key v="4500,-400" t="Vector2" n="!$P" />
        <Key v="_EGate" t="String" n="$T" />
        <Key v="G1" t="String" n="GT" />
        <Key v="1" t="Int32" n="T2" />
        <Key v="2" t="Decimal" n="Val" />
        <Key v="XResult" t="String" n="Cnt" />
        <Key v="Oeg" t="String" n="O" />
      </Data>
      <Data n="20178080537226e">
        <Key v="4800,-400" t="Vector2" n="!$P" />
        <Key v="_EFunc" t="String" n="$T" />
        <Key v="G0" t="String" n="GT" />
        <Key v="Spravedlivy_muz_skladiste_A" t="String" n="Var" />
      </Data>
      <Data n="20186379221078e">
        <Key v="5100,-400" t="Vector2" n="!$P" />
        <Key v="20206371455404" t="String" n="$T" />
        <Key v="CkE" t="String" n="GT" />
        <Key v="SaS" t="String" n="T" />
        <Key v="E20186379188613" t="String" n="Ev" />
      </Data>
      <Data n="20178081009447e">
        <Key v="4500,-600" t="Vector2" n="!$P" />
        <Key v="_EGate" t="String" n="$T" />
        <Key v="G1" t="String" n="GT" />
        <Key v="1" t="Int32" n="T2" />
        <Key v="0" t="Decimal" n="Val" />
        <Key v="XResult" t="String" n="Cnt" />
        <Key v="Oeg" t="String" n="O" />
      </Data>
      <Data n="20178080549240e">
        <Key v="3000,-800" t="Vector2" n="!$P" />
        <Key v="20202866798502" t="String" n="$T" />
        <Key v="%M1" t="String" n="T" />
        <Key v="Zásoby spravedlivého muže. Nic pro vás..." t="String" n="%X" />
      </Data>
      <Data n="20178081011411e">
        <Key v="3600,-1000" t="Vector2" n="!$P" />
        <Key v="_EGate" t="String" n="$T" />
        <Key v="G1" t="String" n="GT" />
        <Key v="1" t="Int32" n="T2" />
        <Key v="1" t="Decimal" n="Val" />
        <Key v="XResult" t="String" n="Cnt" />
        <Key v="Oeg" t="String" n="O" />
      </Data>
      <Data n="20178081004693e">
        <Key v="3600,-1200" t="Vector2" n="!$P" />
        <Key v="_EGate" t="String" n="$T" />
        <Key v="G1" t="String" n="GT" />
        <Key v="1" t="Int32" n="T2" />
        <Key v="3" t="Decimal" n="Val" />
        <Key v="XResult" t="String" n="Cnt" />
        <Key v="Oeg" t="String" n="O" />
      </Data>
      <Data n="20178080537789e">
        <Key v="3900,-1200" t="Vector2" n="!$P" />
        <Key v="_EFunc" t="String" n="$T" />
        <Key v="G0" t="String" n="GT" />
        <Key v="Spravedlivy_muz_skladiste_A" t="String" n="Var" />
      </Data>
      <Data n="20178080772415e">
        <Key v="4200,-1200" t="Vector2" n="!$P" />
        <Key v="_EFunc" t="String" n="$T" />
        <Key v="G1" t="String" n="GT" />
        <Key v="1" t="Int32" n="T2" />
        <Key v="1" t="Decimal" n="Val" />
        <Key v="Spravedlivy_muz" t="String" n="Cnt" />
        <Key v="O+" t="String" n="O" />
      </Data>
      <Data n="20186379220398e">
        <Key v="4500,-1200" t="Vector2" n="!$P" />
        <Key v="20206371455404" t="String" n="$T" />
        <Key v="CkE" t="String" n="GT" />
        <Key v="SaS" t="String" n="T" />
        <Key v="E20186379188613" t="String" n="Ev" />
      </Data>
      <Data n="20178081006699e">
        <Key v="3600,-1400" t="Vector2" n="!$P" />
        <Key v="_EGate" t="String" n="$T" />
        <Key v="G1" t="String" n="GT" />
        <Key v="1" t="Int32" n="T2" />
        <Key v="2" t="Decimal" n="Val" />
        <Key v="XResult" t="String" n="Cnt" />
        <Key v="Oeg" t="String" n="O" />
      </Data>
      <Data n="20178080538102e">
        <Key v="3900,-1400" t="Vector2" n="!$P" />
        <Key v="_EFunc" t="String" n="$T" />
        <Key v="G0" t="String" n="GT" />
        <Key v="Spravedlivy_muz_skladiste_A" t="String" n="Var" />
      </Data>
      <Data n="20186379220123e">
        <Key v="4200,-1400" t="Vector2" n="!$P" />
        <Key v="20206371455404" t="String" n="$T" />
        <Key v="CkE" t="String" n="GT" />
        <Key v="SaS" t="String" n="T" />
        <Key v="E20186379188613" t="String" n="Ev" />
      </Data>
      <Data n="20178081010511e">
        <Key v="3600,-1600" t="Vector2" n="!$P" />
        <Key v="_EGate" t="String" n="$T" />
        <Key v="G1" t="String" n="GT" />
        <Key v="1" t="Int32" n="T2" />
        <Key v="0" t="Decimal" n="Val" />
        <Key v="XResult" t="String" n="Cnt" />
        <Key v="Oeg" t="String" n="O" />
      </Data>
      <Data n="20178080787620e">
        <Key v="3900,-1600" t="Vector2" n="!$P" />
        <Key v="_EFunc" t="String" n="$T" />
        <Key v="G1" t="String" n="GT" />
        <Key v="1" t="Int32" n="T2" />
        <Key v="-5" t="Decimal" n="Val" />
        <Key v="Spravedlivy_muz" t="String" n="Cnt" />
        <Key v="O+" t="String" n="O" />
      </Data>
      <Data n="20178081007191e">
        <Key v="3600,-1800" t="Vector2" n="!$P" />
        <Key v="_EGate" t="String" n="$T" />
        <Key v="G1" t="String" n="GT" />
        <Key v="1" t="Int32" n="T2" />
        <Key v="2" t="Decimal" n="Val" />
        <Key v="XResult" t="String" n="Cnt" />
        <Key v="Oeg" t="String" n="O" />
      </Data>
      <Data n="20178080539119e">
        <Key v="3900,-1800" t="Vector2" n="!$P" />
        <Key v="_EFunc" t="String" n="$T" />
        <Key v="G0" t="String" n="GT" />
        <Key v="Spravedlivy_muz_skladiste_A" t="String" n="Var" />
      </Data>
      <Data n="20186379217992e">
        <Key v="4200,-1800" t="Vector2" n="!$P" />
        <Key v="20206371455404" t="String" n="$T" />
        <Key v="CkE" t="String" n="GT" />
        <Key v="SaS" t="String" n="T" />
        <Key v="E20186379188613" t="String" n="Ev" />
      </Data>
      <Data n="20178081005106e">
        <Key v="3600,-2000" t="Vector2" n="!$P" />
        <Key v="_EGate" t="String" n="$T" />
        <Key v="G1" t="String" n="GT" />
        <Key v="1" t="Int32" n="T2" />
        <Key v="3" t="Decimal" n="Val" />
        <Key v="XResult" t="String" n="Cnt" />
        <Key v="Oeg" t="String" n="O" />
      </Data>
      <Data n="20178080538832e">
        <Key v="3900,-2000" t="Vector2" n="!$P" />
        <Key v="_EFunc" t="String" n="$T" />
        <Key v="G0" t="String" n="GT" />
        <Key v="Spravedlivy_muz_skladiste_A" t="String" n="Var" />
      </Data>
      <Data n="20178080773350e">
        <Key v="4200,-2000" t="Vector2" n="!$P" />
        <Key v="_EFunc" t="String" n="$T" />
        <Key v="G1" t="String" n="GT" />
        <Key v="1" t="Int32" n="T2" />
        <Key v="1" t="Decimal" n="Val" />
        <Key v="Spravedlivy_muz" t="String" n="Cnt" />
        <Key v="O+" t="String" n="O" />
      </Data>
      <Data n="20186379218542e">
        <Key v="4500,-2000" t="Vector2" n="!$P" />
        <Key v="20206371455404" t="String" n="$T" />
        <Key v="CkE" t="String" n="GT" />
        <Key v="SaS" t="String" n="T" />
        <Key v="E20186379188613" t="String" n="Ev" />
      </Data>
      <Data n="20178081011824e">
        <Key v="3600,-2200" t="Vector2" n="!$P" />
        <Key v="_EGate" t="String" n="$T" />
        <Key v="G1" t="String" n="GT" />
        <Key v="1" t="Int32" n="T2" />
        <Key v="1" t="Decimal" n="Val" />
        <Key v="XResult" t="String" n="Cnt" />
        <Key v="Oeg" t="String" n="O" />
      </Data>
      <Data n="20178081010957e">
        <Key v="3600,-2400" t="Vector2" n="!$P" />
        <Key v="_EGate" t="String" n="$T" />
        <Key v="G1" t="String" n="GT" />
        <Key v="1" t="Int32" n="T2" />
        <Key v="0" t="Decimal" n="Val" />
        <Key v="XResult" t="String" n="Cnt" />
        <Key v="Oeg" t="String" n="O" />
      </Data>
      <Data n="20178080823458e">
        <Key v="3900,-2400" t="Vector2" n="!$P" />
        <Key v="_EFunc" t="String" n="$T" />
        <Key v="G0" t="String" n="GT" />
        <Key v="Howler_nastvanej" t="String" n="Var" />
      </Data>
      <Data n="20178080438009e">
        <Key v="2700,-2600" t="Vector2" n="!$P" />
        <Key v="_EGate" t="String" n="$T" />
        <Key v="G1" t="String" n="GT" />
        <Key v="1" t="Int32" n="T2" />
        <Key v="20" t="Decimal" n="Val" />
        <Key v="Spravedlivy_muz" t="String" n="Cnt" />
        <Key v="Oeg" t="String" n="O" />
      </Data>
      <Data n="20186379211311e">
        <Key v="3000,-2600" t="Vector2" n="!$P" />
        <Key v="20206371455404" t="String" n="$T" />
        <Key v="CkE" t="String" n="GT" />
        <Key v="SaS" t="String" n="T" />
        <Key v="E20186379188613" t="String" n="Ev" />
      </Data>
      <Data n="20178080432784e">
        <Key v="2700,-2800" t="Vector2" n="!$P" />
        <Key v="_EGate" t="String" n="$T" />
        <Key v="G1" t="String" n="GT" />
        <Key v="1" t="Int32" n="T2" />
        <Key v="19" t="Decimal" n="Val" />
        <Key v="Spravedlivy_muz" t="String" n="Cnt" />
        <Key v="Oel" t="String" n="O" />
      </Data>
      <Data n="20178080658720e">
        <Key v="3000,-2800" t="Vector2" n="!$P" />
        <Key v="_EGate" t="String" n="$T" />
        <Key v="G0" t="String" n="GT" />
        <Key v="Spravedlivy_muz_skladiste_A" t="String" n="Var" />
      </Data>
      <Data n="20186515757408e">
        <Key v="3300,-2800" t="Vector2" n="!$P" />
        <Key v="20206371455404" t="String" n="$T" />
        <Key v="CkE" t="String" n="GT" />
        <Key v="SaS" t="String" n="T" />
        <Key v="E20186378367362" t="String" n="Ev" />
      </Data>
      <Data n="20178080618561e">
        <Key v="2700,-3000" t="Vector2" n="!$P" />
        <Key v="_EGate" t="String" n="$T" />
        <Key v="G0" t="String" n="GT" />
        <Key v="1" t="Int32" n="Ex" />
        <Key v="Spravedlivy_muz_skladiste_A" t="String" n="Var" />
      </Data>
      <Data n="20186379214201e">
        <Key v="3000,-3000" t="Vector2" n="!$P" />
        <Key v="20206371455404" t="String" n="$T" />
        <Key v="CkE" t="String" n="GT" />
        <Key v="SaS" t="String" n="T" />
        <Key v="E20186379188613" t="String" n="Ev" />
      </Data>
      <Data n="20178080470774e">
        <Key v="4950,0" t="Vector2" n="!$P" />
        <Key v="20202866798502" t="String" n="$T" />
        <Key v="%M1" t="String" n="T" />
        <Key v="Úplatek si neveme a nepustí dál." t="String" n="%X" />
      </Data>
      <Data n="20178080469799e">
        <Key v="5850,-200" t="Vector2" n="!$P" />
        <Key v="20202866798502" t="String" n="$T" />
        <Key v="%M1" t="String" n="T" />
        <Key v="Nadšení přimutí úplatku a umožnění vstupu." t="String" n="%X" />
      </Data>
      <Data n="20178080469999e">
        <Key v="5550,-400" t="Vector2" n="!$P" />
        <Key v="20202866798502" t="String" n="$T" />
        <Key v="%M1" t="String" n="T" />
        <Key v="Umožňění vstupu" t="String" n="%X" />
      </Data>
      <Data n="20178080472405e">
        <Key v="4950,-600" t="Vector2" n="!$P" />
        <Key v="20202866798502" t="String" n="$T" />
        <Key v="%M1" t="String" n="T" />
        <Key v="Úplatek si veme, ale nepustí a vysměje se" t="String" n="%X" />
      </Data>
      <Data n="20178080473577e">
        <Key v="4050,-1000" t="Vector2" n="!$P" />
        <Key v="20202866798502" t="String" n="$T" />
        <Key v="%M1" t="String" n="T" />
      </Data>
      <Data n="20178080472701e">
        <Key v="4950,-1200" t="Vector2" n="!$P" />
        <Key v="20202866798502" t="String" n="$T" />
        <Key v="%M1" t="String" n="T" />
      </Data>
      <Data n="20178080472876e">
        <Key v="4650,-1400" t="Vector2" n="!$P" />
        <Key v="20202866798502" t="String" n="$T" />
        <Key v="%M1" t="String" n="T" />
      </Data>
      <Data n="20178080473739e">
        <Key v="4350,-1600" t="Vector2" n="!$P" />
        <Key v="20202866798502" t="String" n="$T" />
        <Key v="%M1" t="String" n="T" />
        <Key v="BOJ" t="String" n="%X" />
      </Data>
      <Data n="20178080474757e">
        <Key v="4650,-1800" t="Vector2" n="!$P" />
        <Key v="20202866798502" t="String" n="$T" />
        <Key v="%M1" t="String" n="T" />
      </Data>
      <Data n="20178080474344e">
        <Key v="4950,-2000" t="Vector2" n="!$P" />
        <Key v="20202866798502" t="String" n="$T" />
        <Key v="%M1" t="String" n="T" />
      </Data>
      <Data n="20178080474961e">
        <Key v="4050,-2200" t="Vector2" n="!$P" />
        <Key v="20202866798502" t="String" n="$T" />
        <Key v="%M1" t="String" n="T" />
      </Data>
      <Data n="20178080475157e">
        <Key v="4350,-2400" t="Vector2" n="!$P" />
        <Key v="20202866798502" t="String" n="$T" />
        <Key v="%M1" t="String" n="T" />
        <Key v="Odprejskni, už se s tebou nehodlám dál bavit" t="String" n="%X" />
      </Data>
      <Data n="20178080431183e">
        <Key v="3450,-2600" t="Vector2" n="!$P" />
        <Key v="20202866798502" t="String" n="$T" />
        <Key v="%M1" t="String" n="T" />
        <Key v="Spravedlivý můž nám říkal, že tě máme vpustit, takže v pořádku." t="String" n="%X" />
      </Data>
      <Data n="20178080430295e">
        <Key v="3750,-2800" t="Vector2" n="!$P" />
        <Key v="20202866798502" t="String" n="$T" />
        <Key v="%M1" t="String" n="T" />
        <Key v="Ani náhodou" t="String" n="%X" />
      </Data>
      <Data n="20178080625538e">
        <Key v="3450,-3000" t="Vector2" n="!$P" />
        <Key v="20202866798502" t="String" n="$T" />
        <Key v="%M1" t="String" n="T" />
        <Key v="Jojo, můžeš, ale moc se tam nezdržuj...." t="String" n="%X" />
      </Data>
    </Data>
    <Data n="$Conns">
      <Data n="20178080404948c">
        <Key v="20178080404948e" t="String" n="$E" />
      </Data>
      <Data n="20178080415040c">
        <Key v="20178080415040e" t="String" n="$E" />
        <Key v="20178080404948e" t="String" n="$S" />
      </Data>
      <Data n="20178080447125c">
        <Key v="20178080447125e" t="String" n="$E" />
        <Key v="20178080415040e" t="String" n="$S" />
      </Data>
      <Data n="20178080458906c">
        <Key v="20178080458906e" t="String" n="$E" />
        <Key v="20178080447125e" t="String" n="$S" />
      </Data>
      <Data n="20178080543131c">
        <Key v="20178080543131e" t="String" n="$E" />
        <Key v="20178080458906e" t="String" n="$S" />
      </Data>
      <Data n="20178080840802c">
        <Key v="20178080840802e" t="String" n="$E" />
        <Key v="20178080543131e" t="String" n="$S" />
      </Data>
      <Data n="20178080420503c">
        <Key v="20178080420503e" t="String" n="$E" />
        <Key v="20178080840802e" t="String" n="$S" />
      </Data>
      <Data n="20178080450382c">
        <Key v="20178080450382e" t="String" n="$E" />
        <Key v="20178080420503e" t="String" n="$S" />
      </Data>
      <Data n="20178080841369c">
        <Key v="20178080841369e" t="String" n="$E" />
        <Key v="20178080415040e" t="String" n="$S" />
      </Data>
      <Data n="20178080416529c">
        <Key v="20178080416529e" t="String" n="$E" />
        <Key v="20178080841369e" t="String" n="$S" />
      </Data>
      <Data n="20178080460241c">
        <Key v="20178080460241e" t="String" n="$E" />
        <Key v="20178080415040e" t="String" n="$S" />
      </Data>
      <Data n="20178080544866c">
        <Key v="20178080544866e" t="String" n="$E" />
        <Key v="20178080460241e" t="String" n="$S" />
      </Data>
      <Data n="20178080839755c">
        <Key v="20178080839755e" t="String" n="$E" />
        <Key v="20178080544866e" t="String" n="$S" />
      </Data>
      <Data n="20178080422251c">
        <Key v="20178080422251e" t="String" n="$E" />
        <Key v="20178080839755e" t="String" n="$S" />
      </Data>
      <Data n="20178080460741c">
        <Key v="20178080460741e" t="String" n="$E" />
        <Key v="20178080415040e" t="String" n="$S" />
      </Data>
      <Data n="20178080545742c">
        <Key v="20178080545742e" t="String" n="$E" />
        <Key v="20178080460741e" t="String" n="$S" />
      </Data>
      <Data n="20178080833079c">
        <Key v="20178080833079e" t="String" n="$E" />
        <Key v="20178080545742e" t="String" n="$S" />
      </Data>
      <Data n="20178080423310c">
        <Key v="20178080423310e" t="String" n="$E" />
        <Key v="20178080833079e" t="String" n="$S" />
      </Data>
      <Data n="20178080426675c">
        <Key v="20178080426675e" t="String" n="$E" />
        <Key v="20178080415040e" t="String" n="$S" />
      </Data>
      <Data n="20178080731381c">
        <Key v="20178080731381e" t="String" n="$E" />
        <Key v="20178080415040e" t="String" n="$S" />
      </Data>
      <Data n="20178606448032c">
        <Key v="20178606448032e" t="String" n="$E" />
        <Key v="20178080731381e" t="String" n="$S" />
      </Data>
      <Data n="20178080734722c">
        <Key v="20178080734722e" t="String" n="$E" />
        <Key v="20178080415040e" t="String" n="$S" />
      </Data>
      <Data n="20186378690980c">
        <Key v="20186378690980e" t="String" n="$E" />
        <Key v="20178080734722e" t="String" n="$S" />
      </Data>
      <Data n="20178080420504c">
        <Key v="20178080420504e" t="String" n="$E" />
        <Key v="20178080450382e" t="String" n="$S" />
      </Data>
      <Data n="20178080416530c">
        <Key v="20178080416530e" t="String" n="$E" />
        <Key v="20178080416529e" t="String" n="$S" />
      </Data>
      <Data n="20178080422250c">
        <Key v="20178080422250e" t="String" n="$E" />
        <Key v="20178080422251e" t="String" n="$S" />
      </Data>
      <Data n="20178080423309c">
        <Key v="20178080423309e" t="String" n="$E" />
        <Key v="20178080423310e" t="String" n="$S" />
      </Data>
      <Data n="20178080426676c">
        <Key v="20178080426676e" t="String" n="$E" />
        <Key v="20178080426675e" t="String" n="$S" />
      </Data>
      <Data n="20178080734721c">
        <Key v="20178080734721e" t="String" n="$E" />
        <Key v="20186378690980e" t="String" n="$S" />
      </Data>
      <Data n="20178081008442c">
        <Key v="20178081008442e" t="String" n="$E" />
        <Key v="20178080420504e" t="String" n="$S" />
      </Data>
      <Data n="20178081000711c">
        <Key v="20178081000711e" t="String" n="$E" />
        <Key v="20178080420504e" t="String" n="$S" />
      </Data>
      <Data n="20178080491504c">
        <Key v="20178080491504e" t="String" n="$E" />
        <Key v="20178081000711e" t="String" n="$S" />
      </Data>
      <Data n="20178080531388c">
        <Key v="20178080531388e" t="String" n="$E" />
        <Key v="20178080491504e" t="String" n="$S" />
      </Data>
      <Data n="20186379221449c">
        <Key v="20186379221449e" t="String" n="$E" />
        <Key v="20178080531388e" t="String" n="$S" />
      </Data>
      <Data n="20178081005677c">
        <Key v="20178081005677e" t="String" n="$E" />
        <Key v="20178080420504e" t="String" n="$S" />
      </Data>
      <Data n="20178080537226c">
        <Key v="20178080537226e" t="String" n="$E" />
        <Key v="20178081005677e" t="String" n="$S" />
      </Data>
      <Data n="20186379221078c">
        <Key v="20186379221078e" t="String" n="$E" />
        <Key v="20178080537226e" t="String" n="$S" />
      </Data>
      <Data n="20178081009447c">
        <Key v="20178081009447e" t="String" n="$E" />
        <Key v="20178080420504e" t="String" n="$S" />
      </Data>
      <Data n="20178080549240c">
        <Key v="20178080549240e" t="String" n="$E" />
        <Key v="20178080416530e" t="String" n="$S" />
      </Data>
      <Data n="20178081011411c">
        <Key v="20178081011411e" t="String" n="$E" />
        <Key v="20178080422250e" t="String" n="$S" />
      </Data>
      <Data n="20178081004693c">
        <Key v="20178081004693e" t="String" n="$E" />
        <Key v="20178080422250e" t="String" n="$S" />
      </Data>
      <Data n="20178080537789c">
        <Key v="20178080537789e" t="String" n="$E" />
        <Key v="20178081004693e" t="String" n="$S" />
      </Data>
      <Data n="20178080772415c">
        <Key v="20178080772415e" t="String" n="$E" />
        <Key v="20178080537789e" t="String" n="$S" />
      </Data>
      <Data n="20186379220398c">
        <Key v="20186379220398e" t="String" n="$E" />
        <Key v="20178080772415e" t="String" n="$S" />
      </Data>
      <Data n="20178081006699c">
        <Key v="20178081006699e" t="String" n="$E" />
        <Key v="20178080422250e" t="String" n="$S" />
      </Data>
      <Data n="20178080538102c">
        <Key v="20178080538102e" t="String" n="$E" />
        <Key v="20178081006699e" t="String" n="$S" />
      </Data>
      <Data n="20186379220123c">
        <Key v="20186379220123e" t="String" n="$E" />
        <Key v="20178080538102e" t="String" n="$S" />
      </Data>
      <Data n="20178081010511c">
        <Key v="20178081010511e" t="String" n="$E" />
        <Key v="20178080422250e" t="String" n="$S" />
      </Data>
      <Data n="20178080787620c">
        <Key v="20178080787620e" t="String" n="$E" />
        <Key v="20178081010511e" t="String" n="$S" />
      </Data>
      <Data n="20178081007191c">
        <Key v="20178081007191e" t="String" n="$E" />
        <Key v="20178080423309e" t="String" n="$S" />
      </Data>
      <Data n="20178080539119c">
        <Key v="20178080539119e" t="String" n="$E" />
        <Key v="20178081007191e" t="String" n="$S" />
      </Data>
      <Data n="20186379217992c">
        <Key v="20186379217992e" t="String" n="$E" />
        <Key v="20178080539119e" t="String" n="$S" />
      </Data>
      <Data n="20178081005106c">
        <Key v="20178081005106e" t="String" n="$E" />
        <Key v="20178080423309e" t="String" n="$S" />
      </Data>
      <Data n="20178080538832c">
        <Key v="20178080538832e" t="String" n="$E" />
        <Key v="20178081005106e" t="String" n="$S" />
      </Data>
      <Data n="20178080773350c">
        <Key v="20178080773350e" t="String" n="$E" />
        <Key v="20178080538832e" t="String" n="$S" />
      </Data>
      <Data n="20186379218542c">
        <Key v="20186379218542e" t="String" n="$E" />
        <Key v="20178080773350e" t="String" n="$S" />
      </Data>
      <Data n="20178081011824c">
        <Key v="20178081011824e" t="String" n="$E" />
        <Key v="20178080423309e" t="String" n="$S" />
      </Data>
      <Data n="20178081010957c">
        <Key v="20178081010957e" t="String" n="$E" />
        <Key v="20178080423309e" t="String" n="$S" />
      </Data>
      <Data n="20178080823458c">
        <Key v="20178080823458e" t="String" n="$E" />
        <Key v="20178081010957e" t="String" n="$S" />
      </Data>
      <Data n="20178080438009c">
        <Key v="20178080438009e" t="String" n="$E" />
        <Key v="20178080426676e" t="String" n="$S" />
      </Data>
      <Data n="20186379211311c">
        <Key v="20186379211311e" t="String" n="$E" />
        <Key v="20178080438009e" t="String" n="$S" />
      </Data>
      <Data n="20178080432784c">
        <Key v="20178080432784e" t="String" n="$E" />
        <Key v="20178080426676e" t="String" n="$S" />
      </Data>
      <Data n="20178080658720c">
        <Key v="20178080658720e" t="String" n="$E" />
        <Key v="20178080432784e" t="String" n="$S" />
      </Data>
      <Data n="20186515757408c">
        <Key v="20186515757408e" t="String" n="$E" />
        <Key v="20178080658720e" t="String" n="$S" />
      </Data>
      <Data n="20178080618561c">
        <Key v="20178080618561e" t="String" n="$E" />
        <Key v="20178080426676e" t="String" n="$S" />
      </Data>
      <Data n="20186379214201c">
        <Key v="20186379214201e" t="String" n="$E" />
        <Key v="20178080618561e" t="String" n="$S" />
      </Data>
      <Data n="20178080470774c">
        <Key v="20178080470774e" t="String" n="$E" />
        <Key v="20178081008442e" t="String" n="$S" />
      </Data>
      <Data n="20178080469799c">
        <Key v="20178080469799e" t="String" n="$E" />
        <Key v="20186379221449e" t="String" n="$S" />
      </Data>
      <Data n="20178080469999c">
        <Key v="20178080469999e" t="String" n="$E" />
        <Key v="20186379221078e" t="String" n="$S" />
      </Data>
      <Data n="20178080472405c">
        <Key v="20178080472405e" t="String" n="$E" />
        <Key v="20178081009447e" t="String" n="$S" />
      </Data>
      <Data n="20206616256019c">
        <Key v="20178080415040e" t="String" n="$E" />
        <Key v="20178080549240e" t="String" n="$S" />
      </Data>
      <Data n="20178080473577c">
        <Key v="20178080473577e" t="String" n="$E" />
        <Key v="20178081011411e" t="String" n="$S" />
      </Data>
      <Data n="20178080472701c">
        <Key v="20178080472701e" t="String" n="$E" />
        <Key v="20186379220398e" t="String" n="$S" />
      </Data>
      <Data n="20178080472876c">
        <Key v="20178080472876e" t="String" n="$E" />
        <Key v="20186379220123e" t="String" n="$S" />
      </Data>
      <Data n="20178080473739c">
        <Key v="20178080473739e" t="String" n="$E" />
        <Key v="20178080787620e" t="String" n="$S" />
      </Data>
      <Data n="20178080474757c">
        <Key v="20178080474757e" t="String" n="$E" />
        <Key v="20186379217992e" t="String" n="$S" />
      </Data>
      <Data n="20178080474344c">
        <Key v="20178080474344e" t="String" n="$E" />
        <Key v="20186379218542e" t="String" n="$S" />
      </Data>
      <Data n="20178080474961c">
        <Key v="20178080474961e" t="String" n="$E" />
        <Key v="20178081011824e" t="String" n="$S" />
      </Data>
      <Data n="20178080475157c">
        <Key v="20178080475157e" t="String" n="$E" />
        <Key v="20178080823458e" t="String" n="$S" />
      </Data>
      <Data n="20178080431183c">
        <Key v="20178080431183e" t="String" n="$E" />
        <Key v="20186379211311e" t="String" n="$S" />
      </Data>
      <Data n="20178080430295c">
        <Key v="20178080430295e" t="String" n="$E" />
        <Key v="20186515757408e" t="String" n="$S" />
      </Data>
      <Data n="20178080625538c">
        <Key v="20178080625538e" t="String" n="$E" />
        <Key v="20186379214201e" t="String" n="$S" />
      </Data>
      <Data n="20206616256031c">
        <Key v="20178080415040e" t="String" n="$E" />
        <Key v="20178080470774e" t="String" n="$S" />
      </Data>
      <Data n="20206616256032c">
        <Key v="20178080415040e" t="String" n="$E" />
        <Key v="20178080472405e" t="String" n="$S" />
      </Data>
      <Data n="20206616256033c">
        <Key v="20178080415040e" t="String" n="$E" />
        <Key v="20178080473577e" t="String" n="$S" />
      </Data>
      <Data n="20206616256034c">
        <Key v="20178080415040e" t="String" n="$E" />
        <Key v="20178080474961e" t="String" n="$S" />
      </Data>
      <Data n="20206616256035c">
        <Key v="20178080415040e" t="String" n="$E" />
        <Key v="20178080475157e" t="String" n="$S" />
      </Data>
    </Data>
  </Data>
</DataRoot>