﻿<?xml version="1.0" encoding="utf-8"?>
<DataRoot n="D">
  <Data n="20178317571640">
    <Data n="$Elems">
      <Data n="20178894313117e">
        <Key v="450,0" t="Vector2" n="!$P" />
        <Key v="_EGate" t="String" n="$T" />
        <Key v="G0" t="String" n="GT" />
        <Key v="1" t="Int32" n="Ex" />
        <Key v="Pruchod_Lishak" t="String" n="Var" />
      </Data>
      <Data n="20178894309990e">
        <Key v="450,-400" t="Vector2" n="!$P" />
        <Key v="_EGate" t="String" n="$T" />
        <Key v="G0" t="String" n="GT" />
        <Key v="Pruchod_Lishak" t="String" n="Var" />
      </Data>
      <Data n="20178894311936e">
        <Key v="900,0" t="Vector2" n="!$P" />
        <Key v="20202866798502" t="String" n="$T" />
        <Key v="%M1" t="String" n="T" />
        <Key v="Jo to jsi ty, tak můžeš projít." t="String" n="%X" />
      </Data>
      <Data n="20178891502779e">
        <Key v="900,-400" t="Vector2" n="!$P" />
        <Key v="20202866798502" t="String" n="$T" />
        <Key v="%M1" t="String" n="T" />
        <Key v="Hej, kam přesně si myslíš, že jdeš?" t="String" n="%X" />
      </Data>
      <Data n="20178894318564e">
        <Key v="1500,0" t="Vector2" n="!$P" />
        <Key v="20202934699316" t="String" n="$T" />
        <Key v="Projít" t="String" n="%CX" />
        <Key v="MrE" t="String" n="Spc" />
      </Data>
      <Data n="20178894318748e">
        <Key v="1500,-200" t="Vector2" n="!$P" />
        <Key v="20202934699316" t="String" n="$T" />
        <Key v="Bezeslova zaútočit" t="String" n="%CX" />
        <Key v="MrA" t="String" n="Spc" />
      </Data>
      <Data n="20178894326533e">
        <Key v="1950,-200" t="Vector2" n="!$P" />
        <Key v="_EFunc" t="String" n="$T" />
        <Key v="G1" t="String" n="GT" />
        <Key v="1" t="Int32" n="T2" />
        <Key v="-5" t="Decimal" n="Val" />
        <Key v="Lishak" t="String" n="Cnt" />
        <Key v="O+" t="String" n="O" />
      </Data>
      <Data n="20178892080779e">
        <Key v="1500,-400" t="Vector2" n="!$P" />
        <Key v="20206495856812" t="String" n="$T" />
        <Key v="Možnosti" t="String" n="!%Txt" />
      </Data>
      <Data n="20178894318565e">
        <Key v="1950,0" t="Vector2" n="!$P" />
        <Key v="20202866798502" t="String" n="$T" />
        <Key v="Díky" t="String" n="%X" />
      </Data>
      <Data n="20178894318747e">
        <Key v="2400,-200" t="Vector2" n="!$P" />
        <Key v="20202866798502" t="String" n="$T" />
      </Data>
      <Data n="20178892089033e">
        <Key v="2100,-400" t="Vector2" n="!$P" />
        <Key v="20202934699316" t="String" n="$T" />
        <Key v="Odejít" t="String" n="%CX" />
        <Key v="MrE" t="String" n="Spc" />
      </Data>
      <Data n="20186515845498e">
        <Key v="2550,-400" t="Vector2" n="!$P" />
        <Key v="20206371455404" t="String" n="$T" />
        <Key v="CkE" t="String" n="GT" />
        <Key v="SaS" t="String" n="T" />
        <Key v="E20186515799885" t="String" n="Ev" />
      </Data>
      <Data n="20178892084787e">
        <Key v="2100,-600" t="Vector2" n="!$P" />
        <Key v="20202934699316" t="String" n="$T" />
        <Key v="Procházka" t="String" n="%CX" />
      </Data>
      <Data n="20187955708609e">
        <Key v="2100,-800" t="Vector2" n="!$P" />
        <Key v="20206352251934" t="String" n="$T" />
        <Key v="CkQ" t="String" n="GT" />
        <Key v="SkA" t="String" n="T" />
        <Key v="Q20179421688679" t="String" n="Qs" />
      </Data>
      <Data n="20178892084996e">
        <Key v="2550,-800" t="Vector2" n="!$P" />
        <Key v="20202934699316" t="String" n="$T" />
        <Key v="Za Lishakem" t="String" n="%CX" />
      </Data>
      <Data n="20178892115121e">
        <Key v="2100,-6000" t="Vector2" n="!$P" />
        <Key v="20202934699316" t="String" n="$T" />
        <Key v="Bezeslova zaútočit" t="String" n="%CX" />
        <Key v="MrA" t="String" n="Spc" />
      </Data>
      <Data n="20178893322355e">
        <Key v="2550,-6000" t="Vector2" n="!$P" />
        <Key v="_EFunc" t="String" n="$T" />
        <Key v="G1" t="String" n="GT" />
        <Key v="1" t="Int32" n="T2" />
        <Key v="-5" t="Decimal" n="Val" />
        <Key v="Lishak" t="String" n="Cnt" />
        <Key v="O+" t="String" n="O" />
      </Data>
      <Data n="20187955715225e">
        <Key v="2100,-6200" t="Vector2" n="!$P" />
        <Key v="20202934699316" t="String" n="$T" />
        <Key v="Cestou dál" t="String" n="%CX" />
      </Data>
      <Data n="20178892089032e">
        <Key v="3000,-400" t="Vector2" n="!$P" />
        <Key v="20202866798502" t="String" n="$T" />
        <Key v="Ale nikam, jdu pryč" t="String" n="%X" />
      </Data>
      <Data n="20178892084788e">
        <Key v="2550,-600" t="Vector2" n="!$P" />
        <Key v="20202866798502" t="String" n="$T" />
        <Key v="Jen se tady procházím" t="String" n="%X" />
      </Data>
      <Data n="20178892084995e">
        <Key v="3000,-800" t="Vector2" n="!$P" />
        <Key v="20202866798502" t="String" n="$T" />
        <Key v="Jdeme za Lishakem" t="String" n="%X" />
      </Data>
      <Data n="20178892115122e">
        <Key v="3000,-6000" t="Vector2" n="!$P" />
        <Key v="20202866798502" t="String" n="$T" />
      </Data>
      <Data n="20187955715224e">
        <Key v="2550,-6200" t="Vector2" n="!$P" />
        <Key v="20202866798502" t="String" n="$T" />
        <Key v="No vede tudy cesta, tak po ní jdem. Někam jistě vede." t="String" n="%X" />
      </Data>
      <Data n="20178892110079e">
        <Key v="3600,-400" t="Vector2" n="!$P" />
        <Key v="20202866798502" t="String" n="$T" />
        <Key v="%M1" t="String" n="T" />
        <Key v="To je dobře, také bys mohl přijít k úrazu.... hehe" t="String" n="%X" />
      </Data>
      <Data n="20178892093065e">
        <Key v="3150,-600" t="Vector2" n="!$P" />
        <Key v="20202866798502" t="String" n="$T" />
        <Key v="%M1" t="String" n="T" />
        <Key v="Tak se koukej procházet někde jinde." t="String" n="%X" />
      </Data>
      <Data n="20178894374097e">
        <Key v="3600,-800" t="Vector2" n="!$P" />
        <Key v="_EGate" t="String" n="$T" />
        <Key v="G1" t="String" n="GT" />
        <Key v="1" t="Int32" n="T2" />
        <Key v="20" t="Decimal" n="Val" />
        <Key v="Lishak" t="String" n="Cnt" />
        <Key v="Oeg" t="String" n="O" />
      </Data>
      <Data n="20178894444865e">
        <Key v="3900,-800" t="Vector2" n="!$P" />
        <Key v="_EFunc" t="String" n="$T" />
        <Key v="G0" t="String" n="GT" />
        <Key v="Pruchod_Lishak" t="String" n="Var" />
      </Data>
      <Data n="20178892119733e">
        <Key v="3600,-1000" t="Vector2" n="!$P" />
        <Key v="20202866798502" t="String" n="$T" />
        <Key v="%M1" t="String" n="T" />
        <Key v="A proč si myslíš, že bych tě měl k němu jen tak pustit?" t="String" n="%X" />
      </Data>
      <Data n="20187955732734e">
        <Key v="3150,-6200" t="Vector2" n="!$P" />
        <Key v="20202866798502" t="String" n="$T" />
        <Key v="%M1" t="String" n="T" />
        <Key v="No to máš pravdu, že někam vede. Pro tebe? Akorát tak do problémů. Tahle cesta totiž vede k panství pana Lishaka a ty tam nemáš co pohledávat." t="String" n="%X" />
      </Data>
      <Data n="20178894369736e">
        <Key v="4350,-800" t="Vector2" n="!$P" />
        <Key v="20202866798502" t="String" n="$T" />
        <Key v="%M1" t="String" n="T" />
        <Key v="Jo ty jsi ty, tak to je v pořádku" t="String" n="%X" />
      </Data>
      <Data n="20178892125400e">
        <Key v="4200,-1000" t="Vector2" n="!$P" />
        <Key v="20206495856812" t="String" n="$T" />
        <Key v="Ceska k Lishakovi" t="String" n="!%Txt" />
      </Data>
      <Data n="20187955756817e">
        <Key v="3750,-6200" t="Vector2" n="!$P" />
        <Key v="20202866798502" t="String" n="$T" />
        <Key v="A mohli bychom s tímhle Lishakem mluvit?" t="String" n="%X" />
      </Data>
      <Data n="20178893313098e">
        <Key v="4800,-1000" t="Vector2" n="!$P" />
        <Key v="20202934699316" t="String" n="$T" />
        <Key v="Bezeslova zaútočit" t="String" n="%CX" />
        <Key v="MrA" t="String" n="Spc" />
      </Data>
      <Data n="20178893319557e">
        <Key v="5250,-1000" t="Vector2" n="!$P" />
        <Key v="_EFunc" t="String" n="$T" />
        <Key v="G1" t="String" n="GT" />
        <Key v="1" t="Int32" n="T2" />
        <Key v="-5" t="Decimal" n="Val" />
        <Key v="Lishak" t="String" n="Cnt" />
        <Key v="O+" t="String" n="O" />
      </Data>
      <Data n="20178893720483e">
        <Key v="4800,-1200" t="Vector2" n="!$P" />
        <Key v="_EGate" t="String" n="$T" />
        <Key v="G4" t="String" n="GT" />
      </Data>
      <Data n="20181885307985e">
        <Key v="5100,-1200" t="Vector2" n="!$P" />
        <Key v="_EGate" t="String" n="$T" />
        <Key v="G0" t="String" n="GT" />
        <Key v="The Wall_nasranej" t="String" n="Var" />
      </Data>
      <Data n="20178892176798e">
        <Key v="5400,-1200" t="Vector2" n="!$P" />
        <Key v="20202934699316" t="String" n="$T" />
        <Key v="Podplatit" t="String" n="%CX" />
      </Data>
      <Data n="20178894131337e">
        <Key v="4800,-3600" t="Vector2" n="!$P" />
        <Key v="_EGate" t="String" n="$T" />
        <Key v="G4" t="String" n="GT" />
      </Data>
      <Data n="20178892176990e">
        <Key v="5100,-3600" t="Vector2" n="!$P" />
        <Key v="20202934699316" t="String" n="$T" />
        <Key v="Přemlouvat" t="String" n="%CX" />
        <Key v="RoP" t="String" n="Spc" />
        <Key v="L3" t="String" n="Lvl" />
      </Data>
      <Data n="20178894131950e">
        <Key v="4800,-4400" t="Vector2" n="!$P" />
        <Key v="_EGate" t="String" n="$T" />
        <Key v="G4" t="String" n="GT" />
      </Data>
      <Data n="20181885305871e">
        <Key v="5100,-4400" t="Vector2" n="!$P" />
        <Key v="_EGate" t="String" n="$T" />
        <Key v="G0" t="String" n="GT" />
        <Key v="The Wall_nasranej" t="String" n="Var" />
      </Data>
      <Data n="20178892177165e">
        <Key v="5400,-4400" t="Vector2" n="!$P" />
        <Key v="20202934699316" t="String" n="$T" />
        <Key v="Vyhrožovat" t="String" n="%CX" />
        <Key v="RoI" t="String" n="Spc" />
        <Key v="L4" t="String" n="Lvl" />
      </Data>
      <Data n="20178893724416e">
        <Key v="4800,-5200" t="Vector2" n="!$P" />
        <Key v="20202934699316" t="String" n="$T" />
        <Key v="Odejít" t="String" n="%CX" />
        <Key v="MrE" t="String" n="Spc" />
      </Data>
      <Data n="20186515869873e">
        <Key v="5250,-5200" t="Vector2" n="!$P" />
        <Key v="20206371455404" t="String" n="$T" />
        <Key v="CkE" t="String" n="GT" />
        <Key v="SaS" t="String" n="T" />
        <Key v="E20186515799885" t="String" n="Ev" />
      </Data>
      <Data n="20186517281799e">
        <Key v="4800,-5400" t="Vector2" n="!$P" />
        <Key v="_EGate" t="String" n="$T" />
        <Key v="G0" t="String" n="GT" />
        <Key v="The_Wall_doprovod" t="String" n="Var" />
      </Data>
      <Data n="20178966405241e">
        <Key v="5100,-5400" t="Vector2" n="!$P" />
        <Key v="20202934699316" t="String" n="$T" />
        <Key v="Mluvit s Lishakem" t="String" n="%CX" />
      </Data>
      <Data n="20186515823000e">
        <Key v="4800,-5800" t="Vector2" n="!$P" />
        <Key v="_EGate" t="String" n="$T" />
        <Key v="G0" t="String" n="GT" />
        <Key v="1" t="Int32" n="Ex" />
        <Key v="Lishak_pruchod_The_Wall_Softy" t="String" n="Var" />
      </Data>
      <Data n="20179520803762e">
        <Key v="5100,-5800" t="Vector2" n="!$P" />
        <Key v="20202934699316" t="String" n="$T" />
        <Key v="Posílá nás Softy" t="String" n="%CX" />
      </Data>
      <Data n="20187955761113e">
        <Key v="4350,-6200" t="Vector2" n="!$P" />
        <Key v="20202866798502" t="String" n="$T" />
        <Key v="%M1" t="String" n="T" />
        <Key v="Panem Lishakem, pro tebe jedině PANEM Lishakem, jasný. A co byste mu chtěli?" t="String" n="%X" />
      </Data>
      <Data n="20178893313097e">
        <Key v="5700,-1000" t="Vector2" n="!$P" />
        <Key v="20202866798502" t="String" n="$T" />
      </Data>
      <Data n="20178892176797e">
        <Key v="5850,-1200" t="Vector2" n="!$P" />
        <Key v="20202866798502" t="String" n="$T" />
      </Data>
      <Data n="20178892176989e">
        <Key v="5550,-3600" t="Vector2" n="!$P" />
        <Key v="20202866798502" t="String" n="$T" />
      </Data>
      <Data n="20178892177164e">
        <Key v="5850,-4400" t="Vector2" n="!$P" />
        <Key v="20202866798502" t="String" n="$T" />
      </Data>
      <Data n="20178893724415e">
        <Key v="5700,-5200" t="Vector2" n="!$P" />
        <Key v="20202866798502" t="String" n="$T" />
      </Data>
      <Data n="20178966405242e">
        <Key v="5550,-5400" t="Vector2" n="!$P" />
        <Key v="20202866798502" t="String" n="$T" />
        <Key v="Rádi bychom s Lishakem mluvili, protože se mnou bude chtít jistě mluvit a ty mě tam můžeš dovést, takže neudělám žádnou neplechu, co říkáš?" t="String" n="%X" />
      </Data>
      <Data n="20179520803763e">
        <Key v="5550,-5800" t="Vector2" n="!$P" />
        <Key v="20202866798502" t="String" n="$T" />
        <Key v="Softy říkal, že ti máme říci, že nás posílá." t="String" n="%X" />
      </Data>
      <Data n="20187955806380e">
        <Key v="4950,-6200" t="Vector2" n="!$P" />
        <Key v="20206371455404" t="String" n="$T" />
        <Key v="CkQ" t="String" n="GT" />
        <Key v="Q20179421688679" t="String" n="Qs" />
      </Data>
      <Data n="20178893449557e">
        <Key v="6450,-1200" t="Vector2" n="!$P" />
        <Key v="20202934699316" t="String" n="$T" />
        <Key v="Malý úplatek (10 md)" t="String" n="%CX" />
        <Key v="RoT" t="String" n="Spc" />
        <Key v="L3" t="String" n="Lvl" />
      </Data>
      <Data n="20178893449749e">
        <Key v="6450,-2000" t="Vector2" n="!$P" />
        <Key v="20202934699316" t="String" n="$T" />
        <Key v="Střední úplatek (2 st)" t="String" n="%CX" />
        <Key v="RoT" t="String" n="Spc" />
        <Key v="L3" t="String" n="Lvl" />
      </Data>
      <Data n="20178893449979e">
        <Key v="6450,-2800" t="Vector2" n="!$P" />
        <Key v="20202934699316" t="String" n="$T" />
        <Key v="Velký úplatek (10 st)" t="String" n="%CX" />
        <Key v="RoT" t="String" n="Spc" />
        <Key v="L2" t="String" n="Lvl" />
      </Data>
      <Data n="20178894125937e">
        <Key v="6150,-3600" t="Vector2" n="!$P" />
        <Key v="_EGate" t="String" n="$T" />
        <Key v="G1" t="String" n="GT" />
        <Key v="1" t="Int32" n="T2" />
        <Key v="3" t="Decimal" n="Val" />
        <Key v="XResult" t="String" n="Cnt" />
        <Key v="Oeg" t="String" n="O" />
      </Data>
      <Data n="20178894337830e">
        <Key v="6450,-3600" t="Vector2" n="!$P" />
        <Key v="_EFunc" t="String" n="$T" />
        <Key v="G0" t="String" n="GT" />
        <Key v="Pruchod_Lishak" t="String" n="Var" />
      </Data>
      <Data n="20178897500262e">
        <Key v="6750,-3600" t="Vector2" n="!$P" />
        <Key v="_EFunc" t="String" n="$T" />
        <Key v="G1" t="String" n="GT" />
        <Key v="1" t="Int32" n="T2" />
        <Key v="1" t="Decimal" n="Val" />
        <Key v="Lishak" t="String" n="Cnt" />
        <Key v="O+" t="String" n="O" />
      </Data>
      <Data n="20178894126349e">
        <Key v="6150,-3800" t="Vector2" n="!$P" />
        <Key v="_EGate" t="String" n="$T" />
        <Key v="G1" t="String" n="GT" />
        <Key v="1" t="Int32" n="T2" />
        <Key v="2" t="Decimal" n="Val" />
        <Key v="XResult" t="String" n="Cnt" />
        <Key v="Oeg" t="String" n="O" />
      </Data>
      <Data n="20178894338230e">
        <Key v="6450,-3800" t="Vector2" n="!$P" />
        <Key v="_EFunc" t="String" n="$T" />
        <Key v="G0" t="String" n="GT" />
        <Key v="Pruchod_Lishak" t="String" n="Var" />
      </Data>
      <Data n="20178894126775e">
        <Key v="6150,-4000" t="Vector2" n="!$P" />
        <Key v="_EGate" t="String" n="$T" />
        <Key v="G1" t="String" n="GT" />
        <Key v="1" t="Int32" n="T2" />
        <Key v="1" t="Decimal" n="Val" />
        <Key v="XResult" t="String" n="Cnt" />
        <Key v="Oeg" t="String" n="O" />
      </Data>
      <Data n="20178894127196e">
        <Key v="6150,-4200" t="Vector2" n="!$P" />
        <Key v="_EGate" t="String" n="$T" />
        <Key v="G1" t="String" n="GT" />
        <Key v="1" t="Int32" n="T2" />
        <Key v="0" t="Decimal" n="Val" />
        <Key v="XResult" t="String" n="Cnt" />
        <Key v="Oeg" t="String" n="O" />
      </Data>
      <Data n="20181885301651e">
        <Key v="6450,-4200" t="Vector2" n="!$P" />
        <Key v="_EFunc" t="String" n="$T" />
        <Key v="G0" t="String" n="GT" />
        <Key v="The Wall_nasranej" t="String" n="Var" />
      </Data>
      <Data n="20178894128843e">
        <Key v="6450,-4400" t="Vector2" n="!$P" />
        <Key v="_EGate" t="String" n="$T" />
        <Key v="G1" t="String" n="GT" />
        <Key v="1" t="Int32" n="T2" />
        <Key v="3" t="Decimal" n="Val" />
        <Key v="XResult" t="String" n="Cnt" />
        <Key v="Oeg" t="String" n="O" />
      </Data>
      <Data n="20178894338572e">
        <Key v="6750,-4400" t="Vector2" n="!$P" />
        <Key v="_EFunc" t="String" n="$T" />
        <Key v="G0" t="String" n="GT" />
        <Key v="Pruchod_Lishak" t="String" n="Var" />
      </Data>
      <Data n="20178897502835e">
        <Key v="7050,-4400" t="Vector2" n="!$P" />
        <Key v="_EFunc" t="String" n="$T" />
        <Key v="G1" t="String" n="GT" />
        <Key v="1" t="Int32" n="T2" />
        <Key v="1" t="Decimal" n="Val" />
        <Key v="Lishak" t="String" n="Cnt" />
        <Key v="O+" t="String" n="O" />
      </Data>
      <Data n="20178894128485e">
        <Key v="6450,-4600" t="Vector2" n="!$P" />
        <Key v="_EGate" t="String" n="$T" />
        <Key v="G1" t="String" n="GT" />
        <Key v="1" t="Int32" n="T2" />
        <Key v="2" t="Decimal" n="Val" />
        <Key v="XResult" t="String" n="Cnt" />
        <Key v="Oeg" t="String" n="O" />
      </Data>
      <Data n="20178894338918e">
        <Key v="6750,-4600" t="Vector2" n="!$P" />
        <Key v="_EFunc" t="String" n="$T" />
        <Key v="G0" t="String" n="GT" />
        <Key v="Pruchod_Lishak" t="String" n="Var" />
      </Data>
      <Data n="20178894128034e">
        <Key v="6450,-4800" t="Vector2" n="!$P" />
        <Key v="_EGate" t="String" n="$T" />
        <Key v="G1" t="String" n="GT" />
        <Key v="1" t="Int32" n="T2" />
        <Key v="1" t="Decimal" n="Val" />
        <Key v="XResult" t="String" n="Cnt" />
        <Key v="Oeg" t="String" n="O" />
      </Data>
      <Data n="20178894127600e">
        <Key v="6450,-5000" t="Vector2" n="!$P" />
        <Key v="_EGate" t="String" n="$T" />
        <Key v="G1" t="String" n="GT" />
        <Key v="1" t="Int32" n="T2" />
        <Key v="0" t="Decimal" n="Val" />
        <Key v="XResult" t="String" n="Cnt" />
        <Key v="Oeg" t="String" n="O" />
      </Data>
      <Data n="20178894345232e">
        <Key v="6750,-5000" t="Vector2" n="!$P" />
        <Key v="_EFunc" t="String" n="$T" />
        <Key v="G1" t="String" n="GT" />
        <Key v="1" t="Int32" n="T2" />
        <Key v="-5" t="Decimal" n="Val" />
        <Key v="Lishak" t="String" n="Cnt" />
        <Key v="O+" t="String" n="O" />
      </Data>
      <Data n="20181885205542e">
        <Key v="6150,-5400" t="Vector2" n="!$P" />
        <Key v="20202866798502" t="String" n="$T" />
        <Key v="%M1" t="String" n="T" />
        <Key v="Dobrá dobrá, ale půjdete pěkně pomalu a žádný vylomeniny!" t="String" n="%X" />
      </Data>
      <Data n="20179520819037e">
        <Key v="6150,-5800" t="Vector2" n="!$P" />
        <Key v="_EFunc" t="String" n="$T" />
        <Key v="G0" t="String" n="GT" />
        <Key v="Pruchod_Lishak" t="String" n="Var" />
      </Data>
      <Data n="20187955786647e">
        <Key v="5400,-6200" t="Vector2" n="!$P" />
        <Key v="20202866798502" t="String" n="$T" />
        <Key v="No to je jen mezi námi a PANEM Lishakem, tak bys nás k němu mohl odvést, co říkáš?" t="String" n="%X" />
      </Data>
      <Data n="20178893449556e">
        <Key v="6900,-1200" t="Vector2" n="!$P" />
        <Key v="20202866798502" t="String" n="$T" />
      </Data>
      <Data n="20178893449750e">
        <Key v="6900,-2000" t="Vector2" n="!$P" />
        <Key v="20202866798502" t="String" n="$T" />
      </Data>
      <Data n="20178893449978e">
        <Key v="6900,-2800" t="Vector2" n="!$P" />
        <Key v="20202866798502" t="String" n="$T" />
      </Data>
      <Data n="20178893710470e">
        <Key v="7200,-3600" t="Vector2" n="!$P" />
        <Key v="20202866798502" t="String" n="$T" />
        <Key v="%M1" t="String" n="T" />
        <Key v="Vlichocení se do přízně" t="String" n="%X" />
      </Data>
      <Data n="20178893710695e">
        <Key v="6900,-3800" t="Vector2" n="!$P" />
        <Key v="20202866798502" t="String" n="$T" />
        <Key v="%M1" t="String" n="T" />
      </Data>
      <Data n="20178893710904e">
        <Key v="6600,-4000" t="Vector2" n="!$P" />
        <Key v="20202866798502" t="String" n="$T" />
        <Key v="%M1" t="String" n="T" />
      </Data>
      <Data n="20178893711112e">
        <Key v="6900,-4200" t="Vector2" n="!$P" />
        <Key v="20202866798502" t="String" n="$T" />
        <Key v="%M1" t="String" n="T" />
        <Key v="Naštve se a tím znemožní další možnosti vyjednávání" t="String" n="%X" />
      </Data>
      <Data n="20178893712188e">
        <Key v="7500,-4400" t="Vector2" n="!$P" />
        <Key v="20202866798502" t="String" n="$T" />
        <Key v="%M1" t="String" n="T" />
        <Key v="Získán respekt" t="String" n="%X" />
      </Data>
      <Data n="20178893712434e">
        <Key v="7200,-4600" t="Vector2" n="!$P" />
        <Key v="20202866798502" t="String" n="$T" />
        <Key v="%M1" t="String" n="T" />
      </Data>
      <Data n="20178893712680e">
        <Key v="6900,-4800" t="Vector2" n="!$P" />
        <Key v="20202866798502" t="String" n="$T" />
        <Key v="%M1" t="String" n="T" />
      </Data>
      <Data n="20178893712897e">
        <Key v="7200,-5000" t="Vector2" n="!$P" />
        <Key v="20202866798502" t="String" n="$T" />
        <Key v="%M1" t="String" n="T" />
      </Data>
      <Data n="20186517254865e">
        <Key v="6750,-5400" t="Vector2" n="!$P" />
        <Key v="20202934699316" t="String" n="$T" />
        <Key v="Nikam nejít" t="String" n="%CX" />
      </Data>
      <Data n="20186517246629e">
        <Key v="6750,-5600" t="Vector2" n="!$P" />
        <Key v="20202934699316" t="String" n="$T" />
        <Key v="Nechat se doprovodit" t="String" n="%CX" />
      </Data>
      <Data n="20179520886564e">
        <Key v="7200,-5600" t="Vector2" n="!$P" />
        <Key v="_EFunc" t="String" n="$T" />
        <Key v="G0" t="String" n="GT" />
        <Key v="The_Wall_doprovod" t="String" n="Var" />
      </Data>
      <Data n="20179520812294e">
        <Key v="6600,-5800" t="Vector2" n="!$P" />
        <Key v="20202866798502" t="String" n="$T" />
        <Key v="%M1" t="String" n="T" />
        <Key v="Dobrá teda, když vás posílá Softy, tak to snad bude v pořádku. Můžete projít" t="String" n="%X" />
      </Data>
      <Data n="20178894109581e">
        <Key v="7500,-1200" t="Vector2" n="!$P" />
        <Key v="_EGate" t="String" n="$T" />
        <Key v="G1" t="String" n="GT" />
        <Key v="1" t="Int32" n="T2" />
        <Key v="3" t="Decimal" n="Val" />
        <Key v="XResult" t="String" n="Cnt" />
        <Key v="Oeg" t="String" n="O" />
      </Data>
      <Data n="20178894301504e">
        <Key v="7800,-1200" t="Vector2" n="!$P" />
        <Key v="_EFunc" t="String" n="$T" />
        <Key v="G0" t="String" n="GT" />
        <Key v="Pruchod_Lishak" t="String" n="Var" />
      </Data>
      <Data n="20178894111491e">
        <Key v="7500,-1400" t="Vector2" n="!$P" />
        <Key v="_EGate" t="String" n="$T" />
        <Key v="G1" t="String" n="GT" />
        <Key v="1" t="Int32" n="T2" />
        <Key v="2" t="Decimal" n="Val" />
        <Key v="XResult" t="String" n="Cnt" />
        <Key v="Oeg" t="String" n="O" />
      </Data>
      <Data n="20178894335449e">
        <Key v="7800,-1400" t="Vector2" n="!$P" />
        <Key v="_EFunc" t="String" n="$T" />
        <Key v="G0" t="String" n="GT" />
        <Key v="Pruchod_Lishak" t="String" n="Var" />
      </Data>
      <Data n="20178894112584e">
        <Key v="7500,-1600" t="Vector2" n="!$P" />
        <Key v="_EGate" t="String" n="$T" />
        <Key v="G1" t="String" n="GT" />
        <Key v="1" t="Int32" n="T2" />
        <Key v="1" t="Decimal" n="Val" />
        <Key v="XResult" t="String" n="Cnt" />
        <Key v="Oeg" t="String" n="O" />
      </Data>
      <Data n="20178894114335e">
        <Key v="7500,-1800" t="Vector2" n="!$P" />
        <Key v="_EGate" t="String" n="$T" />
        <Key v="G1" t="String" n="GT" />
        <Key v="1" t="Int32" n="T2" />
        <Key v="0" t="Decimal" n="Val" />
        <Key v="XResult" t="String" n="Cnt" />
        <Key v="Oeg" t="String" n="O" />
      </Data>
      <Data n="20178894120078e">
        <Key v="7500,-2000" t="Vector2" n="!$P" />
        <Key v="_EGate" t="String" n="$T" />
        <Key v="G1" t="String" n="GT" />
        <Key v="1" t="Int32" n="T2" />
        <Key v="3" t="Decimal" n="Val" />
        <Key v="XResult" t="String" n="Cnt" />
        <Key v="Oeg" t="String" n="O" />
      </Data>
      <Data n="20178894335865e">
        <Key v="7800,-2000" t="Vector2" n="!$P" />
        <Key v="_EFunc" t="String" n="$T" />
        <Key v="G0" t="String" n="GT" />
        <Key v="Pruchod_Lishak" t="String" n="Var" />
      </Data>
      <Data n="20178894119540e">
        <Key v="7500,-2200" t="Vector2" n="!$P" />
        <Key v="_EGate" t="String" n="$T" />
        <Key v="G1" t="String" n="GT" />
        <Key v="1" t="Int32" n="T2" />
        <Key v="2" t="Decimal" n="Val" />
        <Key v="XResult" t="String" n="Cnt" />
        <Key v="Oeg" t="String" n="O" />
      </Data>
      <Data n="20178894336220e">
        <Key v="7800,-2200" t="Vector2" n="!$P" />
        <Key v="_EFunc" t="String" n="$T" />
        <Key v="G0" t="String" n="GT" />
        <Key v="Pruchod_Lishak" t="String" n="Var" />
      </Data>
      <Data n="20178894117922e">
        <Key v="7500,-2400" t="Vector2" n="!$P" />
        <Key v="_EGate" t="String" n="$T" />
        <Key v="G1" t="String" n="GT" />
        <Key v="1" t="Int32" n="T2" />
        <Key v="1" t="Decimal" n="Val" />
        <Key v="XResult" t="String" n="Cnt" />
        <Key v="Oeg" t="String" n="O" />
      </Data>
      <Data n="20178894115586e">
        <Key v="7500,-2600" t="Vector2" n="!$P" />
        <Key v="_EGate" t="String" n="$T" />
        <Key v="G1" t="String" n="GT" />
        <Key v="1" t="Int32" n="T2" />
        <Key v="0" t="Decimal" n="Val" />
        <Key v="XResult" t="String" n="Cnt" />
        <Key v="Oeg" t="String" n="O" />
      </Data>
      <Data n="20178894120420e">
        <Key v="7500,-2800" t="Vector2" n="!$P" />
        <Key v="_EGate" t="String" n="$T" />
        <Key v="G1" t="String" n="GT" />
        <Key v="1" t="Int32" n="T2" />
        <Key v="3" t="Decimal" n="Val" />
        <Key v="XResult" t="String" n="Cnt" />
        <Key v="Oeg" t="String" n="O" />
      </Data>
      <Data n="20178894336650e">
        <Key v="7800,-2800" t="Vector2" n="!$P" />
        <Key v="_EFunc" t="String" n="$T" />
        <Key v="G0" t="String" n="GT" />
        <Key v="Pruchod_Lishak" t="String" n="Var" />
      </Data>
      <Data n="20178894118872e">
        <Key v="7500,-3000" t="Vector2" n="!$P" />
        <Key v="_EGate" t="String" n="$T" />
        <Key v="G1" t="String" n="GT" />
        <Key v="1" t="Int32" n="T2" />
        <Key v="2" t="Decimal" n="Val" />
        <Key v="XResult" t="String" n="Cnt" />
        <Key v="Oeg" t="String" n="O" />
      </Data>
      <Data n="20178894336987e">
        <Key v="7800,-3000" t="Vector2" n="!$P" />
        <Key v="_EFunc" t="String" n="$T" />
        <Key v="G0" t="String" n="GT" />
        <Key v="Pruchod_Lishak" t="String" n="Var" />
      </Data>
      <Data n="20178894117092e">
        <Key v="7500,-3200" t="Vector2" n="!$P" />
        <Key v="_EGate" t="String" n="$T" />
        <Key v="G1" t="String" n="GT" />
        <Key v="1" t="Int32" n="T2" />
        <Key v="1" t="Decimal" n="Val" />
        <Key v="XResult" t="String" n="Cnt" />
        <Key v="Oeg" t="String" n="O" />
      </Data>
      <Data n="20178894116566e">
        <Key v="7500,-3400" t="Vector2" n="!$P" />
        <Key v="_EGate" t="String" n="$T" />
        <Key v="G1" t="String" n="GT" />
        <Key v="1" t="Int32" n="T2" />
        <Key v="0" t="Decimal" n="Val" />
        <Key v="XResult" t="String" n="Cnt" />
        <Key v="Oeg" t="String" n="O" />
      </Data>
      <Data n="20186517254866e">
        <Key v="7200,-5400" t="Vector2" n="!$P" />
        <Key v="20202866798502" t="String" n="$T" />
        <Key v="Ah, rozmyslel jsem si to..." t="String" n="%X" />
      </Data>
      <Data n="20186517246628e">
        <Key v="7650,-5600" t="Vector2" n="!$P" />
        <Key v="20202866798502" t="String" n="$T" />
        <Key v="Tak jdeme." t="String" n="%X" />
      </Data>
      <Data n="20178893705854e">
        <Key v="8250,-1200" t="Vector2" n="!$P" />
        <Key v="20202866798502" t="String" n="$T" />
        <Key v="%M1" t="String" n="T" />
        <Key v="Bude to zadarmo" t="String" n="%X" />
      </Data>
      <Data n="20178893706066e">
        <Key v="8250,-1400" t="Vector2" n="!$P" />
        <Key v="20202866798502" t="String" n="$T" />
        <Key v="%M1" t="String" n="T" />
        <Key v="Vezme si peníze a pustí postavy dál" t="String" n="%X" />
      </Data>
      <Data n="20178893706250e">
        <Key v="7950,-1600" t="Vector2" n="!$P" />
        <Key v="20202866798502" t="String" n="$T" />
        <Key v="%M1" t="String" n="T" />
        <Key v="Neveme si peníze a ani nepustí postavy dál." t="String" n="%X" />
      </Data>
      <Data n="20178893706429e">
        <Key v="7950,-1800" t="Vector2" n="!$P" />
        <Key v="20202866798502" t="String" n="$T" />
        <Key v="%M1" t="String" n="T" />
        <Key v="Peníze si vezme, ale postavy dál stejně nepustí." t="String" n="%X" />
      </Data>
      <Data n="20178893707000e">
        <Key v="8250,-2000" t="Vector2" n="!$P" />
        <Key v="20202866798502" t="String" n="$T" />
        <Key v="%M1" t="String" n="T" />
        <Key v="Bude to zadarmo" t="String" n="%X" />
      </Data>
      <Data n="20178893707184e">
        <Key v="8250,-2200" t="Vector2" n="!$P" />
        <Key v="20202866798502" t="String" n="$T" />
        <Key v="%M1" t="String" n="T" />
        <Key v="Vezme si peníze a pustí postavy dál" t="String" n="%X" />
      </Data>
      <Data n="20178893707359e">
        <Key v="7950,-2400" t="Vector2" n="!$P" />
        <Key v="20202866798502" t="String" n="$T" />
        <Key v="%M1" t="String" n="T" />
        <Key v="Neveme si peníze a ani nepustí postavy dál." t="String" n="%X" />
      </Data>
      <Data n="20178893707538e">
        <Key v="7950,-2600" t="Vector2" n="!$P" />
        <Key v="20202866798502" t="String" n="$T" />
        <Key v="%M1" t="String" n="T" />
        <Key v="Peníze si vezme, ale postavy dál stejně nepustí." t="String" n="%X" />
      </Data>
      <Data n="20178893708352e">
        <Key v="8250,-2800" t="Vector2" n="!$P" />
        <Key v="20202866798502" t="String" n="$T" />
        <Key v="%M1" t="String" n="T" />
        <Key v="Bude to zadarmo" t="String" n="%X" />
      </Data>
      <Data n="20178893708614e">
        <Key v="8250,-3000" t="Vector2" n="!$P" />
        <Key v="20202866798502" t="String" n="$T" />
        <Key v="%M1" t="String" n="T" />
        <Key v="Vezme si peníze a pustí postavy dál" t="String" n="%X" />
      </Data>
      <Data n="20178893708856e">
        <Key v="7950,-3200" t="Vector2" n="!$P" />
        <Key v="20202866798502" t="String" n="$T" />
        <Key v="%M1" t="String" n="T" />
        <Key v="Neveme si peníze a ani nepustí postavy dál." t="String" n="%X" />
      </Data>
      <Data n="20178893709081e">
        <Key v="7950,-3400" t="Vector2" n="!$P" />
        <Key v="20202866798502" t="String" n="$T" />
        <Key v="%M1" t="String" n="T" />
        <Key v="Peníze si vezme, ale postavy dál stejně nepustí." t="String" n="%X" />
      </Data>
      <Data n="20187956174539e">
        <Key v="8250,-5600" t="Vector2" n="!$P" />
        <Key v="20206371455404" t="String" n="$T" />
        <Key v="CkE" t="String" n="GT" />
        <Key v="SaS" t="String" n="T" />
        <Key v="E20187956065755" t="String" n="Ev" />
      </Data>
      <Data n="20179520007661e">
        <Key v="8700,-5600" t="Vector2" n="!$P" />
        <Key v="20206371455404" t="String" n="$T" />
        <Key v="Script na chůzi po vesnici až k domu Lishaka" t="String" n="!%Txt" />
        <Key v="" t="String" n="GT" />
      </Data>
    </Data>
    <Data n="$Conns">
      <Data n="20178894313117c">
        <Key v="20178894313117e" t="String" n="$E" />
      </Data>
      <Data n="20178894309990c">
        <Key v="20178894309990e" t="String" n="$E" />
      </Data>
      <Data n="20178894311936c">
        <Key v="20178894311936e" t="String" n="$E" />
        <Key v="20178894313117e" t="String" n="$S" />
      </Data>
      <Data n="20178891502779c">
        <Key v="20178891502779e" t="String" n="$E" />
        <Key v="20178894309990e" t="String" n="$S" />
      </Data>
      <Data n="20178894318564c">
        <Key v="20178894318564e" t="String" n="$E" />
        <Key v="20178894311936e" t="String" n="$S" />
      </Data>
      <Data n="20178894318748c">
        <Key v="20178894318748e" t="String" n="$E" />
        <Key v="20178894311936e" t="String" n="$S" />
      </Data>
      <Data n="20178894326533c">
        <Key v="20178894326533e" t="String" n="$E" />
        <Key v="20178894318748e" t="String" n="$S" />
      </Data>
      <Data n="20178892080779c">
        <Key v="20178892080779e" t="String" n="$E" />
        <Key v="20178891502779e" t="String" n="$S" />
      </Data>
      <Data n="20178894318565c">
        <Key v="20178894318565e" t="String" n="$E" />
        <Key v="20178894318564e" t="String" n="$S" />
      </Data>
      <Data n="20178894318747c">
        <Key v="20178894318747e" t="String" n="$E" />
        <Key v="20178894326533e" t="String" n="$S" />
      </Data>
      <Data n="20178892089033c">
        <Key v="20178892089033e" t="String" n="$E" />
        <Key v="20178892080779e" t="String" n="$S" />
      </Data>
      <Data n="20186515845498c">
        <Key v="20186515845498e" t="String" n="$E" />
        <Key v="20178892089033e" t="String" n="$S" />
      </Data>
      <Data n="20178892084787c">
        <Key v="20178892084787e" t="String" n="$E" />
        <Key v="20178892080779e" t="String" n="$S" />
      </Data>
      <Data n="20187955708609c">
        <Key v="20187955708609e" t="String" n="$E" />
        <Key v="20178892080779e" t="String" n="$S" />
      </Data>
      <Data n="20178892084996c">
        <Key v="20178892084996e" t="String" n="$E" />
        <Key v="20187955708609e" t="String" n="$S" />
      </Data>
      <Data n="20178892115121c">
        <Key v="20178892115121e" t="String" n="$E" />
        <Key v="20178892080779e" t="String" n="$S" />
      </Data>
      <Data n="20178893322355c">
        <Key v="20178893322355e" t="String" n="$E" />
        <Key v="20178892115121e" t="String" n="$S" />
      </Data>
      <Data n="20187955715225c">
        <Key v="20187955715225e" t="String" n="$E" />
        <Key v="20178892080779e" t="String" n="$S" />
      </Data>
      <Data n="20178892089032c">
        <Key v="20178892089032e" t="String" n="$E" />
        <Key v="20186515845498e" t="String" n="$S" />
      </Data>
      <Data n="20178892084788c">
        <Key v="20178892084788e" t="String" n="$E" />
        <Key v="20178892084787e" t="String" n="$S" />
      </Data>
      <Data n="20178892084995c">
        <Key v="20178892084995e" t="String" n="$E" />
        <Key v="20178892084996e" t="String" n="$S" />
      </Data>
      <Data n="20178892115122c">
        <Key v="20178892115122e" t="String" n="$E" />
        <Key v="20178893322355e" t="String" n="$S" />
      </Data>
      <Data n="20187955715224c">
        <Key v="20187955715224e" t="String" n="$E" />
        <Key v="20187955715225e" t="String" n="$S" />
      </Data>
      <Data n="20178892110079c">
        <Key v="20178892110079e" t="String" n="$E" />
        <Key v="20178892089032e" t="String" n="$S" />
      </Data>
      <Data n="20178892093065c">
        <Key v="20178892093065e" t="String" n="$E" />
        <Key v="20178892084788e" t="String" n="$S" />
      </Data>
      <Data n="20178894374097c">
        <Key v="20178894374097e" t="String" n="$E" />
        <Key v="20178892084995e" t="String" n="$S" />
      </Data>
      <Data n="20178894444865c">
        <Key v="20178894444865e" t="String" n="$E" />
        <Key v="20178894374097e" t="String" n="$S" />
      </Data>
      <Data n="20178892119733c">
        <Key v="20178892119733e" t="String" n="$E" />
        <Key v="20178892084995e" t="String" n="$S" />
      </Data>
      <Data n="20187955732734c">
        <Key v="20187955732734e" t="String" n="$E" />
        <Key v="20187955715224e" t="String" n="$S" />
      </Data>
      <Data n="20206616255986c">
        <Key v="20178892080779e" t="String" n="$E" />
        <Key v="20178892093065e" t="String" n="$S" />
      </Data>
      <Data n="20178894369736c">
        <Key v="20178894369736e" t="String" n="$E" />
        <Key v="20178894444865e" t="String" n="$S" />
      </Data>
      <Data n="20178892125400c">
        <Key v="20178892125400e" t="String" n="$E" />
        <Key v="20178892119733e" t="String" n="$S" />
      </Data>
      <Data n="20187955756817c">
        <Key v="20187955756817e" t="String" n="$E" />
        <Key v="20187955732734e" t="String" n="$S" />
      </Data>
      <Data n="20178893313098c">
        <Key v="20178893313098e" t="String" n="$E" />
        <Key v="20178892125400e" t="String" n="$S" />
      </Data>
      <Data n="20178893319557c">
        <Key v="20178893319557e" t="String" n="$E" />
        <Key v="20178893313098e" t="String" n="$S" />
      </Data>
      <Data n="20178893720483c">
        <Key v="20178893720483e" t="String" n="$E" />
        <Key v="20178892125400e" t="String" n="$S" />
      </Data>
      <Data n="20181885307985c">
        <Key v="20181885307985e" t="String" n="$E" />
        <Key v="20178893720483e" t="String" n="$S" />
      </Data>
      <Data n="20178892176798c">
        <Key v="20178892176798e" t="String" n="$E" />
        <Key v="20181885307985e" t="String" n="$S" />
      </Data>
      <Data n="20178894131337c">
        <Key v="20178894131337e" t="String" n="$E" />
        <Key v="20178892125400e" t="String" n="$S" />
      </Data>
      <Data n="20178892176990c">
        <Key v="20178892176990e" t="String" n="$E" />
        <Key v="20178894131337e" t="String" n="$S" />
      </Data>
      <Data n="20178894131950c">
        <Key v="20178894131950e" t="String" n="$E" />
        <Key v="20178892125400e" t="String" n="$S" />
      </Data>
      <Data n="20181885305871c">
        <Key v="20181885305871e" t="String" n="$E" />
        <Key v="20178894131950e" t="String" n="$S" />
      </Data>
      <Data n="20178892177165c">
        <Key v="20178892177165e" t="String" n="$E" />
        <Key v="20181885305871e" t="String" n="$S" />
      </Data>
      <Data n="20178893724416c">
        <Key v="20178893724416e" t="String" n="$E" />
        <Key v="20178892125400e" t="String" n="$S" />
      </Data>
      <Data n="20186515869873c">
        <Key v="20186515869873e" t="String" n="$E" />
        <Key v="20178893724416e" t="String" n="$S" />
      </Data>
      <Data n="20186517281799c">
        <Key v="20186517281799e" t="String" n="$E" />
        <Key v="20178892125400e" t="String" n="$S" />
      </Data>
      <Data n="20178966405241c">
        <Key v="20178966405241e" t="String" n="$E" />
        <Key v="20186517281799e" t="String" n="$S" />
      </Data>
      <Data n="20186515823000c">
        <Key v="20186515823000e" t="String" n="$E" />
        <Key v="20178892125400e" t="String" n="$S" />
      </Data>
      <Data n="20179520803762c">
        <Key v="20179520803762e" t="String" n="$E" />
        <Key v="20186515823000e" t="String" n="$S" />
      </Data>
      <Data n="20187955761113c">
        <Key v="20187955761113e" t="String" n="$E" />
        <Key v="20187955756817e" t="String" n="$S" />
      </Data>
      <Data n="20178893313097c">
        <Key v="20178893313097e" t="String" n="$E" />
        <Key v="20178893319557e" t="String" n="$S" />
      </Data>
      <Data n="20178892176797c">
        <Key v="20178892176797e" t="String" n="$E" />
        <Key v="20178892176798e" t="String" n="$S" />
      </Data>
      <Data n="20178892176989c">
        <Key v="20178892176989e" t="String" n="$E" />
        <Key v="20178892176990e" t="String" n="$S" />
      </Data>
      <Data n="20178892177164c">
        <Key v="20178892177164e" t="String" n="$E" />
        <Key v="20178892177165e" t="String" n="$S" />
      </Data>
      <Data n="20178893724415c">
        <Key v="20178893724415e" t="String" n="$E" />
        <Key v="20186515869873e" t="String" n="$S" />
      </Data>
      <Data n="20178966405242c">
        <Key v="20178966405242e" t="String" n="$E" />
        <Key v="20178966405241e" t="String" n="$S" />
      </Data>
      <Data n="20179520803763c">
        <Key v="20179520803763e" t="String" n="$E" />
        <Key v="20179520803762e" t="String" n="$S" />
      </Data>
      <Data n="20187955806380c">
        <Key v="20187955806380e" t="String" n="$E" />
        <Key v="20187955761113e" t="String" n="$S" />
      </Data>
      <Data n="20178893449557c">
        <Key v="20178893449557e" t="String" n="$E" />
        <Key v="20178892176797e" t="String" n="$S" />
      </Data>
      <Data n="20178893449749c">
        <Key v="20178893449749e" t="String" n="$E" />
        <Key v="20178892176797e" t="String" n="$S" />
      </Data>
      <Data n="20178893449979c">
        <Key v="20178893449979e" t="String" n="$E" />
        <Key v="20178892176797e" t="String" n="$S" />
      </Data>
      <Data n="20178894125937c">
        <Key v="20178894125937e" t="String" n="$E" />
        <Key v="20178892176989e" t="String" n="$S" />
      </Data>
      <Data n="20178894337830c">
        <Key v="20178894337830e" t="String" n="$E" />
        <Key v="20178894125937e" t="String" n="$S" />
      </Data>
      <Data n="20178897500262c">
        <Key v="20178897500262e" t="String" n="$E" />
        <Key v="20178894337830e" t="String" n="$S" />
      </Data>
      <Data n="20178894126349c">
        <Key v="20178894126349e" t="String" n="$E" />
        <Key v="20178892176989e" t="String" n="$S" />
      </Data>
      <Data n="20178894338230c">
        <Key v="20178894338230e" t="String" n="$E" />
        <Key v="20178894126349e" t="String" n="$S" />
      </Data>
      <Data n="20178894126775c">
        <Key v="20178894126775e" t="String" n="$E" />
        <Key v="20178892176989e" t="String" n="$S" />
      </Data>
      <Data n="20178894127196c">
        <Key v="20178894127196e" t="String" n="$E" />
        <Key v="20178892176989e" t="String" n="$S" />
      </Data>
      <Data n="20181885301651c">
        <Key v="20181885301651e" t="String" n="$E" />
        <Key v="20178894127196e" t="String" n="$S" />
      </Data>
      <Data n="20178894128843c">
        <Key v="20178894128843e" t="String" n="$E" />
        <Key v="20178892177164e" t="String" n="$S" />
      </Data>
      <Data n="20178894338572c">
        <Key v="20178894338572e" t="String" n="$E" />
        <Key v="20178894128843e" t="String" n="$S" />
      </Data>
      <Data n="20178897502835c">
        <Key v="20178897502835e" t="String" n="$E" />
        <Key v="20178894338572e" t="String" n="$S" />
      </Data>
      <Data n="20178894128485c">
        <Key v="20178894128485e" t="String" n="$E" />
        <Key v="20178892177164e" t="String" n="$S" />
      </Data>
      <Data n="20178894338918c">
        <Key v="20178894338918e" t="String" n="$E" />
        <Key v="20178894128485e" t="String" n="$S" />
      </Data>
      <Data n="20178894128034c">
        <Key v="20178894128034e" t="String" n="$E" />
        <Key v="20178892177164e" t="String" n="$S" />
      </Data>
      <Data n="20178894127600c">
        <Key v="20178894127600e" t="String" n="$E" />
        <Key v="20178892177164e" t="String" n="$S" />
      </Data>
      <Data n="20178894345232c">
        <Key v="20178894345232e" t="String" n="$E" />
        <Key v="20178894127600e" t="String" n="$S" />
      </Data>
      <Data n="20181885205542c">
        <Key v="20181885205542e" t="String" n="$E" />
        <Key v="20178966405242e" t="String" n="$S" />
      </Data>
      <Data n="20179520819037c">
        <Key v="20179520819037e" t="String" n="$E" />
        <Key v="20179520803763e" t="String" n="$S" />
      </Data>
      <Data n="20187955786647c">
        <Key v="20187955786647e" t="String" n="$E" />
        <Key v="20187955806380e" t="String" n="$S" />
      </Data>
      <Data n="20178893449556c">
        <Key v="20178893449556e" t="String" n="$E" />
        <Key v="20178893449557e" t="String" n="$S" />
      </Data>
      <Data n="20178893449750c">
        <Key v="20178893449750e" t="String" n="$E" />
        <Key v="20178893449749e" t="String" n="$S" />
      </Data>
      <Data n="20178893449978c">
        <Key v="20178893449978e" t="String" n="$E" />
        <Key v="20178893449979e" t="String" n="$S" />
      </Data>
      <Data n="20178893710470c">
        <Key v="20178893710470e" t="String" n="$E" />
        <Key v="20178897500262e" t="String" n="$S" />
      </Data>
      <Data n="20178893710695c">
        <Key v="20178893710695e" t="String" n="$E" />
        <Key v="20178894338230e" t="String" n="$S" />
      </Data>
      <Data n="20178893710904c">
        <Key v="20178893710904e" t="String" n="$E" />
        <Key v="20178894126775e" t="String" n="$S" />
      </Data>
      <Data n="20178893711112c">
        <Key v="20178893711112e" t="String" n="$E" />
        <Key v="20181885301651e" t="String" n="$S" />
      </Data>
      <Data n="20178893712188c">
        <Key v="20178893712188e" t="String" n="$E" />
        <Key v="20178897502835e" t="String" n="$S" />
      </Data>
      <Data n="20178893712434c">
        <Key v="20178893712434e" t="String" n="$E" />
        <Key v="20178894338918e" t="String" n="$S" />
      </Data>
      <Data n="20178893712680c">
        <Key v="20178893712680e" t="String" n="$E" />
        <Key v="20178894128034e" t="String" n="$S" />
      </Data>
      <Data n="20178893712897c">
        <Key v="20178893712897e" t="String" n="$E" />
        <Key v="20178894345232e" t="String" n="$S" />
      </Data>
      <Data n="20186517254865c">
        <Key v="20186517254865e" t="String" n="$E" />
        <Key v="20181885205542e" t="String" n="$S" />
      </Data>
      <Data n="20186517246629c">
        <Key v="20186517246629e" t="String" n="$E" />
        <Key v="20181885205542e" t="String" n="$S" />
      </Data>
      <Data n="20179520886564c">
        <Key v="20179520886564e" t="String" n="$E" />
        <Key v="20186517246629e" t="String" n="$S" />
      </Data>
      <Data n="20179520812294c">
        <Key v="20179520812294e" t="String" n="$E" />
        <Key v="20179520819037e" t="String" n="$S" />
      </Data>
      <Data n="20206616256054c">
        <Key v="20181885205542e" t="String" n="$E" />
        <Key v="20187955786647e" t="String" n="$S" />
      </Data>
      <Data n="20178894109581c">
        <Key v="20178894109581e" t="String" n="$E" />
        <Key v="20178893449556e" t="String" n="$S" />
      </Data>
      <Data n="20178894301504c">
        <Key v="20178894301504e" t="String" n="$E" />
        <Key v="20178894109581e" t="String" n="$S" />
      </Data>
      <Data n="20178894111491c">
        <Key v="20178894111491e" t="String" n="$E" />
        <Key v="20178893449556e" t="String" n="$S" />
      </Data>
      <Data n="20178894335449c">
        <Key v="20178894335449e" t="String" n="$E" />
        <Key v="20178894111491e" t="String" n="$S" />
      </Data>
      <Data n="20178894112584c">
        <Key v="20178894112584e" t="String" n="$E" />
        <Key v="20178893449556e" t="String" n="$S" />
      </Data>
      <Data n="20178894114335c">
        <Key v="20178894114335e" t="String" n="$E" />
        <Key v="20178893449556e" t="String" n="$S" />
      </Data>
      <Data n="20178894120078c">
        <Key v="20178894120078e" t="String" n="$E" />
        <Key v="20178893449750e" t="String" n="$S" />
      </Data>
      <Data n="20178894335865c">
        <Key v="20178894335865e" t="String" n="$E" />
        <Key v="20178894120078e" t="String" n="$S" />
      </Data>
      <Data n="20178894119540c">
        <Key v="20178894119540e" t="String" n="$E" />
        <Key v="20178893449750e" t="String" n="$S" />
      </Data>
      <Data n="20178894336220c">
        <Key v="20178894336220e" t="String" n="$E" />
        <Key v="20178894119540e" t="String" n="$S" />
      </Data>
      <Data n="20178894117922c">
        <Key v="20178894117922e" t="String" n="$E" />
        <Key v="20178893449750e" t="String" n="$S" />
      </Data>
      <Data n="20178894115586c">
        <Key v="20178894115586e" t="String" n="$E" />
        <Key v="20178893449750e" t="String" n="$S" />
      </Data>
      <Data n="20178894120420c">
        <Key v="20178894120420e" t="String" n="$E" />
        <Key v="20178893449978e" t="String" n="$S" />
      </Data>
      <Data n="20178894336650c">
        <Key v="20178894336650e" t="String" n="$E" />
        <Key v="20178894120420e" t="String" n="$S" />
      </Data>
      <Data n="20178894118872c">
        <Key v="20178894118872e" t="String" n="$E" />
        <Key v="20178893449978e" t="String" n="$S" />
      </Data>
      <Data n="20178894336987c">
        <Key v="20178894336987e" t="String" n="$E" />
        <Key v="20178894118872e" t="String" n="$S" />
      </Data>
      <Data n="20178894117092c">
        <Key v="20178894117092e" t="String" n="$E" />
        <Key v="20178893449978e" t="String" n="$S" />
      </Data>
      <Data n="20178894116566c">
        <Key v="20178894116566e" t="String" n="$E" />
        <Key v="20178893449978e" t="String" n="$S" />
      </Data>
      <Data n="20206616256073c">
        <Key v="20178892125400e" t="String" n="$E" />
        <Key v="20178893710904e" t="String" n="$S" />
      </Data>
      <Data n="20206616256074c">
        <Key v="20178892125400e" t="String" n="$E" />
        <Key v="20178893711112e" t="String" n="$S" />
      </Data>
      <Data n="20206616256075c">
        <Key v="20178892125400e" t="String" n="$E" />
        <Key v="20178893712680e" t="String" n="$S" />
      </Data>
      <Data n="20186517254866c">
        <Key v="20186517254866e" t="String" n="$E" />
        <Key v="20186517254865e" t="String" n="$S" />
      </Data>
      <Data n="20186517246628c">
        <Key v="20186517246628e" t="String" n="$E" />
        <Key v="20179520886564e" t="String" n="$S" />
      </Data>
      <Data n="20178893705854c">
        <Key v="20178893705854e" t="String" n="$E" />
        <Key v="20178894301504e" t="String" n="$S" />
      </Data>
      <Data n="20178893706066c">
        <Key v="20178893706066e" t="String" n="$E" />
        <Key v="20178894335449e" t="String" n="$S" />
      </Data>
      <Data n="20178893706250c">
        <Key v="20178893706250e" t="String" n="$E" />
        <Key v="20178894112584e" t="String" n="$S" />
      </Data>
      <Data n="20178893706429c">
        <Key v="20178893706429e" t="String" n="$E" />
        <Key v="20178894114335e" t="String" n="$S" />
      </Data>
      <Data n="20178893707000c">
        <Key v="20178893707000e" t="String" n="$E" />
        <Key v="20178894335865e" t="String" n="$S" />
      </Data>
      <Data n="20178893707184c">
        <Key v="20178893707184e" t="String" n="$E" />
        <Key v="20178894336220e" t="String" n="$S" />
      </Data>
      <Data n="20178893707359c">
        <Key v="20178893707359e" t="String" n="$E" />
        <Key v="20178894117922e" t="String" n="$S" />
      </Data>
      <Data n="20178893707538c">
        <Key v="20178893707538e" t="String" n="$E" />
        <Key v="20178894115586e" t="String" n="$S" />
      </Data>
      <Data n="20178893708352c">
        <Key v="20178893708352e" t="String" n="$E" />
        <Key v="20178894336650e" t="String" n="$S" />
      </Data>
      <Data n="20178893708614c">
        <Key v="20178893708614e" t="String" n="$E" />
        <Key v="20178894336987e" t="String" n="$S" />
      </Data>
      <Data n="20178893708856c">
        <Key v="20178893708856e" t="String" n="$E" />
        <Key v="20178894117092e" t="String" n="$S" />
      </Data>
      <Data n="20178893709081c">
        <Key v="20178893709081e" t="String" n="$E" />
        <Key v="20178894116566e" t="String" n="$S" />
      </Data>
      <Data n="20206616256091c">
        <Key v="20178892125400e" t="String" n="$E" />
        <Key v="20186517254866e" t="String" n="$S" />
      </Data>
      <Data n="20187956174539c">
        <Key v="20187956174539e" t="String" n="$E" />
        <Key v="20186517246628e" t="String" n="$S" />
      </Data>
      <Data n="20179520007661c">
        <Key v="20179520007661e" t="String" n="$E" />
        <Key v="20187956174539e" t="String" n="$S" />
      </Data>
      <Data n="20206616256094c">
        <Key v="20178892125400e" t="String" n="$E" />
        <Key v="20178893706250e" t="String" n="$S" />
      </Data>
      <Data n="20206616256095c">
        <Key v="20178892125400e" t="String" n="$E" />
        <Key v="20178893706429e" t="String" n="$S" />
      </Data>
      <Data n="20206616256096c">
        <Key v="20178892125400e" t="String" n="$E" />
        <Key v="20178893707359e" t="String" n="$S" />
      </Data>
      <Data n="20206616256097c">
        <Key v="20178892125400e" t="String" n="$E" />
        <Key v="20178893707538e" t="String" n="$S" />
      </Data>
      <Data n="20206616256098c">
        <Key v="20178892125400e" t="String" n="$E" />
        <Key v="20178893708856e" t="String" n="$S" />
      </Data>
      <Data n="20206616256099c">
        <Key v="20178892125400e" t="String" n="$E" />
        <Key v="20178893709081e" t="String" n="$S" />
      </Data>
    </Data>
  </Data>
</DataRoot>