﻿<?xml version="1.0" encoding="utf-8"?>
<DataRoot n="D">
  <Data n="20165198199267">
    <Data n="$Elems">
      <Data n="20165923520024e">
        <Key v="450,0" t="Vector2" n="!$P" />
        <Key v="20206352251934" t="String" n="$T" />
        <Key v="CkQ" t="String" n="GT" />
        <Key v="SkN" t="String" n="T" />
        <Key v="Q20165923450626" t="String" n="Qs" />
      </Data>
      <Data n="20165922756242e">
        <Key v="450,-1800" t="Vector2" n="!$P" />
        <Key v="_EGate" t="String" n="$T" />
        <Key v="G4" t="String" n="GT" />
      </Data>
      <Data n="20165923638313e">
        <Key v="450,-3800" t="Vector2" n="!$P" />
        <Key v="20206352251934" t="String" n="$T" />
        <Key v="CkQ" t="String" n="GT" />
        <Key v="SkA" t="String" n="T" />
        <Key v="Q20165923450626" t="String" n="Qs" />
      </Data>
      <Data n="20165923650243e">
        <Key v="450,-4800" t="Vector2" n="!$P" />
        <Key v="20206352251934" t="String" n="$T" />
        <Key v="CkQ" t="String" n="GT" />
        <Key v="SkF" t="String" n="T" />
        <Key v="Q20165923450626" t="String" n="Qs" />
      </Data>
      <Data n="20165922744427e">
        <Key v="900,0" t="Vector2" n="!$P" />
        <Key v="20202866798502" t="String" n="$T" />
        <Key v="%M1" t="String" n="T" />
        <Key v="Ach, to jste vy... Tak jste se nakonec rozhodli pomoci vetchému starci?" t="String" n="%X" />
      </Data>
      <Data n="20165534129071e">
        <Key v="900,-1800" t="Vector2" n="!$P" />
        <Key v="20202866798502" t="String" n="$T" />
        <Key v="%M1" t="String" n="T" />
        <Key v="Tak je tady máme, vandaly, co devastují můj překrásný hvozd. Přijdete si nezvaní do mého domova a zabíjíte zvířata pod mou ochranou. Jako bych neměl dost starostí..." t="String" n="%X" />
      </Data>
      <Data n="20165923523879e">
        <Key v="900,-3800" t="Vector2" n="!$P" />
        <Key v="20202866798502" t="String" n="$T" />
        <Key v="%M1" t="String" n="T" />
        <Key v="Zdravím vás, tak jak to vypadá s Alchymistou? Nějaké novinky?" t="String" n="%X" />
      </Data>
      <Data n="20165923648397e">
        <Key v="900,-4800" t="Vector2" n="!$P" />
        <Key v="20202866798502" t="String" n="$T" />
        <Key v="%M1" t="String" n="T" />
        <Key v="Zdravím vás přátelé, co pro vás může starý Oughim udělat?" t="String" n="%X" />
      </Data>
      <Data n="20165923683381e">
        <Key v="1500,0" t="Vector2" n="!$P" />
        <Key v="20202934699316" t="String" n="$T" />
        <Key v="Odejít" t="String" n="%CX" />
      </Data>
      <Data n="20165923682034e">
        <Key v="1500,-200" t="Vector2" n="!$P" />
        <Key v="20202934699316" t="String" n="$T" />
        <Key v="Pomoci mu" t="String" n="%CX" />
      </Data>
      <Data n="20165923708929e">
        <Key v="1500,-1600" t="Vector2" n="!$P" />
        <Key v="_EGate" t="String" n="$T" />
        <Key v="G0" t="String" n="GT" />
        <Key v="1" t="Int32" n="Ex" />
        <Key v="Oughim_presvedcen" t="String" n="Var" />
      </Data>
      <Data n="20165923682605e">
        <Key v="1800,-1600" t="Vector2" n="!$P" />
        <Key v="20202934699316" t="String" n="$T" />
        <Key v="Ohledně čaroděje Thémila" t="String" n="%CX" />
      </Data>
      <Data n="20165534203295e">
        <Key v="1500,-1800" t="Vector2" n="!$P" />
        <Key v="20202934699316" t="String" n="$T" />
        <Key v="Vyhrožovat" t="String" n="%CX" />
        <Key v="RoI" t="String" n="Spc" />
        <Key v="L4" t="String" n="Lvl" />
      </Data>
      <Data n="20165534203466e">
        <Key v="1500,-3400" t="Vector2" n="!$P" />
        <Key v="20202934699316" t="String" n="$T" />
        <Key v="Omluvit" t="String" n="%CX" />
      </Data>
      <Data n="20165534203629e">
        <Key v="1500,-3600" t="Vector2" n="!$P" />
        <Key v="20202934699316" t="String" n="$T" />
        <Key v="Jednat přímo" t="String" n="%CX" />
      </Data>
      <Data n="20165923761666e">
        <Key v="1500,-3800" t="Vector2" n="!$P" />
        <Key v="20202934699316" t="String" n="$T" />
        <Key v="Žádná změna" t="String" n="%CX" />
      </Data>
      <Data n="20165923785459e">
        <Key v="1500,-4000" t="Vector2" n="!$P" />
        <Key v="_EGate" t="String" n="$T" />
        <Key v="G1" t="String" n="GT" />
        <Key v="1" t="Int32" n="T2" />
        <Key v="2" t="Decimal" n="Val" />
        <Key v="Alchymista" t="String" n="Cnt" />
        <Key v="Oeg" t="String" n="O" />
      </Data>
      <Data n="20165923762171e">
        <Key v="1800,-4000" t="Vector2" n="!$P" />
        <Key v="20202934699316" t="String" n="$T" />
        <Key v="Problém vyřešen" t="String" n="%CX" />
      </Data>
      <Data n="20165924651166e">
        <Key v="1500,-4800" t="Vector2" n="!$P" />
        <Key v="20202934699316" t="String" n="$T" />
        <Key v="Jídlo a nocleh" t="String" n="%CX" />
      </Data>
      <Data n="20165924651736e">
        <Key v="1500,-5000" t="Vector2" n="!$P" />
        <Key v="20202934699316" t="String" n="$T" />
        <Key v="Odejít" t="String" n="%CX" />
      </Data>
      <Data n="20165923683380e">
        <Key v="1950,0" t="Vector2" n="!$P" />
        <Key v="20202866798502" t="String" n="$T" />
        <Key v="Nene, raděj půjdem pryč." t="String" n="%X" />
      </Data>
      <Data n="20165923682033e">
        <Key v="1950,-200" t="Vector2" n="!$P" />
        <Key v="20202866798502" t="String" n="$T" />
        <Key v="Přesně tak, tak povídej, co pro tebe můžem udělat." t="String" n="%X" />
      </Data>
      <Data n="20165923682604e">
        <Key v="2250,-1600" t="Vector2" n="!$P" />
        <Key v="20202866798502" t="String" n="$T" />
        <Key v="Ještě jednou bychom se tě chtěli zeptat na Thémila." t="String" n="%X" />
      </Data>
      <Data n="20165534203296e">
        <Key v="1950,-1800" t="Vector2" n="!$P" />
        <Key v="20202866798502" t="String" n="$T" />
        <Key v="Myslíš, že se zalekneme nějakého starého blázna žijícího uprostřed lesů? Ano zabili jsme spoustu agresivních zvířat a jestli nám neřekneš, co chceme slyšet, klidně k nim přidáme i tebe." t="String" n="%X" />
      </Data>
      <Data n="20165534203465e">
        <Key v="1950,-3400" t="Vector2" n="!$P" />
        <Key v="20202866798502" t="String" n="$T" />
        <Key v="Ale ty zvířata na nás zaútočila, neměli jsme v plánu je zbytečně zabíjet. Mrzí nás to." t="String" n="%X" />
      </Data>
      <Data n="20165534203630e">
        <Key v="1950,-3600" t="Vector2" n="!$P" />
        <Key v="20202866798502" t="String" n="$T" />
        <Key v="Heleď druide, chodíme si kudy chceme, zabíjíme co chceme. Nevidíme důvod k tomu, proč by pár zdivočelých vlků, či agresivních medvědů nemělo padnout naší rukou." t="String" n="%X" />
      </Data>
      <Data n="20165923761665e">
        <Key v="1950,-3800" t="Vector2" n="!$P" />
        <Key v="20202866798502" t="String" n="$T" />
        <Key v="Zatím nic nového, ale pracujeme na tom." t="String" n="%X" />
      </Data>
      <Data n="20165923762172e">
        <Key v="2250,-4000" t="Vector2" n="!$P" />
        <Key v="20202866798502" t="String" n="$T" />
        <Key v="Už je to vyřešené Oughime, alchymista už tě nadále nebude obtěžovat." t="String" n="%X" />
      </Data>
      <Data n="20165924651165e">
        <Key v="1950,-4800" t="Vector2" n="!$P" />
        <Key v="20202866798502" t="String" n="$T" />
        <Key v="Dobré jídlo a postel je přesně to co bychom potřebovali." t="String" n="%X" />
      </Data>
      <Data n="20165924651735e">
        <Key v="1950,-5000" t="Vector2" n="!$P" />
        <Key v="20202866798502" t="String" n="$T" />
        <Key v="Nic nepotřebujem Oughime. Měj se..." t="String" n="%X" />
      </Data>
      <Data n="20165534798027e">
        <Key v="2550,-200" t="Vector2" n="!$P" />
        <Key v="20202866798502" t="String" n="$T" />
        <Key v="%M1" t="String" n="T" />
        <Key v="Prostě severně odsud se usadil jeden alchymista. Ze začátku si postavil menší srub a dělal nejrůznšjší pokusy s výbušninami. Vytvořil tak menší paseku na okraji hvozdu a zde jsem si jeho nepřípustného chování vůči přírodě všiml." t="String" n="%X" />
      </Data>
      <Data n="20165922392587e">
        <Key v="2850,-1600" t="Vector2" n="!$P" />
        <Key v="20206495856812" t="String" n="$T" />
        <Key v="Otázky ohledně Thémila." t="String" n="!%Txt" />
      </Data>
      <Data n="20165534297963e">
        <Key v="2550,-1800" t="Vector2" n="!$P" />
        <Key v="_EGate" t="String" n="$T" />
        <Key v="G1" t="String" n="GT" />
        <Key v="1" t="Int32" n="T2" />
        <Key v="2" t="Decimal" n="Val" />
        <Key v="XResult" t="String" n="Cnt" />
        <Key v="Oeg" t="String" n="O" />
      </Data>
      <Data n="20165534301066e">
        <Key v="2550,-3200" t="Vector2" n="!$P" />
        <Key v="_EGate" t="String" n="$T" />
        <Key v="G1" t="String" n="GT" />
        <Key v="1" t="Int32" n="T2" />
        <Key v="0" t="Decimal" n="Val" />
        <Key v="XResult" t="String" n="Cnt" />
        <Key v="Oeg" t="String" n="O" />
      </Data>
      <Data n="20165534311534e">
        <Key v="2550,-3400" t="Vector2" n="!$P" />
        <Key v="20202866798502" t="String" n="$T" />
        <Key v="%M1" t="String" n="T" />
        <Key v="Ach jo, je to každým dnem horší a horší. Věřím vám. Za to, že zvířata jsou agresivnější a nervóznější může ten zpropadený alchymista a jeho nebezpečné pokusy. Nevím už si s ním rady." t="String" n="%X" />
      </Data>
      <Data n="20165534321501e">
        <Key v="2550,-3600" t="Vector2" n="!$P" />
        <Key v="20202866798502" t="String" n="$T" />
        <Key v="%M1" t="String" n="T" />
        <Key v="To je velmi krátkozraký přístup k životu. A smutné je, že takto opravdu někdo smýšlí. Nezdálo se vám snad na agresivitě těch tvorů něco divného? Takhle se přece normálně zvířata nechovají. Máte pravdu v tom, že většina místní zvěře je podrážděná a agresivní. Povím vám, kdo za to může. Ten zpropadený alchymista, co se mi tady usadil. Už si s ním nevím rady." t="String" n="%X" />
      </Data>
      <Data n="20165923794041e">
        <Key v="2550,-3800" t="Vector2" n="!$P" />
        <Key v="20202866798502" t="String" n="$T" />
        <Key v="%M1" t="String" n="T" />
        <Key v="Aha, tak prosím neotálejte. Každým dnem dělá více a více škody..." t="String" n="%X" />
      </Data>
      <Data n="20165924056044e">
        <Key v="2850,-4000" t="Vector2" n="!$P" />
        <Key v="20206371455404" t="String" n="$T" />
        <Key v="CkI" t="String" n="GT" />
        <Key v="SaA" t="String" n="T" />
        <Key v="I20165924014477" t="String" n="It" />
        <Key v="1" t="String" n="C" />
      </Data>
      <Data n="20165924664518e">
        <Key v="2550,-4800" t="Vector2" n="!$P" />
        <Key v="20202866798502" t="String" n="$T" />
        <Key v="%M1" t="String" n="T" />
        <Key v="Ale jistě přátelé, jen pojďte dál..." t="String" n="%X" />
      </Data>
      <Data n="20165534805857e">
        <Key v="3150,-200" t="Vector2" n="!$P" />
        <Key v="20202866798502" t="String" n="$T" />
        <Key v="%M1" t="String" n="T" />
        <Key v="Zkusil jsem za ním po dobrém zajít a vysvětlit mu, že to takhle dělat nemůže. Bohužel nedospěli jsme ke společné dohodě, neříkám že je přímo zlý a nedá se s ním mluvit, ale je až příliš ponořený do své práce a ta je mu vším, když jsem mu pohrozil, poslal na mě své elemntály, jen tak tak jsem vyvázl." t="String" n="%X" />
      </Data>
      <Data n="20165922695262e">
        <Key v="3450,-1600" t="Vector2" n="!$P" />
        <Key v="20202934699316" t="String" n="$T" />
        <Key v="Odejít" t="String" n="%CX" />
      </Data>
      <Data n="20165922408323e">
        <Key v="3450,-1800" t="Vector2" n="!$P" />
        <Key v="_EGate" t="String" n="$T" />
        <Key v="G1" t="String" n="GT" />
        <Key v="1" t="Int32" n="T2" />
        <Key v="2" t="Decimal" n="Val" />
        <Key v="XResult" t="String" n="Cnt" />
        <Key v="Oeg" t="String" n="O" />
      </Data>
      <Data n="20165922763582e">
        <Key v="3750,-1800" t="Vector2" n="!$P" />
        <Key v="_EGate" t="String" n="$T" />
        <Key v="G4" t="String" n="GT" />
      </Data>
      <Data n="20165922405668e">
        <Key v="4050,-1800" t="Vector2" n="!$P" />
        <Key v="20202934699316" t="String" n="$T" />
        <Key v="Ostrov zapomnění?" t="String" n="%CX" />
      </Data>
      <Data n="20165922405974e">
        <Key v="3450,-2000" t="Vector2" n="!$P" />
        <Key v="20202934699316" t="String" n="$T" />
        <Key v="Ostrov zapomnění" t="String" n="%CX" />
      </Data>
      <Data n="20165922711291e">
        <Key v="3450,-2200" t="Vector2" n="!$P" />
        <Key v="_EGate" t="String" n="$T" />
        <Key v="G0" t="String" n="GT" />
        <Key v="1" t="Int32" n="Ex" />
        <Key v="Ostrov_zapomneni_kletba_info" t="String" n="Var" />
      </Data>
      <Data n="20165922637282e">
        <Key v="3750,-2200" t="Vector2" n="!$P" />
        <Key v="20202934699316" t="String" n="$T" />
        <Key v="Ochrana proti prokletí?" t="String" n="%CX" />
      </Data>
      <Data n="20165534245519e">
        <Key v="3000,-1800" t="Vector2" n="!$P" />
        <Key v="20202866798502" t="String" n="$T" />
        <Key v="%M1" t="String" n="T" />
        <Key v="Dobrá, dobrá. Nevidím důvod k dalšímu zbytečném násilí. To, že jsou zdejší zvířata agresivní je dílem toho zpropadeného alchymisty. Tak co tady vlastně chcete?" t="String" n="%X" />
      </Data>
      <Data n="20165534245759e">
        <Key v="3000,-3200" t="Vector2" n="!$P" />
        <Key v="20202866798502" t="String" n="$T" />
        <Key v="%M1" t="String" n="T" />
        <Key v="Jak se opovažujete vyhrožovat mi přímo v srdci mého hvozdu, za tuhle urážku budete pikat." t="String" n="%X" />
      </Data>
      <Data n="20165534346706e">
        <Key v="3150,-3400" t="Vector2" n="!$P" />
        <Key v="20206495856812" t="String" n="$T" />
        <Key v="Možnosti" t="String" n="!%Txt" />
      </Data>
      <Data n="20165923803462e">
        <Key v="3300,-4000" t="Vector2" n="!$P" />
        <Key v="20202866798502" t="String" n="$T" />
        <Key v="%M1" t="String" n="T" />
        <Key v="Tak to je skvělá zpráva. Udělali jste starému druidovy a celému hvodu velikou službu a věřte, že příroda nezapomíná. Ačkoli krom informací jsem vám žádnou odměnu nesliboval, zde pro vás něco mám... &lt;s těmito slovy předá družině tři lahvičky různých barev&gt;." t="String" n="%X" />
      </Data>
      <Data n="20165534812686e">
        <Key v="3750,-200" t="Vector2" n="!$P" />
        <Key v="20202866798502" t="String" n="$T" />
        <Key v="%M1" t="String" n="T" />
        <Key v="Ale věřím, že družina jako jste vy, si s ním jistě poradí. Bohužel vás muším varovat, jeho srub už dávno není obyčejnou dřevěnou boudou. Pomocí nejrůznějších tajů alchymie a z využitím svých elemtálů - služebníků vytvořil nemalou pevnost." t="String" n="%X" />
      </Data>
      <Data n="20165922695263e">
        <Key v="3900,-1600" t="Vector2" n="!$P" />
        <Key v="20202866798502" t="String" n="$T" />
        <Key v="Tak díky moc Oughime. Už budem muset jít." t="String" n="%X" />
      </Data>
      <Data n="20165922405667e">
        <Key v="4500,-1800" t="Vector2" n="!$P" />
        <Key v="20202866798502" t="String" n="$T" />
        <Key v="Proč se mu říká zrovna ostrov zapomnění?" t="String" n="%X" />
      </Data>
      <Data n="20165922405973e">
        <Key v="3900,-2000" t="Vector2" n="!$P" />
        <Key v="20202866798502" t="String" n="$T" />
        <Key v="Ostrov zapomnění říkáš, a kde leží náhodou nevíš?" t="String" n="%X" />
      </Data>
      <Data n="20165922637283e">
        <Key v="4200,-2200" t="Vector2" n="!$P" />
        <Key v="20202866798502" t="String" n="$T" />
        <Key v="Oughime a nevíš náhodou, zda se dá proti tomuto prokletí nějak ochrnánit? Či ho dokonce nějak zlomit?" t="String" n="%X" />
      </Data>
      <Data n="20165534351273e">
        <Key v="3750,-3400" t="Vector2" n="!$P" />
        <Key v="20202934699316" t="String" n="$T" />
        <Key v="Nabídnout pomoc" t="String" n="%CX" />
      </Data>
      <Data n="20165534351488e">
        <Key v="3750,-3600" t="Vector2" n="!$P" />
        <Key v="20202934699316" t="String" n="$T" />
        <Key v="Přejít rovnou k věci" t="String" n="%CX" />
      </Data>
      <Data n="20165924095288e">
        <Key v="3900,-4000" t="Vector2" n="!$P" />
        <Key v="_EGate" t="String" n="$T" />
        <Key v="G0" t="String" n="GT" />
        <Key v="Oughim_presvedcen" t="String" n="Var" />
      </Data>
      <Data n="20165923833375e">
        <Key v="3900,-4200" t="Vector2" n="!$P" />
        <Key v="20202866798502" t="String" n="$T" />
        <Key v="%M1" t="String" n="T" />
        <Key v="A nyní mohu pro vás ještě něco udělat, přátelé?" t="String" n="%X" />
      </Data>
      <Data n="20165534823990e">
        <Key v="4350,-200" t="Vector2" n="!$P" />
        <Key v="20202934699316" t="String" n="$T" />
        <Key v="Přijmout úkol" t="String" n="%CX" />
      </Data>
      <Data n="20165923480307e">
        <Key v="4800,-200" t="Vector2" n="!$P" />
        <Key v="20206371455404" t="String" n="$T" />
        <Key v="CkQ" t="String" n="GT" />
        <Key v="Q20165923450626" t="String" n="Qs" />
      </Data>
      <Data n="20165534824227e">
        <Key v="4350,-400" t="Vector2" n="!$P" />
        <Key v="20202934699316" t="String" n="$T" />
        <Key v="Nové &quot;násilné&quot; řešení" t="String" n="%CX" />
        <Key v="RoI" t="String" n="Spc" />
        <Key v="L4" t="String" n="Lvl" />
      </Data>
      <Data n="20165922705645e">
        <Key v="5100,-1800" t="Vector2" n="!$P" />
        <Key v="_EFunc" t="String" n="$T" />
        <Key v="G0" t="String" n="GT" />
        <Key v="Ostrov_zapomneni_kletba_info" t="String" n="Var" />
      </Data>
      <Data n="20165922607591e">
        <Key v="4500,-2000" t="Vector2" n="!$P" />
        <Key v="20202866798502" t="String" n="$T" />
        <Key v="%M1" t="String" n="T" />
        <Key v="Tak to bohužel nevím, ale když se poptáte na správných místech, tak to jistě někdo vědět bude. Zkusil bych námořníky a kapitány v přístavech." t="String" n="%X" />
      </Data>
      <Data n="20165922649191e">
        <Key v="4800,-2200" t="Vector2" n="!$P" />
        <Key v="20202866798502" t="String" n="$T" />
        <Key v="%M1" t="String" n="T" />
        <Key v="No, přiznám se že to nevím, nicméně pokud by někdo něco takového mohl vědět, tak to bude právě náš společný známý Morg. Zkusil bych jeho." t="String" n="%X" />
      </Data>
      <Data n="20165534351274e">
        <Key v="4200,-3400" t="Vector2" n="!$P" />
        <Key v="20202866798502" t="String" n="$T" />
        <Key v="Možná bychom ti mohli s tím alchymistou pomoci. Pověz nám o tom víc." t="String" n="%X" />
      </Data>
      <Data n="20165534351489e">
        <Key v="4200,-3600" t="Vector2" n="!$P" />
        <Key v="20202866798502" t="String" n="$T" />
        <Key v="To nás mrzí, že zde máš problémy. Nicméně přišli jsme sem kvůli jisté informaci. Rádi bychom se dozvěděli něco o jednom prastarém mágovi. Nevíte náhodou něco o něm? Jeho jméno zní Thémil." t="String" n="%X" />
      </Data>
      <Data n="20165923832442e">
        <Key v="4350,-4000" t="Vector2" n="!$P" />
        <Key v="20202866798502" t="String" n="$T" />
        <Key v="%M1" t="String" n="T" />
        <Key v="A teď k naší dohodě. Slíbil jsem, že vám zodpovím vaše otázky, tak se ptejte." t="String" n="%X" />
      </Data>
      <Data n="20165924131137e">
        <Key v="4500,-4200" t="Vector2" n="!$P" />
        <Key v="20202934699316" t="String" n="$T" />
        <Key v="Ohledně čaroděje Thémila" t="String" n="%CX" />
      </Data>
      <Data n="20165924131488e">
        <Key v="4500,-4400" t="Vector2" n="!$P" />
        <Key v="20202934699316" t="String" n="$T" />
        <Key v="Rozloučit se" t="String" n="%CX" />
      </Data>
      <Data n="20165534823991e">
        <Key v="5250,-200" t="Vector2" n="!$P" />
        <Key v="20202866798502" t="String" n="$T" />
        <Key v="Dobrá tedy. Jdeme si &quot;popovídat&quot; s alchymistou." t="String" n="%X" />
      </Data>
      <Data n="20165534824228e">
        <Key v="4800,-400" t="Vector2" n="!$P" />
        <Key v="20202866798502" t="String" n="$T" />
        <Key v="Myslím, že s tím nechceme mít nic společného, ale máme nové, jednodušší řešení. Prostě s tebe odpovědi na naše otázky vymlátíme." t="String" n="%X" />
      </Data>
      <Data n="20165922618633e">
        <Key v="5550,-1800" t="Vector2" n="!$P" />
        <Key v="20202866798502" t="String" n="$T" />
        <Key v="%M1" t="String" n="T" />
        <Key v="Ten název samozřejmě nevznikl jen tak samosebou. Říká se totiž, že je ostrov prokletý a každý, kdo na něj vstoupí zapomene svůj život před vstupem na ostrov." t="String" n="%X" />
      </Data>
      <Data n="20165534431888e">
        <Key v="4800,-3600" t="Vector2" n="!$P" />
        <Key v="20202866798502" t="String" n="$T" />
        <Key v="%M1" t="String" n="T" />
        <Key v="No, to jméno už jsem dlouho neslyšel, ale něco co by se vám mohlo hodit určitě vím a dokonce vám to i rád prozradím. Pokud pro mě vykonáte jistou protislužbu." t="String" n="%X" />
      </Data>
      <Data n="20165534746656e">
        <Key v="4950,-4000" t="Vector2" n="!$P" />
        <Key v="20202866798502" t="String" n="$T" />
        <Key v="Poslouchej Oghime, rádi bychom se dozvěděli vše co víš o čaroději jméněm Thémil. Kouzelník Morg, který žije v Mantu nás za tebou poslal." t="String" n="%X" />
      </Data>
      <Data n="20165924131487e">
        <Key v="4950,-4400" t="Vector2" n="!$P" />
        <Key v="20202866798502" t="String" n="$T" />
        <Key v="Nene Oughime, budem muset jít... měj se!" t="String" n="%X" />
      </Data>
      <Data n="20165534838856e">
        <Key v="5850,-200" t="Vector2" n="!$P" />
        <Key v="20202866798502" t="String" n="$T" />
        <Key v="%M1" t="String" n="T" />
        <Key v="Děkuji vám přátelé. Budu zde čekat na dobré zprávy..." t="String" n="%X" />
      </Data>
      <Data n="20165534630535e">
        <Key v="5400,-400" t="Vector2" n="!$P" />
        <Key v="20202866798502" t="String" n="$T" />
        <Key v="%M1" t="String" n="T" />
        <Key v="V klidu... uklidněte se. Není třeba se hned uchylovat k násilí." t="String" n="%X" />
      </Data>
      <Data n="20165534477914e">
        <Key v="5400,-3600" t="Vector2" n="!$P" />
        <Key v="20202934699316" t="String" n="$T" />
        <Key v="Přemluvit ho" t="String" n="%CX" />
        <Key v="RoP" t="String" n="Spc" />
        <Key v="L3" t="String" n="Lvl" />
      </Data>
      <Data n="20165534478158e">
        <Key v="5400,-4400" t="Vector2" n="!$P" />
        <Key v="20202934699316" t="String" n="$T" />
        <Key v="Akceptovat jeho návrh" t="String" n="%CX" />
      </Data>
      <Data n="20165534478352e">
        <Key v="5400,-4600" t="Vector2" n="!$P" />
        <Key v="20202934699316" t="String" n="$T" />
        <Key v="Že by alchymista?" t="String" n="%CX" />
      </Data>
      <Data n="20165922344590e">
        <Key v="5550,-4000" t="Vector2" n="!$P" />
        <Key v="20202866798502" t="String" n="$T" />
        <Key v="%M1" t="String" n="T" />
        <Key v="Ano, jistě pamatuji si na něj. &lt;významně pokýve hlavou&gt; Už je to dávno, co jsem s ním mluvil naposledy. Matně si vzpomínám, že říkal něco o tom, že se nepohodl s tehdejším hrabětem z Limu. Mám pocit, že měl namířeno na Ostrov Zapomnění. Ale už je to dávno a pamět už mi neslouží tak, jako dříve..." t="String" n="%X" />
      </Data>
      <Data n="20165924568500e">
        <Key v="5550,-4400" t="Vector2" n="!$P" />
        <Key v="_EGate" t="String" n="$T" />
        <Key v="G0" t="String" n="GT" />
        <Key v="Ostrov_zapomneni_kletba_info" t="String" n="Var" />
      </Data>
      <Data n="20165924150132e">
        <Key v="5550,-4600" t="Vector2" n="!$P" />
        <Key v="20202866798502" t="String" n="$T" />
        <Key v="%M1" t="String" n="T" />
        <Key v="Tak tedy šťastnou cestu a když budete mít cestu kolem, klidně se zastavte. Noclech a nějakou dobrou večeři zde vždy najdete..." t="String" n="%X" />
      </Data>
      <Data n="20165534560295e">
        <Key v="6000,-400" t="Vector2" n="!$P" />
        <Key v="20202866798502" t="String" n="$T" />
        <Key v="%M1" t="String" n="T" />
        <Key v="Ach jo, tak tedy dobře. &lt;smutný povzdech&gt; Povím vám co chcete slyšet, jak se zdá, na starého druida a jeho problémy už nemá nikdo čas." t="String" n="%X" />
      </Data>
      <Data n="20165534477913e">
        <Key v="5850,-3600" t="Vector2" n="!$P" />
        <Key v="20202866798502" t="String" n="$T" />
        <Key v="Víš trochu nás tlačí čas, nešlo by tu práci pro tebe odložit? Popř. ji úplně vynechat? Co říkáš, přeci jenom nehledáme ho kvůli ničemu menšímu než záchraně Aledornského hrabství." t="String" n="%X" />
      </Data>
      <Data n="20165534478157e">
        <Key v="5850,-4400" t="Vector2" n="!$P" />
        <Key v="20202866798502" t="String" n="$T" />
        <Key v="To zní jako férová nabídka, řekni nám oč se jedná." t="String" n="%X" />
      </Data>
      <Data n="20165534478353e">
        <Key v="5850,-4600" t="Vector2" n="!$P" />
        <Key v="20202866798502" t="String" n="$T" />
        <Key v="Budeme hádet, jedná se o váš &quot;malý&quot; problém s alchymistou." t="String" n="%X" />
      </Data>
      <Data n="20165924147466e">
        <Key v="6000,-4400" t="Vector2" n="!$P" />
        <Key v="20202866798502" t="String" n="$T" />
        <Key v="%M1" t="String" n="T" />
        <Key v="Ještě jedna věc než odejdete. Je mi jasné, že vaše další kroky povedou na ostrov zapomnění, měl bych vás varovat, že název ostrovu není ani tak náhodou. Celý ostrov pokrývá nějaká kletba, bylo by dobré se o tom někde dozvědět trochu více. Čaroděj Morg zní jako dobrý začátek. Šťastnou cestu..." t="String" n="%X" />
      </Data>
      <Data n="20165534746408e">
        <Key v="6600,-400" t="Vector2" n="!$P" />
        <Key v="20202934699316" t="String" n="$T" />
        <Key v="Změnit názor a pomoci mu" t="String" n="%CX" />
      </Data>
      <Data n="20165534746657e">
        <Key v="6600,-600" t="Vector2" n="!$P" />
        <Key v="20202934699316" t="String" n="$T" />
        <Key v="Vyptávat se na Thémila" t="String" n="%CX" />
      </Data>
      <Data n="20165923696998e">
        <Key v="6450,-3600" t="Vector2" n="!$P" />
        <Key v="_EFunc" t="String" n="$T" />
        <Key v="G0" t="String" n="GT" />
        <Key v="Oughim_presvedcen" t="String" n="Var" />
      </Data>
      <Data n="20165534560483e">
        <Key v="6450,-3800" t="Vector2" n="!$P" />
        <Key v="20202866798502" t="String" n="$T" />
        <Key v="%M1" t="String" n="T" />
        <Key v="Chápu, že máte své starosti a úkoly, ale já mám zas ty své. A popravdě to co se děje za vodou mimo můj hvozd není pro mě nikterak důležité. Musím si trvat na svém, pomožte vy mě? A já se na oplátku odměním zas vám." t="String" n="%X" />
      </Data>
      <Data n="20165534510285e">
        <Key v="6450,-4600" t="Vector2" n="!$P" />
        <Key v="20202866798502" t="String" n="$T" />
        <Key v="%M1" t="String" n="T" />
        <Key v="Přesně tak, je dobře že hlavy nemáte jen na to, aby vám nepršelo do krku. S vyřízením toho proradného alchymisty se to bude hodit." t="String" n="%X" />
      </Data>
      <Data n="20165534746407e">
        <Key v="7050,-400" t="Vector2" n="!$P" />
        <Key v="20202866798502" t="String" n="$T" />
        <Key v="Mrzí nás, že jsme na tebe tak naléhali a změnili jsme názor, pomůžeme ti s tvým problémem ohledně alchymisty. Řekni nám, co k tomu potřebujeme vědět." t="String" n="%X" />
      </Data>
      <Data n="20165534608629e">
        <Key v="7050,-3800" t="Vector2" n="!$P" />
        <Key v="20202934699316" t="String" n="$T" />
        <Key v="Přijmout jeho nabídku" t="String" n="%CX" />
      </Data>
      <Data n="20165534608817e">
        <Key v="7050,-4000" t="Vector2" n="!$P" />
        <Key v="20202934699316" t="String" n="$T" />
        <Key v="Po dobrém to nepůjde" t="String" n="%CX" />
        <Key v="RoI" t="String" n="Spc" />
        <Key v="L4" t="String" n="Lvl" />
      </Data>
      <Data n="20165534522699e">
        <Key v="7050,-4600" t="Vector2" n="!$P" />
        <Key v="20202866798502" t="String" n="$T" />
        <Key v="Dobrá tedy, řekni nám podrobnosti." t="String" n="%X" />
      </Data>
      <Data n="20165534608628e">
        <Key v="7500,-3800" t="Vector2" n="!$P" />
        <Key v="20202866798502" t="String" n="$T" />
        <Key v="Dobrá tedy, zdá se že nám nezbývá nic jiného, než ti pomoci. Tak nám tedy řekni, co potřebujeme vědět." t="String" n="%X" />
      </Data>
      <Data n="20165534608816e">
        <Key v="7500,-4000" t="Vector2" n="!$P" />
        <Key v="20202866798502" t="String" n="$T" />
        <Key v="Máme pro tebe jiné řešení, prostě z tebe ty informace vymlátíme..." t="String" n="%X" />
      </Data>
      <Data n="20165534656648e">
        <Key v="8100,-4000" t="Vector2" n="!$P" />
        <Key v="_EGate" t="String" n="$T" />
        <Key v="G1" t="String" n="GT" />
        <Key v="1" t="Int32" n="T2" />
        <Key v="2" t="Decimal" n="Val" />
        <Key v="XResult" t="String" n="Cnt" />
        <Key v="Oeg" t="String" n="O" />
      </Data>
      <Data n="20165534658654e">
        <Key v="8100,-4200" t="Vector2" n="!$P" />
        <Key v="_EGate" t="String" n="$T" />
        <Key v="G1" t="String" n="GT" />
        <Key v="1" t="Int32" n="T2" />
        <Key v="0" t="Decimal" n="Val" />
        <Key v="XResult" t="String" n="Cnt" />
        <Key v="Oeg" t="String" n="O" />
      </Data>
    </Data>
    <Data n="$Conns">
      <Data n="20165923520024c">
        <Key v="20165923520024e" t="String" n="$E" />
      </Data>
      <Data n="20165922756242c">
        <Key v="20165922756242e" t="String" n="$E" />
      </Data>
      <Data n="20165923638313c">
        <Key v="20165923638313e" t="String" n="$E" />
      </Data>
      <Data n="20165923650243c">
        <Key v="20165923650243e" t="String" n="$E" />
      </Data>
      <Data n="20165922744427c">
        <Key v="20165922744427e" t="String" n="$E" />
        <Key v="20165923520024e" t="String" n="$S" />
      </Data>
      <Data n="20165534129071c">
        <Key v="20165534129071e" t="String" n="$E" />
        <Key v="20165922756242e" t="String" n="$S" />
      </Data>
      <Data n="20165923523879c">
        <Key v="20165923523879e" t="String" n="$E" />
        <Key v="20165923638313e" t="String" n="$S" />
      </Data>
      <Data n="20165923648397c">
        <Key v="20165923648397e" t="String" n="$E" />
        <Key v="20165923650243e" t="String" n="$S" />
      </Data>
      <Data n="20165923683381c">
        <Key v="20165923683381e" t="String" n="$E" />
        <Key v="20165922744427e" t="String" n="$S" />
      </Data>
      <Data n="20165923682034c">
        <Key v="20165923682034e" t="String" n="$E" />
        <Key v="20165922744427e" t="String" n="$S" />
      </Data>
      <Data n="20165923708929c">
        <Key v="20165923708929e" t="String" n="$E" />
        <Key v="20165922744427e" t="String" n="$S" />
      </Data>
      <Data n="20165923682605c">
        <Key v="20165923682605e" t="String" n="$E" />
        <Key v="20165923708929e" t="String" n="$S" />
      </Data>
      <Data n="20165534203295c">
        <Key v="20165534203295e" t="String" n="$E" />
        <Key v="20165534129071e" t="String" n="$S" />
      </Data>
      <Data n="20165534203466c">
        <Key v="20165534203466e" t="String" n="$E" />
        <Key v="20165534129071e" t="String" n="$S" />
      </Data>
      <Data n="20165534203629c">
        <Key v="20165534203629e" t="String" n="$E" />
        <Key v="20165534129071e" t="String" n="$S" />
      </Data>
      <Data n="20165923761666c">
        <Key v="20165923761666e" t="String" n="$E" />
        <Key v="20165923523879e" t="String" n="$S" />
      </Data>
      <Data n="20165923785459c">
        <Key v="20165923785459e" t="String" n="$E" />
        <Key v="20165923523879e" t="String" n="$S" />
      </Data>
      <Data n="20165923762171c">
        <Key v="20165923762171e" t="String" n="$E" />
        <Key v="20165923785459e" t="String" n="$S" />
      </Data>
      <Data n="20165924651166c">
        <Key v="20165924651166e" t="String" n="$E" />
        <Key v="20165923648397e" t="String" n="$S" />
      </Data>
      <Data n="20165924651736c">
        <Key v="20165924651736e" t="String" n="$E" />
        <Key v="20165923648397e" t="String" n="$S" />
      </Data>
      <Data n="20165923683380c">
        <Key v="20165923683380e" t="String" n="$E" />
        <Key v="20165923683381e" t="String" n="$S" />
      </Data>
      <Data n="20165923682033c">
        <Key v="20165923682033e" t="String" n="$E" />
        <Key v="20165923682034e" t="String" n="$S" />
      </Data>
      <Data n="20165923682604c">
        <Key v="20165923682604e" t="String" n="$E" />
        <Key v="20165923682605e" t="String" n="$S" />
      </Data>
      <Data n="20165534203296c">
        <Key v="20165534203296e" t="String" n="$E" />
        <Key v="20165534203295e" t="String" n="$S" />
      </Data>
      <Data n="20165534203465c">
        <Key v="20165534203465e" t="String" n="$E" />
        <Key v="20165534203466e" t="String" n="$S" />
      </Data>
      <Data n="20165534203630c">
        <Key v="20165534203630e" t="String" n="$E" />
        <Key v="20165534203629e" t="String" n="$S" />
      </Data>
      <Data n="20165923761665c">
        <Key v="20165923761665e" t="String" n="$E" />
        <Key v="20165923761666e" t="String" n="$S" />
      </Data>
      <Data n="20165923762172c">
        <Key v="20165923762172e" t="String" n="$E" />
        <Key v="20165923762171e" t="String" n="$S" />
      </Data>
      <Data n="20165924651165c">
        <Key v="20165924651165e" t="String" n="$E" />
        <Key v="20165924651166e" t="String" n="$S" />
      </Data>
      <Data n="20165924651735c">
        <Key v="20165924651735e" t="String" n="$E" />
        <Key v="20165924651736e" t="String" n="$S" />
      </Data>
      <Data n="20165534798027c">
        <Key v="20165534798027e" t="String" n="$E" />
        <Key v="20165923682033e" t="String" n="$S" />
      </Data>
      <Data n="20165922392587c">
        <Key v="20165922392587e" t="String" n="$E" />
        <Key v="20165923682604e" t="String" n="$S" />
      </Data>
      <Data n="20165534297963c">
        <Key v="20165534297963e" t="String" n="$E" />
        <Key v="20165534203296e" t="String" n="$S" />
      </Data>
      <Data n="20165534301066c">
        <Key v="20165534301066e" t="String" n="$E" />
        <Key v="20165534203296e" t="String" n="$S" />
      </Data>
      <Data n="20165534311534c">
        <Key v="20165534311534e" t="String" n="$E" />
        <Key v="20165534203465e" t="String" n="$S" />
      </Data>
      <Data n="20165534321501c">
        <Key v="20165534321501e" t="String" n="$E" />
        <Key v="20165534203630e" t="String" n="$S" />
      </Data>
      <Data n="20165923794041c">
        <Key v="20165923794041e" t="String" n="$E" />
        <Key v="20165923761665e" t="String" n="$S" />
      </Data>
      <Data n="20165924056044c">
        <Key v="20165924056044e" t="String" n="$E" />
        <Key v="20165923762172e" t="String" n="$S" />
      </Data>
      <Data n="20165924664518c">
        <Key v="20165924664518e" t="String" n="$E" />
        <Key v="20165924651165e" t="String" n="$S" />
      </Data>
      <Data n="20165534805857c">
        <Key v="20165534805857e" t="String" n="$E" />
        <Key v="20165534798027e" t="String" n="$S" />
      </Data>
      <Data n="20165922695262c">
        <Key v="20165922695262e" t="String" n="$E" />
        <Key v="20165922392587e" t="String" n="$S" />
      </Data>
      <Data n="20165922408323c">
        <Key v="20165922408323e" t="String" n="$E" />
        <Key v="20165922392587e" t="String" n="$S" />
      </Data>
      <Data n="20165922763582c">
        <Key v="20165922763582e" t="String" n="$E" />
        <Key v="20165922408323e" t="String" n="$S" />
      </Data>
      <Data n="20165922405668c">
        <Key v="20165922405668e" t="String" n="$E" />
        <Key v="20165922763582e" t="String" n="$S" />
      </Data>
      <Data n="20165922405974c">
        <Key v="20165922405974e" t="String" n="$E" />
        <Key v="20165922392587e" t="String" n="$S" />
      </Data>
      <Data n="20165922711291c">
        <Key v="20165922711291e" t="String" n="$E" />
        <Key v="20165922392587e" t="String" n="$S" />
      </Data>
      <Data n="20165922637282c">
        <Key v="20165922637282e" t="String" n="$E" />
        <Key v="20165922711291e" t="String" n="$S" />
      </Data>
      <Data n="20165534245519c">
        <Key v="20165534245519e" t="String" n="$E" />
        <Key v="20165534297963e" t="String" n="$S" />
      </Data>
      <Data n="20165534245759c">
        <Key v="20165534245759e" t="String" n="$E" />
        <Key v="20165534301066e" t="String" n="$S" />
      </Data>
      <Data n="20165534346706c">
        <Key v="20165534346706e" t="String" n="$E" />
        <Key v="20165534311534e" t="String" n="$S" />
      </Data>
      <Data n="20206616255989c">
        <Key v="20165534346706e" t="String" n="$E" />
        <Key v="20165534321501e" t="String" n="$S" />
      </Data>
      <Data n="20165923803462c">
        <Key v="20165923803462e" t="String" n="$E" />
        <Key v="20165924056044e" t="String" n="$S" />
      </Data>
      <Data n="20165534812686c">
        <Key v="20165534812686e" t="String" n="$E" />
        <Key v="20165534805857e" t="String" n="$S" />
      </Data>
      <Data n="20165922695263c">
        <Key v="20165922695263e" t="String" n="$E" />
        <Key v="20165922695262e" t="String" n="$S" />
      </Data>
      <Data n="20165922405667c">
        <Key v="20165922405667e" t="String" n="$E" />
        <Key v="20165922405668e" t="String" n="$S" />
      </Data>
      <Data n="20165922405973c">
        <Key v="20165922405973e" t="String" n="$E" />
        <Key v="20165922405974e" t="String" n="$S" />
      </Data>
      <Data n="20165922637283c">
        <Key v="20165922637283e" t="String" n="$E" />
        <Key v="20165922637282e" t="String" n="$S" />
      </Data>
      <Data n="20206616255996c">
        <Key v="20165534346706e" t="String" n="$E" />
        <Key v="20165534245519e" t="String" n="$S" />
      </Data>
      <Data n="20165534351273c">
        <Key v="20165534351273e" t="String" n="$E" />
        <Key v="20165534346706e" t="String" n="$S" />
      </Data>
      <Data n="20165534351488c">
        <Key v="20165534351488e" t="String" n="$E" />
        <Key v="20165534346706e" t="String" n="$S" />
      </Data>
      <Data n="20165924095288c">
        <Key v="20165924095288e" t="String" n="$E" />
        <Key v="20165923803462e" t="String" n="$S" />
      </Data>
      <Data n="20165923833375c">
        <Key v="20165923833375e" t="String" n="$E" />
        <Key v="20165923803462e" t="String" n="$S" />
      </Data>
      <Data n="20165534823990c">
        <Key v="20165534823990e" t="String" n="$E" />
        <Key v="20165534812686e" t="String" n="$S" />
      </Data>
      <Data n="20165923480307c">
        <Key v="20165923480307e" t="String" n="$E" />
        <Key v="20165534823990e" t="String" n="$S" />
      </Data>
      <Data n="20165534824227c">
        <Key v="20165534824227e" t="String" n="$E" />
        <Key v="20165534812686e" t="String" n="$S" />
      </Data>
      <Data n="20165922705645c">
        <Key v="20165922705645e" t="String" n="$E" />
        <Key v="20165922405667e" t="String" n="$S" />
      </Data>
      <Data n="20165922607591c">
        <Key v="20165922607591e" t="String" n="$E" />
        <Key v="20165922405973e" t="String" n="$S" />
      </Data>
      <Data n="20165922649191c">
        <Key v="20165922649191e" t="String" n="$E" />
        <Key v="20165922637283e" t="String" n="$S" />
      </Data>
      <Data n="20165534351274c">
        <Key v="20165534351274e" t="String" n="$E" />
        <Key v="20165534351273e" t="String" n="$S" />
      </Data>
      <Data n="20165534351489c">
        <Key v="20165534351489e" t="String" n="$E" />
        <Key v="20165534351488e" t="String" n="$S" />
      </Data>
      <Data n="20165923832442c">
        <Key v="20165923832442e" t="String" n="$E" />
        <Key v="20165924095288e" t="String" n="$S" />
      </Data>
      <Data n="20165924131137c">
        <Key v="20165924131137e" t="String" n="$E" />
        <Key v="20165923833375e" t="String" n="$S" />
      </Data>
      <Data n="20165924131488c">
        <Key v="20165924131488e" t="String" n="$E" />
        <Key v="20165923833375e" t="String" n="$S" />
      </Data>
      <Data n="20165534823991c">
        <Key v="20165534823991e" t="String" n="$E" />
        <Key v="20165923480307e" t="String" n="$S" />
      </Data>
      <Data n="20165534824228c">
        <Key v="20165534824228e" t="String" n="$E" />
        <Key v="20165534824227e" t="String" n="$S" />
      </Data>
      <Data n="20165922618633c">
        <Key v="20165922618633e" t="String" n="$E" />
        <Key v="20165922705645e" t="String" n="$S" />
      </Data>
      <Data n="20206616256015c">
        <Key v="20165922392587e" t="String" n="$E" />
        <Key v="20165922607591e" t="String" n="$S" />
      </Data>
      <Data n="20206616256016c">
        <Key v="20165922392587e" t="String" n="$E" />
        <Key v="20165922649191e" t="String" n="$S" />
      </Data>
      <Data n="20206616256017c">
        <Key v="20165534798027e" t="String" n="$E" />
        <Key v="20165534351274e" t="String" n="$S" />
      </Data>
      <Data n="20165534431888c">
        <Key v="20165534431888e" t="String" n="$E" />
        <Key v="20165534351489e" t="String" n="$S" />
      </Data>
      <Data n="20165534746656c">
        <Key v="20165534746656e" t="String" n="$E" />
        <Key v="20165923832442e" t="String" n="$S" />
      </Data>
      <Data n="20206616256020c">
        <Key v="20165923682604e" t="String" n="$E" />
        <Key v="20165924131137e" t="String" n="$S" />
      </Data>
      <Data n="20165924131487c">
        <Key v="20165924131487e" t="String" n="$E" />
        <Key v="20165924131488e" t="String" n="$S" />
      </Data>
      <Data n="20165534838856c">
        <Key v="20165534838856e" t="String" n="$E" />
        <Key v="20165534823991e" t="String" n="$S" />
      </Data>
      <Data n="20206616256023c">
        <Key v="20165534245759e" t="String" n="$E" />
        <Key v="20165534824228e" t="String" n="$S" />
      </Data>
      <Data n="20165534630535c">
        <Key v="20165534630535e" t="String" n="$E" />
        <Key v="20165534824228e" t="String" n="$S" />
      </Data>
      <Data n="20206616256025c">
        <Key v="20165922392587e" t="String" n="$E" />
        <Key v="20165922618633e" t="String" n="$S" />
      </Data>
      <Data n="20165534477914c">
        <Key v="20165534477914e" t="String" n="$E" />
        <Key v="20165534431888e" t="String" n="$S" />
      </Data>
      <Data n="20165534478158c">
        <Key v="20165534478158e" t="String" n="$E" />
        <Key v="20165534431888e" t="String" n="$S" />
      </Data>
      <Data n="20165534478352c">
        <Key v="20165534478352e" t="String" n="$E" />
        <Key v="20165534431888e" t="String" n="$S" />
      </Data>
      <Data n="20165922344590c">
        <Key v="20165922344590e" t="String" n="$E" />
        <Key v="20165534746656e" t="String" n="$S" />
      </Data>
      <Data n="20165924568500c">
        <Key v="20165924568500e" t="String" n="$E" />
        <Key v="20165924131487e" t="String" n="$S" />
      </Data>
      <Data n="20165924150132c">
        <Key v="20165924150132e" t="String" n="$E" />
        <Key v="20165924131487e" t="String" n="$S" />
      </Data>
      <Data n="20165534560295c">
        <Key v="20165534560295e" t="String" n="$E" />
        <Key v="20165534630535e" t="String" n="$S" />
      </Data>
      <Data n="20165534477913c">
        <Key v="20165534477913e" t="String" n="$E" />
        <Key v="20165534477914e" t="String" n="$S" />
      </Data>
      <Data n="20165534478157c">
        <Key v="20165534478157e" t="String" n="$E" />
        <Key v="20165534478158e" t="String" n="$S" />
      </Data>
      <Data n="20165534478353c">
        <Key v="20165534478353e" t="String" n="$E" />
        <Key v="20165534478352e" t="String" n="$S" />
      </Data>
      <Data n="20165924147466c">
        <Key v="20165924147466e" t="String" n="$E" />
        <Key v="20165924568500e" t="String" n="$S" />
      </Data>
      <Data n="20165534746408c">
        <Key v="20165534746408e" t="String" n="$E" />
        <Key v="20165534560295e" t="String" n="$S" />
      </Data>
      <Data n="20165534746657c">
        <Key v="20165534746657e" t="String" n="$E" />
        <Key v="20165534560295e" t="String" n="$S" />
      </Data>
      <Data n="20165923696998c">
        <Key v="20165923696998e" t="String" n="$E" />
        <Key v="20165534477913e" t="String" n="$S" />
      </Data>
      <Data n="20165534560483c">
        <Key v="20165534560483e" t="String" n="$E" />
        <Key v="20165534477913e" t="String" n="$S" />
      </Data>
      <Data n="20206616256041c">
        <Key v="20165534798027e" t="String" n="$E" />
        <Key v="20165534478157e" t="String" n="$S" />
      </Data>
      <Data n="20165534510285c">
        <Key v="20165534510285e" t="String" n="$E" />
        <Key v="20165534478353e" t="String" n="$S" />
      </Data>
      <Data n="20165534746407c">
        <Key v="20165534746407e" t="String" n="$E" />
        <Key v="20165534746408e" t="String" n="$S" />
      </Data>
      <Data n="20206616256044c">
        <Key v="20165534746656e" t="String" n="$E" />
        <Key v="20165534746657e" t="String" n="$S" />
      </Data>
      <Data n="20206616256045c">
        <Key v="20165534560295e" t="String" n="$E" />
        <Key v="20165923696998e" t="String" n="$S" />
      </Data>
      <Data n="20165534608629c">
        <Key v="20165534608629e" t="String" n="$E" />
        <Key v="20165534560483e" t="String" n="$S" />
      </Data>
      <Data n="20165534608817c">
        <Key v="20165534608817e" t="String" n="$E" />
        <Key v="20165534560483e" t="String" n="$S" />
      </Data>
      <Data n="20165534522699c">
        <Key v="20165534522699e" t="String" n="$E" />
        <Key v="20165534510285e" t="String" n="$S" />
      </Data>
      <Data n="20206616256049c">
        <Key v="20165534798027e" t="String" n="$E" />
        <Key v="20165534746407e" t="String" n="$S" />
      </Data>
      <Data n="20165534608628c">
        <Key v="20165534608628e" t="String" n="$E" />
        <Key v="20165534608629e" t="String" n="$S" />
      </Data>
      <Data n="20165534608816c">
        <Key v="20165534608816e" t="String" n="$E" />
        <Key v="20165534608817e" t="String" n="$S" />
      </Data>
      <Data n="20206616256052c">
        <Key v="20165534798027e" t="String" n="$E" />
        <Key v="20165534522699e" t="String" n="$S" />
      </Data>
      <Data n="20206616256053c">
        <Key v="20165534798027e" t="String" n="$E" />
        <Key v="20165534608628e" t="String" n="$S" />
      </Data>
      <Data n="20165534656648c">
        <Key v="20165534656648e" t="String" n="$E" />
        <Key v="20165534608816e" t="String" n="$S" />
      </Data>
      <Data n="20165534658654c">
        <Key v="20165534658654e" t="String" n="$E" />
        <Key v="20165534608816e" t="String" n="$S" />
      </Data>
      <Data n="20206616256056c">
        <Key v="20165534630535e" t="String" n="$E" />
        <Key v="20165534656648e" t="String" n="$S" />
      </Data>
      <Data n="20206616256057c">
        <Key v="20165534245759e" t="String" n="$E" />
        <Key v="20165534658654e" t="String" n="$S" />
      </Data>
    </Data>
  </Data>
</DataRoot>