﻿<?xml version="1.0" encoding="utf-8"?>
<DataRoot n="D">
  <Data n="20202866740264">
    <Key v="-549,243" t="Vector2" n="!$MP" />
    <Key v="0.7,0.7,0.7" t="Vector3" n="!$MZ" />
    <Data n="$Elems">
      <Data n="20203133449667e">
        <Key v="_EGate" t="String" n="$T" />
        <Key v="450,750" t="Vector2" n="!$P" />
        <Key v="G0" t="String" n="GT" />
        <Key v="Test" t="String" n="Var" />
      </Data>
      <Data n="20203156689867e">
        <Key v="_EFunc" t="String" n="$T" />
        <Key v="750,750" t="Vector2" n="!$P" />
        <Key v="G1" t="String" n="GT" />
        <Key v="Os" t="String" n="O" />
        <Key v="1" t="Int32" n="T2" />
        <Key v="Test" t="String" n="Cnt" />
        <Key v="10" t="Decimal" n="Val" />
      </Data>
      <Data n="20203130538362e">
        <Key v="_EGate" t="String" n="$T" />
        <Key v="450,600" t="Vector2" n="!$P" />
        <Key v="G4" t="String" n="GT" />
      </Data>
      <Data n="20203129796261e">
        <Key v="_EGate" t="String" n="$T" />
        <Key v="450,450" t="Vector2" n="!$P" />
        <Key v="G1" t="String" n="GT" />
        <Key v="Og" t="String" n="O" />
        <Key v="1" t="Int32" n="T2" />
        <Key v="XC_Alch" t="String" n="Cnt" />
        <Key v="1" t="Decimal" n="Val" />
      </Data>
      <Data n="20203129801064e">
        <Key v="_EGate" t="String" n="$T" />
        <Key v="1350,400" t="Vector2" n="!$P" />
        <Key v="G3" t="String" n="GT" />
        <Key v="2" t="Decimal" n="Con" />
      </Data>
      <Data n="20203130623156e">
        <Key v="20202934699316" t="String" n="$T" />
        <Key v="2100,400" t="Vector2" n="!$P" />
        <Key v="Bravo" t="String" n="%X" />
      </Data>
      <Data n="20203129798879e">
        <Key v="_EGate" t="String" n="$T" />
        <Key v="450,300" t="Vector2" n="!$P" />
        <Key v="G1" t="String" n="GT" />
        <Key v="Oel" t="String" n="O" />
        <Key v="1" t="Int32" n="T2" />
        <Key v="XC_Rogue" t="String" n="Cnt" />
        <Key v="0" t="Decimal" n="Val" />
      </Data>
      <Data n="20203132245761e">
        <Key v="20202934699316" t="String" n="$T" />
        <Key v="2250,250" t="Vector2" n="!$P" />
        <Key v="Choice" t="String" n="%X" />
      </Data>
      <Data n="20202892658717!">
        <Key v="C" t="String" n="$T" />
        <Key v="598,146" t="Vector2" n="!$P" />
        <Key v="Tohle je komentář" t="String" n="%V" />
      </Data>
      <Data n="20202868146803e">
        <Key v="20202866798502" t="String" n="$T" />
        <Key v="1350,100" t="Vector2" n="!$P" />
        <Key v="%M2" t="String" n="T" />
      </Data>
      <Data n="20203128845684e">
        <Key v="_EGate" t="String" n="$T" />
        <Key v="1800,100" t="Vector2" n="!$P" />
        <Key v="G0" t="String" n="GT" />
        <Key v="01" t="String" n="!!Cnt" />
        <Key v="1" t="Int32" n="Ex" />
      </Data>
      <Data n="20202866820066e">
        <Key v="20202866798502" t="String" n="$T" />
        <Key v="600,50" t="Vector2" n="!$P" />
        <Key v="Tohle je text který překoná všechny tvoje představy ale neboj se toho, protože znova už to psát rozhodně nehodlám.&#xA;&#xA;....&#xA;&#xA;A je formátovaný how great is that!" t="String" n="%X" />
      </Data>
      <Data n="20202868147074e">
        <Key v="20202866798502" t="String" n="$T" />
        <Key v="1350,-50" t="Vector2" n="!$P" />
        <Key v="%M4" t="String" n="T" />
      </Data>
      <Data n="20203059556744e">
        <Key v="_EGate" t="String" n="$T" />
        <Key v="450,-250" t="Vector2" n="!$P" />
        <Key v="G1" t="String" n="GT" />
        <Key v="Oe" t="String" n="O" />
        <Key v="Test" t="String" n="Cnt" />
        <Key v="XC_Alch" t="String" n="Cnt2" />
      </Data>
      <Data n="20202895079607e">
        <Key v="20202866798502" t="String" n="$T" />
        <Key v="1050,-350" t="Vector2" n="!$P" />
      </Data>
      <Data n="20203781270262e">
        <Key v="20202934699316" t="String" n="$T" />
        <Key v="1650,-350" t="Vector2" n="!$P" />
      </Data>
      <Data n="20203781214595e">
        <Key v="20202866798502" t="String" n="$T" />
        <Key v="1050,-450" t="Vector2" n="!$P" />
      </Data>
      <Data n="20203061282621e">
        <Key v="_EGate" t="String" n="$T" />
        <Key v="450,-500" t="Vector2" n="!$P" />
        <Key v="G1" t="String" n="GT" />
        <Key v="Oe" t="String" n="O" />
        <Key v="1" t="Int32" n="T2" />
        <Key v="Test" t="String" n="Cnt" />
        <Key v="manto" t="String" n="!!Cnt" />
        <Key v="20" t="Decimal" n="Val" />
      </Data>
      <Data n="20203132121583e">
        <Key v="20202866798502" t="String" n="$T" />
        <Key v="-150,-500" t="Vector2" n="!$P" />
        <Key v="%M1" t="String" n="T" />
        <Key v="sfrherdhrdethrherherherherhreherherherherherherherherherherherherherherherherh&#xA;erherhre" t="String" n="%X" />
      </Data>
      <Data n="20203781212718e">
        <Key v="20202866798502" t="String" n="$T" />
        <Key v="1050,-550" t="Vector2" n="!$P" />
      </Data>
      <Data n="20203781287597e">
        <Key v="20202866798502" t="String" n="$T" />
        <Key v="1050,-650" t="Vector2" n="!$P" />
      </Data>
    </Data>
    <Data n="$Conns">
      <Data n="20202868018982c">
        <Key v="20202866820066e" t="String" n="$E" />
      </Data>
      <Data n="20202873709716c">
        <Key v="20202866820066e" t="String" n="$S" />
        <Key v="20202868147074e" t="String" n="$E" />
        <Data n="!Node" />
      </Data>
      <Data n="20202873711084c">
        <Key v="20202866820066e" t="String" n="$S" />
        <Key v="20202868146803e" t="String" n="$E" />
      </Data>
      <Data n="20203128858571c">
        <Key v="20202868146803e" t="String" n="$S" />
        <Key v="20203128845684e" t="String" n="$E" />
      </Data>
      <Data n="20203129796265c">
        <Key v="20203129796261e" t="String" n="$E" />
      </Data>
      <Data n="20203129798883c">
        <Key v="20203129798879e" t="String" n="$E" />
      </Data>
      <Data n="20203129802712c">
        <Key v="20203129796261e" t="String" n="$S" />
        <Key v="20203129801064e" t="String" n="$E" />
      </Data>
      <Data n="20203129802887c">
        <Key v="20203129798879e" t="String" n="$S" />
        <Key v="20203129801064e" t="String" n="$E" />
      </Data>
      <Data n="20203130623481c">
        <Key v="20203129801064e" t="String" n="$S" />
        <Key v="20203130623156e" t="String" n="$E" />
      </Data>
      <Data n="20203130539576c">
        <Key v="20203130538362e" t="String" n="$E" />
      </Data>
      <Data n="20203130539889c">
        <Key v="20203130538362e" t="String" n="$S" />
        <Key v="20203129801064e" t="String" n="$E" />
      </Data>
      <Data n="20203131816236c">
        <Key v="20203059556744e" t="String" n="$E" />
      </Data>
      <Data n="20203131816611c">
        <Key v="20203059556744e" t="String" n="$S" />
        <Key v="20202895079607e" t="String" n="$E" />
      </Data>
      <Data n="20203131816987c">
        <Key v="20203061282621e" t="String" n="$S" />
        <Key v="20202895079607e" t="String" n="$E" />
      </Data>
      <Data n="20203132122059c">
        <Key v="20203132121583e" t="String" n="$S" />
        <Key v="20203061282621e" t="String" n="$E" />
      </Data>
      <Data n="20203132247045c">
        <Key v="20203128845684e" t="String" n="$S" />
        <Key v="20203132245761e" t="String" n="$E" />
      </Data>
      <Data n="20203133450912c">
        <Key v="20203133449667e" t="String" n="$E" />
      </Data>
      <Data n="20203156692761c">
        <Key v="20203133449667e" t="String" n="$S" />
        <Key v="20203156689867e" t="String" n="$E" />
      </Data>
      <Data n="20203156693003c">
        <Key v="20203156689867e" t="String" n="$S" />
        <Key v="20203129801064e" t="String" n="$E" />
      </Data>
      <Data n="20203781295324c">
        <Key v="20202895079607e" t="String" n="$S" />
        <Key v="20203781270262e" t="String" n="$E" />
        <Data n="!Node">
          <Key v="1313,-171" t="Vector2" n="0" />
          <Key v="1388,-176" t="Vector2" n="1" />
          <Key v="1384,-326" t="Vector2" n="2" />
        </Data>
      </Data>
    </Data>
  </Data>
</DataRoot>