﻿<?xml version="1.0" encoding="utf-8"?>
<DataRoot n="D">
  <Data n="20203781327847">
    <Key v="-1504.882,216" t="Vector2" n="!$MP" />
    <Key v="0.5,0.5,0.5" t="Vector3" n="!$MZ" />
    <Data n="$Elems">
      <Data n="20203781442009e">
        <Key v="20202934699316" t="String" n="$T" />
        <Key v="3150,-200" t="Vector2" n="!$P" />
      </Data>
      <Data n="20203781444740e">
        <Key v="20202934718137" t="String" n="$T" />
        <Key v="2550,-200" t="Vector2" n="!$P" />
        <Key v="CkI" t="String" n="GT" />
        <Key v="SkN" t="String" n="T" />
        <Key v="I20202988451468" t="String" n="It" />
      </Data>
      <Data n="20203781458343e">
        <Key v="20202934724872" t="String" n="$T" />
        <Key v="3900,-200" t="Vector2" n="!$P" />
        <Key v="CkI" t="String" n="GT" />
      </Data>
      <Data n="20203781506688e">
        <Key v="_EGate" t="String" n="$T" />
        <Key v="4500,-200" t="Vector2" n="!$P" />
        <Key v="G1" t="String" n="GT" />
        <Key v="Oe" t="String" n="O" />
      </Data>
      <Data n="20203781441333e">
        <Key v="20202934699316" t="String" n="$T" />
        <Key v="3150,-300" t="Vector2" n="!$P" />
      </Data>
      <Data n="20203781385283e">
        <Key v="20202866798502" t="String" n="$T" />
        <Key v="450,-350" t="Vector2" n="!$P" />
        <Key v="Ahoj" t="String" n="%X" />
      </Data>
      <Data n="20203781408627e">
        <Key v="20202866798502" t="String" n="$T" />
        <Key v="1200,-350" t="Vector2" n="!$P" />
        <Key v="%M2" t="String" n="T" />
        <Key v="Cus" t="String" n="%X" />
      </Data>
      <Data n="20203781420178e">
        <Key v="20202866798502" t="String" n="$T" />
        <Key v="1950,-350" t="Vector2" n="!$P" />
      </Data>
      <Data n="20203781440541e">
        <Key v="20202934699316" t="String" n="$T" />
        <Key v="3150,-400" t="Vector2" n="!$P" />
      </Data>
      <Data n="20203781556521e">
        <Key v="_EFunc" t="String" n="$T" />
        <Key v="4350,-400" t="Vector2" n="!$P" />
        <Key v="G1" t="String" n="GT" />
        <Key v="O*" t="String" n="O" />
        <Key v="XC_Alch" t="String" n="Cnt2" />
        <Key v="Test" t="String" n="Cnt" />
      </Data>
      <Data n="20203781383731e">
        <Key v="20202866798502" t="String" n="$T" />
        <Key v="450,-500" t="Vector2" n="!$P" />
      </Data>
      <Data n="20203781430541e">
        <Key v="20202934699316" t="String" n="$T" />
        <Key v="3150,-500" t="Vector2" n="!$P" />
      </Data>
      <Data n="20203781585833!">
        <Key v="C" t="String" n="$T" />
        <Key v="4343,-534" t="Vector2" n="!$P" />
        <Key v="gdfsgdsfgdfsgsdfgsdfsg&#xA;" t="String" n="%V" />
      </Data>
    </Data>
    <Data n="$Conns">
      <Data n="20203781383736c">
        <Key v="20203781383731e" t="String" n="$E" />
      </Data>
      <Data n="20203781385287c">
        <Key v="20203781385283e" t="String" n="$E" />
      </Data>
      <Data n="20203781408631c">
        <Key v="20203781385283e" t="String" n="$S" />
        <Key v="20203781408627e" t="String" n="$E" />
      </Data>
      <Data n="20203781420182c">
        <Key v="20203781408627e" t="String" n="$S" />
        <Key v="20203781420178e" t="String" n="$E" />
      </Data>
      <Data n="20203781430545c">
        <Key v="20203781420178e" t="String" n="$S" />
        <Key v="20203781430541e" t="String" n="$E" />
      </Data>
      <Data n="20203781440545c">
        <Key v="20203781420178e" t="String" n="$S" />
        <Key v="20203781440541e" t="String" n="$E" />
      </Data>
      <Data n="20203781441338c">
        <Key v="20203781420178e" t="String" n="$S" />
        <Key v="20203781441333e" t="String" n="$E" />
      </Data>
      <Data n="20203781448806c">
        <Key v="20203781420178e" t="String" n="$S" />
        <Key v="20203781444740e" t="String" n="$E" />
      </Data>
      <Data n="20203781451042c">
        <Key v="20203781444740e" t="String" n="$S" />
        <Key v="20203781442009e" t="String" n="$E" />
      </Data>
      <Data n="20203781458348c">
        <Key v="20203781442009e" t="String" n="$S" />
        <Key v="20203781458343e" t="String" n="$E" />
      </Data>
      <Data n="20203781506692c">
        <Key v="20203781458343e" t="String" n="$S" />
        <Key v="20203781506688e" t="String" n="$E" />
      </Data>
      <Data n="20203781556525c">
        <Key v="20203781458343e" t="String" n="$S" />
        <Key v="20203781556521e" t="String" n="$E" />
        <Data n="!Node">
          <Key v="4204,-381" t="Vector2" n="0" />
        </Data>
      </Data>
    </Data>
  </Data>
</DataRoot>