﻿<?xml version="1.0" encoding="utf-8"?>
<DataRoot n="X">
  <Data n="20205339168558">
    <Key v="-284,67" t="Vector2" n="!$MP" />
    <Key v="1,1,1" t="Vector3" n="!$MZ" />
    <Data n="$Elems">
      <Data n="20205484654986e">
        <Key v="20205344030099" t="String" n="$T" />
        <Key v="700,50" t="Vector2" n="!$P" />
        <Key v="add" t="String" n="Mod" />
        <Key v="70" t="Decimal" n="Val" />
      </Data>
      <Data n="20205515643256e">
        <Key v="20205410728894" t="String" n="$T" />
        <Key v="450,50" t="Vector2" n="!$P" />
        <Key v="1" t="Int32" n="!IC" />
        <Key v="Tm" t="String" n="Typ" />
      </Data>
      <Data n="20205535473842e">
        <Key v="20205344030099" t="String" n="$T" />
        <Key v="200,50" t="Vector2" n="!$P" />
        <Key v="add" t="String" n="Mod" />
        <Key v="2" t="Decimal" n="Val" />
        <Key v="1" t="Int32" n="!UV" />
        <Key v="0" t="Decimal" n="Var" />
      </Data>
      <Data n="20205535469817e">
        <Key v="20205410728894" t="String" n="$T" />
        <Key v="200,-100" t="Vector2" n="!$P" />
        <Key v="1" t="Int32" n="!IV" />
        <Key v="0" t="Int32" n="V" />
      </Data>
      <Data n="20205535470893e">
        <Key v="20205344030099" t="String" n="$T" />
        <Key v="450,-100" t="Vector2" n="!$P" />
        <Key v="add" t="String" n="Mod" />
        <Key v="1" t="Decimal" n="Val" />
        <Key v="X20205337374305" t="String" n="Att" />
        <Key v="1" t="Int32" n="!K" />
      </Data>
      <Data n="20205535470976e">
        <Key v="20205344030099" t="String" n="$T" />
        <Key v="700,-100" t="Vector2" n="!$P" />
        <Key v="add" t="String" n="Mod" />
        <Key v="-15" t="Decimal" n="Val" />
      </Data>
      <Data n="20205535471231e">
        <Key v="20205484483351" t="String" n="$T" />
        <Key v="950,-100" t="Vector2" n="!$P" />
        <Key v="sa0" t="String" n="X" />
      </Data>
    </Data>
    <Data n="$Conns">
      <Data n="20205515643994c">
        <Key v="20205515643256e" t="String" n="$S" />
        <Key v="20205484654986e" t="String" n="$E" />
      </Data>
      <Data n="20205535471694c">
        <Key v="20205535469817e" t="String" n="$E" />
      </Data>
      <Data n="20205535472119c">
        <Key v="20205535469817e" t="String" n="$S" />
        <Key v="20205535470893e" t="String" n="$E" />
      </Data>
      <Data n="20205535472561c">
        <Key v="20205535470893e" t="String" n="$S" />
        <Key v="20205535470976e" t="String" n="$E" />
      </Data>
      <Data n="20205535473091c">
        <Key v="20205535470976e" t="String" n="$S" />
        <Key v="20205535471231e" t="String" n="$E" />
      </Data>
      <Data n="20205535474092c">
        <Key v="20205535473842e" t="String" n="$E" />
      </Data>
      <Data n="20205535474238c">
        <Key v="20205535473842e" t="String" n="$S" />
        <Key v="20205515643256e" t="String" n="$E" />
      </Data>
    </Data>
  </Data>
</DataRoot>