﻿<?xml version="1.0" encoding="utf-8"?>
<DataRoot n="X">
  <Data n="20205339302055">
    <Key v="-484,-25" t="Vector2" n="!$MP" />
    <Key v="1,1,1" t="Vector3" n="!$MZ" />
    <Data n="$Elems">
      <Data n="20205485516205e">
        <Key v="20205484483351" t="String" n="$T" />
        <Key v="700,50" t="Vector2" n="!$P" />
        <Key v="sa3" t="String" n="X" />
      </Data>
      <Data n="20207236696446e">
        <Key v="20205484483351" t="String" n="$T" />
        <Key v="950,50" t="Vector2" n="!$P" />
        <Key v="sa1" t="String" n="X" />
      </Data>
      <Data n="20207236727181e">
        <Key v="20205344030099" t="String" n="$T" />
        <Key v="200,50" t="Vector2" n="!$P" />
        <Key v="add" t="String" n="Mod" />
        <Key v="1" t="Decimal" n="Val" />
        <Key v="1" t="String" n="!UV" />
        <Key v="0" t="Decimal" n="Var" />
      </Data>
      <Data n="20207523124048e">
        <Key v="20205344030099" t="String" n="$T" />
        <Key v="450,50" t="Vector2" n="!$P" />
        <Key v="add" t="String" n="Mod" />
        <Key v="1" t="Decimal" n="Val" />
        <Key v="0" t="String" n="!UV" />
      </Data>
      <Data n="20205484609676e">
        <Key v="20205344030099" t="String" n="$T" />
        <Key v="450,-100" t="Vector2" n="!$P" />
        <Key v="add" t="String" n="Mod" />
        <Key v="1" t="Decimal" n="Val" />
        <Key v="X20205337374305" t="String" n="Att" />
        <Key v="1" t="Int32" n="!K" />
        <Key v="0" t="String" n="!UV" />
      </Data>
      <Data n="20205484609827e">
        <Key v="20205344030099" t="String" n="$T" />
        <Key v="700,-100" t="Vector2" n="!$P" />
        <Key v="add" t="String" n="Mod" />
        <Key v="-5" t="Decimal" n="Val" />
      </Data>
      <Data n="20205484611382e">
        <Key v="20205484483351" t="String" n="$T" />
        <Key v="950,-100" t="Vector2" n="!$P" />
        <Key v="sa0" t="String" n="X" />
      </Data>
      <Data n="20207236698781e">
        <Key v="20205410728894" t="String" n="$T" />
        <Key v="200,-100" t="Vector2" n="!$P" />
        <Key v="1" t="Int32" n="!IV" />
        <Key v="0" t="Int32" n="V" />
      </Data>
    </Data>
    <Data n="$Conns">
      <Data n="20205484611837c">
        <Key v="20205484609676e" t="String" n="$S" />
        <Key v="20205484609827e" t="String" n="$E" />
      </Data>
      <Data n="20205484611983c">
        <Key v="20205484609827e" t="String" n="$S" />
        <Key v="20205484611382e" t="String" n="$E" />
      </Data>
      <Data n="20207236699523c">
        <Key v="20207236698781e" t="String" n="$E" />
      </Data>
      <Data n="20207236696900c">
        <Key v="20205485516205e" t="String" n="$S" />
        <Key v="20207236696446e" t="String" n="$E" />
      </Data>
      <Data n="20207236700024c">
        <Key v="20207236698781e" t="String" n="$S" />
        <Key v="20205484609676e" t="String" n="$E" />
      </Data>
      <Data n="20207236727373c">
        <Key v="20207236727181e" t="String" n="$E" />
      </Data>
      <Data n="20207523125375c">
        <Key v="20207236727181e" t="String" n="$S" />
        <Key v="20207523124048e" t="String" n="$E" />
      </Data>
      <Data n="20207523125591c">
        <Key v="20207523124048e" t="String" n="$S" />
        <Key v="20205485516205e" t="String" n="$E" />
      </Data>
    </Data>
  </Data>
</DataRoot>