﻿<?xml version="1.0" encoding="utf-8"?>
<DataRoot n="X">
  <Data n="20205337377236">
    <Key v="-195,-50" t="Vector2" n="!$MP" />
    <Key v="1,1,1" t="Vector3" n="!$MZ" />
    <Data n="$Elems">
      <Data n="20205410865499e">
        <Key v="20205410801114" t="String" n="$T" />
        <Key v="300,50" t="Vector2" n="!$P" />
        <Key v="Představuje schopnost rozhodovat se, učit se a rozumět světu kolem sebe." t="String" n="%Txt" />
      </Data>
    </Data>
    <Data n="$Conns">
      <Data n="20205410866675c">
        <Key v="20205410865499e" t="String" n="$E" />
      </Data>
    </Data>
  </Data>
</DataRoot>