﻿<?xml version="1.0" encoding="utf-8"?>
<DataRoot n="X">
  <Data n="20207121510238">
    <Data n="$Elems">
      <Data n="20207121455644e">
        <Key v="20205410801114" t="String" n="$T" />
        <Key v="300,450" t="Vector2" n="!$P" />
      </Data>
      <Data n="20207091437219e">
        <Key v="20207091356882" t="String" n="$T" />
        <Key v="200,200" t="Vector2" n="!$P" />
        <Key v="Water" t="String" n="Cst" />
        <Key v="2" t="Int32" n="Val" />
      </Data>
      <Data n="20207091558625e">
        <Key v="20207091356882" t="String" n="$T" />
        <Key v="450,200" t="Vector2" n="!$P" />
        <Key v="AB" t="String" n="Cst" />
        <Key v="6" t="Int32" n="Val" />
      </Data>
      <Data n="20207091566206e">
        <Key v="20207091356882" t="String" n="$T" />
        <Key v="700,200" t="Vector2" n="!$P" />
        <Key v="Mana" t="String" n="Cst" />
        <Key v="1" t="Int32" n="!IV" />
        <Key v="0" t="Int32" n="Inx" />
      </Data>
      <Data n="20207088737777e">
        <Key v="20205484464552" t="String" n="$T" />
        <Key v="200,100" t="Vector2" n="!$P" />
        <Key v="Battle" t="String" n="Cond" />
      </Data>
      <Data n="20207119693022e">
        <Key v="20207116075055" t="String" n="$T" />
        <Key v="500,100" t="Vector2" n="!$P" />
        <Key v="Enemy,Obj,Hex,Self,Ally,Party" t="String" n="Trg" />
        <Key v="5" t="Int32" n="MaxRng" />
        <Key v="Hx1" t="String" n="Area" />
      </Data>
      <Data n="20207121642741e">
        <Key v="20205502245113" t="String" n="$T" />
        <Key v="850,100" t="Vector2" n="!$P" />
        <Key v="HE" t="String" n="Typ" />
        <Key v="Cre" t="String" n="Act" />
        <Key v="1" t="Int32" n="PI" />
        <Key v="X20207120546517" t="String" n="Eff" />
      </Data>
      <Data n="20207121654668e">
        <Key v="20205484464552" t="String" n="$T" />
        <Key v="200,-150" t="Vector2" n="!$P" />
        <Key v="World" t="String" n="Cond" />
      </Data>
      <Data n="20207121656912e">
        <Key v="20207116075055" t="String" n="$T" />
        <Key v="500,-150" t="Vector2" n="!$P" />
        <Key v="Party" t="String" n="Trg" />
      </Data>
      <Data n="20207121675449e">
        <Key v="20205484483351" t="String" n="$T" />
        <Key v="850,-150" t="Vector2" n="!$P" />
        <Key v="ModItem" t="String" n="Act" />
        <Key v="cg1" t="String" n="!BA" />
      </Data>
      <Data n="20207091625404e">
        <Key v="20205410728894" t="String" n="$T" />
        <Key v="200,-300" t="Vector2" n="!$P" />
        <Key v="1" t="Int32" n="!IV" />
        <Key v="0" t="Int32" n="V" />
      </Data>
      <Data n="20207091638369e">
        <Key v="20205344030099" t="String" n="$T" />
        <Key v="700,-300" t="Vector2" n="!$P" />
        <Key v="add" t="String" n="Mod" />
        <Key v="-0.34" t="Decimal" n="Val" />
        <Key v="2" t="String" n="!UV" />
        <Key v="Water" t="String" n="Key" />
      </Data>
      <Data n="20207091657444e">
        <Key v="20205344030099" t="String" n="$T" />
        <Key v="450,-300" t="Vector2" n="!$P" />
        <Key v="add" t="String" n="Mod" />
        <Key v="6" t="Decimal" n="Val" />
        <Key v="0" t="String" n="!UV" />
      </Data>
      <Data n="20207121761136e">
        <Key v="20205484483351" t="String" n="$T" />
        <Key v="950,-300" t="Vector2" n="!$P" />
        <Key v="sa2" t="String" n="X" />
      </Data>
      <Data n="20207121769939e">
        <Key v="20205484483351" t="String" n="$T" />
        <Key v="1200,-300" t="Vector2" n="!$P" />
        <Key v="sa6" t="String" n="X" />
        <Key v="2" t="Decimal" n="V" />
      </Data>
      <Data n="20207121524780e">
        <Key v="20205344030099" t="String" n="$T" />
        <Key v="450,-450" t="Vector2" n="!$P" />
        <Key v="add" t="String" n="Mod" />
        <Key v="3" t="Decimal" n="Val" />
        <Key v="0" t="String" n="!UV" />
      </Data>
      <Data n="20207091610265e">
        <Key v="20205410728894" t="String" n="$T" />
        <Key v="200,-450" t="Vector2" n="!$P" />
        <Key v="1" t="Int32" n="!IV" />
        <Key v="1" t="Int32" n="V" />
      </Data>
      <Data n="20207091632497e">
        <Key v="20205344030099" t="String" n="$T" />
        <Key v="700,-450" t="Vector2" n="!$P" />
        <Key v="add" t="String" n="Mod" />
        <Key v="0.5" t="Decimal" n="Val" />
        <Key v="2" t="String" n="!UV" />
        <Key v="Water" t="String" n="Key" />
      </Data>
      <Data n="20207091653662e">
        <Key v="20205484483351" t="String" n="$T" />
        <Key v="950,-450" t="Vector2" n="!$P" />
        <Key v="sa1" t="String" n="X" />
      </Data>
    </Data>
    <Data n="$Conns">
      <Data n="20207088738278c">
        <Key v="20207088737777e" t="String" n="$E" />
      </Data>
      <Data n="20207091437698c">
        <Key v="20207091437219e" t="String" n="$E" />
      </Data>
      <Data n="20207091565010c">
        <Key v="20207091437219e" t="String" n="$S" />
        <Key v="20207091558625e" t="String" n="$E" />
      </Data>
      <Data n="20207091566210c">
        <Key v="20207091558625e" t="String" n="$S" />
        <Key v="20207091566206e" t="String" n="$E" />
      </Data>
      <Data n="20207091612372c">
        <Key v="20207091610265e" t="String" n="$E" />
      </Data>
      <Data n="20207091628982c">
        <Key v="20207091625404e" t="String" n="$E" />
      </Data>
      <Data n="20207122010412c">
        <Key v="20207091610265e" t="String" n="$S" />
        <Key v="20207121524780e" t="String" n="$E" />
      </Data>
      <Data n="20207121759722c">
        <Key v="20207091625404e" t="String" n="$S" />
        <Key v="20207091657444e" t="String" n="$E" />
      </Data>
      <Data n="20207121759935c">
        <Key v="20207091657444e" t="String" n="$S" />
        <Key v="20207091638369e" t="String" n="$E" />
      </Data>
      <Data n="20207120390539c">
        <Key v="20207088737777e" t="String" n="$S" />
        <Key v="20207119693022e" t="String" n="$E" />
      </Data>
      <Data n="20207122010971c">
        <Key v="20207121524780e" t="String" n="$S" />
        <Key v="20207091632497e" t="String" n="$E" />
      </Data>
      <Data n="20207122011142c">
        <Key v="20207091632497e" t="String" n="$S" />
        <Key v="20207091653662e" t="String" n="$E" />
      </Data>
      <Data n="20207121456299c">
        <Key v="20207121455644e" t="String" n="$E" />
      </Data>
      <Data n="20207121643663c">
        <Key v="20207119693022e" t="String" n="$S" />
        <Key v="20207121642741e" t="String" n="$E" />
      </Data>
      <Data n="20207121655215c">
        <Key v="20207121654668e" t="String" n="$E" />
      </Data>
      <Data n="20207121657421c">
        <Key v="20207121654668e" t="String" n="$S" />
        <Key v="20207121656912e" t="String" n="$E" />
      </Data>
      <Data n="20207121676137c">
        <Key v="20207121656912e" t="String" n="$S" />
        <Key v="20207121675449e" t="String" n="$E" />
      </Data>
      <Data n="20207121761649c">
        <Key v="20207091638369e" t="String" n="$S" />
        <Key v="20207121761136e" t="String" n="$E" />
      </Data>
      <Data n="20207121770941c">
        <Key v="20207121761136e" t="String" n="$S" />
        <Key v="20207121769939e" t="String" n="$E" />
      </Data>
    </Data>
  </Data>
</DataRoot>