﻿<?xml version="1.0" encoding="utf-8"?>
<DataRoot n="X">
  <Data n="20207188476467">
    <Data n="$Elems">
      <Data n="20207088811254e">
        <Key v="20205344030099" t="String" n="$T" />
        <Key v="750,200" t="Vector2" n="!$P" />
        <Key v="add" t="String" n="Mod" />
        <Key v="-25" t="Decimal" n="Val" />
        <Key v="0" t="String" n="!UV" />
      </Data>
      <Data n="20207088788863e">
        <Key v="20205410728894" t="String" n="$T" />
        <Key v="200,200" t="Vector2" n="!$P" />
        <Key v="1" t="Int32" n="!IC" />
        <Key v="Tb" t="String" n="Typ" />
      </Data>
      <Data n="20207088810466e">
        <Key v="20205410728894" t="String" n="$T" />
        <Key v="500,200" t="Vector2" n="!$P" />
        <Key v="och" t="String" n="!!Att" />
        <Key v="X20205339182699" t="String" n="Att" />
      </Data>
      <Data n="20207188563901e">
        <Key v="20205410728894" t="String" n="$T" />
        <Key v="500,100" t="Vector2" n="!$P" />
        <Key v="ak" t="String" n="!!Att" />
        <Key v="X20205337442439" t="String" n="Att" />
      </Data>
      <Data n="20207188566241e">
        <Key v="20205344030099" t="String" n="$T" />
        <Key v="750,100" t="Vector2" n="!$P" />
        <Key v="mod" t="String" n="Mod" />
        <Key v="-0.2" t="Decimal" n="Val" />
        <Key v="0" t="String" n="!UV" />
      </Data>
      <Data n="20207188725913e">
        <Key v="20205410728894" t="String" n="$T" />
        <Key v="500,0" t="Vector2" n="!$P" />
        <Key v="ob" t="String" n="!!Att" />
        <Key v="X20205337796992" t="String" n="Att" />
      </Data>
      <Data n="20207188727548e">
        <Key v="20205344030099" t="String" n="$T" />
        <Key v="750,0" t="Vector2" n="!$P" />
        <Key v="add" t="String" n="Mod" />
        <Key v="-10" t="Decimal" n="Val" />
        <Key v="0" t="String" n="!UV" />
      </Data>
      <Data n="20207136640703e">
        <Key v="20205410728894" t="String" n="$T" />
        <Key v="200,-100" t="Vector2" n="!$P" />
        <Key v="1" t="Int32" n="!IV" />
        <Key v="0" t="Int32" n="V" />
      </Data>
      <Data n="20207136641875e">
        <Key v="20205344030099" t="String" n="$T" />
        <Key v="450,-100" t="Vector2" n="!$P" />
        <Key v="add" t="String" n="Mod" />
        <Key v="1" t="Decimal" n="Val" />
        <Key v="0" t="String" n="!UV" />
        <Key v="1" t="Int32" n="PL" />
      </Data>
      <Data n="20207282261466e">
        <Key v="20205410728894" t="String" n="$T" />
        <Key v="200,-250" t="Vector2" n="!$P" />
        <Key v="1" t="Int32" n="!IV" />
        <Key v="1" t="Int32" n="V" />
      </Data>
      <Data n="20207282263175e">
        <Key v="20205344030099" t="String" n="$T" />
        <Key v="450,-250" t="Vector2" n="!$P" />
        <Key v="add" t="String" n="Mod" />
        <Key v="1" t="Decimal" n="Val" />
        <Key v="2" t="String" n="!UV" />
        <Key v="MaxDur" t="String" n="Key" />
      </Data>
      <Data n="20207136468377e">
        <Key v="20205484464552" t="String" n="$T" />
        <Key v="150,-400" t="Vector2" n="!$P" />
        <Key v="1" t="Int32" n="!IT" />
        <Key v="RoundStart" t="String" n="Trig" />
      </Data>
      <Data n="20207136472148e">
        <Key v="20207116075055" t="String" n="$T" />
        <Key v="450,-400" t="Vector2" n="!$P" />
        <Key v="1" t="Int32" n="!IsD" />
        <Key v="0" t="Int32" n="Bns" />
        <Key v="Weapon" t="String" n="DmgT" />
        <Key v="1" t="Int32" n="Php" />
      </Data>
      <Data n="20207282251365e">
        <Key v="20205484464552" t="String" n="$T" />
        <Key v="150,-500" t="Vector2" n="!$P" />
        <Key v="1" t="Int32" n="!IT" />
        <Key v="End" t="String" n="Trig" />
      </Data>
      <Data n="20207282253742e">
        <Key v="20205502245113" t="String" n="$T" />
        <Key v="400,-500" t="Vector2" n="!$P" />
        <Key v="DE" t="String" n="Typ" />
        <Key v="Cre" t="String" n="Act" />
        <Key v="1" t="Int32" n="P" />
        <Key v="v" t="String" n="!!Eff" />
        <Key v="X20207122660084" t="String" n="Eff" />
        <Key v="1" t="Int32" n="PI" />
      </Data>
      <Data n="20207091416067e">
        <Key v="20205410801114" t="String" n="$T" />
        <Key v="200,-700" t="Vector2" n="!$P" />
      </Data>
    </Data>
    <Data n="$Conns">
      <Data n="20207088789222c">
        <Key v="20207088788863e" t="String" n="$E" />
      </Data>
      <Data n="20207088810470c">
        <Key v="20207088788863e" t="String" n="$S" />
        <Key v="20207088810466e" t="String" n="$E" />
      </Data>
      <Data n="20207091418215c">
        <Key v="20207088810466e" t="String" n="$S" />
        <Key v="20207088811254e" t="String" n="$E" />
      </Data>
      <Data n="20207091416888c">
        <Key v="20207091416067e" t="String" n="$E" />
      </Data>
      <Data n="20207188564247c">
        <Key v="20207088788863e" t="String" n="$S" />
        <Key v="20207188563901e" t="String" n="$E" />
      </Data>
      <Data n="20207188566620c">
        <Key v="20207188563901e" t="String" n="$S" />
        <Key v="20207188566241e" t="String" n="$E" />
      </Data>
      <Data n="20207136468382c">
        <Key v="20207136468377e" t="String" n="$E" />
      </Data>
      <Data n="20207136472677c">
        <Key v="20207136468377e" t="String" n="$S" />
        <Key v="20207136472148e" t="String" n="$E" />
      </Data>
      <Data n="20207136641241c">
        <Key v="20207136640703e" t="String" n="$E" />
      </Data>
      <Data n="20207136642300c">
        <Key v="20207136640703e" t="String" n="$S" />
        <Key v="20207136641875e" t="String" n="$E" />
      </Data>
      <Data n="20207188727031c">
        <Key v="20207088788863e" t="String" n="$S" />
        <Key v="20207188725913e" t="String" n="$E" />
      </Data>
      <Data n="20207188728745c">
        <Key v="20207188725913e" t="String" n="$S" />
        <Key v="20207188727548e" t="String" n="$E" />
      </Data>
      <Data n="20207282251837c">
        <Key v="20207282251365e" t="String" n="$E" />
      </Data>
      <Data n="20207282253746c">
        <Key v="20207282251365e" t="String" n="$S" />
        <Key v="20207282253742e" t="String" n="$E" />
      </Data>
      <Data n="20207282262204c">
        <Key v="20207282261466e" t="String" n="$E" />
      </Data>
      <Data n="20207282263580c">
        <Key v="20207282261466e" t="String" n="$S" />
        <Key v="20207282263175e" t="String" n="$E" />
      </Data>
    </Data>
  </Data>
</DataRoot>