﻿<?xml version="1.0" encoding="utf-8"?>
<DataRoot n="X">
  <Data n="20205337791587">
    <Key v="-411,-20" t="Vector2" n="!$MP" />
    <Key v="1,1,1" t="Vector3" n="!$MZ" />
    <Data n="$Elems">
      <Data n="20205485550697e">
        <Key v="20205344030099" t="String" n="$T" />
        <Key v="200,50" t="Vector2" n="!$P" />
        <Key v="add" t="String" n="Mod" />
        <Key v="2" t="Decimal" n="Val" />
        <Key v="X20205337370397" t="String" n="Att" />
        <Key v="1" t="Int32" n="!K" />
        <Key v="0" t="String" n="!UV" />
      </Data>
      <Data n="20205485550809e">
        <Key v="20205344030099" t="String" n="$T" />
        <Key v="450,50" t="Vector2" n="!$P" />
        <Key v="add" t="String" n="Mod" />
        <Key v="0.5" t="Decimal" n="Val" />
        <Key v="X20205337377236" t="String" n="Att" />
        <Key v="1" t="Int32" n="!K" />
        <Key v="0" t="String" n="!UV" />
      </Data>
      <Data n="20205485558845e">
        <Key v="20205344030099" t="String" n="$T" />
        <Key v="700,50" t="Vector2" n="!$P" />
        <Key v="add" t="String" n="Mod" />
        <Key v="-20" t="Decimal" n="Val" />
        <Key v="0" t="String" n="!UV" />
      </Data>
      <Data n="20205485559825e">
        <Key v="20205484483351" t="String" n="$T" />
        <Key v="200,-100" t="Vector2" n="!$P" />
        <Key v="sa3" t="String" n="X" />
      </Data>
      <Data n="20205491657723e">
        <Key v="20205484483351" t="String" n="$T" />
        <Key v="450,-100" t="Vector2" n="!$P" />
        <Key v="sa1" t="String" n="X" />
      </Data>
    </Data>
    <Data n="$Conns">
      <Data n="20205485557140c">
        <Key v="20205485550697e" t="String" n="$E" />
      </Data>
      <Data n="20205485557352c">
        <Key v="20205485550697e" t="String" n="$S" />
        <Key v="20205485550809e" t="String" n="$E" />
      </Data>
      <Data n="20205485559079c">
        <Key v="20205485550809e" t="String" n="$S" />
        <Key v="20205485558845e" t="String" n="$E" />
      </Data>
      <Data n="20205491658940c">
        <Key v="20205485559825e" t="String" n="$S" />
        <Key v="20205491657723e" t="String" n="$E" />
      </Data>
      <Data n="20205491659186c">
        <Key v="20205485559825e" t="String" n="$E" />
      </Data>
    </Data>
  </Data>
</DataRoot>