﻿<?xml version="1.0" encoding="utf-8"?>
<DataRoot n="X">
  <Data n="20205339179859">
    <Key v="0,0" t="Vector2" n="!$MP" />
    <Key v="1,1,1" t="Vector3" n="!$MZ" />
    <Data n="$Elems">
      <Data n="20205484644227e">
        <Key v="20205344030099" t="String" n="$T" />
        <Key v="450,50" t="Vector2" n="!$P" />
        <Key v="add" t="String" n="Mod" />
        <Key v="70" t="Decimal" n="Val" />
      </Data>
      <Data n="20205515631984e">
        <Key v="20205410728894" t="String" n="$T" />
        <Key v="200,50" t="Vector2" n="!$P" />
        <Key v="1" t="Int32" n="!IC" />
        <Key v="Tm" t="String" n="Typ" />
      </Data>
    </Data>
    <Data n="$Conns">
      <Data n="20205515634015c">
        <Key v="20205515631984e" t="String" n="$S" />
        <Key v="20205484644227e" t="String" n="$E" />
      </Data>
      <Data n="20205515633477c">
        <Key v="20205515631984e" t="String" n="$E" />
      </Data>
    </Data>
  </Data>
</DataRoot>