﻿<?xml version="1.0" encoding="utf-8"?>
<DataRoot n="X">
  <Data n="20207089544532">
    <Data n="$Elems">
      <Data n="20207088811254e">
        <Key v="20205344030099" t="String" n="$T" />
        <Key v="750,100" t="Vector2" n="!$P" />
        <Key v="add" t="String" n="Mod" />
        <Key v="-8" t="Decimal" n="Val" />
        <Key v="0" t="String" n="!UV" />
      </Data>
      <Data n="20207088813418e">
        <Key v="20205344030099" t="String" n="$T" />
        <Key v="950,100" t="Vector2" n="!$P" />
        <Key v="add" t="String" n="Mod" />
        <Key v="-2" t="Decimal" n="Val" />
        <Key v="0" t="String" n="!UV" />
        <Key v="1" t="Int32" n="PL" />
      </Data>
      <Data n="20207088788863e">
        <Key v="20205410728894" t="String" n="$T" />
        <Key v="250,100" t="Vector2" n="!$P" />
        <Key v="1" t="Int32" n="!IC" />
        <Key v="Tb" t="String" n="Typ" />
      </Data>
      <Data n="20207088810466e">
        <Key v="20205410728894" t="String" n="$T" />
        <Key v="500,100" t="Vector2" n="!$P" />
        <Key v="ochr" t="String" n="!!Att" />
        <Key v="X20205339177495" t="String" n="Att" />
      </Data>
      <Data n="20207091431455e">
        <Key v="20205410801114" t="String" n="$T" />
        <Key v="300,0" t="Vector2" n="!$P" />
      </Data>
    </Data>
    <Data n="$Conns">
      <Data n="20207088789222c">
        <Key v="20207088788863e" t="String" n="$E" />
      </Data>
      <Data n="20207091432143c">
        <Key v="20207091431455e" t="String" n="$E" />
      </Data>
      <Data n="20207088810470c">
        <Key v="20207088788863e" t="String" n="$S" />
        <Key v="20207088810466e" t="String" n="$E" />
      </Data>
      <Data n="20207088814315c">
        <Key v="20207088811254e" t="String" n="$S" />
        <Key v="20207088813418e" t="String" n="$E" />
      </Data>
      <Data n="20207091429908c">
        <Key v="20207088810466e" t="String" n="$S" />
        <Key v="20207088811254e" t="String" n="$E" />
      </Data>
    </Data>
  </Data>
</DataRoot>