﻿<?xml version="1.0" encoding="utf-8"?>
<DataRoot n="X">
  <Data n="20205339305800">
    <Key v="-538,-39" t="Vector2" n="!$MP" />
    <Key v="1,1,1" t="Vector3" n="!$MZ" />
    <Data n="$Elems">
      <Data n="20205485519532e">
        <Key v="20205484483351" t="String" n="$T" />
        <Key v="700,50" t="Vector2" n="!$P" />
        <Key v="sa3" t="String" n="X" />
      </Data>
      <Data n="20207236706709e">
        <Key v="20205484483351" t="String" n="$T" />
        <Key v="950,50" t="Vector2" n="!$P" />
        <Key v="sa1" t="String" n="X" />
      </Data>
      <Data n="20207236730751e">
        <Key v="20205344030099" t="String" n="$T" />
        <Key v="200,50" t="Vector2" n="!$P" />
        <Key v="add" t="String" n="Mod" />
        <Key v="1" t="Decimal" n="Val" />
        <Key v="1" t="String" n="!UV" />
        <Key v="0" t="Decimal" n="Var" />
      </Data>
      <Data n="20207523132735e">
        <Key v="20205344030099" t="String" n="$T" />
        <Key v="450,50" t="Vector2" n="!$P" />
        <Key v="add" t="String" n="Mod" />
        <Key v="1" t="Decimal" n="Val" />
        <Key v="0" t="String" n="!UV" />
      </Data>
      <Data n="20205484618154e">
        <Key v="20205344030099" t="String" n="$T" />
        <Key v="450,-100" t="Vector2" n="!$P" />
        <Key v="add" t="String" n="Mod" />
        <Key v="1" t="Decimal" n="Val" />
        <Key v="X20205337380698" t="String" n="Att" />
        <Key v="1" t="Int32" n="!K" />
        <Key v="0" t="String" n="!UV" />
      </Data>
      <Data n="20205484618263e">
        <Key v="20205344030099" t="String" n="$T" />
        <Key v="700,-100" t="Vector2" n="!$P" />
        <Key v="add" t="String" n="Mod" />
        <Key v="-5" t="Decimal" n="Val" />
      </Data>
      <Data n="20205484618563e">
        <Key v="20205484483351" t="String" n="$T" />
        <Key v="950,-100" t="Vector2" n="!$P" />
        <Key v="sa0" t="String" n="X" />
      </Data>
      <Data n="20207236708498e">
        <Key v="20205410728894" t="String" n="$T" />
        <Key v="200,-100" t="Vector2" n="!$P" />
        <Key v="1" t="Int32" n="!IV" />
        <Key v="0" t="Int32" n="V" />
      </Data>
    </Data>
    <Data n="$Conns">
      <Data n="20207236707109c">
        <Key v="20205485519532e" t="String" n="$S" />
        <Key v="20207236706709e" t="String" n="$E" />
      </Data>
      <Data n="20205484619806c">
        <Key v="20205484618154e" t="String" n="$S" />
        <Key v="20205484618263e" t="String" n="$E" />
      </Data>
      <Data n="20205484620519c">
        <Key v="20205484618263e" t="String" n="$S" />
        <Key v="20205484618563e" t="String" n="$E" />
      </Data>
      <Data n="20207236709407c">
        <Key v="20207236708498e" t="String" n="$E" />
      </Data>
      <Data n="20207236709607c">
        <Key v="20207236708498e" t="String" n="$S" />
        <Key v="20205484618154e" t="String" n="$E" />
      </Data>
      <Data n="20207236730938c">
        <Key v="20207236730751e" t="String" n="$E" />
      </Data>
      <Data n="20207523133432c">
        <Key v="20207236730751e" t="String" n="$S" />
        <Key v="20207523132735e" t="String" n="$E" />
      </Data>
      <Data n="20207523133699c">
        <Key v="20207523132735e" t="String" n="$S" />
        <Key v="20205485519532e" t="String" n="$E" />
      </Data>
    </Data>
  </Data>
</DataRoot>