﻿<?xml version="1.0" encoding="utf-8"?>
<DataRoot n="X">
  <Data n="20205337419919">
    <Key v="-617,86" t="Vector2" n="!$MP" />
    <Key v="0.8,0.8,0.8" t="Vector3" n="!$MZ" />
    <Data n="$Elems">
      <Data n="20205464125432e">
        <Key v="20205344030099" t="String" n="$T" />
        <Key v="200,300" t="Vector2" n="!$P" />
        <Key v="add" t="String" n="Mod" />
        <Key v="1000" t="Decimal" n="Val" />
      </Data>
      <Data n="20205504089680e">
        <Key v="20205344030099" t="String" n="$T" />
        <Key v="450,300" t="Vector2" n="!$P" />
        <Key v="add" t="String" n="Mod" />
        <Key v="1000" t="Decimal" n="Val" />
        <Key v="0" t="String" n="!UV" />
        <Key v="1" t="Int32" n="PL" />
      </Data>
      <Data n="20205504101853e">
        <Key v="20205344030099" t="String" n="$T" />
        <Key v="700,300" t="Vector2" n="!$P" />
        <Key v="mod" t="String" n="Mod" />
        <Key v="0.05" t="Decimal" n="Val" />
        <Key v="0" t="String" n="!UV" />
        <Key v="1" t="Int32" n="PL" />
      </Data>
      <Data n="20205535676840e">
        <Key v="20205484464552" t="String" n="$T" />
        <Key v="200,150" t="Vector2" n="!$P" />
        <Key v="1" t="Int32" n="!IT" />
        <Key v="GainVital" t="String" n="Trig" />
      </Data>
      <Data n="20205535663116e">
        <Key v="20205344030099" t="String" n="$T" />
        <Key v="950,150" t="Vector2" n="!$P" />
        <Key v="mod" t="String" n="Mod" />
        <Key v="0.05" t="Decimal" n="Val" />
        <Key v="1" t="Int32" n="!UV" />
        <Key v="0" t="Decimal" n="Var" />
      </Data>
      <Data n="20205535663454e">
        <Key v="20205410728894" t="String" n="$T" />
        <Key v="700,150" t="Vector2" n="!$P" />
        <Key v="1" t="Int32" n="!IC" />
        <Key v="Tc" t="String" n="Typ" />
      </Data>
      <Data n="20205551595693e">
        <Key v="20205484464552" t="String" n="$T" />
        <Key v="450,150" t="Vector2" n="!$P" />
        <Key v="Quest" t="String" n="Cond" />
      </Data>
      <Data n="20205535644984e">
        <Key v="20205410728894" t="String" n="$T" />
        <Key v="700,0" t="Vector2" n="!$P" />
        <Key v="1" t="Int32" n="!IC" />
        <Key v="Tc" t="String" n="Typ" />
      </Data>
      <Data n="20205535647136e">
        <Key v="20205344030099" t="String" n="$T" />
        <Key v="950,0" t="Vector2" n="!$P" />
        <Key v="mod" t="String" n="Mod" />
        <Key v="-0.05" t="Decimal" n="Val" />
        <Key v="1" t="Int32" n="!UV" />
        <Key v="1" t="Decimal" n="Var" />
      </Data>
      <Data n="20205552670925e">
        <Key v="20205484483351" t="String" n="$T" />
        <Key v="450,0" t="Vector2" n="!$P" />
        <Key v="sa4" t="String" n="X" />
      </Data>
      <Data n="20205535626518e">
        <Key v="20205410728894" t="String" n="$T" />
        <Key v="200,-150" t="Vector2" n="!$P" />
        <Key v="1" t="Int32" n="!IV" />
        <Key v="0" t="Int32" n="V" />
      </Data>
      <Data n="20205535628249e">
        <Key v="20205344030099" t="String" n="$T" />
        <Key v="450,-150" t="Vector2" n="!$P" />
        <Key v="add" t="String" n="Mod" />
        <Key v="1" t="Decimal" n="Val" />
        <Key v="X20205337377236" t="String" n="Att" />
        <Key v="1" t="Int32" n="!K" />
        <Key v="0" t="String" n="!UV" />
      </Data>
      <Data n="20205535628415e">
        <Key v="20205344030099" t="String" n="$T" />
        <Key v="650,-150" t="Vector2" n="!$P" />
        <Key v="add" t="String" n="Mod" />
        <Key v="-15" t="Decimal" n="Val" />
      </Data>
      <Data n="20205535628636e">
        <Key v="20205484483351" t="String" n="$T" />
        <Key v="900,-150" t="Vector2" n="!$P" />
        <Key v="sa0" t="String" n="X" />
      </Data>
      <Data n="20205535633378e">
        <Key v="20205410728894" t="String" n="$T" />
        <Key v="200,-300" t="Vector2" n="!$P" />
        <Key v="1" t="Int32" n="!IV" />
        <Key v="1" t="Int32" n="V" />
      </Data>
      <Data n="20205535635009e">
        <Key v="20205344030099" t="String" n="$T" />
        <Key v="450,-300" t="Vector2" n="!$P" />
        <Key v="add" t="String" n="Mod" />
        <Key v="-1" t="Decimal" n="Val" />
        <Key v="X20205337377236" t="String" n="Att" />
        <Key v="1" t="Int32" n="!K" />
        <Key v="0" t="String" n="!UV" />
      </Data>
      <Data n="20205535636226e">
        <Key v="20205344030099" t="String" n="$T" />
        <Key v="650,-300" t="Vector2" n="!$P" />
        <Key v="add" t="String" n="Mod" />
        <Key v="5" t="Decimal" n="Val" />
      </Data>
      <Data n="20205535636898e">
        <Key v="20205484483351" t="String" n="$T" />
        <Key v="900,-300" t="Vector2" n="!$P" />
        <Key v="sa0" t="String" n="X" />
      </Data>
      <Data n="20205552380709e">
        <Key v="20205484483351" t="String" n="$T" />
        <Key v="200,-450" t="Vector2" n="!$P" />
        <Key v="sa5" t="String" n="X" />
      </Data>
    </Data>
    <Data n="$Conns">
      <Data n="20205464125703c">
        <Key v="20205464125432e" t="String" n="$E" />
      </Data>
      <Data n="20205504090631c">
        <Key v="20205464125432e" t="String" n="$S" />
        <Key v="20205504089680e" t="String" n="$E" />
      </Data>
      <Data n="20205504103859c">
        <Key v="20205504089680e" t="String" n="$S" />
        <Key v="20205504101853e" t="String" n="$E" />
      </Data>
      <Data n="20205535629233c">
        <Key v="20205535626518e" t="String" n="$S" />
        <Key v="20205535628249e" t="String" n="$E" />
      </Data>
      <Data n="20205535629604c">
        <Key v="20205535628249e" t="String" n="$S" />
        <Key v="20205535628415e" t="String" n="$E" />
      </Data>
      <Data n="20205535630467c">
        <Key v="20205535628415e" t="String" n="$S" />
        <Key v="20205535628636e" t="String" n="$E" />
      </Data>
      <Data n="20205535633124c">
        <Key v="20205535626518e" t="String" n="$E" />
      </Data>
      <Data n="20205535634396c">
        <Key v="20205535633378e" t="String" n="$E" />
      </Data>
      <Data n="20205535636018c">
        <Key v="20205535633378e" t="String" n="$S" />
        <Key v="20205535635009e" t="String" n="$E" />
      </Data>
      <Data n="20205535636606c">
        <Key v="20205535635009e" t="String" n="$S" />
        <Key v="20205535636226e" t="String" n="$E" />
      </Data>
      <Data n="20205535637265c">
        <Key v="20205535636226e" t="String" n="$S" />
        <Key v="20205535636898e" t="String" n="$E" />
      </Data>
      <Data n="20205552852743c">
        <Key v="20205535676840e" t="String" n="$S" />
        <Key v="20205551595693e" t="String" n="$E" />
      </Data>
      <Data n="20205535647140c">
        <Key v="20205535644984e" t="String" n="$S" />
        <Key v="20205535647136e" t="String" n="$E" />
      </Data>
      <Data n="20205535667190c">
        <Key v="20205535663454e" t="String" n="$S" />
        <Key v="20205535663116e" t="String" n="$E" />
      </Data>
      <Data n="20205535677916c">
        <Key v="20205535676840e" t="String" n="$E" />
      </Data>
      <Data n="20205551598596c">
        <Key v="20205551595693e" t="String" n="$S" />
        <Key v="20205535663454e" t="String" n="$E" />
      </Data>
      <Data n="20205552679740c">
        <Key v="20205552670925e" t="String" n="$S" />
        <Key v="20205535644984e" t="String" n="$E" />
      </Data>
      <Data n="20205552852955c">
        <Key v="20205535676840e" t="String" n="$S" />
        <Key v="20205552670925e" t="String" n="$E" />
      </Data>
      <Data n="20205554330842c">
        <Key v="20205552380709e" t="String" n="$E" />
      </Data>
    </Data>
  </Data>
</DataRoot>