﻿<?xml version="1.0" encoding="utf-8"?>
<DataRoot n="X">
  <Data n="20207122660084">
    <Data n="$Elems">
      <Data n="20207088811254e">
        <Key v="20205344030099" t="String" n="$T" />
        <Key v="750,50" t="Vector2" n="!$P" />
        <Key v="mod" t="String" n="Mod" />
        <Key v="-0.1" t="Decimal" n="Val" />
        <Key v="0" t="String" n="!UV" />
      </Data>
      <Data n="20207088788863e">
        <Key v="20205410728894" t="String" n="$T" />
        <Key v="200,50" t="Vector2" n="!$P" />
        <Key v="1" t="Int32" n="!IC" />
        <Key v="Tb" t="String" n="Typ" />
      </Data>
      <Data n="20207088810466e">
        <Key v="20205410728894" t="String" n="$T" />
        <Key v="500,50" t="Vector2" n="!$P" />
        <Key v="um" t="String" n="!!Att" />
        <Key v="X20205337712715" t="String" n="Att" />
      </Data>
      <Data n="20207122681235e">
        <Key v="20205410728894" t="String" n="$T" />
        <Key v="500,-50" t="Vector2" n="!$P" />
        <Key v="uh" t="String" n="!!Att" />
        <Key v="X20205337791587" t="String" n="Att" />
      </Data>
      <Data n="20207122684422e">
        <Key v="20205344030099" t="String" n="$T" />
        <Key v="750,-50" t="Vector2" n="!$P" />
        <Key v="add" t="String" n="Mod" />
        <Key v="-1" t="Decimal" n="Val" />
        <Key v="0" t="String" n="!UV" />
        <Key v="1" t="Int32" n="PL" />
      </Data>
      <Data n="20207209419114e">
        <Key v="20205484483351" t="String" n="$T" />
        <Key v="200,-50" t="Vector2" n="!$P" />
        <Key v="cg1" t="String" n="!BA" />
        <Key v="EndCond" t="String" n="Act" />
        <Key v="EWld" t="String" n="EC" />
      </Data>
      <Data n="20207091416067e">
        <Key v="20205410801114" t="String" n="$T" />
        <Key v="250,-250" t="Vector2" n="!$P" />
      </Data>
    </Data>
    <Data n="$Conns">
      <Data n="20207088789222c">
        <Key v="20207088788863e" t="String" n="$E" />
      </Data>
      <Data n="20207088810470c">
        <Key v="20207088788863e" t="String" n="$S" />
        <Key v="20207088810466e" t="String" n="$E" />
      </Data>
      <Data n="20207091418215c">
        <Key v="20207088810466e" t="String" n="$S" />
        <Key v="20207088811254e" t="String" n="$E" />
      </Data>
      <Data n="20207122681582c">
        <Key v="20207088788863e" t="String" n="$S" />
        <Key v="20207122681235e" t="String" n="$E" />
      </Data>
      <Data n="20207091416888c">
        <Key v="20207091416067e" t="String" n="$E" />
      </Data>
      <Data n="20207122685385c">
        <Key v="20207122681235e" t="String" n="$S" />
        <Key v="20207122684422e" t="String" n="$E" />
      </Data>
      <Data n="20207209419514c">
        <Key v="20207209419114e" t="String" n="$E" />
      </Data>
    </Data>
  </Data>
</DataRoot>