﻿<?xml version="1.0" encoding="utf-8"?>
<DataRoot n="X">
  <Data n="20206561578485">
    <Key v="-747,233" t="Vector2" n="!$MP" />
    <Key v="1,1,1" t="Vector3" n="!$MZ" />
    <Data n="$Elems">
      <Data n="20207208072234e">
        <Key v="20205484464552" t="String" n="$T" />
        <Key v="400,300" t="Vector2" n="!$P" />
        <Key v="Potion" t="String" n="Cond" />
      </Data>
      <Data n="20206561293409e">
        <Key v="20205410728894" t="String" n="$T" />
        <Key v="650,250" t="Vector2" n="!$P" />
        <Key v="trv" t="String" n="!!Att" />
        <Key v="X20206561700652" t="String" n="Att" />
      </Data>
      <Data n="20206561299393e">
        <Key v="20205410728894" t="String" n="$T" />
        <Key v="900,250" t="Vector2" n="!$P" />
        <Key v="uh" t="String" n="!!Att" />
        <Key v="1" t="Int32" n="!IC" />
        <Key v="Tc" t="String" n="Typ" />
      </Data>
      <Data n="20206561302734e">
        <Key v="20205344030099" t="String" n="$T" />
        <Key v="1150,250" t="Vector2" n="!$P" />
        <Key v="mod" t="String" n="Mod" />
        <Key v="0.1" t="Decimal" n="Val" />
        <Key v="1" t="String" n="!UV" />
        <Key v="0" t="Decimal" n="Var" />
      </Data>
      <Data n="20206561304860e">
        <Key v="20205344030099" t="String" n="$T" />
        <Key v="1350,250" t="Vector2" n="!$P" />
        <Key v="mod" t="String" n="Mod" />
        <Key v="0.1" t="Decimal" n="Val" />
        <Key v="1" t="String" n="!UV" />
        <Key v="1" t="Decimal" n="Var" />
      </Data>
      <Data n="20206561717446e">
        <Key v="20205484464552" t="String" n="$T" />
        <Key v="200,250" t="Vector2" n="!$P" />
        <Key v="1" t="Int32" n="!IT" />
        <Key v="CostAction" t="String" n="Trig" />
      </Data>
      <Data n="20206561723593e">
        <Key v="20205484464552" t="String" n="$T" />
        <Key v="400,200" t="Vector2" n="!$P" />
        <Key v="Ointment" t="String" n="Cond" />
      </Data>
      <Data n="20206561279985e">
        <Key v="20205410728894" t="String" n="$T" />
        <Key v="200,100" t="Vector2" n="!$P" />
        <Key v="1" t="Int32" n="!IV" />
        <Key v="0" t="Int32" n="V" />
      </Data>
      <Data n="20206561281866e">
        <Key v="20205344030099" t="String" n="$T" />
        <Key v="450,100" t="Vector2" n="!$P" />
        <Key v="add" t="String" n="Mod" />
        <Key v="1" t="Decimal" n="Val" />
        <Key v="0" t="String" n="!UV" />
        <Key v="1" t="Int32" n="PL" />
      </Data>
      <Data n="20206561284063e">
        <Key v="20205344030099" t="String" n="$T" />
        <Key v="650,100" t="Vector2" n="!$P" />
        <Key v="add" t="String" n="Mod" />
        <Key v="-5" t="Decimal" n="Val" />
        <Key v="0" t="String" n="!UV" />
      </Data>
      <Data n="20206561287054e">
        <Key v="20205484483351" t="String" n="$T" />
        <Key v="900,100" t="Vector2" n="!$P" />
        <Key v="sa0" t="String" n="X" />
      </Data>
      <Data n="20206561289268e">
        <Key v="20205410728894" t="String" n="$T" />
        <Key v="200,-50" t="Vector2" n="!$P" />
        <Key v="1" t="Int32" n="!IV" />
        <Key v="1" t="Int32" n="V" />
      </Data>
      <Data n="20206561290148e">
        <Key v="20205344030099" t="String" n="$T" />
        <Key v="450,-50" t="Vector2" n="!$P" />
        <Key v="add" t="String" n="Mod" />
        <Key v="1" t="Decimal" n="Val" />
        <Key v="0" t="String" n="!UV" />
        <Key v="1" t="Int32" n="PL" />
      </Data>
      <Data n="20206561290640e">
        <Key v="20205344030099" t="String" n="$T" />
        <Key v="650,-50" t="Vector2" n="!$P" />
        <Key v="add" t="String" n="Mod" />
        <Key v="-10" t="Decimal" n="Val" />
        <Key v="0" t="String" n="!UV" />
      </Data>
      <Data n="20206561291778e">
        <Key v="20205484483351" t="String" n="$T" />
        <Key v="900,-50" t="Vector2" n="!$P" />
        <Key v="sa0" t="String" n="X" />
      </Data>
    </Data>
    <Data n="$Conns">
      <Data n="20206561281428c">
        <Key v="20206561279985e" t="String" n="$E" />
      </Data>
      <Data n="20206561281870c">
        <Key v="20206561279985e" t="String" n="$S" />
        <Key v="20206561281866e" t="String" n="$E" />
      </Data>
      <Data n="20206561284068c">
        <Key v="20206561281866e" t="String" n="$S" />
        <Key v="20206561284063e" t="String" n="$E" />
      </Data>
      <Data n="20206561287058c">
        <Key v="20206561284063e" t="String" n="$S" />
        <Key v="20206561287054e" t="String" n="$E" />
      </Data>
      <Data n="20206561727375c">
        <Key v="20206561717446e" t="String" n="$S" />
        <Key v="20206561723593e" t="String" n="$E" />
      </Data>
      <Data n="20206561290448c">
        <Key v="20206561289268e" t="String" n="$S" />
        <Key v="20206561290148e" t="String" n="$E" />
      </Data>
      <Data n="20206561291028c">
        <Key v="20206561290148e" t="String" n="$S" />
        <Key v="20206561290640e" t="String" n="$E" />
      </Data>
      <Data n="20206561292099c">
        <Key v="20206561290640e" t="String" n="$S" />
        <Key v="20206561291778e" t="String" n="$E" />
      </Data>
      <Data n="20206561723084c">
        <Key v="20206561289268e" t="String" n="$E" />
      </Data>
      <Data n="20206561300456c">
        <Key v="20206561293409e" t="String" n="$S" />
        <Key v="20206561299393e" t="String" n="$E" />
      </Data>
      <Data n="20206561302738c">
        <Key v="20206561299393e" t="String" n="$S" />
        <Key v="20206561302734e" t="String" n="$E" />
      </Data>
      <Data n="20206561305286c">
        <Key v="20206561302734e" t="String" n="$S" />
        <Key v="20206561304860e" t="String" n="$E" />
      </Data>
      <Data n="20206561721987c">
        <Key v="20206561717446e" t="String" n="$E" />
      </Data>
      <Data n="20206561728284c">
        <Key v="20206561723593e" t="String" n="$S" />
        <Key v="20206561293409e" t="String" n="$E" />
      </Data>
      <Data n="20207208074669c">
        <Key v="20206561717446e" t="String" n="$S" />
        <Key v="20207208072234e" t="String" n="$E" />
      </Data>
      <Data n="20207208074861c">
        <Key v="20207208072234e" t="String" n="$S" />
        <Key v="20206561293409e" t="String" n="$E" />
      </Data>
    </Data>
  </Data>
</DataRoot>