﻿<?xml version="1.0" encoding="utf-8"?>
<DataRoot n="X">
  <Data n="20205339527587">
    <Key v="-606,107" t="Vector2" n="!$MP" />
    <Key v="1,1,1" t="Vector3" n="!$MZ" />
    <Data n="$Elems">
      <Data n="20205485661145e">
        <Key v="20205344030099" t="String" n="$T" />
        <Key v="450,100" t="Vector2" n="!$P" />
        <Key v="add" t="String" n="Mod" />
        <Key v="2.5" t="Decimal" n="Val" />
        <Key v="X20205337377236" t="String" n="Att" />
        <Key v="1" t="Int32" n="!K" />
        <Key v="0" t="String" n="!UV" />
      </Data>
      <Data n="20205491610457e">
        <Key v="20205344030099" t="String" n="$T" />
        <Key v="1050,100" t="Vector2" n="!$P" />
        <Key v="add" t="String" n="Mod" />
        <Key v="10" t="Decimal" n="Val" />
      </Data>
      <Data n="20205530276833e">
        <Key v="20205344030099" t="String" n="$T" />
        <Key v="650,100" t="Vector2" n="!$P" />
        <Key v="add" t="String" n="Mod" />
        <Key v="1" t="Decimal" n="Val" />
        <Key v="X20205337380698" t="String" n="Att" />
        <Key v="1" t="Int32" n="!K" />
        <Key v="0" t="String" n="!UV" />
      </Data>
      <Data n="20205577793234e">
        <Key v="20205484464552" t="String" n="$T" />
        <Key v="200,100" t="Vector2" n="!$P" />
        <Key v="1" t="Int32" n="!IF" />
        <Key v="Wizard" t="String" n="F" />
      </Data>
      <Data n="20205485687385e">
        <Key v="20205344030099" t="String" n="$T" />
        <Key v="450,-50" t="Vector2" n="!$P" />
        <Key v="add" t="String" n="Mod" />
        <Key v="1" t="Decimal" n="Val" />
        <Key v="X20205337377236" t="String" n="Att" />
        <Key v="1" t="Int32" n="!K" />
        <Key v="0" t="String" n="!UV" />
      </Data>
      <Data n="20205485690696e">
        <Key v="20205344030099" t="String" n="$T" />
        <Key v="650,-50" t="Vector2" n="!$P" />
        <Key v="add" t="String" n="Mod" />
        <Key v="1" t="Decimal" n="Val" />
        <Key v="X20205337370397" t="String" n="Att" />
        <Key v="1" t="Int32" n="!K" />
        <Key v="0" t="String" n="!UV" />
      </Data>
      <Data n="20205485691017e">
        <Key v="20205344030099" t="String" n="$T" />
        <Key v="850,-50" t="Vector2" n="!$P" />
        <Key v="add" t="String" n="Mod" />
        <Key v="1" t="Decimal" n="Val" />
        <Key v="X20205337374305" t="String" n="Att" />
        <Key v="1" t="Int32" n="!K" />
        <Key v="0" t="String" n="!UV" />
      </Data>
      <Data n="20205485684324e">
        <Key v="20205344030099" t="String" n="$T" />
        <Key v="1050,-50" t="Vector2" n="!$P" />
        <Key v="add" t="String" n="Mod" />
        <Key v="10" t="Decimal" n="Val" />
      </Data>
      <Data n="20205577797312e">
        <Key v="20205484464552" t="String" n="$T" />
        <Key v="200,-50" t="Vector2" n="!$P" />
        <Key v="1" t="Int32" n="!IF" />
        <Key v="Ranger" t="String" n="F" />
      </Data>
      <Data n="20205577798155e">
        <Key v="20205484464552" t="String" n="$T" />
        <Key v="200,-200" t="Vector2" n="!$P" />
        <Key v="1" t="Int32" n="!IF" />
        <Key v="Cleric" t="String" n="F" />
      </Data>
      <Data n="20205485703532e">
        <Key v="20205344030099" t="String" n="$T" />
        <Key v="450,-200" t="Vector2" n="!$P" />
        <Key v="add" t="String" n="Mod" />
        <Key v="1.5" t="Decimal" n="Val" />
        <Key v="X20205337380698" t="String" n="Att" />
        <Key v="1" t="Int32" n="!K" />
        <Key v="0" t="String" n="!UV" />
      </Data>
      <Data n="20205485703824e">
        <Key v="20205344030099" t="String" n="$T" />
        <Key v="850,-200" t="Vector2" n="!$P" />
        <Key v="add" t="String" n="Mod" />
        <Key v="0.5" t="Decimal" n="Val" />
        <Key v="X20205337377236" t="String" n="Att" />
        <Key v="1" t="Int32" n="!K" />
        <Key v="0" t="String" n="!UV" />
      </Data>
      <Data n="20205485704178e">
        <Key v="20205344030099" t="String" n="$T" />
        <Key v="650,-200" t="Vector2" n="!$P" />
        <Key v="add" t="String" n="Mod" />
        <Key v="1" t="Decimal" n="Val" />
        <Key v="X20205337374305" t="String" n="Att" />
        <Key v="1" t="Int32" n="!K" />
        <Key v="0" t="String" n="!UV" />
      </Data>
      <Data n="20205491611504e">
        <Key v="20205344030099" t="String" n="$T" />
        <Key v="1050,-200" t="Vector2" n="!$P" />
        <Key v="add" t="String" n="Mod" />
        <Key v="10" t="Decimal" n="Val" />
      </Data>
      <Data n="20205485662868e">
        <Key v="20205484483351" t="String" n="$T" />
        <Key v="200,-350" t="Vector2" n="!$P" />
        <Key v="sa3" t="String" n="X" />
      </Data>
      <Data n="20205491617096e">
        <Key v="20205484483351" t="String" n="$T" />
        <Key v="450,-350" t="Vector2" n="!$P" />
        <Key v="sa1" t="String" n="X" />
      </Data>
      <Data n="20207216667631e">
        <Key v="20205484483351" t="String" n="$T" />
        <Key v="700,-350" t="Vector2" n="!$P" />
        <Key v="sa0" t="String" n="X" />
      </Data>
    </Data>
    <Data n="$Conns">
      <Data n="20205491614189c">
        <Key v="20205485662868e" t="String" n="$E" />
      </Data>
      <Data n="20205577799718c">
        <Key v="20205577797312e" t="String" n="$S" />
        <Key v="20205485687385e" t="String" n="$E" />
      </Data>
      <Data n="20205577799548c">
        <Key v="20205577797312e" t="String" n="$E" />
      </Data>
      <Data n="20205530295223c">
        <Key v="20205485703532e" t="String" n="$S" />
        <Key v="20205485704178e" t="String" n="$E" />
      </Data>
      <Data n="20205577799243c">
        <Key v="20205577798155e" t="String" n="$S" />
        <Key v="20205485703532e" t="String" n="$E" />
      </Data>
      <Data n="20205485695074c">
        <Key v="20205485687385e" t="String" n="$S" />
        <Key v="20205485690696e" t="String" n="$E" />
      </Data>
      <Data n="20205485695287c">
        <Key v="20205485690696e" t="String" n="$S" />
        <Key v="20205485691017e" t="String" n="$E" />
      </Data>
      <Data n="20205577799039c">
        <Key v="20205577798155e" t="String" n="$E" />
      </Data>
      <Data n="20205530295023c">
        <Key v="20205485704178e" t="String" n="$S" />
        <Key v="20205485703824e" t="String" n="$E" />
      </Data>
      <Data n="20205530295473c">
        <Key v="20205485703824e" t="String" n="$S" />
        <Key v="20205491611504e" t="String" n="$E" />
      </Data>
      <Data n="20205530278609c">
        <Key v="20205485661145e" t="String" n="$S" />
        <Key v="20205530276833e" t="String" n="$E" />
      </Data>
      <Data n="20205491613238c">
        <Key v="20205485691017e" t="String" n="$S" />
        <Key v="20205485684324e" t="String" n="$E" />
      </Data>
      <Data n="20205491619373c">
        <Key v="20205485662868e" t="String" n="$S" />
        <Key v="20205491617096e" t="String" n="$E" />
      </Data>
      <Data n="20205530278788c">
        <Key v="20205530276833e" t="String" n="$S" />
        <Key v="20205491610457e" t="String" n="$E" />
      </Data>
      <Data n="20205577794631c">
        <Key v="20205577793234e" t="String" n="$E" />
      </Data>
      <Data n="20205577794889c">
        <Key v="20205577793234e" t="String" n="$S" />
        <Key v="20205485661145e" t="String" n="$E" />
      </Data>
      <Data n="20207216667635c">
        <Key v="20205491617096e" t="String" n="$S" />
        <Key v="20207216667631e" t="String" n="$E" />
      </Data>
    </Data>
  </Data>
</DataRoot>