﻿<?xml version="1.0" encoding="utf-8"?>
<DataRoot n="X">
  <Data n="20205337269344">
    <Key v="0,0" t="Vector2" n="!$MP" />
    <Key v="1,1,1" t="Vector3" n="!$MZ" />
    <Data n="$Elems">
      <Data n="20205410880857e">
        <Key v="20205410801114" t="String" n="$T" />
        <Key v="300,50" t="Vector2" n="!$P" />
        <Key v="Vystihuje svalovou vybavenost postavy." t="String" n="%Txt" />
      </Data>
    </Data>
    <Data n="$Conns">
      <Data n="20205410881037c">
        <Key v="20205410880857e" t="String" n="$E" />
      </Data>
    </Data>
  </Data>
</DataRoot>