﻿<?xml version="1.0" encoding="utf-8"?>
<DataRoot n="X">
  <Data n="20205337429248">
    <Key v="-700,-75" t="Vector2" n="!$MP" />
    <Key v="1,1,1" t="Vector3" n="!$MZ" />
    <Data n="$Elems">
      <Data n="20205463853147e">
        <Key v="20205344030099" t="String" n="$T" />
        <Key v="700,50" t="Vector2" n="!$P" />
        <Key v="add" t="String" n="Mod" />
        <Key v="5" t="Decimal" n="Val" />
      </Data>
      <Data n="20205463857934e">
        <Key v="20205344030099" t="String" n="$T" />
        <Key v="200,50" t="Vector2" n="!$P" />
        <Key v="add" t="String" n="Mod" />
        <Key v="1" t="Decimal" n="Val" />
        <Key v="X20205337374305" t="String" n="Att" />
        <Key v="1" t="Int32" n="!K" />
        <Key v="0" t="String" n="!UV" />
      </Data>
      <Data n="20205463858047e">
        <Key v="20205344030099" t="String" n="$T" />
        <Key v="450,50" t="Vector2" n="!$P" />
        <Key v="add" t="String" n="Mod" />
        <Key v="X20205337269344" t="String" n="Att" />
        <Key v="0.4" t="Decimal" n="Val" />
        <Key v="1" t="Int32" n="!K" />
        <Key v="0" t="String" n="!UV" />
      </Data>
      <Data n="20205491649153e">
        <Key v="20205484483351" t="String" n="$T" />
        <Key v="1200,50" t="Vector2" n="!$P" />
        <Key v="sa1" t="String" n="X" />
      </Data>
      <Data n="20205463874640e">
        <Key v="20205344030099" t="String" n="$T" />
        <Key v="950,50" t="Vector2" n="!$P" />
        <Key v="mod" t="String" n="Mod" />
        <Key v="0.12" t="Decimal" n="Val" />
        <Key v="1" t="Int32" n="PL" />
        <Key v="0" t="String" n="!UV" />
      </Data>
    </Data>
    <Data n="$Conns">
      <Data n="20205463866471c">
        <Key v="20205463857934e" t="String" n="$E" />
      </Data>
      <Data n="20205463866667c">
        <Key v="20205463857934e" t="String" n="$S" />
        <Key v="20205463858047e" t="String" n="$E" />
      </Data>
      <Data n="20205463866813c">
        <Key v="20205463858047e" t="String" n="$S" />
        <Key v="20205463853147e" t="String" n="$E" />
      </Data>
      <Data n="20205503063700c">
        <Key v="20205463853147e" t="String" n="$S" />
        <Key v="20205463874640e" t="String" n="$E" />
      </Data>
      <Data n="20205503062862c">
        <Key v="20205463874640e" t="String" n="$S" />
        <Key v="20205491649153e" t="String" n="$E" />
      </Data>
    </Data>
  </Data>
</DataRoot>