﻿<?xml version="1.0" encoding="utf-8"?>
<DataRoot n="X">
  <Data n="20207137085967">
    <Data n="$Elems">
      <Data n="20207137113687e">
        <Key v="20205410728894" t="String" n="$T" />
        <Key v="450,150" t="Vector2" n="!$P" />
        <Key v="př" t="String" n="!!Att" />
        <Key v="X20207136281047" t="String" n="Att" />
      </Data>
      <Data n="20207137116831e">
        <Key v="20205344030099" t="String" n="$T" />
        <Key v="700,150" t="Vector2" n="!$P" />
        <Key v="add" t="String" n="Mod" />
        <Key v="-25" t="Decimal" n="Val" />
        <Key v="0" t="String" n="!UV" />
      </Data>
      <Data n="20207137112119e">
        <Key v="20205410728894" t="String" n="$T" />
        <Key v="200,150" t="Vector2" n="!$P" />
        <Key v="1" t="Int32" n="!IC" />
        <Key v="Tb" t="String" n="Typ" />
      </Data>
      <Data n="20207426138837e">
        <Key v="20205410728894" t="String" n="$T" />
        <Key v="450,50" t="Vector2" n="!$P" />
        <Key v="hod" t="String" n="!!Att" />
        <Key v="X20205339294224" t="String" n="Att" />
      </Data>
      <Data n="20207426140755e">
        <Key v="20205344030099" t="String" n="$T" />
        <Key v="700,50" t="Vector2" n="!$P" />
        <Key v="mod" t="String" n="Mod" />
        <Key v="-0.25" t="Decimal" n="Val" />
        <Key v="0" t="String" n="!UV" />
      </Data>
      <Data n="20207209413138e">
        <Key v="20205484483351" t="String" n="$T" />
        <Key v="200,-50" t="Vector2" n="!$P" />
        <Key v="cg1" t="String" n="!BA" />
        <Key v="EndCond" t="String" n="Act" />
        <Key v="EWld" t="String" n="EC" />
      </Data>
      <Data n="20207219804245e">
        <Key v="20205484483351" t="String" n="$T" />
        <Key v="450,-50" t="Vector2" n="!$P" />
        <Key v="cg2" t="String" n="!BA" />
        <Key v="v" t="String" n="!!Eff" />
        <Key v="X20207136231804" t="String" n="Eff" />
      </Data>
      <Data n="20207219790913e">
        <Key v="20205484464552" t="String" n="$T" />
        <Key v="200,-200" t="Vector2" n="!$P" />
        <Key v="1" t="Int32" n="!IT" />
        <Key v="Before" t="String" n="Trig" />
      </Data>
      <Data n="20207219793390e">
        <Key v="20205410728894" t="String" n="$T" />
        <Key v="450,-200" t="Vector2" n="!$P" />
        <Key v="ef" t="String" n="!!Att" />
        <Key v="X20206583646370" t="String" n="Att" />
      </Data>
      <Data n="20207219795012e">
        <Key v="20205344030099" t="String" n="$T" />
        <Key v="700,-200" t="Vector2" n="!$P" />
        <Key v="add" t="String" n="Mod" />
        <Key v="1" t="Decimal" n="Val" />
        <Key v="0" t="String" n="!UV" />
        <Key v="1" t="Int32" n="!K" />
        <Key v="1" t="Int32" n="!NP" />
        <Key v="vz" t="String" n="!!Att" />
        <Key v="X20207136231804" t="String" n="Att" />
      </Data>
      <Data n="20207219774536e">
        <Key v="20205502245113" t="String" n="$T" />
        <Key v="450,-300" t="Vector2" n="!$P" />
        <Key v="DE" t="String" n="Typ" />
        <Key v="Rem" t="String" n="Act" />
        <Key v="v" t="String" n="!!Eff" />
        <Key v="X20207136231804" t="String" n="Eff" />
      </Data>
      <Data n="20207219807373e">
        <Key v="20205484464552" t="String" n="$T" />
        <Key v="200,-300" t="Vector2" n="!$P" />
        <Key v="1" t="Int32" n="!IT" />
        <Key v="Apply" t="String" n="Trig" />
      </Data>
    </Data>
    <Data n="$Conns">
      <Data n="20207137113157c">
        <Key v="20207137112119e" t="String" n="$E" />
      </Data>
      <Data n="20207137113691c">
        <Key v="20207137112119e" t="String" n="$S" />
        <Key v="20207137113687e" t="String" n="$E" />
      </Data>
      <Data n="20207137116836c">
        <Key v="20207137113687e" t="String" n="$S" />
        <Key v="20207137116831e" t="String" n="$E" />
      </Data>
      <Data n="20207209413518c">
        <Key v="20207209413138e" t="String" n="$E" />
      </Data>
      <Data n="20207219806606c">
        <Key v="20207209413138e" t="String" n="$S" />
        <Key v="20207219804245e" t="String" n="$E" />
      </Data>
      <Data n="20207219792552c">
        <Key v="20207219790913e" t="String" n="$E" />
      </Data>
      <Data n="20207219793394c">
        <Key v="20207219790913e" t="String" n="$S" />
        <Key v="20207219793390e" t="String" n="$E" />
      </Data>
      <Data n="20207219795016c">
        <Key v="20207219793390e" t="String" n="$S" />
        <Key v="20207219795012e" t="String" n="$E" />
      </Data>
      <Data n="20207219808220c">
        <Key v="20207219807373e" t="String" n="$E" />
      </Data>
      <Data n="20207219808883c">
        <Key v="20207219807373e" t="String" n="$S" />
        <Key v="20207219774536e" t="String" n="$E" />
      </Data>
      <Data n="20207426166545c">
        <Key v="20207137112119e" t="String" n="$S" />
        <Key v="20207426138837e" t="String" n="$E" />
      </Data>
      <Data n="20207426141197c">
        <Key v="20207426138837e" t="String" n="$S" />
        <Key v="20207426140755e" t="String" n="$E" />
      </Data>
    </Data>
  </Data>
</DataRoot>