﻿<?xml version="1.0" encoding="utf-8"?>
<DataRoot n="X">
  <Data n="20206395223293">
    <Key v="-462,232" t="Vector2" n="!$MP" />
    <Key v="0.8,0.8,0.8" t="Vector3" n="!$MZ" />
    <Data n="$Elems">
      <Data n="20205554281666e">
        <Key v="20205484464552" t="String" n="$T" />
        <Key v="200,100" t="Vector2" n="!$P" />
        <Key v="1" t="Int32" n="!IT" />
        <Key v="CalcAction" t="String" n="Trig" />
      </Data>
      <Data n="20205554284001e">
        <Key v="20205484464552" t="String" n="$T" />
        <Key v="400,100" t="Vector2" n="!$P" />
        <Key v="Mining" t="String" n="Cond" />
      </Data>
      <Data n="20205554291896e">
        <Key v="20205410728894" t="String" n="$T" />
        <Key v="650,100" t="Vector2" n="!$P" />
        <Key v="nad" t="String" n="!!Att" />
        <Key v="X20205337435024" t="String" n="Att" />
      </Data>
      <Data n="20205554288893e">
        <Key v="20205410728894" t="String" n="$T" />
        <Key v="900,100" t="Vector2" n="!$P" />
        <Key v="1" t="Int32" n="!IC" />
        <Key v="Ta" t="String" n="Typ" />
      </Data>
      <Data n="20206395270400e">
        <Key v="20205344030099" t="String" n="$T" />
        <Key v="1150,100" t="Vector2" n="!$P" />
        <Key v="add" t="String" n="Mod" />
        <Key v="1" t="Decimal" n="Val" />
        <Key v="1" t="Int32" n="!UV" />
        <Key v="0" t="Decimal" n="Var" />
      </Data>
      <Data n="20206395242684e">
        <Key v="20205410728894" t="String" n="$T" />
        <Key v="650,-50" t="Vector2" n="!$P" />
        <Key v="hod" t="String" n="!!Att" />
        <Key v="X20205339297389" t="String" n="Att" />
      </Data>
      <Data n="20206395240303e">
        <Key v="20205484464552" t="String" n="$T" />
        <Key v="200,-50" t="Vector2" n="!$P" />
        <Key v="1" t="Int32" n="!IT" />
        <Key v="CostAction" t="String" n="Trig" />
      </Data>
      <Data n="20205554400676e">
        <Key v="20205344030099" t="String" n="$T" />
        <Key v="1150,-50" t="Vector2" n="!$P" />
        <Key v="mod" t="String" n="Mod" />
        <Key v="1" t="Decimal" n="Val" />
        <Key v="1" t="Int32" n="!UV" />
        <Key v="1" t="Decimal" n="Var" />
      </Data>
      <Data n="20206395241296e">
        <Key v="20205484464552" t="String" n="$T" />
        <Key v="400,-50" t="Vector2" n="!$P" />
        <Key v="Mining" t="String" n="Cond" />
      </Data>
      <Data n="20206395268298e">
        <Key v="20205410728894" t="String" n="$T" />
        <Key v="900,-50" t="Vector2" n="!$P" />
        <Key v="1" t="Int32" n="!IC" />
        <Key v="Tc" t="String" n="Typ" />
      </Data>
      <Data n="20206402196078e">
        <Key v="20205410728894" t="String" n="$T" />
        <Key v="200,-250" t="Vector2" n="!$P" />
        <Key v="1" t="Int32" n="!IV" />
        <Key v="0" t="Int32" n="V" />
      </Data>
      <Data n="20206402205670e">
        <Key v="20205344030099" t="String" n="$T" />
        <Key v="450,-250" t="Vector2" n="!$P" />
        <Key v="add" t="String" n="Mod" />
        <Key v="1" t="Decimal" n="Val" />
      </Data>
      <Data n="20206402198893e">
        <Key v="20205410728894" t="String" n="$T" />
        <Key v="200,-400" t="Vector2" n="!$P" />
        <Key v="1" t="Int32" n="!IV" />
        <Key v="1" t="Int32" n="V" />
      </Data>
      <Data n="20206402227034e">
        <Key v="20205344030099" t="String" n="$T" />
        <Key v="450,-400" t="Vector2" n="!$P" />
        <Key v="add" t="String" n="Mod" />
        <Key v="0.5" t="Decimal" n="Val" />
      </Data>
    </Data>
    <Data n="$Conns">
      <Data n="20205554283668c">
        <Key v="20205554281666e" t="String" n="$E" />
      </Data>
      <Data n="20205554284664c">
        <Key v="20205554281666e" t="String" n="$S" />
        <Key v="20205554284001e" t="String" n="$E" />
      </Data>
      <Data n="20205554298301c">
        <Key v="20205554291896e" t="String" n="$S" />
        <Key v="20205554288893e" t="String" n="$E" />
      </Data>
      <Data n="20205554297321c">
        <Key v="20205554284001e" t="String" n="$S" />
        <Key v="20205554291896e" t="String" n="$E" />
      </Data>
      <Data n="20206395241142c">
        <Key v="20206395240303e" t="String" n="$E" />
      </Data>
      <Data n="20206395243077c">
        <Key v="20206395241296e" t="String" n="$S" />
        <Key v="20206395242684e" t="String" n="$E" />
      </Data>
      <Data n="20206395241671c">
        <Key v="20206395240303e" t="String" n="$S" />
        <Key v="20206395241296e" t="String" n="$E" />
      </Data>
      <Data n="20206395268695c">
        <Key v="20206395242684e" t="String" n="$S" />
        <Key v="20206395268298e" t="String" n="$E" />
      </Data>
      <Data n="20206395269545c">
        <Key v="20206395268298e" t="String" n="$S" />
        <Key v="20205554400676e" t="String" n="$E" />
      </Data>
      <Data n="20206395270959c">
        <Key v="20205554288893e" t="String" n="$S" />
        <Key v="20206395270400e" t="String" n="$E" />
      </Data>
      <Data n="20206402196083c">
        <Key v="20206402196078e" t="String" n="$E" />
      </Data>
      <Data n="20206402199381c">
        <Key v="20206402198893e" t="String" n="$E" />
      </Data>
      <Data n="20206402206146c">
        <Key v="20206402196078e" t="String" n="$S" />
        <Key v="20206402205670e" t="String" n="$E" />
      </Data>
      <Data n="20206402227038c">
        <Key v="20206402198893e" t="String" n="$S" />
        <Key v="20206402227034e" t="String" n="$E" />
      </Data>
    </Data>
  </Data>
</DataRoot>