﻿<?xml version="1.0" encoding="utf-8"?>
<DataRoot n="X">
  <Data n="20205337435024">
    <Key v="0,0" t="Vector2" n="!$MP" />
    <Key v="1,1,1" t="Vector3" n="!$MZ" />
    <Data n="$Elems">
      <Data n="20205554308589e">
        <Key v="20205484483351" t="String" n="$T" />
        <Key v="200,50" t="Vector2" n="!$P" />
        <Key v="sa5" t="String" n="X" />
      </Data>
    </Data>
    <Data n="$Conns">
      <Data n="20205554309115c">
        <Key v="20205554308589e" t="String" n="$E" />
      </Data>
    </Data>
  </Data>
</DataRoot>