﻿<?xml version="1.0" encoding="utf-8"?>
<DataRoot n="X">
  <Data n="20207135779000">
    <Data n="$Elems">
      <Data n="20207135738315e">
        <Key v="20205502245113" t="String" n="$T" />
        <Key v="700,150" t="Vector2" n="!$P" />
        <Key v="SL" t="String" n="Typ" />
        <Key v="1" t="Int32" n="D" />
        <Key v="React" t="String" n="X" />
      </Data>
      <Data n="20207127377254e">
        <Key v="20205484483351" t="String" n="$T" />
        <Key v="200,150" t="Vector2" n="!$P" />
        <Key v="1" t="Int32" n="!IM" />
        <Key v="X20207122660084" t="String" n="Eff" />
        <Key v="cg2" t="String" n="!BA" />
      </Data>
      <Data n="20207135775113e">
        <Key v="20205502245113" t="String" n="$T" />
        <Key v="950,150" t="Vector2" n="!$P" />
        <Key v="SL" t="String" n="Typ" />
        <Key v="1" t="Int32" n="D" />
        <Key v="Detect" t="String" n="X" />
      </Data>
      <Data n="20207135881515e">
        <Key v="20205484483351" t="String" n="$T" />
        <Key v="450,150" t="Vector2" n="!$P" />
        <Key v="1" t="Int32" n="!IM" />
        <Key v="cg3" t="String" n="!BA" />
        <Key v="Mind,Spirit" t="String" n="Elem" />
      </Data>
      <Data n="20207127086705e">
        <Key v="20205410728894" t="String" n="$T" />
        <Key v="200,0" t="Vector2" n="!$P" />
        <Key v="1" t="Int32" n="!IC" />
        <Key v="Tb" t="String" n="Typ" />
      </Data>
      <Data n="20207127088973e">
        <Key v="20205410728894" t="String" n="$T" />
        <Key v="450,0" t="Vector2" n="!$P" />
        <Key v="um" t="String" n="!!Att" />
        <Key v="X20205337712715" t="String" n="Att" />
      </Data>
      <Data n="20207127092430e">
        <Key v="20205344030099" t="String" n="$T" />
        <Key v="700,0" t="Vector2" n="!$P" />
        <Key v="set" t="String" n="Mod" />
        <Key v="0" t="Decimal" n="Val" />
        <Key v="0" t="String" n="!UV" />
      </Data>
      <Data n="20207135763215e">
        <Key v="20205410728894" t="String" n="$T" />
        <Key v="450,-100" t="Vector2" n="!$P" />
        <Key v="akční" t="String" n="!!Att" />
        <Key v="X20205337442439" t="String" n="Att" />
      </Data>
      <Data n="20207135765626e">
        <Key v="20205344030099" t="String" n="$T" />
        <Key v="700,-100" t="Vector2" n="!$P" />
        <Key v="set" t="String" n="Mod" />
        <Key v="0" t="Decimal" n="Val" />
        <Key v="0" t="String" n="!UV" />
      </Data>
      <Data n="20207135768641e">
        <Key v="20205410728894" t="String" n="$T" />
        <Key v="450,-200" t="Vector2" n="!$P" />
        <Key v="uh" t="String" n="!!Att" />
        <Key v="X20205337791587" t="String" n="Att" />
      </Data>
      <Data n="20207135770643e">
        <Key v="20205344030099" t="String" n="$T" />
        <Key v="700,-200" t="Vector2" n="!$P" />
        <Key v="set" t="String" n="Mod" />
        <Key v="0" t="Decimal" n="Val" />
        <Key v="0" t="String" n="!UV" />
      </Data>
      <Data n="20207135795319e">
        <Key v="20205410728894" t="String" n="$T" />
        <Key v="450,-300" t="Vector2" n="!$P" />
        <Key v="ini" t="String" n="!!Att" />
        <Key v="X20205337445028" t="String" n="Att" />
      </Data>
      <Data n="20207135795919e">
        <Key v="20205344030099" t="String" n="$T" />
        <Key v="700,-300" t="Vector2" n="!$P" />
        <Key v="set" t="String" n="Mod" />
        <Key v="0" t="Decimal" n="Val" />
        <Key v="0" t="String" n="!UV" />
      </Data>
      <Data n="20207127099799e">
        <Key v="20205484483351" t="String" n="$T" />
        <Key v="450,-400" t="Vector2" n="!$P" />
        <Key v="Interrupt" t="String" n="Act" />
        <Key v="cg1" t="String" n="!BA" />
      </Data>
      <Data n="20207135805990e">
        <Key v="20205484483351" t="String" n="$T" />
        <Key v="700,-400" t="Vector2" n="!$P" />
        <Key v="Deactivate" t="String" n="Act" />
        <Key v="cg1" t="String" n="!BA" />
      </Data>
      <Data n="20207127139376e">
        <Key v="20205502245113" t="String" n="$T" />
        <Key v="450,-500" t="Vector2" n="!$P" />
        <Key v="DE" t="String" n="Typ" />
        <Key v="Rem" t="String" n="Act" />
        <Key v="X20207122660084" t="String" n="Eff" />
      </Data>
      <Data n="20207127331452e">
        <Key v="20205484464552" t="String" n="$T" />
        <Key v="200,-500" t="Vector2" n="!$P" />
        <Key v="1" t="Int32" n="!IT" />
        <Key v="Apply" t="String" n="Trig" />
      </Data>
      <Data n="20207135867119e">
        <Key v="20205502245113" t="String" n="$T" />
        <Key v="700,-500" t="Vector2" n="!$P" />
        <Key v="RE" t="String" n="Typ" />
        <Key v="ný" t="String" n="!!Eff" />
        <Key v="Mind,Spirit" t="String" n="Elem" />
      </Data>
    </Data>
    <Data n="$Conns">
      <Data n="20207127088556c">
        <Key v="20207127086705e" t="String" n="$E" />
      </Data>
      <Data n="20207127088977c">
        <Key v="20207127086705e" t="String" n="$S" />
        <Key v="20207127088973e" t="String" n="$E" />
      </Data>
      <Data n="20207127093506c">
        <Key v="20207127088973e" t="String" n="$S" />
        <Key v="20207127092430e" t="String" n="$E" />
      </Data>
      <Data n="20207135868020c">
        <Key v="20207127139376e" t="String" n="$S" />
        <Key v="20207135867119e" t="String" n="$E" />
      </Data>
      <Data n="20207127335914c">
        <Key v="20207127331452e" t="String" n="$S" />
        <Key v="20207127139376e" t="String" n="$E" />
      </Data>
      <Data n="20207127333962c">
        <Key v="20207127331452e" t="String" n="$E" />
      </Data>
      <Data n="20207135882724c">
        <Key v="20207127377254e" t="String" n="$S" />
        <Key v="20207135881515e" t="String" n="$E" />
      </Data>
      <Data n="20207127377258c">
        <Key v="20207127377254e" t="String" n="$E" />
      </Data>
      <Data n="20207135763633c">
        <Key v="20207127086705e" t="String" n="$S" />
        <Key v="20207135763215e" t="String" n="$E" />
      </Data>
      <Data n="20207135765630c">
        <Key v="20207135763215e" t="String" n="$S" />
        <Key v="20207135765626e" t="String" n="$E" />
      </Data>
      <Data n="20207135769037c">
        <Key v="20207127086705e" t="String" n="$S" />
        <Key v="20207135768641e" t="String" n="$E" />
      </Data>
      <Data n="20207135771035c">
        <Key v="20207135768641e" t="String" n="$S" />
        <Key v="20207135770643e" t="String" n="$E" />
      </Data>
      <Data n="20207135775539c">
        <Key v="20207135738315e" t="String" n="$S" />
        <Key v="20207135775113e" t="String" n="$E" />
      </Data>
      <Data n="20207135795752c">
        <Key v="20207127086705e" t="String" n="$S" />
        <Key v="20207135795319e" t="String" n="$E" />
      </Data>
      <Data n="20207135796282c">
        <Key v="20207135795319e" t="String" n="$S" />
        <Key v="20207135795919e" t="String" n="$E" />
      </Data>
      <Data n="20207135806441c">
        <Key v="20207127099799e" t="String" n="$S" />
        <Key v="20207135805990e" t="String" n="$E" />
      </Data>
      <Data n="20207135871085c">
        <Key v="20207127331452e" t="String" n="$S" />
        <Key v="20207127099799e" t="String" n="$E" />
      </Data>
      <Data n="20207135882937c">
        <Key v="20207135881515e" t="String" n="$S" />
        <Key v="20207135738315e" t="String" n="$E" />
      </Data>
    </Data>
  </Data>
</DataRoot>