﻿<?xml version="1.0" encoding="utf-8"?>
<DataRoot n="X">
  <Data n="20205337796992">
    <Key v="-491,76" t="Vector2" n="!$MP" />
    <Key v="1,1,1" t="Vector3" n="!$MZ" />
    <Data n="$Elems">
      <Data n="20205485600397e">
        <Key v="20205344030099" t="String" n="$T" />
        <Key v="200,50" t="Vector2" n="!$P" />
        <Key v="add" t="String" n="Mod" />
        <Key v="50" t="Decimal" n="Val" />
        <Key v="0" t="String" n="!UV" />
      </Data>
      <Data n="20205485606194e">
        <Key v="20205484483351" t="String" n="$T" />
        <Key v="950,50" t="Vector2" n="!$P" />
        <Key v="sa3" t="String" n="X" />
      </Data>
      <Data n="20205535244812e">
        <Key v="20205344030099" t="String" n="$T" />
        <Key v="450,50" t="Vector2" n="!$P" />
        <Key v="add" t="String" n="Mod" />
        <Key v="4" t="Decimal" n="Val" />
        <Key v="1" t="Int32" n="!UV" />
        <Key v="0" t="Decimal" n="Var" />
      </Data>
      <Data n="20205535244875e">
        <Key v="20205344030099" t="String" n="$T" />
        <Key v="700,50" t="Vector2" n="!$P" />
        <Key v="add" t="String" n="Mod" />
        <Key v="-10" t="Decimal" n="Val" />
        <Key v="1" t="Int32" n="!UV" />
        <Key v="1" t="Decimal" n="Var" />
      </Data>
      <Data n="20207190869122e">
        <Key v="20205484483351" t="String" n="$T" />
        <Key v="1200,50" t="Vector2" n="!$P" />
        <Key v="sa0" t="String" n="X" />
      </Data>
      <Data n="20207190859043e">
        <Key v="20205410728894" t="String" n="$T" />
        <Key v="200,-100" t="Vector2" n="!$P" />
        <Key v="1" t="Int32" n="!IC" />
        <Key v="Tm" t="String" n="Typ" />
      </Data>
      <Data n="20207190860248e">
        <Key v="20205344030099" t="String" n="$T" />
        <Key v="450,-100" t="Vector2" n="!$P" />
        <Key v="add" t="String" n="Mod" />
        <Key v="100" t="Decimal" n="Val" />
        <Key v="0" t="String" n="!UV" />
      </Data>
      <Data n="20205535234824e">
        <Key v="20205410728894" t="String" n="$T" />
        <Key v="200,-250" t="Vector2" n="!$P" />
        <Key v="1" t="Int32" n="!IV" />
        <Key v="0" t="Int32" n="V" />
      </Data>
      <Data n="20205535234979e">
        <Key v="20205344030099" t="String" n="$T" />
        <Key v="450,-250" t="Vector2" n="!$P" />
        <Key v="add" t="String" n="Mod" />
        <Key v="1" t="Decimal" n="Val" />
        <Key v="X20205337374305" t="String" n="Att" />
        <Key v="1" t="Int32" n="!K" />
        <Key v="0" t="String" n="!UV" />
      </Data>
      <Data n="20205535235137e">
        <Key v="20205344030099" t="String" n="$T" />
        <Key v="700,-250" t="Vector2" n="!$P" />
        <Key v="add" t="String" n="Mod" />
        <Key v="-15" t="Decimal" n="Val" />
      </Data>
      <Data n="20205535235316e">
        <Key v="20205484483351" t="String" n="$T" />
        <Key v="950,-250" t="Vector2" n="!$P" />
        <Key v="sa0" t="String" n="X" />
      </Data>
      <Data n="20205535243227e">
        <Key v="20205410728894" t="String" n="$T" />
        <Key v="200,-400" t="Vector2" n="!$P" />
        <Key v="1" t="Int32" n="!IV" />
        <Key v="1" t="Int32" n="V" />
      </Data>
      <Data n="20205535252806e">
        <Key v="20205344030099" t="String" n="$T" />
        <Key v="450,-400" t="Vector2" n="!$P" />
        <Key v="add" t="String" n="Mod" />
        <Key v="-1" t="Decimal" n="Val" />
        <Key v="X20205337374305" t="String" n="Att" />
        <Key v="1" t="Int32" n="!K" />
        <Key v="0" t="String" n="!UV" />
      </Data>
      <Data n="20205535253824e">
        <Key v="20205344030099" t="String" n="$T" />
        <Key v="700,-400" t="Vector2" n="!$P" />
        <Key v="add" t="String" n="Mod" />
        <Key v="5" t="Decimal" n="Val" />
      </Data>
      <Data n="20205535256960e">
        <Key v="20205484483351" t="String" n="$T" />
        <Key v="950,-400" t="Vector2" n="!$P" />
        <Key v="sa0" t="String" n="X" />
      </Data>
    </Data>
    <Data n="$Conns">
      <Data n="20205485600815c">
        <Key v="20205485600397e" t="String" n="$E" />
      </Data>
      <Data n="20205535257398c">
        <Key v="20205535243227e" t="String" n="$S" />
        <Key v="20205535252806e" t="String" n="$E" />
      </Data>
      <Data n="20205535235742c">
        <Key v="20205535235137e" t="String" n="$S" />
        <Key v="20205535235316e" t="String" n="$E" />
      </Data>
      <Data n="20205535236822c">
        <Key v="20205535234824e" t="String" n="$E" />
      </Data>
      <Data n="20205535238682c">
        <Key v="20205535234824e" t="String" n="$S" />
        <Key v="20205535234979e" t="String" n="$E" />
      </Data>
      <Data n="20205535239061c">
        <Key v="20205535234979e" t="String" n="$S" />
        <Key v="20205535235137e" t="String" n="$E" />
      </Data>
      <Data n="20205535243678c">
        <Key v="20205535243227e" t="String" n="$E" />
      </Data>
      <Data n="20205535245116c">
        <Key v="20205485600397e" t="String" n="$S" />
        <Key v="20205535244812e" t="String" n="$E" />
      </Data>
      <Data n="20205535245300c">
        <Key v="20205535244812e" t="String" n="$S" />
        <Key v="20205535244875e" t="String" n="$E" />
      </Data>
      <Data n="20205535245500c">
        <Key v="20205535244875e" t="String" n="$S" />
        <Key v="20205485606194e" t="String" n="$E" />
      </Data>
      <Data n="20205535257590c">
        <Key v="20205535252806e" t="String" n="$S" />
        <Key v="20205535253824e" t="String" n="$E" />
      </Data>
      <Data n="20205535257786c">
        <Key v="20205535253824e" t="String" n="$S" />
        <Key v="20205535256960e" t="String" n="$E" />
      </Data>
      <Data n="20207190859047c">
        <Key v="20207190859043e" t="String" n="$E" />
      </Data>
      <Data n="20207190860252c">
        <Key v="20207190859043e" t="String" n="$S" />
        <Key v="20207190860248e" t="String" n="$E" />
      </Data>
      <Data n="20207190869126c">
        <Key v="20205485606194e" t="String" n="$S" />
        <Key v="20207190869122e" t="String" n="$E" />
      </Data>
    </Data>
  </Data>
</DataRoot>