﻿<?xml version="1.0" encoding="utf-8"?>
<DataRoot n="X">
  <Data n="20205339772638">
    <Key v="-172,-10" t="Vector2" n="!$MP" />
    <Key v="1,1,1" t="Vector3" n="!$MZ" />
    <Data n="$Elems">
      <Data n="20205552390255e">
        <Key v="20205344030099" t="String" n="$T" />
        <Key v="450,50" t="Vector2" n="!$P" />
        <Key v="set" t="String" n="Mod" />
        <Key v="5" t="Decimal" n="Val" />
      </Data>
      <Data n="20205552391134e">
        <Key v="20205410728894" t="String" n="$T" />
        <Key v="200,50" t="Vector2" n="!$P" />
        <Key v="1" t="Int32" n="!IC" />
        <Key v="Tm" t="String" n="Typ" />
      </Data>
    </Data>
    <Data n="$Conns">
      <Data n="20205552391522c">
        <Key v="20205552391134e" t="String" n="$E" />
      </Data>
      <Data n="20205552391735c">
        <Key v="20205552391134e" t="String" n="$S" />
        <Key v="20205552390255e" t="String" n="$E" />
      </Data>
    </Data>
  </Data>
</DataRoot>