﻿<?xml version="1.0" encoding="utf-8"?>
<DataRoot n="Q">
  <Data n="20180853058127">
    <Data n="$Elems">
      <Data n="20206568888612e">
        <Key v="300,0" t="Vector2" n="!$P" />
        <Key v="20206543682768" t="String" n="$T" />
        <Key v="Hardon po nás chce, abychom ukradli zásoby z Lishakovy farmy, která leží na severzovýchodě Condry." t="String" n="%X" />
      </Data>
    </Data>
    <Data n="$Conns">
      <Data n="20206568888612c">
        <Key v="20206568888612e" t="String" n="$E" />
      </Data>
    </Data>
  </Data>
</DataRoot>