﻿<?xml version="1.0" encoding="utf-8"?>
<DataRoot n="Q">
  <Data n="20183185279615">
    <Data n="$Elems">
      <Data n="20206568888612e">
        <Key v="300,0" t="Vector2" n="!$P" />
        <Key v="20206543682768" t="String" n="$T" />
        <Key v="Alchymista Toxic po nás chce, abychom mu donesli velké množství bylin. Jedná se o 10 kusů Vachty bahení, Žlučového kosatce a Bahení kopřivy. Dále pak po pěti kusech od Závojenky jedové a Císařské bobule." t="String" n="%X" />
      </Data>
    </Data>
    <Data n="$Conns">
      <Data n="20206568888612c">
        <Key v="20206568888612e" t="String" n="$E" />
      </Data>
    </Data>
  </Data>
</DataRoot>