﻿<?xml version="1.0" encoding="utf-8"?>
<DataRoot n="C">
  <Data n="20173326680396">
    <Data n="$Elems">
      <Data n="20206446810382e">
        <Key v="350,250" t="Vector2" n="!$P" />
        <Key v="20205847042741" t="String" n="$T" />
        <Key v="TCFDri" t="String" n="Spec" />
        <Key v="Ir0" t="String" n="MinR" />
        <Key v="Ir0" t="String" n="MaxR" />
        <Key v="2" t="Decimal" n="MinC" />
        <Key v="Q0" t="String" n="MinQ" />
        <Key v="Q1" t="String" n="MaxQ" />
        <Key v="Bff2" t="String" n="MinI" />
        <Key v="Bff2" t="String" n="MaxI" />
        <Key v="D1" t="String" n="Dur" />
      </Data>
      <Data n="20206446810383e">
        <Key v="350,0" t="Vector2" n="!$P" />
        <Key v="20205847042741" t="String" n="$T" />
        <Key v="T5Cont" t="String" n="Sub" />
        <Key v="Ir0" t="String" n="MinR" />
        <Key v="Ir0" t="String" n="MaxR" />
        <Key v="2" t="Decimal" n="MinC" />
        <Key v="Q0" t="String" n="MinQ" />
        <Key v="Q1" t="String" n="MaxQ" />
        <Key v="Bff2" t="String" n="MinI" />
        <Key v="Bff2" t="String" n="MaxI" />
        <Key v="D1" t="String" n="Dur" />
      </Data>
      <Data n="20206446810384e">
        <Key v="350,-250" t="Vector2" n="!$P" />
        <Key v="20205847042741" t="String" n="$T" />
        <Key v="T4Food" t="String" n="Sub" />
        <Key v="Ir0" t="String" n="MinR" />
        <Key v="Ir0" t="String" n="MaxR" />
        <Key v="3" t="Decimal" n="MinC" />
        <Key v="Q0" t="String" n="MinQ" />
        <Key v="Q1" t="String" n="MaxQ" />
        <Key v="Bff2" t="String" n="MinI" />
        <Key v="Bff2" t="String" n="MaxI" />
        <Key v="D1" t="String" n="Dur" />
      </Data>
      <Data n="20206446810385e">
        <Key v="350,-500" t="Vector2" n="!$P" />
        <Key v="20205847042741" t="String" n="$T" />
        <Key v="TCFPrp" t="String" n="Spec" />
        <Key v="Ir0" t="String" n="MinR" />
        <Key v="Ir0" t="String" n="MaxR" />
        <Key v="2" t="Decimal" n="MinC" />
        <Key v="Q0" t="String" n="MinQ" />
        <Key v="Q1" t="String" n="MaxQ" />
        <Key v="Bff2" t="String" n="MinI" />
        <Key v="Bff2" t="String" n="MaxI" />
        <Key v="D1" t="String" n="Dur" />
      </Data>
      <Data n="20206446810386e">
        <Key v="350,-750" t="Vector2" n="!$P" />
        <Key v="20205821755979" t="String" n="$T" />
        <Key v="I20168893315212" t="String" n="Itm" />
        <Key v="2" t="Decimal" n="MinC" />
        <Key v="Q1" t="String" n="MinQ" />
        <Key v="Q1" t="String" n="MaxQ" />
        <Key v="Bff2" t="String" n="MinI" />
        <Key v="Bff2" t="String" n="MaxI" />
        <Key v="D1" t="String" n="Dur" />
      </Data>
    </Data>
    <Data n="$Conns">
      <Data n="20206446810382c">
        <Key v="20206446810382e" t="String" n="$E" />
      </Data>
      <Data n="20206446810383c">
        <Key v="20206446810383e" t="String" n="$E" />
      </Data>
      <Data n="20206446810384c">
        <Key v="20206446810384e" t="String" n="$E" />
      </Data>
      <Data n="20206446810385c">
        <Key v="20206446810385e" t="String" n="$E" />
      </Data>
      <Data n="20206446810386c">
        <Key v="20206446810386e" t="String" n="$E" />
      </Data>
    </Data>
  </Data>
</DataRoot>