﻿<?xml version="1.0" encoding="utf-8"?>
<DataRoot n="E">
  <Data n="20188487256746">
    <Data n="$Elems">
      <Data n="20206514582404e">
        <Key v="300,-100" t="Vector2" n="!$P" />
        <Key v="20206353096456" t="String" n="$T" />
        <Key v="CkC" t="String" n="GT" />
        <Key v="SaG" t="String" n="T" />
        <Key v="C20187379689726" t="String" n="Cont" />
        <Key v="Condra_MJ_horniny_01" t="String" n="TZ" />
      </Data>
      <Data n="20206514582406e">
        <Key v="650,-100" t="Vector2" n="!$P" />
        <Key v="20206353096456" t="String" n="$T" />
        <Key v="CkC" t="String" n="GT" />
        <Key v="SaG" t="String" n="T" />
        <Key v="C20187379689726" t="String" n="Cont" />
        <Key v="Condra_MJ_horniny_01" t="String" n="TZ" />
      </Data>
      <Data n="20206514582407e">
        <Key v="1000,-100" t="Vector2" n="!$P" />
        <Key v="20206353096456" t="String" n="$T" />
        <Key v="CkC" t="String" n="GT" />
        <Key v="SaG" t="String" n="T" />
        <Key v="C20187379690033" t="String" n="Cont" />
        <Key v="Condra_MJ_horniny_01" t="String" n="TZ" />
      </Data>
      <Data n="20206514582408e">
        <Key v="1350,-100" t="Vector2" n="!$P" />
        <Key v="20206353096456" t="String" n="$T" />
        <Key v="CkC" t="String" n="GT" />
        <Key v="SaG" t="String" n="T" />
        <Key v="C20187379689726" t="String" n="Cont" />
        <Key v="Condra_MJ_horniny_01" t="String" n="TZ" />
      </Data>
    </Data>
    <Data n="$Conns">
      <Data n="20206514582404c">
        <Key v="20206514582404e" t="String" n="$E" />
      </Data>
      <Data n="20206514582406c">
        <Key v="20206514582406e" t="String" n="$E" />
        <Key v="20206514582404e" t="String" n="$S" />
      </Data>
      <Data n="20206514582407c">
        <Key v="20206514582407e" t="String" n="$E" />
        <Key v="20206514582406e" t="String" n="$S" />
      </Data>
      <Data n="20206514582408c">
        <Key v="20206514582408e" t="String" n="$E" />
        <Key v="20206514582407e" t="String" n="$S" />
      </Data>
    </Data>
  </Data>
</DataRoot>