﻿<?xml version="1.0" encoding="utf-8"?>
<DataRoot n="E">
  <Data n="20177743022894">
    <Data n="$Elems">
      <Data n="20206514582401e">
        <Key v="300,-100" t="Vector2" n="!$P" />
        <Key v="20206353096456" t="String" n="$T" />
        <Key v="CkC" t="String" n="GT" />
        <Key v="SaG" t="String" n="T" />
        <Key v="C20177743044883" t="String" n="Cont" />
        <Key v="Condra_alchymisticka_zahradka_01" t="String" n="TZ" />
      </Data>
      <Data n="20206514582402e">
        <Key v="650,-100" t="Vector2" n="!$P" />
        <Key v="20206353096456" t="String" n="$T" />
        <Key v="CkC" t="String" n="GT" />
        <Key v="SaG" t="String" n="T" />
        <Key v="C20177743044883" t="String" n="Cont" />
        <Key v="Condra_alchymisticka_zahradka_02" t="String" n="TZ" />
      </Data>
      <Data n="20206514582403e">
        <Key v="1000,-100" t="Vector2" n="!$P" />
        <Key v="20206353096456" t="String" n="$T" />
        <Key v="CkC" t="String" n="GT" />
        <Key v="SaG" t="String" n="T" />
        <Key v="C20177574468772" t="String" n="Cont" />
        <Key v="Condra_bazina_skryta" t="String" n="TZ" />
      </Data>
      <Data n="20206514582404e">
        <Key v="1350,-100" t="Vector2" n="!$P" />
        <Key v="20206353096456" t="String" n="$T" />
        <Key v="CkC" t="String" n="GT" />
        <Key v="SaG" t="String" n="T" />
        <Key v="C20177743044883" t="String" n="Cont" />
        <Key v="Condra_alchymisticka_zahradka_03" t="String" n="TZ" />
      </Data>
    </Data>
    <Data n="$Conns">
      <Data n="20206514582401c">
        <Key v="20206514582401e" t="String" n="$E" />
      </Data>
      <Data n="20206514582402c">
        <Key v="20206514582402e" t="String" n="$E" />
        <Key v="20206514582401e" t="String" n="$S" />
      </Data>
      <Data n="20206514582403c">
        <Key v="20206514582403e" t="String" n="$E" />
        <Key v="20206514582402e" t="String" n="$S" />
      </Data>
      <Data n="20206514582404c">
        <Key v="20206514582404e" t="String" n="$E" />
        <Key v="20206514582403e" t="String" n="$S" />
      </Data>
    </Data>
  </Data>
</DataRoot>