﻿<?xml version="1.0" encoding="utf-8"?>
<DataRoot n="D">
  <Data n="20156900346567">
    <Data n="$Elems">
      <Data n="20161317817708e">
        <Key v="450,0" t="Vector2" n="!$P" />
        <Key v="_EGate" t="String" n="$T" />
        <Key v="G1" t="String" n="GT" />
        <Key v="1" t="Int32" n="T2" />
        <Key v="1" t="Decimal" n="Val" />
        <Key v="Niomi_Herballower" t="String" n="Cnt" />
        <Key v="Oe" t="String" n="O" />
      </Data>
      <Data n="20161628440044e">
        <Key v="450,-2200" t="Vector2" n="!$P" />
        <Key v="_EGate" t="String" n="$T" />
        <Key v="G1" t="String" n="GT" />
        <Key v="1" t="Int32" n="T2" />
        <Key v="0" t="Decimal" n="Val" />
        <Key v="Niomi_Herballower" t="String" n="Cnt" />
        <Key v="Oe" t="String" n="O" />
      </Data>
      <Data n="20161317846402e">
        <Key v="750,-2200" t="Vector2" n="!$P" />
        <Key v="_EFunc" t="String" n="$T" />
        <Key v="G1" t="String" n="GT" />
        <Key v="1" t="Int32" n="T2" />
        <Key v="1" t="Decimal" n="Val" />
        <Key v="Niomi_Herballower" t="String" n="Cnt" />
        <Key v="Os" t="String" n="O" />
      </Data>
      <Data n="20161317807285e">
        <Key v="900,0" t="Vector2" n="!$P" />
        <Key v="20202866798502" t="String" n="$T" />
        <Key v="%M1" t="String" n="T" />
        <Key v="Ach, to jste vy. Tak co pro vás může stará Niomy udělat tentokrát?" t="String" n="%X" />
      </Data>
      <Data n="20161317843717e">
        <Key v="1200,-2200" t="Vector2" n="!$P" />
        <Key v="20202866798502" t="String" n="$T" />
        <Key v="%M1" t="String" n="T" />
        <Key v="Ale to jsou k nám hosti. Vy jste tu jistě noví, jináč bych si vás pamatovala. Ale co to mám za vychování, nejdříve bych se měla představit." t="String" n="%X" />
      </Data>
      <Data n="20161318113698e">
        <Key v="1500,0" t="Vector2" n="!$P" />
        <Key v="20206495856812" t="String" n="$T" />
        <Key v="Možnosti u Niome" t="String" n="!%Txt" />
      </Data>
      <Data n="20195243536473e">
        <Key v="1800,-2200" t="Vector2" n="!$P" />
        <Key v="20202866798502" t="String" n="$T" />
        <Key v="%M1" t="String" n="T" />
        <Key v="Mé jméno je Niomy Herballower, ale většina místních mi říká prostě stará Niomy či &quot;ta stará potrhlá gnómka&quot; &lt;smích&gt; a vy jistě nebudete vyjímkou. &lt;úsměv&gt;" t="String" n="%X" />
      </Data>
      <Data n="20162946399591e">
        <Key v="2100,0" t="Vector2" n="!$P" />
        <Key v="20206352251934" t="String" n="$T" />
        <Key v="CkU" t="String" n="GT" />
        <Key v="Wizard" t="String" n="PL" />
      </Data>
      <Data n="20161318367957e">
        <Key v="2550,0" t="Vector2" n="!$P" />
        <Key v="20202934699316" t="String" n="$T" />
        <Key v="Uč mě" t="String" n="%CX" />
      </Data>
      <Data n="20161318239763e">
        <Key v="2100,-1000" t="Vector2" n="!$P" />
        <Key v="20202934699316" t="String" n="$T" />
        <Key v="Obchodovat" t="String" n="%CX" />
      </Data>
      <Data n="20161318323254e">
        <Key v="2100,-1200" t="Vector2" n="!$P" />
        <Key v="_EGate" t="String" n="$T" />
        <Key v="G0" t="String" n="GT" />
        <Key v="1" t="Int32" n="Ex" />
        <Key v="Onot_q_spinavy_byznis" t="String" n="Var" />
      </Data>
      <Data n="20161628363334e">
        <Key v="2400,-1200" t="Vector2" n="!$P" />
        <Key v="_EGate" t="String" n="$T" />
        <Key v="G1" t="String" n="GT" />
        <Key v="1" t="Int32" n="T2" />
        <Key v="0" t="Decimal" n="Val" />
        <Key v="Spinavy_byznis_dotaz_na_jed_Niome" t="String" n="Cnt" />
        <Key v="Oe" t="String" n="O" />
      </Data>
      <Data n="20161318302092e">
        <Key v="2700,-1200" t="Vector2" n="!$P" />
        <Key v="20202934699316" t="String" n="$T" />
        <Key v="Zeptat se na jed" t="String" n="%CX" />
      </Data>
      <Data n="20161408655129e">
        <Key v="3150,-1200" t="Vector2" n="!$P" />
        <Key v="_EFunc" t="String" n="$T" />
        <Key v="G1" t="String" n="GT" />
        <Key v="1" t="Int32" n="T2" />
        <Key v="1" t="Decimal" n="Val" />
        <Key v="Spinavy_byznis_dotaz_na_jed_Niome" t="String" n="Cnt" />
        <Key v="Os" t="String" n="O" />
      </Data>
      <Data n="20161318361786e">
        <Key v="2100,-1400" t="Vector2" n="!$P" />
        <Key v="20202934699316" t="String" n="$T" />
        <Key v="Zeptat se na Niome" t="String" n="%CX" />
      </Data>
      <Data n="20161318372326e">
        <Key v="2100,-1600" t="Vector2" n="!$P" />
        <Key v="20202934699316" t="String" n="$T" />
        <Key v="Zeptat se na práci" t="String" n="%CX" />
      </Data>
      <Data n="20162613807500e">
        <Key v="2100,-1800" t="Vector2" n="!$P" />
        <Key v="20202934699316" t="String" n="$T" />
        <Key v="Odejít" t="String" n="%CX" />
      </Data>
      <Data n="20161406171183e">
        <Key v="2100,-2000" t="Vector2" n="!$P" />
        <Key v="_EGate" t="String" n="$T" />
        <Key v="G1" t="String" n="GT" />
        <Key v="1" t="Int32" n="T2" />
        <Key v="0" t="Decimal" n="Val" />
        <Key v="XC_Female" t="String" n="Cnt" />
        <Key v="Oe" t="String" n="O" />
      </Data>
      <Data n="20162946408057e">
        <Key v="2400,-2000" t="Vector2" n="!$P" />
        <Key v="20202934699316" t="String" n="$T" />
        <Key v="Něco se naučit?" t="String" n="%CX" />
      </Data>
      <Data n="20195243537904e">
        <Key v="2400,-2200" t="Vector2" n="!$P" />
        <Key v="20202866798502" t="String" n="$T" />
        <Key v="%M1" t="String" n="T" />
        <Key v="Dělám tady alchymistkou a tak mám v nabídce nejrůznější lektvary, které bych vám určitě doporučila koupit, když na vás tak koukám. Tak povídejte, čím mohu sloužit?" t="String" n="%X" />
      </Data>
      <Data n="20161318367956e">
        <Key v="3000,0" t="Vector2" n="!$P" />
        <Key v="20202866798502" t="String" n="$T" />
        <Key v="Niume, řekni mi, co mě můžeš naučit." t="String" n="%X" />
      </Data>
      <Data n="20161318239764e">
        <Key v="2550,-1000" t="Vector2" n="!$P" />
        <Key v="20202866798502" t="String" n="$T" />
        <Key v="Rádi bychom využili tvých služeb Niome a něco si koupili." t="String" n="%X" />
      </Data>
      <Data n="20161318302091e">
        <Key v="3600,-1200" t="Vector2" n="!$P" />
        <Key v="20202866798502" t="String" n="$T" />
        <Key v="Měli bychom takovou speciální prosbu. Potřebujem jed, ze kterého se dotyčnému udělá nevolno. Nechceme aby zabíjel, jen takovej pěknej průjem by byl ideální." t="String" n="%X" />
      </Data>
      <Data n="20161318361785e">
        <Key v="2550,-1400" t="Vector2" n="!$P" />
        <Key v="20202866798502" t="String" n="$T" />
        <Key v="Popravdě bychom se rádi zeptali na tebe. Můžeš nám o sobě něco říct?" t="String" n="%X" />
      </Data>
      <Data n="20161318372325e">
        <Key v="2550,-1600" t="Vector2" n="!$P" />
        <Key v="20202866798502" t="String" n="$T" />
        <Key v="Nevíte náhodou o nějaké prácičce? Rádi bychom si přivydělali." t="String" n="%X" />
      </Data>
      <Data n="20162613807498e">
        <Key v="2550,-1800" t="Vector2" n="!$P" />
        <Key v="20202866798502" t="String" n="$T" />
        <Key v="To bude vše, díky Niome." t="String" n="%X" />
      </Data>
      <Data n="20162946408058e">
        <Key v="2850,-2000" t="Vector2" n="!$P" />
        <Key v="20202866798502" t="String" n="$T" />
        <Key v="Niome, můžem se u tebe něčemu přiučit?" t="String" n="%X" />
      </Data>
      <Data n="20161406156085e">
        <Key v="3600,0" t="Vector2" n="!$P" />
        <Key v="20202866798502" t="String" n="$T" />
        <Key v="%M1" t="String" n="T" />
        <Key v="No tak se podívejme, co bych tě mohla naučit. Určitě něco najdeme, ale upozorňuju tě, zadarmo to nebude." t="String" n="%X" />
      </Data>
      <Data n="20161405325457e">
        <Key v="3150,-1000" t="Vector2" n="!$P" />
        <Key v="20202866798502" t="String" n="$T" />
        <Key v="%M1" t="String" n="T" />
        <Key v="Ale jistě, jen se klidně podívejte." t="String" n="%X" />
      </Data>
      <Data n="20161405417482e">
        <Key v="4200,-1200" t="Vector2" n="!$P" />
        <Key v="20202866798502" t="String" n="$T" />
        <Key v="%M1" t="String" n="T" />
        <Key v="No, tak to vám bohužel nepomůžu. Na jedy se příliš nezaměřuji. Pár jich mám ve své nabídce, ale jedná se spíše o klasické jedy do krve. Tyhle travičské u mě nenajdete. A popravdě je ani neumím." t="String" n="%X" />
      </Data>
      <Data n="20161406034240e">
        <Key v="3150,-1400" t="Vector2" n="!$P" />
        <Key v="20202866798502" t="String" n="$T" />
        <Key v="%M1" t="String" n="T" />
        <Key v="Vás zajímám já? No dobrá. Má rodina pochází z království severně od Kormy. Ještě když jsem byla malá, tak jsme se přestěhovali do hlavního města, kde byl otec zaměstnán u dvora jako podržataška u místního kováře." t="String" n="%X" />
      </Data>
      <Data n="20161408380393e">
        <Key v="3150,-1600" t="Vector2" n="!$P" />
        <Key v="20202866798502" t="String" n="$T" />
        <Key v="%M1" t="String" n="T" />
        <Key v="No zkuste se zeptat po hospodách, já toho moc o dění nevím. Starám se jen o svoje bylinky. Nicméně možná byste mohli pomoci mé učence, každou chvíli ji posílám do nedalekého hájku pro různé byliny a vona furt frfňá, že je to tam nebezpečné a bojí se tam chodit sama. Jinak mě nic nenapadá..." t="String" n="%X" />
      </Data>
      <Data n="20162946414983e">
        <Key v="3450,-2000" t="Vector2" n="!$P" />
        <Key v="20202866798502" t="String" n="$T" />
        <Key v="%M1" t="String" n="T" />
        <Key v="Tak pokud je mezi vámi schopný alchymista, tak jistě za malou útratu ho ráda něco naučím." t="String" n="%X" />
      </Data>
      <Data n="20161406198795e">
        <Key v="4200,0" t="Vector2" n="!$P" />
        <Key v="_EGate" t="String" n="$T" />
        <Key v="G1" t="String" n="GT" />
        <Key v="1" t="Int32" n="T2" />
        <Key v="3" t="Decimal" n="Val" />
        <Key v="Alchymie" t="String" n="Cnt" />
        <Key v="Oeg" t="String" n="O" />
      </Data>
      <Data n="20161406182886e">
        <Key v="4500,0" t="Vector2" n="!$P" />
        <Key v="20202934699316" t="String" n="$T" />
        <Key v="Perk_alch_2" t="String" n="%CX" />
      </Data>
      <Data n="20161406191218e">
        <Key v="4200,-200" t="Vector2" n="!$P" />
        <Key v="_EGate" t="String" n="$T" />
        <Key v="G1" t="String" n="GT" />
        <Key v="1" t="Int32" n="T2" />
        <Key v="1" t="Decimal" n="Val" />
        <Key v="Alchymie" t="String" n="Cnt" />
        <Key v="Oeg" t="String" n="O" />
      </Data>
      <Data n="20161406168750e">
        <Key v="4500,-200" t="Vector2" n="!$P" />
        <Key v="20202934699316" t="String" n="$T" />
        <Key v="Perk_alch_1" t="String" n="%CX" />
      </Data>
      <Data n="20161406203790e">
        <Key v="4200,-400" t="Vector2" n="!$P" />
        <Key v="_EGate" t="String" n="$T" />
        <Key v="G1" t="String" n="GT" />
        <Key v="1" t="Int32" n="T2" />
        <Key v="5" t="Decimal" n="Val" />
        <Key v="Alchymie" t="String" n="Cnt" />
        <Key v="Oeg" t="String" n="O" />
      </Data>
      <Data n="20161406183052e">
        <Key v="4500,-400" t="Vector2" n="!$P" />
        <Key v="20202934699316" t="String" n="$T" />
        <Key v="Perk_alch_3" t="String" n="%CX" />
      </Data>
      <Data n="20161406232361e">
        <Key v="4200,-600" t="Vector2" n="!$P" />
        <Key v="_EGate" t="String" n="$T" />
        <Key v="G1" t="String" n="GT" />
        <Key v="1" t="Int32" n="T2" />
        <Key v="2" t="Decimal" n="Val" />
        <Key v="Geologie" t="String" n="Cnt" />
        <Key v="Oeg" t="String" n="O" />
      </Data>
      <Data n="20161406226998e">
        <Key v="4500,-600" t="Vector2" n="!$P" />
        <Key v="20202934699316" t="String" n="$T" />
        <Key v="Perk_geo_1" t="String" n="%CX" />
      </Data>
      <Data n="20161406237031e">
        <Key v="4200,-800" t="Vector2" n="!$P" />
        <Key v="_EGate" t="String" n="$T" />
        <Key v="G1" t="String" n="GT" />
        <Key v="1" t="Int32" n="T2" />
        <Key v="4" t="Decimal" n="Val" />
        <Key v="Geologie" t="String" n="Cnt" />
        <Key v="Oeg" t="String" n="O" />
      </Data>
      <Data n="20161406227224e">
        <Key v="4500,-800" t="Vector2" n="!$P" />
        <Key v="20202934699316" t="String" n="$T" />
        <Key v="Perk_geo_2" t="String" n="%CX" />
      </Data>
      <Data n="20161405366651e">
        <Key v="3750,-1000" t="Vector2" n="!$P" />
        <Key v="20206371455404" t="String" n="$T" />
        <Key v="přepnutí do GUI_OBCHOD" t="String" n="!%Txt" />
        <Key v="" t="String" n="GT" />
      </Data>
      <Data n="20161406066767e">
        <Key v="3750,-1400" t="Vector2" n="!$P" />
        <Key v="20202866798502" t="String" n="$T" />
        <Key v="%M1" t="String" n="T" />
        <Key v="Už od mala jsem si hrávala s místníma a nejčastěji jsem pobíhala kolem alchimistické kuchyně. Vždy mi to tam hezky vonělo. Když přišel čas, kdy jsi místní tovaryši berou své učně, rozhodla jsem se ucházet o místo u alchymisty. Měla jsem štěstí a vybrali si mě." t="String" n="%X" />
      </Data>
      <Data n="20161406182887e">
        <Key v="4950,0" t="Vector2" n="!$P" />
        <Key v="20202866798502" t="String" n="$T" />
      </Data>
      <Data n="20161406168751e">
        <Key v="4950,-200" t="Vector2" n="!$P" />
        <Key v="20202866798502" t="String" n="$T" />
      </Data>
      <Data n="20161406183053e">
        <Key v="4950,-400" t="Vector2" n="!$P" />
        <Key v="20202866798502" t="String" n="$T" />
      </Data>
      <Data n="20161406226999e">
        <Key v="4950,-600" t="Vector2" n="!$P" />
        <Key v="20202866798502" t="String" n="$T" />
      </Data>
      <Data n="20161406227223e">
        <Key v="4950,-800" t="Vector2" n="!$P" />
        <Key v="20202866798502" t="String" n="$T" />
      </Data>
      <Data n="20161405350500e">
        <Key v="4200,-1000" t="Vector2" n="!$P" />
        <Key v="20202866798502" t="String" n="$T" />
        <Key v="%M1" t="String" n="T" />
        <Key v="Snad budete spokojeni. Mohu pro vás ještě něco udělat?" t="String" n="%X" />
      </Data>
      <Data n="20161406089399e">
        <Key v="4350,-1400" t="Vector2" n="!$P" />
        <Key v="20202866798502" t="String" n="$T" />
        <Key v="%M1" t="String" n="T" />
        <Key v="No a tak započala má dráha. Za pár let jsem se stala plnohodnotnou alchymistkou, ale v hlavním městě se mi nelíbilo. Příliš mnoho lidí, příšliš drahé ingredience a tak jsem začala procházet nejrůznější geografické atlasy, až jsem narazila na toto malé zapadlé Aledornské hrabství. Psalo se v něm, že místní lesy nabízejí hojnost nejrůznější bylin. A tak jsem podlehla." t="String" n="%X" />
      </Data>
      <Data n="20161406117100e">
        <Key v="4950,-1400" t="Vector2" n="!$P" />
        <Key v="20202866798502" t="String" n="$T" />
        <Key v="%M1" t="String" n="T" />
        <Key v="No a bude tomu už dobrých 30 let, co zde v Mantu provozuji svou praxi. Sice si z daleka nevydělám to, co bych si vydělala v hlavním městě, či jenom v nedalekém Limu, ale mám tady svůj klid a to co slibovaly atlasy je pravda. Bylinek je tady opravdu hodně. &lt;smích&gt;" t="String" n="%X" />
      </Data>
    </Data>
    <Data n="$Conns">
      <Data n="20161317817708c">
        <Key v="20161317817708e" t="String" n="$E" />
      </Data>
      <Data n="20161628440044c">
        <Key v="20161628440044e" t="String" n="$E" />
      </Data>
      <Data n="20161317846402c">
        <Key v="20161317846402e" t="String" n="$E" />
        <Key v="20161628440044e" t="String" n="$S" />
      </Data>
      <Data n="20161317807285c">
        <Key v="20161317807285e" t="String" n="$E" />
        <Key v="20161317817708e" t="String" n="$S" />
      </Data>
      <Data n="20161317843717c">
        <Key v="20161317843717e" t="String" n="$E" />
        <Key v="20161317846402e" t="String" n="$S" />
      </Data>
      <Data n="20161318113698c">
        <Key v="20161318113698e" t="String" n="$E" />
        <Key v="20161317807285e" t="String" n="$S" />
      </Data>
      <Data n="20195243536473c">
        <Key v="20195243536473e" t="String" n="$E" />
        <Key v="20161317843717e" t="String" n="$S" />
      </Data>
      <Data n="20162946399591c">
        <Key v="20162946399591e" t="String" n="$E" />
        <Key v="20161318113698e" t="String" n="$S" />
      </Data>
      <Data n="20161318367957c">
        <Key v="20161318367957e" t="String" n="$E" />
        <Key v="20162946399591e" t="String" n="$S" />
      </Data>
      <Data n="20161318239763c">
        <Key v="20161318239763e" t="String" n="$E" />
        <Key v="20161318113698e" t="String" n="$S" />
      </Data>
      <Data n="20161318323254c">
        <Key v="20161318323254e" t="String" n="$E" />
        <Key v="20161318113698e" t="String" n="$S" />
      </Data>
      <Data n="20161628363334c">
        <Key v="20161628363334e" t="String" n="$E" />
        <Key v="20161318323254e" t="String" n="$S" />
      </Data>
      <Data n="20161318302092c">
        <Key v="20161318302092e" t="String" n="$E" />
        <Key v="20161628363334e" t="String" n="$S" />
      </Data>
      <Data n="20161408655129c">
        <Key v="20161408655129e" t="String" n="$E" />
        <Key v="20161318302092e" t="String" n="$S" />
      </Data>
      <Data n="20161318361786c">
        <Key v="20161318361786e" t="String" n="$E" />
        <Key v="20161318113698e" t="String" n="$S" />
      </Data>
      <Data n="20161318372326c">
        <Key v="20161318372326e" t="String" n="$E" />
        <Key v="20161318113698e" t="String" n="$S" />
      </Data>
      <Data n="20162613807500c">
        <Key v="20162613807500e" t="String" n="$E" />
        <Key v="20161318113698e" t="String" n="$S" />
      </Data>
      <Data n="20161406171183c">
        <Key v="20161406171183e" t="String" n="$E" />
        <Key v="20161318113698e" t="String" n="$S" />
      </Data>
      <Data n="20162946408057c">
        <Key v="20162946408057e" t="String" n="$E" />
        <Key v="20161406171183e" t="String" n="$S" />
      </Data>
      <Data n="20195243537904c">
        <Key v="20195243537904e" t="String" n="$E" />
        <Key v="20195243536473e" t="String" n="$S" />
      </Data>
      <Data n="20161318367956c">
        <Key v="20161318367956e" t="String" n="$E" />
        <Key v="20161318367957e" t="String" n="$S" />
      </Data>
      <Data n="20161318239764c">
        <Key v="20161318239764e" t="String" n="$E" />
        <Key v="20161318239763e" t="String" n="$S" />
      </Data>
      <Data n="20161318302091c">
        <Key v="20161318302091e" t="String" n="$E" />
        <Key v="20161408655129e" t="String" n="$S" />
      </Data>
      <Data n="20161318361785c">
        <Key v="20161318361785e" t="String" n="$E" />
        <Key v="20161318361786e" t="String" n="$S" />
      </Data>
      <Data n="20161318372325c">
        <Key v="20161318372325e" t="String" n="$E" />
        <Key v="20161318372326e" t="String" n="$S" />
      </Data>
      <Data n="20162613807498c">
        <Key v="20162613807498e" t="String" n="$E" />
        <Key v="20162613807500e" t="String" n="$S" />
      </Data>
      <Data n="20162946408058c">
        <Key v="20162946408058e" t="String" n="$E" />
        <Key v="20162946408057e" t="String" n="$S" />
      </Data>
      <Data n="20206616255941c">
        <Key v="20161318113698e" t="String" n="$E" />
        <Key v="20195243537904e" t="String" n="$S" />
      </Data>
      <Data n="20161406156085c">
        <Key v="20161406156085e" t="String" n="$E" />
        <Key v="20161318367956e" t="String" n="$S" />
      </Data>
      <Data n="20161405325457c">
        <Key v="20161405325457e" t="String" n="$E" />
        <Key v="20161318239764e" t="String" n="$S" />
      </Data>
      <Data n="20161405417482c">
        <Key v="20161405417482e" t="String" n="$E" />
        <Key v="20161318302091e" t="String" n="$S" />
      </Data>
      <Data n="20161406034240c">
        <Key v="20161406034240e" t="String" n="$E" />
        <Key v="20161318361785e" t="String" n="$S" />
      </Data>
      <Data n="20161408380393c">
        <Key v="20161408380393e" t="String" n="$E" />
        <Key v="20161318372325e" t="String" n="$S" />
      </Data>
      <Data n="20162946414983c">
        <Key v="20162946414983e" t="String" n="$E" />
        <Key v="20162946408058e" t="String" n="$S" />
      </Data>
      <Data n="20161406198795c">
        <Key v="20161406198795e" t="String" n="$E" />
        <Key v="20161406156085e" t="String" n="$S" />
      </Data>
      <Data n="20161406182886c">
        <Key v="20161406182886e" t="String" n="$E" />
        <Key v="20161406198795e" t="String" n="$S" />
      </Data>
      <Data n="20161406191218c">
        <Key v="20161406191218e" t="String" n="$E" />
        <Key v="20161406156085e" t="String" n="$S" />
      </Data>
      <Data n="20161406168750c">
        <Key v="20161406168750e" t="String" n="$E" />
        <Key v="20161406191218e" t="String" n="$S" />
      </Data>
      <Data n="20161406203790c">
        <Key v="20161406203790e" t="String" n="$E" />
        <Key v="20161406156085e" t="String" n="$S" />
      </Data>
      <Data n="20161406183052c">
        <Key v="20161406183052e" t="String" n="$E" />
        <Key v="20161406203790e" t="String" n="$S" />
      </Data>
      <Data n="20161406232361c">
        <Key v="20161406232361e" t="String" n="$E" />
        <Key v="20161406156085e" t="String" n="$S" />
      </Data>
      <Data n="20161406226998c">
        <Key v="20161406226998e" t="String" n="$E" />
        <Key v="20161406232361e" t="String" n="$S" />
      </Data>
      <Data n="20161406237031c">
        <Key v="20161406237031e" t="String" n="$E" />
        <Key v="20161406156085e" t="String" n="$S" />
      </Data>
      <Data n="20161406227224c">
        <Key v="20161406227224e" t="String" n="$E" />
        <Key v="20161406237031e" t="String" n="$S" />
      </Data>
      <Data n="20161405366651c">
        <Key v="20161405366651e" t="String" n="$E" />
        <Key v="20161405325457e" t="String" n="$S" />
      </Data>
      <Data n="20206616255959c">
        <Key v="20161318113698e" t="String" n="$E" />
        <Key v="20161405417482e" t="String" n="$S" />
      </Data>
      <Data n="20161406066767c">
        <Key v="20161406066767e" t="String" n="$E" />
        <Key v="20161406034240e" t="String" n="$S" />
      </Data>
      <Data n="20206616255961c">
        <Key v="20161318113698e" t="String" n="$E" />
        <Key v="20161408380393e" t="String" n="$S" />
      </Data>
      <Data n="20161406182887c">
        <Key v="20161406182887e" t="String" n="$E" />
        <Key v="20161406182886e" t="String" n="$S" />
      </Data>
      <Data n="20161406168751c">
        <Key v="20161406168751e" t="String" n="$E" />
        <Key v="20161406168750e" t="String" n="$S" />
      </Data>
      <Data n="20161406183053c">
        <Key v="20161406183053e" t="String" n="$E" />
        <Key v="20161406183052e" t="String" n="$S" />
      </Data>
      <Data n="20161406226999c">
        <Key v="20161406226999e" t="String" n="$E" />
        <Key v="20161406226998e" t="String" n="$S" />
      </Data>
      <Data n="20161406227223c">
        <Key v="20161406227223e" t="String" n="$E" />
        <Key v="20161406227224e" t="String" n="$S" />
      </Data>
      <Data n="20161405350500c">
        <Key v="20161405350500e" t="String" n="$E" />
        <Key v="20161405366651e" t="String" n="$S" />
      </Data>
      <Data n="20161406089399c">
        <Key v="20161406089399e" t="String" n="$E" />
        <Key v="20161406066767e" t="String" n="$S" />
      </Data>
      <Data n="20206616255969c">
        <Key v="20161318113698e" t="String" n="$E" />
        <Key v="20161405350500e" t="String" n="$S" />
      </Data>
      <Data n="20161406117100c">
        <Key v="20161406117100e" t="String" n="$E" />
        <Key v="20161406089399e" t="String" n="$S" />
      </Data>
      <Data n="20206616255971c">
        <Key v="20161318113698e" t="String" n="$E" />
        <Key v="20161406117100e" t="String" n="$S" />
      </Data>
    </Data>
  </Data>
</DataRoot>