﻿<?xml version="1.0" encoding="utf-8"?>
<DataRoot n="D">
  <Data n="20156900354477">
    <Data n="$Elems">
      <Data n="20162226200875e">
        <Key v="450,0" t="Vector2" n="!$P" />
        <Key v="20202866798502" t="String" n="$T" />
        <Key v="%M1" t="String" n="T" />
        <Key v="Dobrý den přeji. Co pro vás mohu udělat?" t="String" n="%X" />
      </Data>
      <Data n="20162226206699e">
        <Key v="1050,0" t="Vector2" n="!$P" />
        <Key v="20202934699316" t="String" n="$T" />
        <Key v="Spoiler" t="String" n="%CX" />
      </Data>
      <Data n="20162226206698e">
        <Key v="1500,0" t="Vector2" n="!$P" />
        <Key v="20202866798502" t="String" n="$T" />
        <Key v="Spoiler" t="String" n="%X" />
      </Data>
      <Data n="20162226209787e">
        <Key v="2100,0" t="Vector2" n="!$P" />
        <Key v="20202866798502" t="String" n="$T" />
        <Key v="%M1" t="String" n="T" />
        <Key v="Tato postava se týká hlavní linie a proto zde nechceme nic dalšího spoilovat ;)" t="String" n="%X" />
      </Data>
    </Data>
    <Data n="$Conns">
      <Data n="20162226200875c">
        <Key v="20162226200875e" t="String" n="$E" />
      </Data>
      <Data n="20162226206699c">
        <Key v="20162226206699e" t="String" n="$E" />
        <Key v="20162226200875e" t="String" n="$S" />
      </Data>
      <Data n="20162226206698c">
        <Key v="20162226206698e" t="String" n="$E" />
        <Key v="20162226206699e" t="String" n="$S" />
      </Data>
      <Data n="20162226209787c">
        <Key v="20162226209787e" t="String" n="$E" />
        <Key v="20162226206698e" t="String" n="$S" />
      </Data>
    </Data>
  </Data>
</DataRoot>