﻿<?xml version="1.0" encoding="utf-8"?>
<DataRoot n="D">
  <Data n="20178321782138">
    <Data n="$Elems">
      <Data n="20183303410081e">
        <Key v="450,0" t="Vector2" n="!$P" />
        <Key v="20202866798502" t="String" n="$T" />
        <Key v="%M1" t="String" n="T" />
        <Key v="Á, zákazníci. Výborně. Tak co to bude?" t="String" n="%X" />
      </Data>
      <Data n="20183303431808e">
        <Key v="1050,0" t="Vector2" n="!$P" />
        <Key v="20206495856812" t="String" n="$T" />
        <Key v="Základni možnosti - GRIM" t="String" n="!%Txt" />
      </Data>
      <Data n="20183303433860e">
        <Key v="1650,0" t="Vector2" n="!$P" />
        <Key v="20202934699316" t="String" n="$T" />
        <Key v="Nakupovat" t="String" n="%CX" />
      </Data>
      <Data n="20183303434019e">
        <Key v="1650,-200" t="Vector2" n="!$P" />
        <Key v="20202934699316" t="String" n="$T" />
        <Key v="Práce" t="String" n="%CX" />
      </Data>
      <Data n="20183303434160e">
        <Key v="1650,-400" t="Vector2" n="!$P" />
        <Key v="20202934699316" t="String" n="$T" />
        <Key v="Odejít" t="String" n="%CX" />
      </Data>
      <Data n="20183303433861e">
        <Key v="2100,0" t="Vector2" n="!$P" />
        <Key v="20202866798502" t="String" n="$T" />
        <Key v="Ukaž nám, co nabízíš" t="String" n="%X" />
      </Data>
      <Data n="20183303434018e">
        <Key v="2100,-200" t="Vector2" n="!$P" />
        <Key v="20202866798502" t="String" n="$T" />
        <Key v="Nevíš náhodou o nějaké práci? Máme hluboko do kapsy a tak si rádi přivyděláme." t="String" n="%X" />
      </Data>
      <Data n="20183303434161e">
        <Key v="2100,-400" t="Vector2" n="!$P" />
        <Key v="20202866798502" t="String" n="$T" />
        <Key v="Nic dalšího nepotřebujem díky." t="String" n="%X" />
      </Data>
      <Data n="20183303448209e">
        <Key v="2700,0" t="Vector2" n="!$P" />
        <Key v="20206371455404" t="String" n="$T" />
        <Key v="GUI_obchod" t="String" n="!%Txt" />
        <Key v="" t="String" n="GT" />
      </Data>
      <Data n="20183303457175e">
        <Key v="2700,-200" t="Vector2" n="!$P" />
        <Key v="20202866798502" t="String" n="$T" />
        <Key v="%M1" t="String" n="T" />
        <Key v="No, tak zkusil bych se zeptat po hospodách. Popř. kapitáni také občas někoho hledaj... A určitě i spravedlivý muž bude něco mít. Problémů je vždycky více, než lidí ochotných je řešit." t="String" n="%X" />
      </Data>
      <Data n="20183303446378e">
        <Key v="3150,0" t="Vector2" n="!$P" />
        <Key v="20202866798502" t="String" n="$T" />
        <Key v="%M1" t="String" n="T" />
        <Key v="Ale jistě." t="String" n="%X" />
      </Data>
      <Data n="20183303472917e">
        <Key v="3300,-200" t="Vector2" n="!$P" />
        <Key v="20202866798502" t="String" n="$T" />
        <Key v="Díky za info." t="String" n="%X" />
      </Data>
    </Data>
    <Data n="$Conns">
      <Data n="20183303410081c">
        <Key v="20183303410081e" t="String" n="$E" />
      </Data>
      <Data n="20183303431808c">
        <Key v="20183303431808e" t="String" n="$E" />
        <Key v="20183303410081e" t="String" n="$S" />
      </Data>
      <Data n="20183303433860c">
        <Key v="20183303433860e" t="String" n="$E" />
        <Key v="20183303431808e" t="String" n="$S" />
      </Data>
      <Data n="20183303434019c">
        <Key v="20183303434019e" t="String" n="$E" />
        <Key v="20183303431808e" t="String" n="$S" />
      </Data>
      <Data n="20183303434160c">
        <Key v="20183303434160e" t="String" n="$E" />
        <Key v="20183303431808e" t="String" n="$S" />
      </Data>
      <Data n="20183303433861c">
        <Key v="20183303433861e" t="String" n="$E" />
        <Key v="20183303433860e" t="String" n="$S" />
      </Data>
      <Data n="20183303434018c">
        <Key v="20183303434018e" t="String" n="$E" />
        <Key v="20183303434019e" t="String" n="$S" />
      </Data>
      <Data n="20183303434161c">
        <Key v="20183303434161e" t="String" n="$E" />
        <Key v="20183303434160e" t="String" n="$S" />
      </Data>
      <Data n="20183303448209c">
        <Key v="20183303448209e" t="String" n="$E" />
        <Key v="20183303433861e" t="String" n="$S" />
      </Data>
      <Data n="20183303457175c">
        <Key v="20183303457175e" t="String" n="$E" />
        <Key v="20183303434018e" t="String" n="$S" />
      </Data>
      <Data n="20183303446378c">
        <Key v="20183303446378e" t="String" n="$E" />
        <Key v="20183303448209e" t="String" n="$S" />
      </Data>
      <Data n="20183303472917c">
        <Key v="20183303472917e" t="String" n="$E" />
        <Key v="20183303457175e" t="String" n="$S" />
      </Data>
      <Data n="20206616256002c">
        <Key v="20183303431808e" t="String" n="$E" />
        <Key v="20183303446378e" t="String" n="$S" />
      </Data>
      <Data n="20206616256003c">
        <Key v="20183303431808e" t="String" n="$E" />
        <Key v="20183303472917e" t="String" n="$S" />
      </Data>
    </Data>
  </Data>
</DataRoot>