﻿<?xml version="1.0" encoding="utf-8"?>
<DataRoot n="D">
  <Data n="20178317784298">
    <Data n="$Elems">
      <Data n="20178923006897e">
        <Key v="450,0" t="Vector2" n="!$P" />
        <Key v="_EGate" t="String" n="$T" />
        <Key v="G1" t="String" n="GT" />
        <Key v="1" t="Int32" n="T2" />
        <Key v="2" t="Decimal" n="Val" />
        <Key v="quest_sampion_areny" t="String" n="Cnt" />
        <Key v="Oe" t="String" n="O" />
      </Data>
      <Data n="20178923014428e">
        <Key v="450,-4200" t="Vector2" n="!$P" />
        <Key v="20206352251934" t="String" n="$T" />
        <Key v="CkQ" t="String" n="GT" />
        <Key v="SkN" t="String" n="T" />
        <Key v="Q20178919229795" t="String" n="Qs" />
      </Data>
      <Data n="20178923054349e">
        <Key v="450,-4400" t="Vector2" n="!$P" />
        <Key v="_EGate" t="String" n="$T" />
        <Key v="G1" t="String" n="GT" />
        <Key v="1" t="Int32" n="T2" />
        <Key v="3" t="Decimal" n="Val" />
        <Key v="quest_sampion_areny" t="String" n="Cnt" />
        <Key v="Oe" t="String" n="O" />
      </Data>
      <Data n="20178940699404e">
        <Key v="750,-4400" t="Vector2" n="!$P" />
        <Key v="_EGate" t="String" n="$T" />
        <Key v="G4" t="String" n="GT" />
      </Data>
      <Data n="20178923247610e">
        <Key v="1050,-4400" t="Vector2" n="!$P" />
        <Key v="20206371455404" t="String" n="$T" />
        <Key v="CkI" t="String" n="GT" />
        <Key v="SaA" t="String" n="T" />
        <Key v="I20157375210590" t="String" n="It" />
        <Key v="10" t="String" n="C" />
      </Data>
      <Data n="20178923224287e">
        <Key v="450,-4600" t="Vector2" n="!$P" />
        <Key v="_EGate" t="String" n="$T" />
        <Key v="G1" t="String" n="GT" />
        <Key v="1" t="Int32" n="T2" />
        <Key v="5" t="Decimal" n="Val" />
        <Key v="quest_sampion_areny" t="String" n="Cnt" />
        <Key v="Oe" t="String" n="O" />
      </Data>
      <Data n="20178923232952e">
        <Key v="450,-4800" t="Vector2" n="!$P" />
        <Key v="_EGate" t="String" n="$T" />
        <Key v="G1" t="String" n="GT" />
        <Key v="1" t="Int32" n="T2" />
        <Key v="6" t="Decimal" n="Val" />
        <Key v="quest_sampion_areny" t="String" n="Cnt" />
        <Key v="Oe" t="String" n="O" />
      </Data>
      <Data n="20178940701785e">
        <Key v="750,-4800" t="Vector2" n="!$P" />
        <Key v="_EGate" t="String" n="$T" />
        <Key v="G4" t="String" n="GT" />
      </Data>
      <Data n="20178923252464e">
        <Key v="1050,-4800" t="Vector2" n="!$P" />
        <Key v="20206371455404" t="String" n="$T" />
        <Key v="CkI" t="String" n="GT" />
        <Key v="SaA" t="String" n="T" />
        <Key v="I20157375210590" t="String" n="It" />
        <Key v="20" t="String" n="C" />
      </Data>
      <Data n="20178923370834e">
        <Key v="450,-5000" t="Vector2" n="!$P" />
        <Key v="_EGate" t="String" n="$T" />
        <Key v="G1" t="String" n="GT" />
        <Key v="1" t="Int32" n="T2" />
        <Key v="8" t="Decimal" n="Val" />
        <Key v="quest_sampion_areny" t="String" n="Cnt" />
        <Key v="Oe" t="String" n="O" />
      </Data>
      <Data n="20178940101593e">
        <Key v="450,-5200" t="Vector2" n="!$P" />
        <Key v="_EGate" t="String" n="$T" />
        <Key v="G1" t="String" n="GT" />
        <Key v="1" t="Int32" n="T2" />
        <Key v="9" t="Decimal" n="Val" />
        <Key v="quest_sampion_areny" t="String" n="Cnt" />
        <Key v="Oe" t="String" n="O" />
      </Data>
      <Data n="20178940702586e">
        <Key v="750,-5200" t="Vector2" n="!$P" />
        <Key v="_EGate" t="String" n="$T" />
        <Key v="G4" t="String" n="GT" />
      </Data>
      <Data n="20178940113799e">
        <Key v="1050,-5200" t="Vector2" n="!$P" />
        <Key v="20206371455404" t="String" n="$T" />
        <Key v="CkI" t="String" n="GT" />
        <Key v="SaA" t="String" n="T" />
        <Key v="I20157375210590" t="String" n="It" />
        <Key v="40" t="String" n="C" />
      </Data>
      <Data n="20178940217060e">
        <Key v="450,-5400" t="Vector2" n="!$P" />
        <Key v="_EGate" t="String" n="$T" />
        <Key v="G1" t="String" n="GT" />
        <Key v="1" t="Int32" n="T2" />
        <Key v="11" t="Decimal" n="Val" />
        <Key v="quest_sampion_areny" t="String" n="Cnt" />
        <Key v="Oe" t="String" n="O" />
      </Data>
      <Data n="20178940397306e">
        <Key v="450,-5600" t="Vector2" n="!$P" />
        <Key v="_EGate" t="String" n="$T" />
        <Key v="G1" t="String" n="GT" />
        <Key v="1" t="Int32" n="T2" />
        <Key v="12" t="Decimal" n="Val" />
        <Key v="quest_sampion_areny" t="String" n="Cnt" />
        <Key v="Oe" t="String" n="O" />
      </Data>
      <Data n="20178940702978e">
        <Key v="750,-5600" t="Vector2" n="!$P" />
        <Key v="_EGate" t="String" n="$T" />
        <Key v="G4" t="String" n="GT" />
      </Data>
      <Data n="20178940410622e">
        <Key v="1050,-5600" t="Vector2" n="!$P" />
        <Key v="20206371455404" t="String" n="$T" />
        <Key v="CkI" t="String" n="GT" />
        <Key v="SaA" t="String" n="T" />
        <Key v="I20157375210699" t="String" n="It" />
        <Key v="1" t="String" n="C" />
      </Data>
      <Data n="20178940418762e">
        <Key v="450,-5800" t="Vector2" n="!$P" />
        <Key v="_EGate" t="String" n="$T" />
        <Key v="G1" t="String" n="GT" />
        <Key v="1" t="Int32" n="T2" />
        <Key v="14" t="Decimal" n="Val" />
        <Key v="quest_sampion_areny" t="String" n="Cnt" />
        <Key v="Oe" t="String" n="O" />
      </Data>
      <Data n="20178940583820e">
        <Key v="450,-6000" t="Vector2" n="!$P" />
        <Key v="_EGate" t="String" n="$T" />
        <Key v="G1" t="String" n="GT" />
        <Key v="1" t="Int32" n="T2" />
        <Key v="15" t="Decimal" n="Val" />
        <Key v="quest_sampion_areny" t="String" n="Cnt" />
        <Key v="Oe" t="String" n="O" />
      </Data>
      <Data n="20178940703466e">
        <Key v="750,-6000" t="Vector2" n="!$P" />
        <Key v="_EGate" t="String" n="$T" />
        <Key v="G4" t="String" n="GT" />
      </Data>
      <Data n="20178940571585e">
        <Key v="1050,-6000" t="Vector2" n="!$P" />
        <Key v="20206371455404" t="String" n="$T" />
        <Key v="CkI" t="String" n="GT" />
        <Key v="SaA" t="String" n="T" />
        <Key v="I20157375210699" t="String" n="It" />
        <Key v="2" t="String" n="C" />
      </Data>
      <Data n="20178940590776e">
        <Key v="1500,-6000" t="Vector2" n="!$P" />
        <Key v="_EFunc" t="String" n="$T" />
        <Key v="G1" t="String" n="GT" />
        <Key v="1" t="Int32" n="T2" />
        <Key v="17" t="Decimal" n="Val" />
        <Key v="quest_sampion_areny" t="String" n="Cnt" />
        <Key v="Os" t="String" n="O" />
      </Data>
      <Data n="20178940757369e">
        <Key v="1800,-6000" t="Vector2" n="!$P" />
        <Key v="20206371455404" t="String" n="$T" />
        <Key v="CkI" t="String" n="GT" />
        <Key v="SaA" t="String" n="T" />
        <Key v="I20178940707307" t="String" n="It" />
        <Key v="0" t="String" n="C" />
      </Data>
      <Data n="20178940768116e">
        <Key v="450,-6200" t="Vector2" n="!$P" />
        <Key v="_EGate" t="String" n="$T" />
        <Key v="G1" t="String" n="GT" />
        <Key v="1" t="Int32" n="T2" />
        <Key v="17" t="Decimal" n="Val" />
        <Key v="quest_sampion_areny" t="String" n="Cnt" />
        <Key v="Oe" t="String" n="O" />
      </Data>
      <Data n="20178922828624e">
        <Key v="900,0" t="Vector2" n="!$P" />
        <Key v="20202866798502" t="String" n="$T" />
        <Key v="%M1" t="String" n="T" />
        <Key v="Haha, tak mladej Plankton někoho konečně porazil &lt;výsměch&gt; no, třeba budeš mít štěstí příště." t="String" n="%X" />
      </Data>
      <Data n="20178898026405e">
        <Key v="900,-4200" t="Vector2" n="!$P" />
        <Key v="20202866798502" t="String" n="$T" />
        <Key v="%M1" t="String" n="T" />
        <Key v="Hej ty, co tady chceš?" t="String" n="%X" />
      </Data>
      <Data n="20178922829449e">
        <Key v="1500,-4400" t="Vector2" n="!$P" />
        <Key v="20202866798502" t="String" n="$T" />
        <Key v="%M1" t="String" n="T" />
        <Key v="Cha cha, dobrá práce. Plankton zůstává loserem, jakým vždycky byl. Popravdě by byla dost ostuda nechat se od něj porazit." t="String" n="%X" />
      </Data>
      <Data n="20178922829695e">
        <Key v="900,-4600" t="Vector2" n="!$P" />
        <Key v="20202866798502" t="String" n="$T" />
        <Key v="%M1" t="String" n="T" />
        <Key v="Jaj, tak to ti moc nevyšlo. Dostals pěkně na prdel. Jojo, nejsi první ani poslední, koho Grisly vyškolil." t="String" n="%X" />
      </Data>
      <Data n="20178922829886e">
        <Key v="1500,-4800" t="Vector2" n="!$P" />
        <Key v="20202866798502" t="String" n="$T" />
        <Key v="%M1" t="String" n="T" />
        <Key v="A koho pak to tady máme, dobrej boj. Grisly nečekal, že ho takovej nováček jako ty smete. No tady je tvá odměna. Dobrá práce" t="String" n="%X" />
      </Data>
      <Data n="20178922830062e">
        <Key v="900,-5000" t="Vector2" n="!$P" />
        <Key v="20202866798502" t="String" n="$T" />
        <Key v="%M1" t="String" n="T" />
        <Key v="Jojo, ještě to v něm je. To víš, tady už sis ukousl asi moc velké sousto. Díky za prachy. Hodí se." t="String" n="%X" />
      </Data>
      <Data n="20178922830245e">
        <Key v="1500,-5200" t="Vector2" n="!$P" />
        <Key v="20202866798502" t="String" n="$T" />
        <Key v="%M1" t="String" n="T" />
        <Key v="Haha, tak to vypadá, že starej Savage už vážně patří do starého železa. No nezbývá mi nic jiného, než ti pogratulovat. Tady je tvá odměna." t="String" n="%X" />
      </Data>
      <Data n="20178922830479e">
        <Key v="900,-5400" t="Vector2" n="!$P" />
        <Key v="20202866798502" t="String" n="$T" />
        <Key v="%M1" t="String" n="T" />
        <Key v="Nic si z toho nedělej, jak už jsem říkal, Grimace porazí většinu svých protivníků. Jestli chceš, můžeš ji kdykoli vyzvat znova, za určitý poplatek samozřejmě." t="String" n="%X" />
      </Data>
      <Data n="20178922830666e">
        <Key v="1500,-5600" t="Vector2" n="!$P" />
        <Key v="20202866798502" t="String" n="$T" />
        <Key v="%M1" t="String" n="T" />
        <Key v="Wow, to je neuvěřitelný. Grimace opravdu prohrála, tak to jsem vážně nečekal. Možná s tebe opravdu něco bude. Gratuluju, tyhle peníze si vážně zasloužíš..." t="String" n="%X" />
      </Data>
      <Data n="20178922830887e">
        <Key v="900,-5800" t="Vector2" n="!$P" />
        <Key v="20202866798502" t="String" n="$T" />
        <Key v="%M1" t="String" n="T" />
        <Key v="Dobrej zápas, dobrej. Golden Sabre není mistrem arény jen tak pro nic za nic. Až budeš připraven, můžeš ho vyzvat znova." t="String" n="%X" />
      </Data>
      <Data n="20178922831067e">
        <Key v="2250,-6000" t="Vector2" n="!$P" />
        <Key v="20202866798502" t="String" n="$T" />
        <Key v="%M1" t="String" n="T" />
        <Key v="Neuvěřitelný. Tys vážně porazil Golden Sabre. Skvělej zápas. Tak tě mohu oficiálně jmenovat šampionem arény. Dobrá práce. Tady je tvá odměna a ještě pás pro šampiona" t="String" n="%X" />
      </Data>
      <Data n="20178940765881e">
        <Key v="900,-6200" t="Vector2" n="!$P" />
        <Key v="20202866798502" t="String" n="$T" />
        <Key v="%M1" t="String" n="T" />
        <Key v="A vítám tě náš šampióne arény. Tak co pro tebe mohu dnes udělat?" t="String" n="%X" />
      </Data>
      <Data n="20178898296854e">
        <Key v="1500,0" t="Vector2" n="!$P" />
        <Key v="20206495856812" t="String" n="$T" />
        <Key v="Možnosti u arény" t="String" n="!%Txt" />
      </Data>
      <Data n="20178900300938e">
        <Key v="2100,0" t="Vector2" n="!$P" />
        <Key v="_EGate" t="String" n="$T" />
        <Key v="G0" t="String" n="GT" />
        <Key v="1" t="Int32" n="Ex" />
        <Key v="Condra_arena_info" t="String" n="Var" />
      </Data>
      <Data n="20178898464065e">
        <Key v="2400,0" t="Vector2" n="!$P" />
        <Key v="20202934699316" t="String" n="$T" />
        <Key v="Bojovat" t="String" n="%CX" />
      </Data>
      <Data n="20178898397076e">
        <Key v="2100,-3800" t="Vector2" n="!$P" />
        <Key v="20202934699316" t="String" n="$T" />
        <Key v="Zeptat se na arénu" t="String" n="%CX" />
      </Data>
      <Data n="20178900293690e">
        <Key v="2550,-3800" t="Vector2" n="!$P" />
        <Key v="_EFunc" t="String" n="$T" />
        <Key v="G0" t="String" n="GT" />
        <Key v="Condra_arena_info" t="String" n="Var" />
      </Data>
      <Data n="20178940631969e">
        <Key v="2850,0" t="Vector2" n="!$P" />
        <Key v="20206352251934" t="String" n="$T" />
        <Key v="CkQ" t="String" n="GT" />
        <Key v="SkN" t="String" n="T" />
        <Key v="Q20178919229795" t="String" n="Qs" />
      </Data>
      <Data n="20178900309487e">
        <Key v="3300,0" t="Vector2" n="!$P" />
        <Key v="20202934699316" t="String" n="$T" />
        <Key v="Souboj o mistra arény" t="String" n="%CX" />
      </Data>
      <Data n="20178920855835e">
        <Key v="3750,0" t="Vector2" n="!$P" />
        <Key v="20206371455404" t="String" n="$T" />
        <Key v="CkQ" t="String" n="GT" />
        <Key v="Q20178919229795" t="String" n="Qs" />
      </Data>
      <Data n="20178921054559e">
        <Key v="4200,0" t="Vector2" n="!$P" />
        <Key v="_EFunc" t="String" n="$T" />
        <Key v="G1" t="String" n="GT" />
        <Key v="1" t="Int32" n="T2" />
        <Key v="1" t="Decimal" n="Val" />
        <Key v="quest_sampion_areny" t="String" n="Cnt" />
        <Key v="Os" t="String" n="O" />
      </Data>
      <Data n="20178900308378e">
        <Key v="2850,-3000" t="Vector2" n="!$P" />
        <Key v="20202934699316" t="String" n="$T" />
        <Key v="Bojovat s" t="String" n="%CX" />
      </Data>
      <Data n="20178900309700e">
        <Key v="2850,-3200" t="Vector2" n="!$P" />
        <Key v="20202934699316" t="String" n="$T" />
        <Key v="Souboj proti hejnám příšer" t="String" n="%CX" />
      </Data>
      <Data n="20178921105723e">
        <Key v="2850,-3400" t="Vector2" n="!$P" />
        <Key v="20202934699316" t="String" n="$T" />
        <Key v="Nebojovat" t="String" n="%CX" />
      </Data>
      <Data n="20178940637282e">
        <Key v="2850,-3600" t="Vector2" n="!$P" />
        <Key v="20206352251934" t="String" n="$T" />
        <Key v="CkQ" t="String" n="GT" />
        <Key v="SkA" t="String" n="T" />
        <Key v="Q20178919229795" t="String" n="Qs" />
      </Data>
      <Data n="20178940610810e">
        <Key v="3300,-3600" t="Vector2" n="!$P" />
        <Key v="20202934699316" t="String" n="$T" />
        <Key v="Pokračovat v souboji o mistra arény" t="String" n="%CX" />
      </Data>
      <Data n="20178898397075e">
        <Key v="3000,-3800" t="Vector2" n="!$P" />
        <Key v="20202866798502" t="String" n="$T" />
        <Key v="Zajímalo by mě, k čemu tadyta aréna slouží?" t="String" n="%X" />
      </Data>
      <Data n="20178900309488e">
        <Key v="4650,0" t="Vector2" n="!$P" />
        <Key v="20202866798502" t="String" n="$T" />
        <Key v="Měl bych zájem získat titul mistra arény" t="String" n="%X" />
      </Data>
      <Data n="20178900308379e">
        <Key v="3300,-3000" t="Vector2" n="!$P" />
        <Key v="20202866798502" t="String" n="$T" />
        <Key v="Pořebuju si s někým vyřídit účty?" t="String" n="%X" />
      </Data>
      <Data n="20178900309699e">
        <Key v="3300,-3200" t="Vector2" n="!$P" />
        <Key v="20202866798502" t="String" n="$T" />
      </Data>
      <Data n="20178921105724e">
        <Key v="3300,-3400" t="Vector2" n="!$P" />
        <Key v="20202866798502" t="String" n="$T" />
      </Data>
      <Data n="20178940610811e">
        <Key v="3750,-3600" t="Vector2" n="!$P" />
        <Key v="20202866798502" t="String" n="$T" />
        <Key v="Jdem pokračovat v klání o mistra arény" t="String" n="%X" />
      </Data>
      <Data n="20178898516258e">
        <Key v="3600,-3800" t="Vector2" n="!$P" />
        <Key v="20202866798502" t="String" n="$T" />
        <Key v="%M1" t="String" n="T" />
        <Key v="K čemu slouží? Copak si padlej na hlavu? :) K čemu asi tak může bejt. K boji přeci." t="String" n="%X" />
      </Data>
      <Data n="20178900465154e">
        <Key v="5250,0" t="Vector2" n="!$P" />
        <Key v="20202866798502" t="String" n="$T" />
        <Key v="%M1" t="String" n="T" />
        <Key v="A výborně, máme tady vyzivatele..." t="String" n="%X" />
      </Data>
      <Data n="20178900320217e">
        <Key v="3900,-3000" t="Vector2" n="!$P" />
        <Key v="20202866798502" t="String" n="$T" />
        <Key v="%M1" t="String" n="T" />
        <Key v="Hehe a s kým to bude?" t="String" n="%X" />
      </Data>
      <Data n="20178920883559e">
        <Key v="4350,-3600" t="Vector2" n="!$P" />
        <Key v="20206495856812" t="String" n="$T" />
        <Key v="5 kol Šampion areny" t="String" n="!%Txt" />
      </Data>
      <Data n="20178898525733e">
        <Key v="4200,-3800" t="Vector2" n="!$P" />
        <Key v="20202866798502" t="String" n="$T" />
        <Key v="No tak to je jasný, ale jak se do ní dostanu?" t="String" n="%X" />
      </Data>
      <Data n="20178900333958e">
        <Key v="4500,-3000" t="Vector2" n="!$P" />
        <Key v="20202934699316" t="String" n="$T" />
        <Key v="Nikdo" t="String" n="%CX" />
      </Data>
      <Data n="20178923365450e">
        <Key v="4950,-3600" t="Vector2" n="!$P" />
        <Key v="_EGate" t="String" n="$T" />
        <Key v="G1" t="String" n="GT" />
        <Key v="1" t="Int32" n="T2" />
        <Key v="8" t="Decimal" n="Val" />
        <Key v="quest_sampion_areny" t="String" n="Cnt" />
        <Key v="Oe" t="String" n="O" />
      </Data>
      <Data n="20178921064589e">
        <Key v="4950,-4000" t="Vector2" n="!$P" />
        <Key v="_EGate" t="String" n="$T" />
        <Key v="G1" t="String" n="GT" />
        <Key v="1" t="Int32" n="T2" />
        <Key v="1" t="Decimal" n="Val" />
        <Key v="quest_sampion_areny" t="String" n="Cnt" />
        <Key v="Oe" t="String" n="O" />
      </Data>
      <Data n="20178921267749e">
        <Key v="4950,-4400" t="Vector2" n="!$P" />
        <Key v="_EGate" t="String" n="$T" />
        <Key v="G1" t="String" n="GT" />
        <Key v="1" t="Int32" n="T2" />
        <Key v="2" t="Decimal" n="Val" />
        <Key v="quest_sampion_areny" t="String" n="Cnt" />
        <Key v="Oe" t="String" n="O" />
      </Data>
      <Data n="20178922856296e">
        <Key v="4950,-4600" t="Vector2" n="!$P" />
        <Key v="_EGate" t="String" n="$T" />
        <Key v="G1" t="String" n="GT" />
        <Key v="1" t="Int32" n="T2" />
        <Key v="3" t="Decimal" n="Val" />
        <Key v="quest_sampion_areny" t="String" n="Cnt" />
        <Key v="Oeg" t="String" n="O" />
      </Data>
      <Data n="20178923181067e">
        <Key v="5250,-4600" t="Vector2" n="!$P" />
        <Key v="_EGate" t="String" n="$T" />
        <Key v="G1" t="String" n="GT" />
        <Key v="1" t="Int32" n="T2" />
        <Key v="4" t="Decimal" n="Val" />
        <Key v="quest_sampion_areny" t="String" n="Cnt" />
        <Key v="Oel" t="String" n="O" />
      </Data>
      <Data n="20178923069224e">
        <Key v="5550,-4600" t="Vector2" n="!$P" />
        <Key v="_EFunc" t="String" n="$T" />
        <Key v="G1" t="String" n="GT" />
        <Key v="1" t="Int32" n="T2" />
        <Key v="4" t="Decimal" n="Val" />
        <Key v="quest_sampion_areny" t="String" n="Cnt" />
        <Key v="Os" t="String" n="O" />
      </Data>
      <Data n="20178923206872e">
        <Key v="4950,-5000" t="Vector2" n="!$P" />
        <Key v="_EGate" t="String" n="$T" />
        <Key v="G1" t="String" n="GT" />
        <Key v="1" t="Int32" n="T2" />
        <Key v="5" t="Decimal" n="Val" />
        <Key v="quest_sampion_areny" t="String" n="Cnt" />
        <Key v="Oe" t="String" n="O" />
      </Data>
      <Data n="20178923257143e">
        <Key v="4950,-5200" t="Vector2" n="!$P" />
        <Key v="_EGate" t="String" n="$T" />
        <Key v="G1" t="String" n="GT" />
        <Key v="1" t="Int32" n="T2" />
        <Key v="6" t="Decimal" n="Val" />
        <Key v="quest_sampion_areny" t="String" n="Cnt" />
        <Key v="Oeg" t="String" n="O" />
      </Data>
      <Data n="20178923257548e">
        <Key v="5250,-5200" t="Vector2" n="!$P" />
        <Key v="_EGate" t="String" n="$T" />
        <Key v="G1" t="String" n="GT" />
        <Key v="1" t="Int32" n="T2" />
        <Key v="7" t="Decimal" n="Val" />
        <Key v="quest_sampion_areny" t="String" n="Cnt" />
        <Key v="Oel" t="String" n="O" />
      </Data>
      <Data n="20178923257906e">
        <Key v="5550,-5200" t="Vector2" n="!$P" />
        <Key v="_EFunc" t="String" n="$T" />
        <Key v="G1" t="String" n="GT" />
        <Key v="1" t="Int32" n="T2" />
        <Key v="7" t="Decimal" n="Val" />
        <Key v="quest_sampion_areny" t="String" n="Cnt" />
        <Key v="Os" t="String" n="O" />
      </Data>
      <Data n="20178940140684e">
        <Key v="4950,-5400" t="Vector2" n="!$P" />
        <Key v="_EGate" t="String" n="$T" />
        <Key v="G1" t="String" n="GT" />
        <Key v="1" t="Int32" n="T2" />
        <Key v="9" t="Decimal" n="Val" />
        <Key v="quest_sampion_areny" t="String" n="Cnt" />
        <Key v="Oeg" t="String" n="O" />
      </Data>
      <Data n="20178940141322e">
        <Key v="5250,-5400" t="Vector2" n="!$P" />
        <Key v="_EGate" t="String" n="$T" />
        <Key v="G1" t="String" n="GT" />
        <Key v="1" t="Int32" n="T2" />
        <Key v="10" t="Decimal" n="Val" />
        <Key v="quest_sampion_areny" t="String" n="Cnt" />
        <Key v="Oel" t="String" n="O" />
      </Data>
      <Data n="20178940141872e">
        <Key v="5550,-5400" t="Vector2" n="!$P" />
        <Key v="_EFunc" t="String" n="$T" />
        <Key v="G1" t="String" n="GT" />
        <Key v="1" t="Int32" n="T2" />
        <Key v="10" t="Decimal" n="Val" />
        <Key v="quest_sampion_areny" t="String" n="Cnt" />
        <Key v="Os" t="String" n="O" />
      </Data>
      <Data n="20178940866590e">
        <Key v="4950,-5800" t="Vector2" n="!$P" />
        <Key v="_EGate" t="String" n="$T" />
        <Key v="G1" t="String" n="GT" />
        <Key v="1" t="Int32" n="T2" />
        <Key v="12" t="Decimal" n="Val" />
        <Key v="quest_sampion_areny" t="String" n="Cnt" />
        <Key v="Oeg" t="String" n="O" />
      </Data>
      <Data n="20178940867040e">
        <Key v="5250,-5800" t="Vector2" n="!$P" />
        <Key v="_EGate" t="String" n="$T" />
        <Key v="G1" t="String" n="GT" />
        <Key v="1" t="Int32" n="T2" />
        <Key v="13" t="Decimal" n="Val" />
        <Key v="quest_sampion_areny" t="String" n="Cnt" />
        <Key v="Oel" t="String" n="O" />
      </Data>
      <Data n="20178940867403e">
        <Key v="5550,-5800" t="Vector2" n="!$P" />
        <Key v="_EFunc" t="String" n="$T" />
        <Key v="G1" t="String" n="GT" />
        <Key v="1" t="Int32" n="T2" />
        <Key v="13" t="Decimal" n="Val" />
        <Key v="quest_sampion_areny" t="String" n="Cnt" />
        <Key v="Os" t="String" n="O" />
      </Data>
      <Data n="20178941567053e">
        <Key v="4950,-6200" t="Vector2" n="!$P" />
        <Key v="_EGate" t="String" n="$T" />
        <Key v="G1" t="String" n="GT" />
        <Key v="1" t="Int32" n="T2" />
        <Key v="11" t="Decimal" n="Val" />
        <Key v="quest_sampion_areny" t="String" n="Cnt" />
        <Key v="Oe" t="String" n="O" />
      </Data>
      <Data n="20178941002611e">
        <Key v="4950,-6400" t="Vector2" n="!$P" />
        <Key v="_EGate" t="String" n="$T" />
        <Key v="G1" t="String" n="GT" />
        <Key v="1" t="Int32" n="T2" />
        <Key v="14" t="Decimal" n="Val" />
        <Key v="quest_sampion_areny" t="String" n="Cnt" />
        <Key v="Oe" t="String" n="O" />
      </Data>
      <Data n="20178898529023e">
        <Key v="4800,-3800" t="Vector2" n="!$P" />
        <Key v="20202866798502" t="String" n="$T" />
        <Key v="%M1" t="String" n="T" />
        <Key v="Jo tak panáček chce bojovat v aréně. No proč ne?! Dovnitř se dá dostat hned několika způsoby." t="String" n="%X" />
      </Data>
      <Data n="20178900333957e">
        <Key v="4950,-3000" t="Vector2" n="!$P" />
        <Key v="20202866798502" t="String" n="$T" />
        <Key v="Ale zrovna mě nikdo nenapadá." t="String" n="%X" />
      </Data>
      <Data n="20178921266035e">
        <Key v="5400,-3600" t="Vector2" n="!$P" />
        <Key v="20202866798502" t="String" n="$T" />
        <Key v="%M1" t="String" n="T" />
        <Key v="Tak jdeš dát se starým Savagem druhé kolo, jo? No však proč ne. Boj je jediné, co ho udržuje při životě." t="String" n="%X" />
      </Data>
      <Data n="20178920888542e">
        <Key v="5400,-4000" t="Vector2" n="!$P" />
        <Key v="20202866798502" t="String" n="$T" />
        <Key v="%M1" t="String" n="T" />
        <Key v="Takže tvým prvním protivníkem bude Spalding 'Plankton' Rutland. Pokud umíš držet klacek, tak by to pro tebe neměl být žádnej problém. Je to takovej věčnej začátečník." t="String" n="%X" />
      </Data>
      <Data n="20178920888709e">
        <Key v="5400,-4400" t="Vector2" n="!$P" />
        <Key v="20202866798502" t="String" n="$T" />
        <Key v="%M1" t="String" n="T" />
        <Key v="Poprvé ti to nestačilo, jo? No tak snad se polepšíš. A tentokráte mu to vrátíš..." t="String" n="%X" />
      </Data>
      <Data n="20178920888909e">
        <Key v="6000,-4600" t="Vector2" n="!$P" />
        <Key v="20202866798502" t="String" n="$T" />
        <Key v="%M1" t="String" n="T" />
        <Key v="Takže jsi tady. Výborně. Tak dneska pro tebe mám zkušeného bojovníka. Žádné ořezávátko jako minule. Není jím nikdo jiný, než nadějný pirát Amsden 'Grisly' Hayley." t="String" n="%X" />
      </Data>
      <Data n="20178920889055e">
        <Key v="5400,-5000" t="Vector2" n="!$P" />
        <Key v="20202866798502" t="String" n="$T" />
        <Key v="%M1" t="String" n="T" />
        <Key v="Chystáš se na odvetu? No proč ne. Snad budou bohové tentokrát stát při tobě." t="String" n="%X" />
      </Data>
      <Data n="20178920889251e">
        <Key v="6000,-5200" t="Vector2" n="!$P" />
        <Key v="20202866798502" t="String" n="$T" />
        <Key v="%M1" t="String" n="T" />
        <Key v="No, teď přestává všechna legrace. Je před tebou bývalý mistr arény a není to nikdo jiný než Langhorne 'Savage' Ulrik. Sice už je to dobrých pár let, co jím býval, ale to co mu chybí na rychlosti, dohání zkušenostma. Tak jsem na tebe zvědav." t="String" n="%X" />
      </Data>
      <Data n="20178921266294e">
        <Key v="6000,-5400" t="Vector2" n="!$P" />
        <Key v="20202866798502" t="String" n="$T" />
        <Key v="%M1" t="String" n="T" />
        <Key v="Teď tepvr přichází na řadu opravdoví protivníci. Teď tě čeká opravdová výzva. Temná elfka Atwell 'Grim' Shadow je jedna z nejnebezpečnějších ženských, kterou znám. Budeš potřebovat všechno štěstí světa, abys ji porazil." t="String" n="%X" />
      </Data>
      <Data n="20178921266460e">
        <Key v="6000,-5800" t="Vector2" n="!$P" />
        <Key v="20202866798502" t="String" n="$T" />
        <Key v="%M1" t="String" n="T" />
        <Key v="Tak kamaráde, tak jsi tady. Poslední zápas. Mistr arény, teď už je to prostě a jen na tobě. Čeká tě pravděpodobně nejtěžší bitva, jakou jsi kdy poznal. Tak nezbejvá mi nic jiného, než ti popřát hodně štěstí..." t="String" n="%X" />
      </Data>
      <Data n="20178921266636e">
        <Key v="5400,-6200" t="Vector2" n="!$P" />
        <Key v="20202866798502" t="String" n="$T" />
        <Key v="%M1" t="String" n="T" />
        <Key v="Říkáš, jedna prohra nestačí? &lt;smích&gt; Tak proč ne, tak hodně štěstí v dalším pokusu." t="String" n="%X" />
      </Data>
      <Data n="20178941563380e">
        <Key v="5400,-6400" t="Vector2" n="!$P" />
        <Key v="20202866798502" t="String" n="$T" />
        <Key v="%M1" t="String" n="T" />
        <Key v="Věděl jsem, že to zkusíš ještě jednou, už jen jeden krok tě dělí od skutečného mistra. Jednou to vyjít musí a ty na něj máš, já ti věřím." t="String" n="%X" />
      </Data>
      <Data n="20178898536850e">
        <Key v="5400,-3800" t="Vector2" n="!$P" />
        <Key v="20202866798502" t="String" n="$T" />
        <Key v="%M1" t="String" n="T" />
        <Key v="První způsob je jednoduche, stačí se s někým dostat do sporu a dle zákonů spravedlivého muže se to urovnáa tady v aréně." t="String" n="%X" />
      </Data>
      <Data n="20178923304887e">
        <Key v="6000,-3600" t="Vector2" n="!$P" />
        <Key v="20202866798502" t="String" n="$T" />
        <Key v="%M1" t="String" n="T" />
        <Key v="Za tenhle zápas po tobě chci 20 stříbrných. Stejně jako předtím, pokud vyhraješ, dostaneš dvojnásobek. Jsi připraven?" t="String" n="%X" />
      </Data>
      <Data n="20178921006640e">
        <Key v="6000,-4000" t="Vector2" n="!$P" />
        <Key v="20202866798502" t="String" n="$T" />
        <Key v="%M1" t="String" n="T" />
        <Key v="Tento zápas tě bude stát 5 stříbrných, pokud vyhraješ, získáš dvojnásobek. Jsi připraven?" t="String" n="%X" />
      </Data>
      <Data n="20178923116376e">
        <Key v="6600,-4600" t="Vector2" n="!$P" />
        <Key v="20202866798502" t="String" n="$T" />
        <Key v="%M1" t="String" n="T" />
        <Key v="Tenhle zápas už tě bude stát 10 stříbrných, pokud vyhraješ, získáš dvojnásobek. Jsi připraven?" t="String" n="%X" />
      </Data>
      <Data n="20178940174871e">
        <Key v="6600,-5400" t="Vector2" n="!$P" />
        <Key v="20202866798502" t="String" n="$T" />
        <Key v="%M1" t="String" n="T" />
        <Key v="Zápas tě bude stát 50 stříbrných. Jako vždy, pokud vyhraješ dostneš dvojnásobek. Jsi připraven?" t="String" n="%X" />
      </Data>
      <Data n="20178940888275e">
        <Key v="6600,-5800" t="Vector2" n="!$P" />
        <Key v="20202866798502" t="String" n="$T" />
        <Key v="%M1" t="String" n="T" />
        <Key v="Zápas s mistrem arény tě bude stát jeden zlaťák. Tak co, jdeš do toho?" t="String" n="%X" />
      </Data>
      <Data n="20178898545199e">
        <Key v="6000,-3800" t="Vector2" n="!$P" />
        <Key v="20202866798502" t="String" n="$T" />
        <Key v="%M1" t="String" n="T" />
        <Key v="Druhou možností je že bys rád bojoval v aréně o sázky. No a když budeš dostatečně dobrej, tak se můžeš dokonce stát i šampionem." t="String" n="%X" />
      </Data>
      <Data n="20178923315738e">
        <Key v="6600,-3600" t="Vector2" n="!$P" />
        <Key v="20202934699316" t="String" n="$T" />
        <Key v="Ano" t="String" n="%CX" />
      </Data>
      <Data n="20178923327619e">
        <Key v="7050,-3600" t="Vector2" n="!$P" />
        <Key v="20206371455404" t="String" n="$T" />
        <Key v="CkI" t="String" n="GT" />
        <Key v="SaT" t="String" n="T" />
        <Key v="1" t="String" n="M" />
        <Key v="2000" t="String" n="C" />
      </Data>
      <Data n="20178923315968e">
        <Key v="6600,-3800" t="Vector2" n="!$P" />
        <Key v="20202934699316" t="String" n="$T" />
        <Key v="Ne" t="String" n="%CX" />
      </Data>
      <Data n="20178921012379e">
        <Key v="6600,-4000" t="Vector2" n="!$P" />
        <Key v="20202934699316" t="String" n="$T" />
        <Key v="Ano" t="String" n="%CX" />
      </Data>
      <Data n="20178923079553e">
        <Key v="7050,-4000" t="Vector2" n="!$P" />
        <Key v="20206371455404" t="String" n="$T" />
        <Key v="CkI" t="String" n="GT" />
        <Key v="SaT" t="String" n="T" />
        <Key v="1" t="String" n="M" />
        <Key v="500" t="String" n="C" />
      </Data>
      <Data n="20178921012541e">
        <Key v="6600,-4200" t="Vector2" n="!$P" />
        <Key v="20202934699316" t="String" n="$T" />
        <Key v="Ještě ne" t="String" n="%CX" />
      </Data>
      <Data n="20178923144879e">
        <Key v="7200,-4600" t="Vector2" n="!$P" />
        <Key v="20202934699316" t="String" n="$T" />
        <Key v="Ano" t="String" n="%CX" />
      </Data>
      <Data n="20178923148148e">
        <Key v="7650,-4600" t="Vector2" n="!$P" />
        <Key v="20206371455404" t="String" n="$T" />
        <Key v="CkI" t="String" n="GT" />
        <Key v="SaT" t="String" n="T" />
        <Key v="1" t="String" n="M" />
        <Key v="1000" t="String" n="C" />
      </Data>
      <Data n="20178923145167e">
        <Key v="7200,-4800" t="Vector2" n="!$P" />
        <Key v="20202934699316" t="String" n="$T" />
        <Key v="Ještě ne" t="String" n="%CX" />
      </Data>
      <Data n="20178940187227e">
        <Key v="7200,-5400" t="Vector2" n="!$P" />
        <Key v="20202934699316" t="String" n="$T" />
        <Key v="Ano" t="String" n="%CX" />
      </Data>
      <Data n="20178940189679e">
        <Key v="7650,-5400" t="Vector2" n="!$P" />
        <Key v="20206371455404" t="String" n="$T" />
        <Key v="CkI" t="String" n="GT" />
        <Key v="SaT" t="String" n="T" />
        <Key v="1" t="String" n="M" />
        <Key v="5000" t="String" n="C" />
      </Data>
      <Data n="20178940187444e">
        <Key v="7200,-5600" t="Vector2" n="!$P" />
        <Key v="20202934699316" t="String" n="$T" />
        <Key v="Ne" t="String" n="%CX" />
      </Data>
      <Data n="20178940895060e">
        <Key v="7200,-5800" t="Vector2" n="!$P" />
        <Key v="20202934699316" t="String" n="$T" />
        <Key v="Ano" t="String" n="%CX" />
      </Data>
      <Data n="20178940895256e">
        <Key v="7200,-6000" t="Vector2" n="!$P" />
        <Key v="20202934699316" t="String" n="$T" />
        <Key v="Ještě ne" t="String" n="%CX" />
      </Data>
      <Data n="20178898561225e">
        <Key v="6600,-3800" t="Vector2" n="!$P" />
        <Key v="20202866798502" t="String" n="$T" />
        <Key v="%M1" t="String" n="T" />
        <Key v="No a poslední možností je bojovat jako skupina proti nejrůznějším monstrům, to je ale pěkně nákladná záležitost. Lovci monster chcou pěkný peníze, pokud mají svoje monstra v aréně obětovat. Na druhou stranu i na to se dá něco vsadit, takže pokud byste byli vopravdu dobří, tak si lze vydělat pěkněj majlant :)" t="String" n="%X" />
      </Data>
      <Data n="20178923315739e">
        <Key v="7500,-3600" t="Vector2" n="!$P" />
        <Key v="20202866798502" t="String" n="$T" />
      </Data>
      <Data n="20178923315967e">
        <Key v="7050,-3800" t="Vector2" n="!$P" />
        <Key v="20202866798502" t="String" n="$T" />
      </Data>
      <Data n="20178921012378e">
        <Key v="7500,-4000" t="Vector2" n="!$P" />
        <Key v="20202866798502" t="String" n="$T" />
        <Key v="Ano, jsem připraven." t="String" n="%X" />
      </Data>
      <Data n="20178921012542e">
        <Key v="7050,-4200" t="Vector2" n="!$P" />
        <Key v="20202866798502" t="String" n="$T" />
        <Key v="Ještě potřebuju chvilku na přípravu" t="String" n="%X" />
      </Data>
      <Data n="20178923144880e">
        <Key v="8100,-4600" t="Vector2" n="!$P" />
        <Key v="20202866798502" t="String" n="$T" />
      </Data>
      <Data n="20178923145166e">
        <Key v="7650,-4800" t="Vector2" n="!$P" />
        <Key v="20202866798502" t="String" n="$T" />
      </Data>
      <Data n="20178940187228e">
        <Key v="8100,-5400" t="Vector2" n="!$P" />
        <Key v="20202866798502" t="String" n="$T" />
      </Data>
      <Data n="20178940187445e">
        <Key v="7650,-5600" t="Vector2" n="!$P" />
        <Key v="20202866798502" t="String" n="$T" />
      </Data>
      <Data n="20178940895059e">
        <Key v="7650,-5800" t="Vector2" n="!$P" />
        <Key v="20202866798502" t="String" n="$T" />
      </Data>
      <Data n="20178940895255e">
        <Key v="7650,-6000" t="Vector2" n="!$P" />
        <Key v="20202866798502" t="String" n="$T" />
      </Data>
      <Data n="20178900281071e">
        <Key v="7200,-3800" t="Vector2" n="!$P" />
        <Key v="20202866798502" t="String" n="$T" />
        <Key v="Díky moc za info." t="String" n="%X" />
      </Data>
      <Data n="20178921035981e">
        <Key v="8100,-3600" t="Vector2" n="!$P" />
        <Key v="20202866798502" t="String" n="$T" />
        <Key v="%M1" t="String" n="T" />
        <Key v="Výborně, tak jdem na to." t="String" n="%X" />
      </Data>
      <Data n="20178921092057e">
        <Key v="7650,-3800" t="Vector2" n="!$P" />
        <Key v="20202866798502" t="String" n="$T" />
        <Key v="%M1" t="String" n="T" />
        <Key v="Dobrá teda, ale neotálej dlouho." t="String" n="%X" />
      </Data>
      <Data n="20178921039551e">
        <Key v="8100,-4000" t="Vector2" n="!$P" />
        <Key v="20206371455404" t="String" n="$T" />
        <Key v="přesun postavy do arény" t="String" n="!%Txt" />
        <Key v="" t="String" n="GT" />
      </Data>
      <Data n="20178923155216e">
        <Key v="8700,-4600" t="Vector2" n="!$P" />
        <Key v="20206371455404" t="String" n="$T" />
        <Key v="přesun postavy do arény" t="String" n="!%Txt" />
        <Key v="" t="String" n="GT" />
      </Data>
    </Data>
    <Data n="$Conns">
      <Data n="20178923006897c">
        <Key v="20178923006897e" t="String" n="$E" />
      </Data>
      <Data n="20178923014428c">
        <Key v="20178923014428e" t="String" n="$E" />
      </Data>
      <Data n="20178923054349c">
        <Key v="20178923054349e" t="String" n="$E" />
      </Data>
      <Data n="20178940699404c">
        <Key v="20178940699404e" t="String" n="$E" />
        <Key v="20178923054349e" t="String" n="$S" />
      </Data>
      <Data n="20178923247610c">
        <Key v="20178923247610e" t="String" n="$E" />
        <Key v="20178940699404e" t="String" n="$S" />
      </Data>
      <Data n="20178923224287c">
        <Key v="20178923224287e" t="String" n="$E" />
      </Data>
      <Data n="20178923232952c">
        <Key v="20178923232952e" t="String" n="$E" />
      </Data>
      <Data n="20178940701785c">
        <Key v="20178940701785e" t="String" n="$E" />
        <Key v="20178923232952e" t="String" n="$S" />
      </Data>
      <Data n="20178923252464c">
        <Key v="20178923252464e" t="String" n="$E" />
        <Key v="20178940701785e" t="String" n="$S" />
      </Data>
      <Data n="20178923370834c">
        <Key v="20178923370834e" t="String" n="$E" />
      </Data>
      <Data n="20178940101593c">
        <Key v="20178940101593e" t="String" n="$E" />
      </Data>
      <Data n="20178940702586c">
        <Key v="20178940702586e" t="String" n="$E" />
        <Key v="20178940101593e" t="String" n="$S" />
      </Data>
      <Data n="20178940113799c">
        <Key v="20178940113799e" t="String" n="$E" />
        <Key v="20178940702586e" t="String" n="$S" />
      </Data>
      <Data n="20178940217060c">
        <Key v="20178940217060e" t="String" n="$E" />
      </Data>
      <Data n="20178940397306c">
        <Key v="20178940397306e" t="String" n="$E" />
      </Data>
      <Data n="20178940702978c">
        <Key v="20178940702978e" t="String" n="$E" />
        <Key v="20178940397306e" t="String" n="$S" />
      </Data>
      <Data n="20178940410622c">
        <Key v="20178940410622e" t="String" n="$E" />
        <Key v="20178940702978e" t="String" n="$S" />
      </Data>
      <Data n="20178940418762c">
        <Key v="20178940418762e" t="String" n="$E" />
      </Data>
      <Data n="20178940583820c">
        <Key v="20178940583820e" t="String" n="$E" />
      </Data>
      <Data n="20178940703466c">
        <Key v="20178940703466e" t="String" n="$E" />
        <Key v="20178940583820e" t="String" n="$S" />
      </Data>
      <Data n="20178940571585c">
        <Key v="20178940571585e" t="String" n="$E" />
        <Key v="20178940703466e" t="String" n="$S" />
      </Data>
      <Data n="20178940590776c">
        <Key v="20178940590776e" t="String" n="$E" />
        <Key v="20178940571585e" t="String" n="$S" />
      </Data>
      <Data n="20178940757369c">
        <Key v="20178940757369e" t="String" n="$E" />
        <Key v="20178940590776e" t="String" n="$S" />
      </Data>
      <Data n="20178940768116c">
        <Key v="20178940768116e" t="String" n="$E" />
      </Data>
      <Data n="20178922828624c">
        <Key v="20178922828624e" t="String" n="$E" />
        <Key v="20178923006897e" t="String" n="$S" />
      </Data>
      <Data n="20178898026405c">
        <Key v="20178898026405e" t="String" n="$E" />
        <Key v="20178923014428e" t="String" n="$S" />
      </Data>
      <Data n="20178922829449c">
        <Key v="20178922829449e" t="String" n="$E" />
        <Key v="20178923247610e" t="String" n="$S" />
      </Data>
      <Data n="20178922829695c">
        <Key v="20178922829695e" t="String" n="$E" />
        <Key v="20178923224287e" t="String" n="$S" />
      </Data>
      <Data n="20178922829886c">
        <Key v="20178922829886e" t="String" n="$E" />
        <Key v="20178923252464e" t="String" n="$S" />
      </Data>
      <Data n="20178922830062c">
        <Key v="20178922830062e" t="String" n="$E" />
        <Key v="20178923370834e" t="String" n="$S" />
      </Data>
      <Data n="20178922830245c">
        <Key v="20178922830245e" t="String" n="$E" />
        <Key v="20178940113799e" t="String" n="$S" />
      </Data>
      <Data n="20178922830479c">
        <Key v="20178922830479e" t="String" n="$E" />
        <Key v="20178940217060e" t="String" n="$S" />
      </Data>
      <Data n="20178922830666c">
        <Key v="20178922830666e" t="String" n="$E" />
        <Key v="20178940410622e" t="String" n="$S" />
      </Data>
      <Data n="20178922830887c">
        <Key v="20178922830887e" t="String" n="$E" />
        <Key v="20178940418762e" t="String" n="$S" />
      </Data>
      <Data n="20178922831067c">
        <Key v="20178922831067e" t="String" n="$E" />
        <Key v="20178940757369e" t="String" n="$S" />
      </Data>
      <Data n="20178940765881c">
        <Key v="20178940765881e" t="String" n="$E" />
        <Key v="20178940768116e" t="String" n="$S" />
      </Data>
      <Data n="20178898296854c">
        <Key v="20178898296854e" t="String" n="$E" />
        <Key v="20178922828624e" t="String" n="$S" />
      </Data>
      <Data n="20206616256006c">
        <Key v="20178898296854e" t="String" n="$E" />
        <Key v="20178898026405e" t="String" n="$S" />
      </Data>
      <Data n="20206616256007c">
        <Key v="20178898296854e" t="String" n="$E" />
        <Key v="20178922829449e" t="String" n="$S" />
      </Data>
      <Data n="20206616256008c">
        <Key v="20178898296854e" t="String" n="$E" />
        <Key v="20178922829695e" t="String" n="$S" />
      </Data>
      <Data n="20206616256009c">
        <Key v="20178898296854e" t="String" n="$E" />
        <Key v="20178922829886e" t="String" n="$S" />
      </Data>
      <Data n="20206616256010c">
        <Key v="20178898296854e" t="String" n="$E" />
        <Key v="20178922830062e" t="String" n="$S" />
      </Data>
      <Data n="20206616256011c">
        <Key v="20178898296854e" t="String" n="$E" />
        <Key v="20178922830245e" t="String" n="$S" />
      </Data>
      <Data n="20206616256012c">
        <Key v="20178898296854e" t="String" n="$E" />
        <Key v="20178922830479e" t="String" n="$S" />
      </Data>
      <Data n="20206616256013c">
        <Key v="20178898296854e" t="String" n="$E" />
        <Key v="20178922830666e" t="String" n="$S" />
      </Data>
      <Data n="20206616256014c">
        <Key v="20178898296854e" t="String" n="$E" />
        <Key v="20178922830887e" t="String" n="$S" />
      </Data>
      <Data n="20206616256015c">
        <Key v="20178898296854e" t="String" n="$E" />
        <Key v="20178922831067e" t="String" n="$S" />
      </Data>
      <Data n="20206616256016c">
        <Key v="20178898296854e" t="String" n="$E" />
        <Key v="20178940765881e" t="String" n="$S" />
      </Data>
      <Data n="20178900300938c">
        <Key v="20178900300938e" t="String" n="$E" />
        <Key v="20178898296854e" t="String" n="$S" />
      </Data>
      <Data n="20178898464065c">
        <Key v="20178898464065e" t="String" n="$E" />
        <Key v="20178900300938e" t="String" n="$S" />
      </Data>
      <Data n="20178898397076c">
        <Key v="20178898397076e" t="String" n="$E" />
        <Key v="20178898296854e" t="String" n="$S" />
      </Data>
      <Data n="20178900293690c">
        <Key v="20178900293690e" t="String" n="$E" />
        <Key v="20178898397076e" t="String" n="$S" />
      </Data>
      <Data n="20178940631969c">
        <Key v="20178940631969e" t="String" n="$E" />
        <Key v="20178898464065e" t="String" n="$S" />
      </Data>
      <Data n="20178900309487c">
        <Key v="20178900309487e" t="String" n="$E" />
        <Key v="20178940631969e" t="String" n="$S" />
      </Data>
      <Data n="20178920855835c">
        <Key v="20178920855835e" t="String" n="$E" />
        <Key v="20178900309487e" t="String" n="$S" />
      </Data>
      <Data n="20178921054559c">
        <Key v="20178921054559e" t="String" n="$E" />
        <Key v="20178920855835e" t="String" n="$S" />
      </Data>
      <Data n="20178900308378c">
        <Key v="20178900308378e" t="String" n="$E" />
        <Key v="20178898464065e" t="String" n="$S" />
      </Data>
      <Data n="20178900309700c">
        <Key v="20178900309700e" t="String" n="$E" />
        <Key v="20178898464065e" t="String" n="$S" />
      </Data>
      <Data n="20178921105723c">
        <Key v="20178921105723e" t="String" n="$E" />
        <Key v="20178898464065e" t="String" n="$S" />
      </Data>
      <Data n="20178940637282c">
        <Key v="20178940637282e" t="String" n="$E" />
        <Key v="20178898464065e" t="String" n="$S" />
      </Data>
      <Data n="20178940610810c">
        <Key v="20178940610810e" t="String" n="$E" />
        <Key v="20178940637282e" t="String" n="$S" />
      </Data>
      <Data n="20178898397075c">
        <Key v="20178898397075e" t="String" n="$E" />
        <Key v="20178900293690e" t="String" n="$S" />
      </Data>
      <Data n="20178900309488c">
        <Key v="20178900309488e" t="String" n="$E" />
        <Key v="20178921054559e" t="String" n="$S" />
      </Data>
      <Data n="20178900308379c">
        <Key v="20178900308379e" t="String" n="$E" />
        <Key v="20178900308378e" t="String" n="$S" />
      </Data>
      <Data n="20178900309699c">
        <Key v="20178900309699e" t="String" n="$E" />
        <Key v="20178900309700e" t="String" n="$S" />
      </Data>
      <Data n="20178921105724c">
        <Key v="20178921105724e" t="String" n="$E" />
        <Key v="20178921105723e" t="String" n="$S" />
      </Data>
      <Data n="20178940610811c">
        <Key v="20178940610811e" t="String" n="$E" />
        <Key v="20178940610810e" t="String" n="$S" />
      </Data>
      <Data n="20178898516258c">
        <Key v="20178898516258e" t="String" n="$E" />
        <Key v="20178898397075e" t="String" n="$S" />
      </Data>
      <Data n="20178900465154c">
        <Key v="20178900465154e" t="String" n="$E" />
        <Key v="20178900309488e" t="String" n="$S" />
      </Data>
      <Data n="20178900320217c">
        <Key v="20178900320217e" t="String" n="$E" />
        <Key v="20178900308379e" t="String" n="$S" />
      </Data>
      <Data n="20206616256039c">
        <Key v="20178898296854e" t="String" n="$E" />
        <Key v="20178921105724e" t="String" n="$S" />
      </Data>
      <Data n="20178920883559c">
        <Key v="20178920883559e" t="String" n="$E" />
        <Key v="20178940610811e" t="String" n="$S" />
      </Data>
      <Data n="20178898525733c">
        <Key v="20178898525733e" t="String" n="$E" />
        <Key v="20178898516258e" t="String" n="$S" />
      </Data>
      <Data n="20206616256044c">
        <Key v="20178920883559e" t="String" n="$E" />
        <Key v="20178900465154e" t="String" n="$S" />
      </Data>
      <Data n="20178900333958c">
        <Key v="20178900333958e" t="String" n="$E" />
        <Key v="20178900320217e" t="String" n="$S" />
      </Data>
      <Data n="20178923365450c">
        <Key v="20178923365450e" t="String" n="$E" />
        <Key v="20178920883559e" t="String" n="$S" />
      </Data>
      <Data n="20178921064589c">
        <Key v="20178921064589e" t="String" n="$E" />
        <Key v="20178920883559e" t="String" n="$S" />
      </Data>
      <Data n="20178921267749c">
        <Key v="20178921267749e" t="String" n="$E" />
        <Key v="20178920883559e" t="String" n="$S" />
      </Data>
      <Data n="20178922856296c">
        <Key v="20178922856296e" t="String" n="$E" />
        <Key v="20178920883559e" t="String" n="$S" />
      </Data>
      <Data n="20178923181067c">
        <Key v="20178923181067e" t="String" n="$E" />
        <Key v="20178922856296e" t="String" n="$S" />
      </Data>
      <Data n="20178923069224c">
        <Key v="20178923069224e" t="String" n="$E" />
        <Key v="20178923181067e" t="String" n="$S" />
      </Data>
      <Data n="20178923206872c">
        <Key v="20178923206872e" t="String" n="$E" />
        <Key v="20178920883559e" t="String" n="$S" />
      </Data>
      <Data n="20178923257143c">
        <Key v="20178923257143e" t="String" n="$E" />
        <Key v="20178920883559e" t="String" n="$S" />
      </Data>
      <Data n="20178923257548c">
        <Key v="20178923257548e" t="String" n="$E" />
        <Key v="20178923257143e" t="String" n="$S" />
      </Data>
      <Data n="20178923257906c">
        <Key v="20178923257906e" t="String" n="$E" />
        <Key v="20178923257548e" t="String" n="$S" />
      </Data>
      <Data n="20178940140684c">
        <Key v="20178940140684e" t="String" n="$E" />
        <Key v="20178920883559e" t="String" n="$S" />
      </Data>
      <Data n="20178940141322c">
        <Key v="20178940141322e" t="String" n="$E" />
        <Key v="20178940140684e" t="String" n="$S" />
      </Data>
      <Data n="20178940141872c">
        <Key v="20178940141872e" t="String" n="$E" />
        <Key v="20178940141322e" t="String" n="$S" />
      </Data>
      <Data n="20178940866590c">
        <Key v="20178940866590e" t="String" n="$E" />
        <Key v="20178920883559e" t="String" n="$S" />
      </Data>
      <Data n="20178940867040c">
        <Key v="20178940867040e" t="String" n="$E" />
        <Key v="20178940866590e" t="String" n="$S" />
      </Data>
      <Data n="20178940867403c">
        <Key v="20178940867403e" t="String" n="$E" />
        <Key v="20178940867040e" t="String" n="$S" />
      </Data>
      <Data n="20178941567053c">
        <Key v="20178941567053e" t="String" n="$E" />
        <Key v="20178920883559e" t="String" n="$S" />
      </Data>
      <Data n="20178941002611c">
        <Key v="20178941002611e" t="String" n="$E" />
        <Key v="20178920883559e" t="String" n="$S" />
      </Data>
      <Data n="20178898529023c">
        <Key v="20178898529023e" t="String" n="$E" />
        <Key v="20178898525733e" t="String" n="$S" />
      </Data>
      <Data n="20178900333957c">
        <Key v="20178900333957e" t="String" n="$E" />
        <Key v="20178900333958e" t="String" n="$S" />
      </Data>
      <Data n="20178921266035c">
        <Key v="20178921266035e" t="String" n="$E" />
        <Key v="20178923365450e" t="String" n="$S" />
      </Data>
      <Data n="20178920888542c">
        <Key v="20178920888542e" t="String" n="$E" />
        <Key v="20178921064589e" t="String" n="$S" />
      </Data>
      <Data n="20178920888709c">
        <Key v="20178920888709e" t="String" n="$E" />
        <Key v="20178921267749e" t="String" n="$S" />
      </Data>
      <Data n="20178920888909c">
        <Key v="20178920888909e" t="String" n="$E" />
        <Key v="20178923069224e" t="String" n="$S" />
      </Data>
      <Data n="20178920889055c">
        <Key v="20178920889055e" t="String" n="$E" />
        <Key v="20178923206872e" t="String" n="$S" />
      </Data>
      <Data n="20178920889251c">
        <Key v="20178920889251e" t="String" n="$E" />
        <Key v="20178923257906e" t="String" n="$S" />
      </Data>
      <Data n="20178921266294c">
        <Key v="20178921266294e" t="String" n="$E" />
        <Key v="20178940141872e" t="String" n="$S" />
      </Data>
      <Data n="20178921266460c">
        <Key v="20178921266460e" t="String" n="$E" />
        <Key v="20178940867403e" t="String" n="$S" />
      </Data>
      <Data n="20178921266636c">
        <Key v="20178921266636e" t="String" n="$E" />
        <Key v="20178941567053e" t="String" n="$S" />
      </Data>
      <Data n="20178941563380c">
        <Key v="20178941563380e" t="String" n="$E" />
        <Key v="20178941002611e" t="String" n="$S" />
      </Data>
      <Data n="20178898536850c">
        <Key v="20178898536850e" t="String" n="$E" />
        <Key v="20178898529023e" t="String" n="$S" />
      </Data>
      <Data n="20206616256078c">
        <Key v="20178898296854e" t="String" n="$E" />
        <Key v="20178900333957e" t="String" n="$S" />
      </Data>
      <Data n="20178923304887c">
        <Key v="20178923304887e" t="String" n="$E" />
        <Key v="20178921266035e" t="String" n="$S" />
      </Data>
      <Data n="20178921006640c">
        <Key v="20178921006640e" t="String" n="$E" />
        <Key v="20178920888542e" t="String" n="$S" />
      </Data>
      <Data n="20206616256081c">
        <Key v="20178921006640e" t="String" n="$E" />
        <Key v="20178920888709e" t="String" n="$S" />
      </Data>
      <Data n="20178923116376c">
        <Key v="20178923116376e" t="String" n="$E" />
        <Key v="20178920888909e" t="String" n="$S" />
      </Data>
      <Data n="20206616256083c">
        <Key v="20178923116376e" t="String" n="$E" />
        <Key v="20178920889055e" t="String" n="$S" />
      </Data>
      <Data n="20206616256084c">
        <Key v="20178923304887e" t="String" n="$E" />
        <Key v="20178920889251e" t="String" n="$S" />
      </Data>
      <Data n="20178940174871c">
        <Key v="20178940174871e" t="String" n="$E" />
        <Key v="20178921266294e" t="String" n="$S" />
      </Data>
      <Data n="20178940888275c">
        <Key v="20178940888275e" t="String" n="$E" />
        <Key v="20178921266460e" t="String" n="$S" />
      </Data>
      <Data n="20206616256087c">
        <Key v="20178940174871e" t="String" n="$E" />
        <Key v="20178921266636e" t="String" n="$S" />
      </Data>
      <Data n="20206616256088c">
        <Key v="20178940888275e" t="String" n="$E" />
        <Key v="20178941563380e" t="String" n="$S" />
      </Data>
      <Data n="20178898545199c">
        <Key v="20178898545199e" t="String" n="$E" />
        <Key v="20178898536850e" t="String" n="$S" />
      </Data>
      <Data n="20178923315738c">
        <Key v="20178923315738e" t="String" n="$E" />
        <Key v="20178923304887e" t="String" n="$S" />
      </Data>
      <Data n="20178923327619c">
        <Key v="20178923327619e" t="String" n="$E" />
        <Key v="20178923315738e" t="String" n="$S" />
      </Data>
      <Data n="20178923315968c">
        <Key v="20178923315968e" t="String" n="$E" />
        <Key v="20178923304887e" t="String" n="$S" />
      </Data>
      <Data n="20178921012379c">
        <Key v="20178921012379e" t="String" n="$E" />
        <Key v="20178921006640e" t="String" n="$S" />
      </Data>
      <Data n="20178923079553c">
        <Key v="20178923079553e" t="String" n="$E" />
        <Key v="20178921012379e" t="String" n="$S" />
      </Data>
      <Data n="20178921012541c">
        <Key v="20178921012541e" t="String" n="$E" />
        <Key v="20178921006640e" t="String" n="$S" />
      </Data>
      <Data n="20178923144879c">
        <Key v="20178923144879e" t="String" n="$E" />
        <Key v="20178923116376e" t="String" n="$S" />
      </Data>
      <Data n="20178923148148c">
        <Key v="20178923148148e" t="String" n="$E" />
        <Key v="20178923144879e" t="String" n="$S" />
      </Data>
      <Data n="20178923145167c">
        <Key v="20178923145167e" t="String" n="$E" />
        <Key v="20178923116376e" t="String" n="$S" />
      </Data>
      <Data n="20178940187227c">
        <Key v="20178940187227e" t="String" n="$E" />
        <Key v="20178940174871e" t="String" n="$S" />
      </Data>
      <Data n="20178940189679c">
        <Key v="20178940189679e" t="String" n="$E" />
        <Key v="20178940187227e" t="String" n="$S" />
      </Data>
      <Data n="20178940187444c">
        <Key v="20178940187444e" t="String" n="$E" />
        <Key v="20178940174871e" t="String" n="$S" />
      </Data>
      <Data n="20178940895060c">
        <Key v="20178940895060e" t="String" n="$E" />
        <Key v="20178940888275e" t="String" n="$S" />
      </Data>
      <Data n="20178940895256c">
        <Key v="20178940895256e" t="String" n="$E" />
        <Key v="20178940888275e" t="String" n="$S" />
      </Data>
      <Data n="20178898561225c">
        <Key v="20178898561225e" t="String" n="$E" />
        <Key v="20178898545199e" t="String" n="$S" />
      </Data>
      <Data n="20178923315739c">
        <Key v="20178923315739e" t="String" n="$E" />
        <Key v="20178923327619e" t="String" n="$S" />
      </Data>
      <Data n="20178923315967c">
        <Key v="20178923315967e" t="String" n="$E" />
        <Key v="20178923315968e" t="String" n="$S" />
      </Data>
      <Data n="20178921012378c">
        <Key v="20178921012378e" t="String" n="$E" />
        <Key v="20178923079553e" t="String" n="$S" />
      </Data>
      <Data n="20178921012542c">
        <Key v="20178921012542e" t="String" n="$E" />
        <Key v="20178921012541e" t="String" n="$S" />
      </Data>
      <Data n="20178923144880c">
        <Key v="20178923144880e" t="String" n="$E" />
        <Key v="20178923148148e" t="String" n="$S" />
      </Data>
      <Data n="20178923145166c">
        <Key v="20178923145166e" t="String" n="$E" />
        <Key v="20178923145167e" t="String" n="$S" />
      </Data>
      <Data n="20178940187228c">
        <Key v="20178940187228e" t="String" n="$E" />
        <Key v="20178940189679e" t="String" n="$S" />
      </Data>
      <Data n="20178940187445c">
        <Key v="20178940187445e" t="String" n="$E" />
        <Key v="20178940187444e" t="String" n="$S" />
      </Data>
      <Data n="20178940895059c">
        <Key v="20178940895059e" t="String" n="$E" />
        <Key v="20178940895060e" t="String" n="$S" />
      </Data>
      <Data n="20178940895255c">
        <Key v="20178940895255e" t="String" n="$E" />
        <Key v="20178940895256e" t="String" n="$S" />
      </Data>
      <Data n="20178900281071c">
        <Key v="20178900281071e" t="String" n="$E" />
        <Key v="20178898561225e" t="String" n="$S" />
      </Data>
      <Data n="20178921035981c">
        <Key v="20178921035981e" t="String" n="$E" />
        <Key v="20178923315739e" t="String" n="$S" />
      </Data>
      <Data n="20178921092057c">
        <Key v="20178921092057e" t="String" n="$E" />
        <Key v="20178923315967e" t="String" n="$S" />
      </Data>
      <Data n="20178921039551c">
        <Key v="20178921039551e" t="String" n="$E" />
        <Key v="20178921012378e" t="String" n="$S" />
      </Data>
      <Data n="20206616256119c">
        <Key v="20178921092057e" t="String" n="$E" />
        <Key v="20178921012542e" t="String" n="$S" />
      </Data>
      <Data n="20178923155216c">
        <Key v="20178923155216e" t="String" n="$E" />
        <Key v="20178923144880e" t="String" n="$S" />
      </Data>
      <Data n="20206616256121c">
        <Key v="20178921092057e" t="String" n="$E" />
        <Key v="20178923145166e" t="String" n="$S" />
      </Data>
      <Data n="20206616256122c">
        <Key v="20178921035981e" t="String" n="$E" />
        <Key v="20178940187228e" t="String" n="$S" />
      </Data>
      <Data n="20206616256123c">
        <Key v="20178921092057e" t="String" n="$E" />
        <Key v="20178940187445e" t="String" n="$S" />
      </Data>
      <Data n="20206616256124c">
        <Key v="20178898296854e" t="String" n="$E" />
        <Key v="20178900281071e" t="String" n="$S" />
      </Data>
      <Data n="20206616256125c">
        <Key v="20178898296854e" t="String" n="$E" />
        <Key v="20178921092057e" t="String" n="$S" />
      </Data>
      <Data n="20206616256126c">
        <Key v="20178921035981e" t="String" n="$E" />
        <Key v="20178921039551e" t="String" n="$S" />
      </Data>
      <Data n="20206616256127c">
        <Key v="20178921035981e" t="String" n="$E" />
        <Key v="20178923155216e" t="String" n="$S" />
      </Data>
    </Data>
  </Data>
</DataRoot>