﻿<?xml version="1.0" encoding="utf-8"?>
<DataRoot n="D">
  <Data n="20197718090779">
    <Data n="$Elems">
      <Data n="20197718724316e">
        <Key v="450,0" t="Vector2" n="!$P" />
        <Key v="20202866798502" t="String" n="$T" />
        <Key v="%M1" t="String" n="T" />
        <Key v="Tak koho pak to tady máme? Slyšela jsem, že se vyznáš @$." t="String" n="%X" />
        <Key v="1" t="String" n="!Vt" />
        <Key v="XN_Rogue" t="String" n="Var" />
      </Data>
      <Data n="20197718779463e">
        <Key v="1050,0" t="Vector2" n="!$P" />
        <Key v="20202866798502" t="String" n="$T" />
        <Key v="%M1" t="String" n="T" />
        <Key v="Říkají mi Paní Noci a jsem něco jako matka téhle společnosti. Tak co vás ke mě přivádí?" t="String" n="%X" />
      </Data>
      <Data n="20197718834860e">
        <Key v="1650,0" t="Vector2" n="!$P" />
        <Key v="20206495856812" t="String" n="$T" />
        <Key v="Laura Basi - možnosti" t="String" n="!%Txt" />
      </Data>
      <Data n="20197739494149e">
        <Key v="2250,0" t="Vector2" n="!$P" />
        <Key v="20206352251934" t="String" n="$T" />
        <Key v="CkQ" t="String" n="GT" />
        <Key v="SkN" t="String" n="T" />
        <Key v="Q20197739468658" t="String" n="Qs" />
      </Data>
      <Data n="20197718844971e">
        <Key v="2700,0" t="Vector2" n="!$P" />
        <Key v="20202934699316" t="String" n="$T" />
        <Key v="Zeptat se na práci" t="String" n="%CX" />
      </Data>
      <Data n="20197718839513e">
        <Key v="2250,-2000" t="Vector2" n="!$P" />
        <Key v="20202934699316" t="String" n="$T" />
        <Key v="Zeptat se na ní" t="String" n="%CX" />
      </Data>
      <Data n="20197718839669e">
        <Key v="2250,-2400" t="Vector2" n="!$P" />
        <Key v="20202934699316" t="String" n="$T" />
        <Key v="Zeptat se na cech" t="String" n="%CX" />
      </Data>
      <Data n="20197718846625e">
        <Key v="2250,-2600" t="Vector2" n="!$P" />
        <Key v="20202934699316" t="String" n="$T" />
        <Key v="Odejít" t="String" n="%CX" />
        <Key v="MrE" t="String" n="Spc" />
      </Data>
      <Data n="20197739512804e">
        <Key v="2250,-2800" t="Vector2" n="!$P" />
        <Key v="20206352251934" t="String" n="$T" />
        <Key v="CkQ" t="String" n="GT" />
        <Key v="SkF" t="String" n="T" />
        <Key v="Q20197739468658" t="String" n="Qs" />
      </Data>
      <Data n="20197739517382e">
        <Key v="2700,-2800" t="Vector2" n="!$P" />
        <Key v="20206352251934" t="String" n="$T" />
        <Key v="CkQ" t="String" n="GT" />
        <Key v="SkN" t="String" n="T" />
        <Key v="Q20197739473346" t="String" n="Qs" />
      </Data>
      <Data n="20197739503219e">
        <Key v="3150,-2800" t="Vector2" n="!$P" />
        <Key v="20202934699316" t="String" n="$T" />
        <Key v="Zeptat se na další práci" t="String" n="%CX" />
      </Data>
      <Data n="20197741492103e">
        <Key v="2250,-3000" t="Vector2" n="!$P" />
        <Key v="20202934699316" t="String" n="$T" />
        <Key v="Ohledně zadané práce" t="String" n="%CX" />
      </Data>
      <Data n="20197718844970e">
        <Key v="3150,0" t="Vector2" n="!$P" />
        <Key v="20202866798502" t="String" n="$T" />
        <Key v="Paní Noci, rád bych se zeptal, zda byste neměla nějakou pěknou prácičku pro lidi jako jsme my?" t="String" n="%X" />
      </Data>
      <Data n="20197718839512e">
        <Key v="2700,-2000" t="Vector2" n="!$P" />
        <Key v="20202866798502" t="String" n="$T" />
        <Key v="Rádi bychom se dozvěděli něco o tobě. Jak ses stala Paní Noci a jaké je tvé skutečné jméno?" t="String" n="%X" />
      </Data>
      <Data n="20197718839668e">
        <Key v="2700,-2400" t="Vector2" n="!$P" />
        <Key v="20202866798502" t="String" n="$T" />
        <Key v="Můžete nám říct něco o místním cechu? Jak to tady funguje a tak?" t="String" n="%X" />
      </Data>
      <Data n="20197718846623e">
        <Key v="2700,-2600" t="Vector2" n="!$P" />
        <Key v="20202866798502" t="String" n="$T" />
      </Data>
      <Data n="20197739503218e">
        <Key v="3600,-2800" t="Vector2" n="!$P" />
        <Key v="20202866798502" t="String" n="$T" />
        <Key v="Zdravím Paní Noci, neměla bys pro nás nějakou další prácičku?" t="String" n="%X" />
      </Data>
      <Data n="20197742255835e">
        <Key v="2700,-3000" t="Vector2" n="!$P" />
        <Key v="20202934699316" t="String" n="$T" />
        <Key v="Nic rozdělaného" t="String" n="%CX" />
      </Data>
      <Data n="20197742259975e">
        <Key v="2700,-3200" t="Vector2" n="!$P" />
        <Key v="20206352251934" t="String" n="$T" />
        <Key v="CkQ" t="String" n="GT" />
        <Key v="SkA" t="String" n="T" />
        <Key v="Q20197739468658" t="String" n="Qs" />
      </Data>
      <Data n="20197741505821e">
        <Key v="3150,-3200" t="Vector2" n="!$P" />
        <Key v="20202934699316" t="String" n="$T" />
        <Key v="Čisté ruce" t="String" n="%CX" />
      </Data>
      <Data n="20197719856315e">
        <Key v="3750,0" t="Vector2" n="!$P" />
        <Key v="20202866798502" t="String" n="$T" />
        <Key v="%M1" t="String" n="T" />
        <Key v="A víte že jo?! Zrovna by se mi moc hodilo to, že nejste zdejší a nikdo vás moc nezná. Jedná se o jednu delikátní záležitost. Máte zájem?" t="String" n="%X" />
      </Data>
      <Data n="20197719079800e">
        <Key v="3300,-2000" t="Vector2" n="!$P" />
        <Key v="_EGate" t="String" n="$T" />
        <Key v="G1" t="String" n="GT" />
        <Key v="1" t="Int32" n="T2" />
        <Key v="25" t="Decimal" n="Val" />
        <Key v="Cech_zlodeju_reputace" t="String" n="Cnt" />
        <Key v="Oeg" t="String" n="O" />
      </Data>
      <Data n="20197719079361e">
        <Key v="3300,-2200" t="Vector2" n="!$P" />
        <Key v="20202866798502" t="String" n="$T" />
        <Key v="%M1" t="String" n="T" />
        <Key v="To je dost troufalá otázka. Možná vám o sobě povím něoc časem. V tento moment buďte rádi, že za takovou troufalost vám zůstanou hlavy na svých místech." t="String" n="%X" />
      </Data>
      <Data n="20197719834408e">
        <Key v="3300,-2400" t="Vector2" n="!$P" />
        <Key v="20202866798502" t="String" n="$T" />
        <Key v="%M1" t="String" n="T" />
        <Key v="Ale jo, samozřejmě že můžu. Většinou se zbavujem lidí, co se blbě ptaj a ty jsi momentálně asi nejlepší adept." t="String" n="%X" />
      </Data>
      <Data n="20197741505820e">
        <Key v="3600,-3200" t="Vector2" n="!$P" />
        <Key v="20202866798502" t="String" n="$T" />
        <Key v="Chtěli bychom podat informace ohledně té prácičky na strážnici, co jsi nám zadala." t="String" n="%X" />
      </Data>
      <Data n="20197719868043e">
        <Key v="4350,0" t="Vector2" n="!$P" />
        <Key v="20202934699316" t="String" n="$T" />
        <Key v="Zajímat se" t="String" n="%CX" />
      </Data>
      <Data n="20197719868250e">
        <Key v="4350,-1800" t="Vector2" n="!$P" />
        <Key v="20202934699316" t="String" n="$T" />
        <Key v="Nezájem" t="String" n="%CX" />
      </Data>
      <Data n="20197719079189e">
        <Key v="3750,-2000" t="Vector2" n="!$P" />
        <Key v="20202866798502" t="String" n="$T" />
        <Key v="%M1" t="String" n="T" />
        <Key v="To je dost troufalá otázka, ale proč ne. Mohu vám něco říct o sobě, přeci jen už jste se ukázali, že jste hodni mé pozornosti." t="String" n="%X" />
      </Data>
      <Data n="20197719268067e">
        <Key v="3900,-2200" t="Vector2" n="!$P" />
        <Key v="20202866798502" t="String" n="$T" />
        <Key v="Omlouvám se madam, rozhodně jsem vás nechtěl jakkoliv urazit." t="String" n="%X" />
      </Data>
      <Data n="20197719843274e">
        <Key v="3900,-2400" t="Vector2" n="!$P" />
        <Key v="20202866798502" t="String" n="$T" />
        <Key v="Ehm, ok... už raděj mlčím." t="String" n="%X" />
      </Data>
      <Data n="20197741522690e">
        <Key v="4200,-3200" t="Vector2" n="!$P" />
        <Key v="20202866798502" t="String" n="$T" />
        <Key v="%M1" t="String" n="T" />
        <Key v="Výborně, už je to teda zařízené?" t="String" n="%X" />
      </Data>
      <Data n="20197719868042e">
        <Key v="4800,0" t="Vector2" n="!$P" />
        <Key v="20202866798502" t="String" n="$T" />
        <Key v="Tak jasně že nás to zajímá. O co jde?" t="String" n="%X" />
      </Data>
      <Data n="20197719868248e">
        <Key v="4800,-1800" t="Vector2" n="!$P" />
        <Key v="20202866798502" t="String" n="$T" />
        <Key v="To srmrdí, raděj nechcem nic vědět." t="String" n="%X" />
      </Data>
      <Data n="20197719287015e">
        <Key v="4350,-2000" t="Vector2" n="!$P" />
        <Key v="20202866798502" t="String" n="$T" />
        <Key v="%M1" t="String" n="T" />
        <Key v="Mé jméno je Laura Basi, pocházím z jedné nejmenované rodiny z Volantu. Cesta k Paní Noci nebyla jednoduchá. To jak jsem se jí stala není, ale žádné velké tajemství." t="String" n="%X" />
      </Data>
      <Data n="20197741533657e">
        <Key v="4800,-3600" t="Vector2" n="!$P" />
        <Key v="20202866798502" t="String" n="$T" />
        <Key v="Bohužel ještě ne, pracujeme na tom." t="String" n="%X" />
      </Data>
      <Data n="20197719883132e">
        <Key v="5400,0" t="Vector2" n="!$P" />
        <Key v="20202866798502" t="String" n="$T" />
        <Key v="%M1" t="String" n="T" />
        <Key v="No stal se mi takový ošklivý, skoro bych řekla zlý, nepěkná věc." t="String" n="%X" />
      </Data>
      <Data n="20197719876242e">
        <Key v="5400,-1800" t="Vector2" n="!$P" />
        <Key v="20202866798502" t="String" n="$T" />
        <Key v="%M1" t="String" n="T" />
        <Key v="Tak to se přiznám, že jsem nečekala... No dobrá." t="String" n="%X" />
      </Data>
      <Data n="20197719324180e">
        <Key v="4950,-2000" t="Vector2" n="!$P" />
        <Key v="20202866798502" t="String" n="$T" />
        <Key v="%M1" t="String" n="T" />
        <Key v="Prostě jsem ve správný čas znala ty správné informace a použila je tak, že mi v jeden moment přinesly víceméně dost peněz na to, abych kolem sebe mohla vytvořit skupinu &quot;schopných&quot; jedinců. Ti mě začali respektovat zejména kvůli mým znalostem a možnostem." t="String" n="%X" />
      </Data>
      <Data n="20197741537824e">
        <Key v="5400,-3600" t="Vector2" n="!$P" />
        <Key v="20202866798502" t="String" n="$T" />
        <Key v="%M1" t="String" n="T" />
        <Key v="Pro mistra stínů, tak proč teda otravujete. Dělejte to, čemu jste se zavázali a zmizte mi z očí!" t="String" n="%X" />
      </Data>
      <Data n="20197720071331e">
        <Key v="6000,0" t="Vector2" n="!$P" />
        <Key v="20202866798502" t="String" n="$T" />
        <Key v="%M1" t="String" n="T" />
        <Key v="Jednoho mého kolegu si vzali do hledáčku místní gardisti. A já bych potřebovala, abychom je svedli trochu jiným směrem." t="String" n="%X" />
      </Data>
      <Data n="20197719341102e">
        <Key v="5550,-2000" t="Vector2" n="!$P" />
        <Key v="20202866798502" t="String" n="$T" />
        <Key v="%M1" t="String" n="T" />
        <Key v="A tak se stalo přirozenou cestou, že jsem tyhlety kumpány začala vést. Říkat jim co je pro nás dobré a co špatné. Prostě stačí mít hlavu na svým místě a pár koleček dobře pohromadě, což ne všichni bohužel mají." t="String" n="%X" />
      </Data>
      <Data n="20197720352034e">
        <Key v="6600,0" t="Vector2" n="!$P" />
        <Key v="20202866798502" t="String" n="$T" />
        <Key v="%M1" t="String" n="T" />
        <Key v="Bude třeba dostat se na místní strážnici a tam tak nějak sebrat jednu složku a místo ní dát úplně jinou, kterou bych ti připravila. Tak co vy na to? Troufnete si?" t="String" n="%X" />
      </Data>
      <Data n="20197721060617e">
        <Key v="7200,0" t="Vector2" n="!$P" />
        <Key v="20202934699316" t="String" n="$T" />
        <Key v="Odměna?" t="String" n="%CX" />
      </Data>
      <Data n="20197720481164e">
        <Key v="7200,-1400" t="Vector2" n="!$P" />
        <Key v="20202934699316" t="String" n="$T" />
        <Key v="Vzít úkol" t="String" n="%CX" />
      </Data>
      <Data n="20197720481361e">
        <Key v="7200,-1600" t="Vector2" n="!$P" />
        <Key v="20202934699316" t="String" n="$T" />
        <Key v="Nebrat úkol" t="String" n="%CX" />
      </Data>
      <Data n="20197721060615e">
        <Key v="7650,0" t="Vector2" n="!$P" />
        <Key v="20202866798502" t="String" n="$T" />
        <Key v="No, jako ne, že by nás to nezaujalo, ale zajímalo by mě, co nám z toho kápne?" t="String" n="%X" />
      </Data>
      <Data n="20197720481163e">
        <Key v="7650,-1400" t="Vector2" n="!$P" />
        <Key v="20202866798502" t="String" n="$T" />
        <Key v="Jasný, ber to jako hotovou věc." t="String" n="%X" />
      </Data>
      <Data n="20197720481359e">
        <Key v="7650,-1600" t="Vector2" n="!$P" />
        <Key v="20202866798502" t="String" n="$T" />
        <Key v="Nene, s tím nechceme mít nic společného." t="String" n="%X" />
      </Data>
      <Data n="20197721070587e">
        <Key v="8250,0" t="Vector2" n="!$P" />
        <Key v="20202866798502" t="String" n="$T" />
        <Key v="%M1" t="String" n="T" />
        <Key v="Hehe&lt;smích&gt; Skoro by mě zklamalo, kdybyste se nezeptali. Dobrá tedy, pokud vše proběhne tak, že vás u toho nikdo nechytí a nevzbudíte žádné podezření, tak dostanete 80 stříbrých. Ovšem, pokud dojde k boji a vy budete muset někoho sejmout, bude to maximálně 40 stříbrňáků." t="String" n="%X" />
      </Data>
      <Data n="20197739274823e">
        <Key v="8850,0" t="Vector2" n="!$P" />
        <Key v="20206495856812" t="String" n="$T" />
        <Key v="Quest - Čisté ruce" t="String" n="!%Txt" />
      </Data>
      <Data n="20197739252550e">
        <Key v="9450,0" t="Vector2" n="!$P" />
        <Key v="_EGate" t="String" n="$T" />
        <Key v="G1" t="String" n="GT" />
        <Key v="1" t="Int32" n="T2" />
        <Key v="1" t="Decimal" n="Val" />
        <Key v="Ciste_ruce_odmena" t="String" n="Cnt" />
        <Key v="Oeg" t="String" n="O" />
      </Data>
      <Data n="20197739261025e">
        <Key v="9750,0" t="Vector2" n="!$P" />
        <Key v="20202934699316" t="String" n="$T" />
        <Key v="Vzít úkol" t="String" n="%CX" />
      </Data>
      <Data n="20197739491586e">
        <Key v="10200,0" t="Vector2" n="!$P" />
        <Key v="20206371455404" t="String" n="$T" />
        <Key v="CkQ" t="String" n="GT" />
        <Key v="Q20197739468658" t="String" n="Qs" />
      </Data>
      <Data n="20197738710812e">
        <Key v="9450,-200" t="Vector2" n="!$P" />
        <Key v="_EGate" t="String" n="$T" />
        <Key v="G4" t="String" n="GT" />
      </Data>
      <Data n="20197721092201e">
        <Key v="9750,-200" t="Vector2" n="!$P" />
        <Key v="20202934699316" t="String" n="$T" />
        <Key v="Smlouvat" t="String" n="%CX" />
        <Key v="RoT" t="String" n="Spc" />
        <Key v="L1" t="String" n="Lvl" />
      </Data>
      <Data n="20197721092868e">
        <Key v="9450,-1000" t="Vector2" n="!$P" />
        <Key v="20202934699316" t="String" n="$T" />
        <Key v="Vzít úkol" t="String" n="%CX" />
      </Data>
      <Data n="20197739488053e">
        <Key v="9900,-1000" t="Vector2" n="!$P" />
        <Key v="20206371455404" t="String" n="$T" />
        <Key v="CkQ" t="String" n="GT" />
        <Key v="Q20197739468658" t="String" n="Qs" />
      </Data>
      <Data n="20197739263793e">
        <Key v="10350,-1000" t="Vector2" n="!$P" />
        <Key v="_EFunc" t="String" n="$T" />
        <Key v="G1" t="String" n="GT" />
        <Key v="1" t="Int32" n="T2" />
        <Key v="1" t="Decimal" n="Val" />
        <Key v="Ciste_ruce_odmena" t="String" n="Cnt" />
        <Key v="Os" t="String" n="O" />
      </Data>
      <Data n="20197721099324e">
        <Key v="9450,-1200" t="Vector2" n="!$P" />
        <Key v="20202934699316" t="String" n="$T" />
        <Key v="Nebrat úkol" t="String" n="%CX" />
      </Data>
      <Data n="20197739261024e">
        <Key v="10650,0" t="Vector2" n="!$P" />
        <Key v="20202866798502" t="String" n="$T" />
        <Key v="Skvělé, jdeme do toho." t="String" n="%X" />
      </Data>
      <Data n="20197721092200e">
        <Key v="10200,-200" t="Vector2" n="!$P" />
        <Key v="20202866798502" t="String" n="$T" />
        <Key v="No je to zajímavý, ale taky dost nebezpečný, co trochu přidat na odměně? Aby to bylo o něco více zajímavý." t="String" n="%X" />
      </Data>
      <Data n="20197739297609e">
        <Key v="11250,0" t="Vector2" n="!$P" />
        <Key v="20202866798502" t="String" n="$T" />
        <Key v="%M1" t="String" n="T" />
        <Key v="Výborně, dejte mi vědět až bude vše hotovo." t="String" n="%X" />
      </Data>
      <Data n="20197738434748e">
        <Key v="10800,-200" t="Vector2" n="!$P" />
        <Key v="_EGate" t="String" n="$T" />
        <Key v="G1" t="String" n="GT" />
        <Key v="1" t="Int32" n="T2" />
        <Key v="3" t="Decimal" n="Val" />
        <Key v="XResult" t="String" n="Cnt" />
        <Key v="Oeg" t="String" n="O" />
      </Data>
      <Data n="20197739227305e">
        <Key v="11100,-200" t="Vector2" n="!$P" />
        <Key v="_EFunc" t="String" n="$T" />
        <Key v="G1" t="String" n="GT" />
        <Key v="1" t="Int32" n="T2" />
        <Key v="2" t="Decimal" n="Val" />
        <Key v="Ciste_ruce_odmena" t="String" n="Cnt" />
        <Key v="Os" t="String" n="O" />
      </Data>
      <Data n="20197738439642e">
        <Key v="10800,-400" t="Vector2" n="!$P" />
        <Key v="_EGate" t="String" n="$T" />
        <Key v="G1" t="String" n="GT" />
        <Key v="1" t="Int32" n="T2" />
        <Key v="2" t="Decimal" n="Val" />
        <Key v="XResult" t="String" n="Cnt" />
        <Key v="Oeg" t="String" n="O" />
      </Data>
      <Data n="20197739233184e">
        <Key v="11100,-400" t="Vector2" n="!$P" />
        <Key v="_EFunc" t="String" n="$T" />
        <Key v="G1" t="String" n="GT" />
        <Key v="1" t="Int32" n="T2" />
        <Key v="3" t="Decimal" n="Val" />
        <Key v="Ciste_ruce_odmena" t="String" n="Cnt" />
        <Key v="Os" t="String" n="O" />
      </Data>
      <Data n="20197738439958e">
        <Key v="10800,-600" t="Vector2" n="!$P" />
        <Key v="_EGate" t="String" n="$T" />
        <Key v="G1" t="String" n="GT" />
        <Key v="1" t="Int32" n="T2" />
        <Key v="1" t="Decimal" n="Val" />
        <Key v="XResult" t="String" n="Cnt" />
        <Key v="Oeg" t="String" n="O" />
      </Data>
      <Data n="20197739233478e">
        <Key v="11100,-600" t="Vector2" n="!$P" />
        <Key v="_EFunc" t="String" n="$T" />
        <Key v="G1" t="String" n="GT" />
        <Key v="1" t="Int32" n="T2" />
        <Key v="1" t="Decimal" n="Val" />
        <Key v="Ciste_ruce_odmena" t="String" n="Cnt" />
        <Key v="Os" t="String" n="O" />
      </Data>
      <Data n="20197738440229e">
        <Key v="10800,-800" t="Vector2" n="!$P" />
        <Key v="_EGate" t="String" n="$T" />
        <Key v="G1" t="String" n="GT" />
        <Key v="1" t="Int32" n="T2" />
        <Key v="0" t="Decimal" n="Val" />
        <Key v="XResult" t="String" n="Cnt" />
        <Key v="Oeg" t="String" n="O" />
      </Data>
      <Data n="20197739233751e">
        <Key v="11100,-800" t="Vector2" n="!$P" />
        <Key v="_EFunc" t="String" n="$T" />
        <Key v="G1" t="String" n="GT" />
        <Key v="1" t="Int32" n="T2" />
        <Key v="4" t="Decimal" n="Val" />
        <Key v="Ciste_ruce_odmena" t="String" n="Cnt" />
        <Key v="Os" t="String" n="O" />
      </Data>
      <Data n="20197738226142e">
        <Key v="11550,-200" t="Vector2" n="!$P" />
        <Key v="20202866798502" t="String" n="$T" />
        <Key v="%M1" t="String" n="T" />
        <Key v="Něco na tom bude, navýším to teda na celý jeden zlaťák. A odměnu za polovičatou práci dám na 50 stříbrných." t="String" n="%X" />
      </Data>
      <Data n="20197738226389e">
        <Key v="11550,-400" t="Vector2" n="!$P" />
        <Key v="20202866798502" t="String" n="$T" />
        <Key v="%M1" t="String" n="T" />
        <Key v="Dobrá tedy, když vše dopadne tak, že nevzbudíte žádné podezření, dostanete 1 zlaťák, ale pokud to dopadne jinak, bude to jen 20 stříbrných." t="String" n="%X" />
      </Data>
      <Data n="20197738226566e">
        <Key v="11550,-600" t="Vector2" n="!$P" />
        <Key v="20202866798502" t="String" n="$T" />
        <Key v="%M1" t="String" n="T" />
        <Key v="Kdepak, dohoda zní tak, jak jsem vám jí navrhla. Ber, nebo nech ležet..." t="String" n="%X" />
      </Data>
      <Data n="20197738226729e">
        <Key v="11550,-800" t="Vector2" n="!$P" />
        <Key v="20202866798502" t="String" n="$T" />
        <Key v="%M1" t="String" n="T" />
        <Key v="Jak se opovažujete zkoušet to na mě? Teď jste mě naštvali. Dostanete maximálně 50 stříbrných za tu drzost a pokud budou nějaké problémy, tak vůbec nevím, jestli vám něco dám!" t="String" n="%X" />
      </Data>
    </Data>
    <Data n="$Conns">
      <Data n="20197718724316c">
        <Key v="20197718724316e" t="String" n="$E" />
      </Data>
      <Data n="20197718779463c">
        <Key v="20197718779463e" t="String" n="$E" />
        <Key v="20197718724316e" t="String" n="$S" />
      </Data>
      <Data n="20197718834860c">
        <Key v="20197718834860e" t="String" n="$E" />
        <Key v="20197718779463e" t="String" n="$S" />
      </Data>
      <Data n="20197739494149c">
        <Key v="20197739494149e" t="String" n="$E" />
        <Key v="20197718834860e" t="String" n="$S" />
      </Data>
      <Data n="20197718844971c">
        <Key v="20197718844971e" t="String" n="$E" />
        <Key v="20197739494149e" t="String" n="$S" />
      </Data>
      <Data n="20197718839513c">
        <Key v="20197718839513e" t="String" n="$E" />
        <Key v="20197718834860e" t="String" n="$S" />
      </Data>
      <Data n="20197718839669c">
        <Key v="20197718839669e" t="String" n="$E" />
        <Key v="20197718834860e" t="String" n="$S" />
      </Data>
      <Data n="20197718846625c">
        <Key v="20197718846625e" t="String" n="$E" />
        <Key v="20197718834860e" t="String" n="$S" />
      </Data>
      <Data n="20197739512804c">
        <Key v="20197739512804e" t="String" n="$E" />
        <Key v="20197718834860e" t="String" n="$S" />
      </Data>
      <Data n="20197739517382c">
        <Key v="20197739517382e" t="String" n="$E" />
        <Key v="20197739512804e" t="String" n="$S" />
      </Data>
      <Data n="20197739503219c">
        <Key v="20197739503219e" t="String" n="$E" />
        <Key v="20197739517382e" t="String" n="$S" />
      </Data>
      <Data n="20197741492103c">
        <Key v="20197741492103e" t="String" n="$E" />
        <Key v="20197718834860e" t="String" n="$S" />
      </Data>
      <Data n="20197718844970c">
        <Key v="20197718844970e" t="String" n="$E" />
        <Key v="20197718844971e" t="String" n="$S" />
      </Data>
      <Data n="20197718839512c">
        <Key v="20197718839512e" t="String" n="$E" />
        <Key v="20197718839513e" t="String" n="$S" />
      </Data>
      <Data n="20197718839668c">
        <Key v="20197718839668e" t="String" n="$E" />
        <Key v="20197718839669e" t="String" n="$S" />
      </Data>
      <Data n="20197718846623c">
        <Key v="20197718846623e" t="String" n="$E" />
        <Key v="20197718846625e" t="String" n="$S" />
      </Data>
      <Data n="20197739503218c">
        <Key v="20197739503218e" t="String" n="$E" />
        <Key v="20197739503219e" t="String" n="$S" />
      </Data>
      <Data n="20197742255835c">
        <Key v="20197742255835e" t="String" n="$E" />
        <Key v="20197741492103e" t="String" n="$S" />
      </Data>
      <Data n="20197742259975c">
        <Key v="20197742259975e" t="String" n="$E" />
        <Key v="20197741492103e" t="String" n="$S" />
      </Data>
      <Data n="20197741505821c">
        <Key v="20197741505821e" t="String" n="$E" />
        <Key v="20197742259975e" t="String" n="$S" />
      </Data>
      <Data n="20197719856315c">
        <Key v="20197719856315e" t="String" n="$E" />
        <Key v="20197718844970e" t="String" n="$S" />
      </Data>
      <Data n="20197719079800c">
        <Key v="20197719079800e" t="String" n="$E" />
        <Key v="20197718839512e" t="String" n="$S" />
      </Data>
      <Data n="20197719079361c">
        <Key v="20197719079361e" t="String" n="$E" />
        <Key v="20197718839512e" t="String" n="$S" />
      </Data>
      <Data n="20197719834408c">
        <Key v="20197719834408e" t="String" n="$E" />
        <Key v="20197718839668e" t="String" n="$S" />
      </Data>
      <Data n="20206616256057c">
        <Key v="20197718834860e" t="String" n="$E" />
        <Key v="20197742255835e" t="String" n="$S" />
      </Data>
      <Data n="20197741505820c">
        <Key v="20197741505820e" t="String" n="$E" />
        <Key v="20197741505821e" t="String" n="$S" />
      </Data>
      <Data n="20197719868043c">
        <Key v="20197719868043e" t="String" n="$E" />
        <Key v="20197719856315e" t="String" n="$S" />
      </Data>
      <Data n="20197719868250c">
        <Key v="20197719868250e" t="String" n="$E" />
        <Key v="20197719856315e" t="String" n="$S" />
      </Data>
      <Data n="20197719079189c">
        <Key v="20197719079189e" t="String" n="$E" />
        <Key v="20197719079800e" t="String" n="$S" />
      </Data>
      <Data n="20197719268067c">
        <Key v="20197719268067e" t="String" n="$E" />
        <Key v="20197719079361e" t="String" n="$S" />
      </Data>
      <Data n="20197719843274c">
        <Key v="20197719843274e" t="String" n="$E" />
        <Key v="20197719834408e" t="String" n="$S" />
      </Data>
      <Data n="20197741522690c">
        <Key v="20197741522690e" t="String" n="$E" />
        <Key v="20197741505820e" t="String" n="$S" />
      </Data>
      <Data n="20197719868042c">
        <Key v="20197719868042e" t="String" n="$E" />
        <Key v="20197719868043e" t="String" n="$S" />
      </Data>
      <Data n="20197719868248c">
        <Key v="20197719868248e" t="String" n="$E" />
        <Key v="20197719868250e" t="String" n="$S" />
      </Data>
      <Data n="20197719287015c">
        <Key v="20197719287015e" t="String" n="$E" />
        <Key v="20197719079189e" t="String" n="$S" />
      </Data>
      <Data n="20206616256069c">
        <Key v="20197718834860e" t="String" n="$E" />
        <Key v="20197719268067e" t="String" n="$S" />
      </Data>
      <Data n="20206616256070c">
        <Key v="20197718834860e" t="String" n="$E" />
        <Key v="20197719843274e" t="String" n="$S" />
      </Data>
      <Data n="20197741533657c">
        <Key v="20197741533657e" t="String" n="$E" />
        <Key v="20197741522690e" t="String" n="$S" />
      </Data>
      <Data n="20197719883132c">
        <Key v="20197719883132e" t="String" n="$E" />
        <Key v="20197719868042e" t="String" n="$S" />
      </Data>
      <Data n="20197719876242c">
        <Key v="20197719876242e" t="String" n="$E" />
        <Key v="20197719868248e" t="String" n="$S" />
      </Data>
      <Data n="20197719324180c">
        <Key v="20197719324180e" t="String" n="$E" />
        <Key v="20197719287015e" t="String" n="$S" />
      </Data>
      <Data n="20197741537824c">
        <Key v="20197741537824e" t="String" n="$E" />
        <Key v="20197741533657e" t="String" n="$S" />
      </Data>
      <Data n="20197720071331c">
        <Key v="20197720071331e" t="String" n="$E" />
        <Key v="20197719883132e" t="String" n="$S" />
      </Data>
      <Data n="20206616256077c">
        <Key v="20197718834860e" t="String" n="$E" />
        <Key v="20197719876242e" t="String" n="$S" />
      </Data>
      <Data n="20197719341102c">
        <Key v="20197719341102e" t="String" n="$E" />
        <Key v="20197719324180e" t="String" n="$S" />
      </Data>
      <Data n="20197720352034c">
        <Key v="20197720352034e" t="String" n="$E" />
        <Key v="20197720071331e" t="String" n="$S" />
      </Data>
      <Data n="20206616256080c">
        <Key v="20197718834860e" t="String" n="$E" />
        <Key v="20197719341102e" t="String" n="$S" />
      </Data>
      <Data n="20197721060617c">
        <Key v="20197721060617e" t="String" n="$E" />
        <Key v="20197720352034e" t="String" n="$S" />
      </Data>
      <Data n="20197720481164c">
        <Key v="20197720481164e" t="String" n="$E" />
        <Key v="20197720352034e" t="String" n="$S" />
      </Data>
      <Data n="20197720481361c">
        <Key v="20197720481361e" t="String" n="$E" />
        <Key v="20197720352034e" t="String" n="$S" />
      </Data>
      <Data n="20197721060615c">
        <Key v="20197721060615e" t="String" n="$E" />
        <Key v="20197721060617e" t="String" n="$S" />
      </Data>
      <Data n="20197720481163c">
        <Key v="20197720481163e" t="String" n="$E" />
        <Key v="20197720481164e" t="String" n="$S" />
      </Data>
      <Data n="20197720481359c">
        <Key v="20197720481359e" t="String" n="$E" />
        <Key v="20197720481361e" t="String" n="$S" />
      </Data>
      <Data n="20197721070587c">
        <Key v="20197721070587e" t="String" n="$E" />
        <Key v="20197721060615e" t="String" n="$S" />
      </Data>
      <Data n="20197739274823c">
        <Key v="20197739274823e" t="String" n="$E" />
        <Key v="20197721070587e" t="String" n="$S" />
      </Data>
      <Data n="20197739252550c">
        <Key v="20197739252550e" t="String" n="$E" />
        <Key v="20197739274823e" t="String" n="$S" />
      </Data>
      <Data n="20197739261025c">
        <Key v="20197739261025e" t="String" n="$E" />
        <Key v="20197739252550e" t="String" n="$S" />
      </Data>
      <Data n="20197739491586c">
        <Key v="20197739491586e" t="String" n="$E" />
        <Key v="20197739261025e" t="String" n="$S" />
      </Data>
      <Data n="20197738710812c">
        <Key v="20197738710812e" t="String" n="$E" />
        <Key v="20197739274823e" t="String" n="$S" />
      </Data>
      <Data n="20197721092201c">
        <Key v="20197721092201e" t="String" n="$E" />
        <Key v="20197738710812e" t="String" n="$S" />
      </Data>
      <Data n="20197721092868c">
        <Key v="20197721092868e" t="String" n="$E" />
        <Key v="20197739274823e" t="String" n="$S" />
      </Data>
      <Data n="20197739488053c">
        <Key v="20197739488053e" t="String" n="$E" />
        <Key v="20197721092868e" t="String" n="$S" />
      </Data>
      <Data n="20197739263793c">
        <Key v="20197739263793e" t="String" n="$E" />
        <Key v="20197739488053e" t="String" n="$S" />
      </Data>
      <Data n="20197721099324c">
        <Key v="20197721099324e" t="String" n="$E" />
        <Key v="20197739274823e" t="String" n="$S" />
      </Data>
      <Data n="20197739261024c">
        <Key v="20197739261024e" t="String" n="$E" />
        <Key v="20197739491586e" t="String" n="$S" />
      </Data>
      <Data n="20197721092200c">
        <Key v="20197721092200e" t="String" n="$E" />
        <Key v="20197721092201e" t="String" n="$S" />
      </Data>
      <Data n="20206616256100c">
        <Key v="20197720481163e" t="String" n="$E" />
        <Key v="20197739263793e" t="String" n="$S" />
      </Data>
      <Data n="20206616256101c">
        <Key v="20197720481359e" t="String" n="$E" />
        <Key v="20197721099324e" t="String" n="$S" />
      </Data>
      <Data n="20197739297609c">
        <Key v="20197739297609e" t="String" n="$E" />
        <Key v="20197739261024e" t="String" n="$S" />
      </Data>
      <Data n="20197738434748c">
        <Key v="20197738434748e" t="String" n="$E" />
        <Key v="20197721092200e" t="String" n="$S" />
      </Data>
      <Data n="20197739227305c">
        <Key v="20197739227305e" t="String" n="$E" />
        <Key v="20197738434748e" t="String" n="$S" />
      </Data>
      <Data n="20197738439642c">
        <Key v="20197738439642e" t="String" n="$E" />
        <Key v="20197721092200e" t="String" n="$S" />
      </Data>
      <Data n="20197739233184c">
        <Key v="20197739233184e" t="String" n="$E" />
        <Key v="20197738439642e" t="String" n="$S" />
      </Data>
      <Data n="20197738439958c">
        <Key v="20197738439958e" t="String" n="$E" />
        <Key v="20197721092200e" t="String" n="$S" />
      </Data>
      <Data n="20197739233478c">
        <Key v="20197739233478e" t="String" n="$E" />
        <Key v="20197738439958e" t="String" n="$S" />
      </Data>
      <Data n="20197738440229c">
        <Key v="20197738440229e" t="String" n="$E" />
        <Key v="20197721092200e" t="String" n="$S" />
      </Data>
      <Data n="20197739233751c">
        <Key v="20197739233751e" t="String" n="$E" />
        <Key v="20197738440229e" t="String" n="$S" />
      </Data>
      <Data n="20206616256112c">
        <Key v="20197718834860e" t="String" n="$E" />
        <Key v="20197739297609e" t="String" n="$S" />
      </Data>
      <Data n="20197738226142c">
        <Key v="20197738226142e" t="String" n="$E" />
        <Key v="20197739227305e" t="String" n="$S" />
      </Data>
      <Data n="20197738226389c">
        <Key v="20197738226389e" t="String" n="$E" />
        <Key v="20197739233184e" t="String" n="$S" />
      </Data>
      <Data n="20197738226566c">
        <Key v="20197738226566e" t="String" n="$E" />
        <Key v="20197739233478e" t="String" n="$S" />
      </Data>
      <Data n="20197738226729c">
        <Key v="20197738226729e" t="String" n="$E" />
        <Key v="20197739233751e" t="String" n="$S" />
      </Data>
      <Data n="20206616256117c">
        <Key v="20197739274823e" t="String" n="$E" />
        <Key v="20197738226142e" t="String" n="$S" />
      </Data>
      <Data n="20206616256118c">
        <Key v="20197739274823e" t="String" n="$E" />
        <Key v="20197738226389e" t="String" n="$S" />
      </Data>
      <Data n="20206616256119c">
        <Key v="20197739274823e" t="String" n="$E" />
        <Key v="20197738226566e" t="String" n="$S" />
      </Data>
      <Data n="20206616256120c">
        <Key v="20197739274823e" t="String" n="$E" />
        <Key v="20197738226729e" t="String" n="$S" />
      </Data>
    </Data>
  </Data>
</DataRoot>