﻿<?xml version="1.0" encoding="utf-8"?>
<DataRoot n="D">
  <Data n="20178317150340">
    <Data n="$Elems">
      <Data n="20178415317529e">
        <Key v="450,0" t="Vector2" n="!$P" />
        <Key v="_EGate" t="String" n="$T" />
        <Key v="G1" t="String" n="GT" />
        <Key v="1" t="Int32" n="T2" />
        <Key v="-10" t="Decimal" n="Val" />
        <Key v="Spravedlivy_muz" t="String" n="Cnt" />
        <Key v="Oel" t="String" n="O" />
      </Data>
      <Data n="20178415311737e">
        <Key v="450,-200" t="Vector2" n="!$P" />
        <Key v="_EGate" t="String" n="$T" />
        <Key v="G1" t="String" n="GT" />
        <Key v="1" t="Int32" n="T2" />
        <Key v="-9" t="Decimal" n="Val" />
        <Key v="Spravedlivy_muz" t="String" n="Cnt" />
        <Key v="Oeg" t="String" n="O" />
      </Data>
      <Data n="20178606499838e">
        <Key v="750,-200" t="Vector2" n="!$P" />
        <Key v="_EGate" t="String" n="$T" />
        <Key v="G1" t="String" n="GT" />
        <Key v="1" t="Int32" n="T2" />
        <Key v="20" t="Decimal" n="Val" />
        <Key v="Spravedlivy_muz" t="String" n="Cnt" />
        <Key v="Oel" t="String" n="O" />
      </Data>
      <Data n="20178606623024e">
        <Key v="1050,-200" t="Vector2" n="!$P" />
        <Key v="_EGate" t="String" n="$T" />
        <Key v="G0" t="String" n="GT" />
        <Key v="Condra_bedny_namesti_spravedlivy_muz_pristup" t="String" n="Var" />
      </Data>
      <Data n="20178606525255e">
        <Key v="450,-3400" t="Vector2" n="!$P" />
        <Key v="_EGate" t="String" n="$T" />
        <Key v="G1" t="String" n="GT" />
        <Key v="1" t="Int32" n="T2" />
        <Key v="20" t="Decimal" n="Val" />
        <Key v="Spravedlivy_muz" t="String" n="Cnt" />
        <Key v="Oeg" t="String" n="O" />
      </Data>
      <Data n="20178606632357e">
        <Key v="450,-3600" t="Vector2" n="!$P" />
        <Key v="_EGate" t="String" n="$T" />
        <Key v="G0" t="String" n="GT" />
        <Key v="1" t="Int32" n="Ex" />
        <Key v="Condra_bedny_namesti_spravedlivy_muz_pristup" t="String" n="Var" />
      </Data>
      <Data n="20178415311299e">
        <Key v="900,0" t="Vector2" n="!$P" />
        <Key v="20202866798502" t="String" n="$T" />
        <Key v="%M1" t="String" n="T" />
        <Key v="To jsou oni, na ně!" t="String" n="%X" />
      </Data>
      <Data n="20178415239160e">
        <Key v="1500,-200" t="Vector2" n="!$P" />
        <Key v="20202866798502" t="String" n="$T" />
        <Key v="%M1" t="String" n="T" />
        <Key v="Hej, kam si myslíš, že jdeš?" t="String" n="%X" />
      </Data>
      <Data n="20178606523133e">
        <Key v="900,-3400" t="Vector2" n="!$P" />
        <Key v="20202866798502" t="String" n="$T" />
        <Key v="%M1" t="String" n="T" />
        <Key v="Jo to jste vy, tak to jo." t="String" n="%X" />
      </Data>
      <Data n="20178415253488e">
        <Key v="2100,-200" t="Vector2" n="!$P" />
        <Key v="20206495856812" t="String" n="$T" />
        <Key v="Možnosti_01" t="String" n="!%Txt" />
      </Data>
      <Data n="20178415857208e">
        <Key v="2700,-200" t="Vector2" n="!$P" />
        <Key v="_EGate" t="String" n="$T" />
        <Key v="G4" t="String" n="GT" />
      </Data>
      <Data n="20178415253489e">
        <Key v="3000,-200" t="Vector2" n="!$P" />
        <Key v="20202934699316" t="String" n="$T" />
        <Key v="Procházka" t="String" n="%CX" />
      </Data>
      <Data n="20178415262563e">
        <Key v="2700,-400" t="Vector2" n="!$P" />
        <Key v="20202934699316" t="String" n="$T" />
        <Key v="Zájem o bedny" t="String" n="%CX" />
      </Data>
      <Data n="20178415847642e">
        <Key v="2700,-3200" t="Vector2" n="!$P" />
        <Key v="20202934699316" t="String" n="$T" />
        <Key v="Odejít" t="String" n="%CX" />
        <Key v="MrE" t="String" n="Spc" />
      </Data>
      <Data n="20186515616519e">
        <Key v="3150,-3200" t="Vector2" n="!$P" />
        <Key v="20206371455404" t="String" n="$T" />
        <Key v="CkE" t="String" n="GT" />
        <Key v="SaS" t="String" n="T" />
        <Key v="E20186515527324" t="String" n="Ev" />
      </Data>
      <Data n="20178415259668e">
        <Key v="3450,-200" t="Vector2" n="!$P" />
        <Key v="20202866798502" t="String" n="$T" />
        <Key v="Jen se tady procházím" t="String" n="%X" />
      </Data>
      <Data n="20178415262564e">
        <Key v="3150,-400" t="Vector2" n="!$P" />
        <Key v="20202866798502" t="String" n="$T" />
        <Key v="Rád bych kouknul na ty bedny, co máš za sebou." t="String" n="%X" />
      </Data>
      <Data n="20178415847643e">
        <Key v="3600,-3200" t="Vector2" n="!$P" />
        <Key v="20202866798502" t="String" n="$T" />
        <Key v="Nechtěl jsem překážet. Už mizím" t="String" n="%X" />
      </Data>
      <Data n="20178415806324e">
        <Key v="4050,-200" t="Vector2" n="!$P" />
        <Key v="20202866798502" t="String" n="$T" />
        <Key v="%M1" t="String" n="T" />
        <Key v="Tak se koukej procházet někde jinde..." t="String" n="%X" />
      </Data>
      <Data n="20178415813601e">
        <Key v="3750,-400" t="Vector2" n="!$P" />
        <Key v="20202866798502" t="String" n="$T" />
        <Key v="%M1" t="String" n="T" />
        <Key v="To jsou bedny spravedllivého muže, ty nejsou jen tak pro každého." t="String" n="%X" />
      </Data>
      <Data n="20178415819243e">
        <Key v="4350,-400" t="Vector2" n="!$P" />
        <Key v="20206495856812" t="String" n="$T" />
        <Key v="Možnosti_02" t="String" n="!%Txt" />
      </Data>
      <Data n="20178606636144e">
        <Key v="4950,-400" t="Vector2" n="!$P" />
        <Key v="20202934699316" t="String" n="$T" />
        <Key v="Bezeslova zaútočit" t="String" n="%CX" />
        <Key v="MrA" t="String" n="Spc" />
      </Data>
      <Data n="20178606648421e">
        <Key v="5400,-400" t="Vector2" n="!$P" />
        <Key v="_EFunc" t="String" n="$T" />
        <Key v="G1" t="String" n="GT" />
        <Key v="1" t="Int32" n="T2" />
        <Key v="-5" t="Decimal" n="Val" />
        <Key v="Spravedlivy_muz" t="String" n="Cnt" />
        <Key v="O+" t="String" n="O" />
      </Data>
      <Data n="20178606553537e">
        <Key v="4950,-600" t="Vector2" n="!$P" />
        <Key v="_EGate" t="String" n="$T" />
        <Key v="G4" t="String" n="GT" />
      </Data>
      <Data n="20178606736794e">
        <Key v="5250,-600" t="Vector2" n="!$P" />
        <Key v="20206352251934" t="String" n="$T" />
        <Key v="CkI" t="String" n="GT" />
        <Key v="SkH" t="String" n="T" />
        <Key v="I20157375210590" t="String" n="It" />
        <Key v="5" t="String" n="C" />
      </Data>
      <Data n="20178606511790e">
        <Key v="5700,-600" t="Vector2" n="!$P" />
        <Key v="20202934699316" t="String" n="$T" />
        <Key v="Podplatit (5 st)" t="String" n="%CX" />
        <Key v="RoT" t="String" n="Spc" />
        <Key v="L2" t="String" n="Lvl" />
      </Data>
      <Data n="20178606734801e">
        <Key v="6150,-600" t="Vector2" n="!$P" />
        <Key v="20206371455404" t="String" n="$T" />
        <Key v="CkI" t="String" n="GT" />
        <Key v="SaT" t="String" n="T" />
        <Key v="I20157375210590" t="String" n="It" />
        <Key v="5" t="String" n="C" />
      </Data>
      <Data n="20178606551602e">
        <Key v="4950,-1400" t="Vector2" n="!$P" />
        <Key v="_EGate" t="String" n="$T" />
        <Key v="G4" t="String" n="GT" />
      </Data>
      <Data n="20178606511999e">
        <Key v="5250,-1400" t="Vector2" n="!$P" />
        <Key v="20202934699316" t="String" n="$T" />
        <Key v="Přemlouvat" t="String" n="%CX" />
        <Key v="RoP" t="String" n="Spc" />
        <Key v="L3" t="String" n="Lvl" />
      </Data>
      <Data n="20178606553158e">
        <Key v="4950,-2200" t="Vector2" n="!$P" />
        <Key v="_EGate" t="String" n="$T" />
        <Key v="G4" t="String" n="GT" />
      </Data>
      <Data n="20178606512224e">
        <Key v="5250,-2200" t="Vector2" n="!$P" />
        <Key v="20202934699316" t="String" n="$T" />
        <Key v="Vyhrožovat" t="String" n="%CX" />
        <Key v="RoI" t="String" n="Spc" />
        <Key v="L2" t="String" n="Lvl" />
      </Data>
      <Data n="20178606515831e">
        <Key v="4950,-3000" t="Vector2" n="!$P" />
        <Key v="20202934699316" t="String" n="$T" />
        <Key v="Odejít" t="String" n="%CX" />
        <Key v="MrE" t="String" n="Spc" />
      </Data>
      <Data n="20186515573787e">
        <Key v="5400,-3000" t="Vector2" n="!$P" />
        <Key v="20206371455404" t="String" n="$T" />
        <Key v="CkE" t="String" n="GT" />
        <Key v="SaS" t="String" n="T" />
        <Key v="E20186515527324" t="String" n="Ev" />
      </Data>
      <Data n="20178606636145e">
        <Key v="5850,-400" t="Vector2" n="!$P" />
        <Key v="20202866798502" t="String" n="$T" />
      </Data>
      <Data n="20178606511791e">
        <Key v="6600,-600" t="Vector2" n="!$P" />
        <Key v="20202866798502" t="String" n="$T" />
      </Data>
      <Data n="20178606511998e">
        <Key v="5700,-1400" t="Vector2" n="!$P" />
        <Key v="20202866798502" t="String" n="$T" />
      </Data>
      <Data n="20178606512225e">
        <Key v="5700,-2200" t="Vector2" n="!$P" />
        <Key v="20202866798502" t="String" n="$T" />
      </Data>
      <Data n="20178606580009e">
        <Key v="7200,-600" t="Vector2" n="!$P" />
        <Key v="_EGate" t="String" n="$T" />
        <Key v="G1" t="String" n="GT" />
        <Key v="1" t="Int32" n="T2" />
        <Key v="3" t="Decimal" n="Val" />
        <Key v="XResult" t="String" n="Cnt" />
        <Key v="Oeg" t="String" n="O" />
      </Data>
      <Data n="20178606613900e">
        <Key v="7500,-600" t="Vector2" n="!$P" />
        <Key v="_EFunc" t="String" n="$T" />
        <Key v="G0" t="String" n="GT" />
        <Key v="Condra_bedny_namesti_spravedlivy_muz_pristup" t="String" n="Var" />
      </Data>
      <Data n="20178608104720e">
        <Key v="7800,-600" t="Vector2" n="!$P" />
        <Key v="_EFunc" t="String" n="$T" />
        <Key v="G1" t="String" n="GT" />
        <Key v="1" t="Int32" n="T2" />
        <Key v="1" t="Decimal" n="Val" />
        <Key v="Spravedlivy_muz" t="String" n="Cnt" />
        <Key v="O+" t="String" n="O" />
      </Data>
      <Data n="20178606580873e">
        <Key v="7200,-800" t="Vector2" n="!$P" />
        <Key v="_EGate" t="String" n="$T" />
        <Key v="G1" t="String" n="GT" />
        <Key v="1" t="Int32" n="T2" />
        <Key v="2" t="Decimal" n="Val" />
        <Key v="XResult" t="String" n="Cnt" />
        <Key v="Oeg" t="String" n="O" />
      </Data>
      <Data n="20178606620193e">
        <Key v="7500,-800" t="Vector2" n="!$P" />
        <Key v="_EFunc" t="String" n="$T" />
        <Key v="G0" t="String" n="GT" />
        <Key v="Condra_bedny_namesti_spravedlivy_muz_pristup" t="String" n="Var" />
      </Data>
      <Data n="20178606581198e">
        <Key v="7200,-1000" t="Vector2" n="!$P" />
        <Key v="_EGate" t="String" n="$T" />
        <Key v="G1" t="String" n="GT" />
        <Key v="1" t="Int32" n="T2" />
        <Key v="1" t="Decimal" n="Val" />
        <Key v="XResult" t="String" n="Cnt" />
        <Key v="Oeg" t="String" n="O" />
      </Data>
      <Data n="20178608005771e">
        <Key v="7500,-1000" t="Vector2" n="!$P" />
        <Key v="20206371455404" t="String" n="$T" />
        <Key v="CkI" t="String" n="GT" />
        <Key v="SaA" t="String" n="T" />
        <Key v="I20157375210590" t="String" n="It" />
        <Key v="5" t="String" n="C" />
      </Data>
      <Data n="20178606581502e">
        <Key v="7200,-1200" t="Vector2" n="!$P" />
        <Key v="_EGate" t="String" n="$T" />
        <Key v="G1" t="String" n="GT" />
        <Key v="1" t="Int32" n="T2" />
        <Key v="0" t="Decimal" n="Val" />
        <Key v="XResult" t="String" n="Cnt" />
        <Key v="Oeg" t="String" n="O" />
      </Data>
      <Data n="20178606575839e">
        <Key v="6300,-1400" t="Vector2" n="!$P" />
        <Key v="_EGate" t="String" n="$T" />
        <Key v="G1" t="String" n="GT" />
        <Key v="1" t="Int32" n="T2" />
        <Key v="3" t="Decimal" n="Val" />
        <Key v="XResult" t="String" n="Cnt" />
        <Key v="Oeg" t="String" n="O" />
      </Data>
      <Data n="20178606620781e">
        <Key v="6600,-1400" t="Vector2" n="!$P" />
        <Key v="_EFunc" t="String" n="$T" />
        <Key v="G0" t="String" n="GT" />
        <Key v="Condra_bedny_namesti_spravedlivy_muz_pristup" t="String" n="Var" />
      </Data>
      <Data n="20178608112514e">
        <Key v="6900,-1400" t="Vector2" n="!$P" />
        <Key v="_EFunc" t="String" n="$T" />
        <Key v="G1" t="String" n="GT" />
        <Key v="1" t="Int32" n="T2" />
        <Key v="1" t="Decimal" n="Val" />
        <Key v="Spravedlivy_muz" t="String" n="Cnt" />
        <Key v="O+" t="String" n="O" />
      </Data>
      <Data n="20178606583929e">
        <Key v="6300,-1600" t="Vector2" n="!$P" />
        <Key v="_EGate" t="String" n="$T" />
        <Key v="G1" t="String" n="GT" />
        <Key v="1" t="Int32" n="T2" />
        <Key v="2" t="Decimal" n="Val" />
        <Key v="XResult" t="String" n="Cnt" />
        <Key v="Oeg" t="String" n="O" />
      </Data>
      <Data n="20178606621115e">
        <Key v="6600,-1600" t="Vector2" n="!$P" />
        <Key v="_EFunc" t="String" n="$T" />
        <Key v="G0" t="String" n="GT" />
        <Key v="Condra_bedny_namesti_spravedlivy_muz_pristup" t="String" n="Var" />
      </Data>
      <Data n="20178606584876e">
        <Key v="6300,-1800" t="Vector2" n="!$P" />
        <Key v="_EGate" t="String" n="$T" />
        <Key v="G1" t="String" n="GT" />
        <Key v="1" t="Int32" n="T2" />
        <Key v="1" t="Decimal" n="Val" />
        <Key v="XResult" t="String" n="Cnt" />
        <Key v="Oeg" t="String" n="O" />
      </Data>
      <Data n="20178606585822e">
        <Key v="6300,-2000" t="Vector2" n="!$P" />
        <Key v="_EGate" t="String" n="$T" />
        <Key v="G1" t="String" n="GT" />
        <Key v="1" t="Int32" n="T2" />
        <Key v="0" t="Decimal" n="Val" />
        <Key v="XResult" t="String" n="Cnt" />
        <Key v="Oeg" t="String" n="O" />
      </Data>
      <Data n="20178606653366e">
        <Key v="6600,-2000" t="Vector2" n="!$P" />
        <Key v="_EFunc" t="String" n="$T" />
        <Key v="G1" t="String" n="GT" />
        <Key v="1" t="Int32" n="T2" />
        <Key v="-1" t="Decimal" n="Val" />
        <Key v="Spravedlivy_muz" t="String" n="Cnt" />
        <Key v="O+" t="String" n="O" />
      </Data>
      <Data n="20178606580410e">
        <Key v="6300,-2200" t="Vector2" n="!$P" />
        <Key v="_EGate" t="String" n="$T" />
        <Key v="G1" t="String" n="GT" />
        <Key v="1" t="Int32" n="T2" />
        <Key v="3" t="Decimal" n="Val" />
        <Key v="XResult" t="String" n="Cnt" />
        <Key v="Oeg" t="String" n="O" />
      </Data>
      <Data n="20178606621740e">
        <Key v="6600,-2200" t="Vector2" n="!$P" />
        <Key v="_EFunc" t="String" n="$T" />
        <Key v="G0" t="String" n="GT" />
        <Key v="Condra_bedny_namesti_spravedlivy_muz_pristup" t="String" n="Var" />
      </Data>
      <Data n="20178608119583e">
        <Key v="6900,-2200" t="Vector2" n="!$P" />
        <Key v="_EFunc" t="String" n="$T" />
        <Key v="G1" t="String" n="GT" />
        <Key v="1" t="Int32" n="T2" />
        <Key v="1" t="Decimal" n="Val" />
        <Key v="Spravedlivy_muz" t="String" n="Cnt" />
        <Key v="O+" t="String" n="O" />
      </Data>
      <Data n="20178606584346e">
        <Key v="6300,-2400" t="Vector2" n="!$P" />
        <Key v="_EGate" t="String" n="$T" />
        <Key v="G1" t="String" n="GT" />
        <Key v="1" t="Int32" n="T2" />
        <Key v="2" t="Decimal" n="Val" />
        <Key v="XResult" t="String" n="Cnt" />
        <Key v="Oeg" t="String" n="O" />
      </Data>
      <Data n="20178606622040e">
        <Key v="6600,-2400" t="Vector2" n="!$P" />
        <Key v="_EFunc" t="String" n="$T" />
        <Key v="G0" t="String" n="GT" />
        <Key v="Condra_bedny_namesti_spravedlivy_muz_pristup" t="String" n="Var" />
      </Data>
      <Data n="20178606585360e">
        <Key v="6300,-2600" t="Vector2" n="!$P" />
        <Key v="_EGate" t="String" n="$T" />
        <Key v="G1" t="String" n="GT" />
        <Key v="1" t="Int32" n="T2" />
        <Key v="1" t="Decimal" n="Val" />
        <Key v="XResult" t="String" n="Cnt" />
        <Key v="Oeg" t="String" n="O" />
      </Data>
      <Data n="20178606586615e">
        <Key v="6300,-2800" t="Vector2" n="!$P" />
        <Key v="_EGate" t="String" n="$T" />
        <Key v="G1" t="String" n="GT" />
        <Key v="1" t="Int32" n="T2" />
        <Key v="0" t="Decimal" n="Val" />
        <Key v="XResult" t="String" n="Cnt" />
        <Key v="Oeg" t="String" n="O" />
      </Data>
      <Data n="20178606652312e">
        <Key v="6600,-2800" t="Vector2" n="!$P" />
        <Key v="_EFunc" t="String" n="$T" />
        <Key v="G1" t="String" n="GT" />
        <Key v="1" t="Int32" n="T2" />
        <Key v="-5" t="Decimal" n="Val" />
        <Key v="Spravedlivy_muz" t="String" n="Cnt" />
        <Key v="O+" t="String" n="O" />
      </Data>
      <Data n="20178606542465e">
        <Key v="8250,-600" t="Vector2" n="!$P" />
        <Key v="20202866798502" t="String" n="$T" />
        <Key v="%M1" t="String" n="T" />
      </Data>
      <Data n="20178606542645e">
        <Key v="7950,-800" t="Vector2" n="!$P" />
        <Key v="20202866798502" t="String" n="$T" />
        <Key v="%M1" t="String" n="T" />
      </Data>
      <Data n="20178606542812e">
        <Key v="7950,-1000" t="Vector2" n="!$P" />
        <Key v="20202866798502" t="String" n="$T" />
        <Key v="%M1" t="String" n="T" />
      </Data>
      <Data n="20178606543003e">
        <Key v="7650,-1200" t="Vector2" n="!$P" />
        <Key v="20202866798502" t="String" n="$T" />
        <Key v="%M1" t="String" n="T" />
      </Data>
      <Data n="20178606543600e">
        <Key v="7350,-1400" t="Vector2" n="!$P" />
        <Key v="20202866798502" t="String" n="$T" />
        <Key v="%M1" t="String" n="T" />
      </Data>
      <Data n="20178606543783e">
        <Key v="7050,-1600" t="Vector2" n="!$P" />
        <Key v="20202866798502" t="String" n="$T" />
        <Key v="%M1" t="String" n="T" />
      </Data>
      <Data n="20178606543954e">
        <Key v="6750,-1800" t="Vector2" n="!$P" />
        <Key v="20202866798502" t="String" n="$T" />
        <Key v="%M1" t="String" n="T" />
      </Data>
      <Data n="20178606544138e">
        <Key v="7050,-2000" t="Vector2" n="!$P" />
        <Key v="20202866798502" t="String" n="$T" />
        <Key v="%M1" t="String" n="T" />
      </Data>
      <Data n="20178606544784e">
        <Key v="7350,-2200" t="Vector2" n="!$P" />
        <Key v="20202866798502" t="String" n="$T" />
        <Key v="%M1" t="String" n="T" />
      </Data>
      <Data n="20178606544968e">
        <Key v="7050,-2400" t="Vector2" n="!$P" />
        <Key v="20202866798502" t="String" n="$T" />
        <Key v="%M1" t="String" n="T" />
      </Data>
      <Data n="20178606545134e">
        <Key v="6750,-2600" t="Vector2" n="!$P" />
        <Key v="20202866798502" t="String" n="$T" />
        <Key v="%M1" t="String" n="T" />
      </Data>
      <Data n="20178606545343e">
        <Key v="7050,-2800" t="Vector2" n="!$P" />
        <Key v="20202866798502" t="String" n="$T" />
        <Key v="%M1" t="String" n="T" />
        <Key v="BOJ" t="String" n="%X" />
      </Data>
    </Data>
    <Data n="$Conns">
      <Data n="20178415317529c">
        <Key v="20178415317529e" t="String" n="$E" />
      </Data>
      <Data n="20178415311737c">
        <Key v="20178415311737e" t="String" n="$E" />
      </Data>
      <Data n="20178606499838c">
        <Key v="20178606499838e" t="String" n="$E" />
        <Key v="20178415311737e" t="String" n="$S" />
      </Data>
      <Data n="20178606623024c">
        <Key v="20178606623024e" t="String" n="$E" />
        <Key v="20178606499838e" t="String" n="$S" />
      </Data>
      <Data n="20178606525255c">
        <Key v="20178606525255e" t="String" n="$E" />
      </Data>
      <Data n="20178606632357c">
        <Key v="20178606632357e" t="String" n="$E" />
      </Data>
      <Data n="20178415311299c">
        <Key v="20178415311299e" t="String" n="$E" />
        <Key v="20178415317529e" t="String" n="$S" />
      </Data>
      <Data n="20178415239160c">
        <Key v="20178415239160e" t="String" n="$E" />
        <Key v="20178606623024e" t="String" n="$S" />
      </Data>
      <Data n="20178606523133c">
        <Key v="20178606523133e" t="String" n="$E" />
        <Key v="20178606525255e" t="String" n="$S" />
      </Data>
      <Data n="20206616255961c">
        <Key v="20178606523133e" t="String" n="$E" />
        <Key v="20178606632357e" t="String" n="$S" />
      </Data>
      <Data n="20178415253488c">
        <Key v="20178415253488e" t="String" n="$E" />
        <Key v="20178415239160e" t="String" n="$S" />
      </Data>
      <Data n="20178415857208c">
        <Key v="20178415857208e" t="String" n="$E" />
        <Key v="20178415253488e" t="String" n="$S" />
      </Data>
      <Data n="20178415253489c">
        <Key v="20178415253489e" t="String" n="$E" />
        <Key v="20178415857208e" t="String" n="$S" />
      </Data>
      <Data n="20178415262563c">
        <Key v="20178415262563e" t="String" n="$E" />
        <Key v="20178415253488e" t="String" n="$S" />
      </Data>
      <Data n="20178415847642c">
        <Key v="20178415847642e" t="String" n="$E" />
        <Key v="20178415253488e" t="String" n="$S" />
      </Data>
      <Data n="20186515616519c">
        <Key v="20186515616519e" t="String" n="$E" />
        <Key v="20178415847642e" t="String" n="$S" />
      </Data>
      <Data n="20178415259668c">
        <Key v="20178415259668e" t="String" n="$E" />
        <Key v="20178415253489e" t="String" n="$S" />
      </Data>
      <Data n="20178415262564c">
        <Key v="20178415262564e" t="String" n="$E" />
        <Key v="20178415262563e" t="String" n="$S" />
      </Data>
      <Data n="20178415847643c">
        <Key v="20178415847643e" t="String" n="$E" />
        <Key v="20186515616519e" t="String" n="$S" />
      </Data>
      <Data n="20178415806324c">
        <Key v="20178415806324e" t="String" n="$E" />
        <Key v="20178415259668e" t="String" n="$S" />
      </Data>
      <Data n="20178415813601c">
        <Key v="20178415813601e" t="String" n="$E" />
        <Key v="20178415262564e" t="String" n="$S" />
      </Data>
      <Data n="20206616255975c">
        <Key v="20178415253488e" t="String" n="$E" />
        <Key v="20178415806324e" t="String" n="$S" />
      </Data>
      <Data n="20178415819243c">
        <Key v="20178415819243e" t="String" n="$E" />
        <Key v="20178415813601e" t="String" n="$S" />
      </Data>
      <Data n="20178606636144c">
        <Key v="20178606636144e" t="String" n="$E" />
        <Key v="20178415819243e" t="String" n="$S" />
      </Data>
      <Data n="20178606648421c">
        <Key v="20178606648421e" t="String" n="$E" />
        <Key v="20178606636144e" t="String" n="$S" />
      </Data>
      <Data n="20178606553537c">
        <Key v="20178606553537e" t="String" n="$E" />
        <Key v="20178415819243e" t="String" n="$S" />
      </Data>
      <Data n="20178606736794c">
        <Key v="20178606736794e" t="String" n="$E" />
        <Key v="20178606553537e" t="String" n="$S" />
      </Data>
      <Data n="20178606511790c">
        <Key v="20178606511790e" t="String" n="$E" />
        <Key v="20178606736794e" t="String" n="$S" />
      </Data>
      <Data n="20178606734801c">
        <Key v="20178606734801e" t="String" n="$E" />
        <Key v="20178606511790e" t="String" n="$S" />
      </Data>
      <Data n="20178606551602c">
        <Key v="20178606551602e" t="String" n="$E" />
        <Key v="20178415819243e" t="String" n="$S" />
      </Data>
      <Data n="20178606511999c">
        <Key v="20178606511999e" t="String" n="$E" />
        <Key v="20178606551602e" t="String" n="$S" />
      </Data>
      <Data n="20178606553158c">
        <Key v="20178606553158e" t="String" n="$E" />
        <Key v="20178415819243e" t="String" n="$S" />
      </Data>
      <Data n="20178606512224c">
        <Key v="20178606512224e" t="String" n="$E" />
        <Key v="20178606553158e" t="String" n="$S" />
      </Data>
      <Data n="20178606515831c">
        <Key v="20178606515831e" t="String" n="$E" />
        <Key v="20178415819243e" t="String" n="$S" />
      </Data>
      <Data n="20186515573787c">
        <Key v="20186515573787e" t="String" n="$E" />
        <Key v="20178606515831e" t="String" n="$S" />
      </Data>
      <Data n="20178606636145c">
        <Key v="20178606636145e" t="String" n="$E" />
        <Key v="20178606648421e" t="String" n="$S" />
      </Data>
      <Data n="20178606511791c">
        <Key v="20178606511791e" t="String" n="$E" />
        <Key v="20178606734801e" t="String" n="$S" />
      </Data>
      <Data n="20178606511998c">
        <Key v="20178606511998e" t="String" n="$E" />
        <Key v="20178606511999e" t="String" n="$S" />
      </Data>
      <Data n="20178606512225c">
        <Key v="20178606512225e" t="String" n="$E" />
        <Key v="20178606512224e" t="String" n="$S" />
      </Data>
      <Data n="20206616255994c">
        <Key v="20178415847643e" t="String" n="$E" />
        <Key v="20186515573787e" t="String" n="$S" />
      </Data>
      <Data n="20178606580009c">
        <Key v="20178606580009e" t="String" n="$E" />
        <Key v="20178606511791e" t="String" n="$S" />
      </Data>
      <Data n="20178606613900c">
        <Key v="20178606613900e" t="String" n="$E" />
        <Key v="20178606580009e" t="String" n="$S" />
      </Data>
      <Data n="20178608104720c">
        <Key v="20178608104720e" t="String" n="$E" />
        <Key v="20178606613900e" t="String" n="$S" />
      </Data>
      <Data n="20178606580873c">
        <Key v="20178606580873e" t="String" n="$E" />
        <Key v="20178606511791e" t="String" n="$S" />
      </Data>
      <Data n="20178606620193c">
        <Key v="20178606620193e" t="String" n="$E" />
        <Key v="20178606580873e" t="String" n="$S" />
      </Data>
      <Data n="20178606581198c">
        <Key v="20178606581198e" t="String" n="$E" />
        <Key v="20178606511791e" t="String" n="$S" />
      </Data>
      <Data n="20178608005771c">
        <Key v="20178608005771e" t="String" n="$E" />
        <Key v="20178606581198e" t="String" n="$S" />
      </Data>
      <Data n="20178606581502c">
        <Key v="20178606581502e" t="String" n="$E" />
        <Key v="20178606511791e" t="String" n="$S" />
      </Data>
      <Data n="20178606575839c">
        <Key v="20178606575839e" t="String" n="$E" />
        <Key v="20178606511998e" t="String" n="$S" />
      </Data>
      <Data n="20178606620781c">
        <Key v="20178606620781e" t="String" n="$E" />
        <Key v="20178606575839e" t="String" n="$S" />
      </Data>
      <Data n="20178608112514c">
        <Key v="20178608112514e" t="String" n="$E" />
        <Key v="20178606620781e" t="String" n="$S" />
      </Data>
      <Data n="20178606583929c">
        <Key v="20178606583929e" t="String" n="$E" />
        <Key v="20178606511998e" t="String" n="$S" />
      </Data>
      <Data n="20178606621115c">
        <Key v="20178606621115e" t="String" n="$E" />
        <Key v="20178606583929e" t="String" n="$S" />
      </Data>
      <Data n="20178606584876c">
        <Key v="20178606584876e" t="String" n="$E" />
        <Key v="20178606511998e" t="String" n="$S" />
      </Data>
      <Data n="20178606585822c">
        <Key v="20178606585822e" t="String" n="$E" />
        <Key v="20178606511998e" t="String" n="$S" />
      </Data>
      <Data n="20178606653366c">
        <Key v="20178606653366e" t="String" n="$E" />
        <Key v="20178606585822e" t="String" n="$S" />
      </Data>
      <Data n="20178606580410c">
        <Key v="20178606580410e" t="String" n="$E" />
        <Key v="20178606512225e" t="String" n="$S" />
      </Data>
      <Data n="20178606621740c">
        <Key v="20178606621740e" t="String" n="$E" />
        <Key v="20178606580410e" t="String" n="$S" />
      </Data>
      <Data n="20178608119583c">
        <Key v="20178608119583e" t="String" n="$E" />
        <Key v="20178606621740e" t="String" n="$S" />
      </Data>
      <Data n="20178606584346c">
        <Key v="20178606584346e" t="String" n="$E" />
        <Key v="20178606512225e" t="String" n="$S" />
      </Data>
      <Data n="20178606622040c">
        <Key v="20178606622040e" t="String" n="$E" />
        <Key v="20178606584346e" t="String" n="$S" />
      </Data>
      <Data n="20178606585360c">
        <Key v="20178606585360e" t="String" n="$E" />
        <Key v="20178606512225e" t="String" n="$S" />
      </Data>
      <Data n="20178606586615c">
        <Key v="20178606586615e" t="String" n="$E" />
        <Key v="20178606512225e" t="String" n="$S" />
      </Data>
      <Data n="20178606652312c">
        <Key v="20178606652312e" t="String" n="$E" />
        <Key v="20178606586615e" t="String" n="$S" />
      </Data>
      <Data n="20178606542465c">
        <Key v="20178606542465e" t="String" n="$E" />
        <Key v="20178608104720e" t="String" n="$S" />
      </Data>
      <Data n="20178606542645c">
        <Key v="20178606542645e" t="String" n="$E" />
        <Key v="20178606620193e" t="String" n="$S" />
      </Data>
      <Data n="20178606542812c">
        <Key v="20178606542812e" t="String" n="$E" />
        <Key v="20178608005771e" t="String" n="$S" />
      </Data>
      <Data n="20178606543003c">
        <Key v="20178606543003e" t="String" n="$E" />
        <Key v="20178606581502e" t="String" n="$S" />
      </Data>
      <Data n="20178606543600c">
        <Key v="20178606543600e" t="String" n="$E" />
        <Key v="20178608112514e" t="String" n="$S" />
      </Data>
      <Data n="20178606543783c">
        <Key v="20178606543783e" t="String" n="$E" />
        <Key v="20178606621115e" t="String" n="$S" />
      </Data>
      <Data n="20178606543954c">
        <Key v="20178606543954e" t="String" n="$E" />
        <Key v="20178606584876e" t="String" n="$S" />
      </Data>
      <Data n="20178606544138c">
        <Key v="20178606544138e" t="String" n="$E" />
        <Key v="20178606653366e" t="String" n="$S" />
      </Data>
      <Data n="20178606544784c">
        <Key v="20178606544784e" t="String" n="$E" />
        <Key v="20178608119583e" t="String" n="$S" />
      </Data>
      <Data n="20178606544968c">
        <Key v="20178606544968e" t="String" n="$E" />
        <Key v="20178606622040e" t="String" n="$S" />
      </Data>
      <Data n="20178606545134c">
        <Key v="20178606545134e" t="String" n="$E" />
        <Key v="20178606585360e" t="String" n="$S" />
      </Data>
      <Data n="20178606545343c">
        <Key v="20178606545343e" t="String" n="$E" />
        <Key v="20178606652312e" t="String" n="$S" />
      </Data>
      <Data n="20206616256031c">
        <Key v="20178415819243e" t="String" n="$E" />
        <Key v="20178606542812e" t="String" n="$S" />
      </Data>
      <Data n="20206616256032c">
        <Key v="20178415819243e" t="String" n="$E" />
        <Key v="20178606543003e" t="String" n="$S" />
      </Data>
      <Data n="20206616256033c">
        <Key v="20178415819243e" t="String" n="$E" />
        <Key v="20178606543954e" t="String" n="$S" />
      </Data>
      <Data n="20206616256034c">
        <Key v="20178415819243e" t="String" n="$E" />
        <Key v="20178606544138e" t="String" n="$S" />
      </Data>
      <Data n="20206616256035c">
        <Key v="20178415819243e" t="String" n="$E" />
        <Key v="20178606545134e" t="String" n="$S" />
      </Data>
    </Data>
  </Data>
</DataRoot>