﻿<?xml version="1.0" encoding="utf-8"?>
<DataRoot n="D">
  <Data n="20156257268762">
    <Data n="$Elems">
      <Data n="20156259055599e">
        <Key v="450,0" t="Vector2" n="!$P" />
        <Key v="_EGate" t="String" n="$T" />
        <Key v="G1" t="String" n="GT" />
        <Key v="1" t="Int32" n="T2" />
        <Key v="0" t="Decimal" n="Val" />
        <Key v="Vstup_Manto" t="String" n="Cnt" />
        <Key v="Oe" t="String" n="O" />
      </Data>
      <Data n="20156259038942e">
        <Key v="450,-1000" t="Vector2" n="!$P" />
        <Key v="_EGate" t="String" n="$T" />
        <Key v="G1" t="String" n="GT" />
        <Key v="1" t="Int32" n="T2" />
        <Key v="1" t="Decimal" n="Val" />
        <Key v="Vstup_Manto" t="String" n="Cnt" />
        <Key v="Oeg" t="String" n="O" />
      </Data>
      <Data n="20156259048296e">
        <Key v="450,-1200" t="Vector2" n="!$P" />
        <Key v="_EGate" t="String" n="$T" />
        <Key v="G1" t="String" n="GT" />
        <Key v="1" t="Int32" n="T2" />
        <Key v="-1" t="Decimal" n="Val" />
        <Key v="Vstup_Manto" t="String" n="Cnt" />
        <Key v="Oel" t="String" n="O" />
      </Data>
      <Data n="20156257289314e">
        <Key v="900,0" t="Vector2" n="!$P" />
        <Key v="20202866798502" t="String" n="$T" />
        <Key v="%M1" t="String" n="T" />
        <Key v="Zdravím cestovatelé. Dovolte abych se představila. Mé jméno je Nodra a před vámi leží malebné městečko Manto. Než budete moci vstoupit, potřebuju o vás něco vědět. Musím se optat na pár základních otázek. Takže, proč jste přišli zrovna sem a co plánujete v Mantu dělat?" t="String" n="%X" />
      </Data>
      <Data n="20156259031916e">
        <Key v="900,-1000" t="Vector2" n="!$P" />
        <Key v="20202866798502" t="String" n="$T" />
        <Key v="%M1" t="String" n="T" />
        <Key v="Zdravím přátelé, užívejte městečka Manto." t="String" n="%X" />
      </Data>
      <Data n="20156259033057e">
        <Key v="900,-1200" t="Vector2" n="!$P" />
        <Key v="20202866798502" t="String" n="$T" />
        <Key v="%M1" t="String" n="T" />
        <Key v="Jasně jsem vám přece řekla, abyste koukali mazat, odkud jste přišli. Tady nejste vítaní!" t="String" n="%X" />
      </Data>
      <Data n="20156257321925e">
        <Key v="1500,0" t="Vector2" n="!$P" />
        <Key v="20206495856812" t="String" n="$T" />
        <Key v="Co chce družina v Mantu dělat?" t="String" n="!%Txt" />
      </Data>
      <Data n="20156257708015e">
        <Key v="1500,-1200" t="Vector2" n="!$P" />
        <Key v="20206495856812" t="String" n="$T" />
        <Key v="Reakce na zabránění vchodu do města." t="String" n="!%Txt" />
      </Data>
      <Data n="20156257336927e">
        <Key v="2100,0" t="Vector2" n="!$P" />
        <Key v="20202934699316" t="String" n="$T" />
        <Key v="Jen cestovatelé" t="String" n="%CX" />
      </Data>
      <Data n="20156259214213e">
        <Key v="2100,-200" t="Vector2" n="!$P" />
        <Key v="_EGate" t="String" n="$T" />
        <Key v="G1" t="String" n="GT" />
        <Key v="1" t="Int32" n="T2" />
        <Key v="0" t="Decimal" n="Val" />
        <Key v="Vstup_Manto" t="String" n="Cnt" />
        <Key v="Oe" t="String" n="O" />
      </Data>
      <Data n="20156405733535e">
        <Key v="2400,-200" t="Vector2" n="!$P" />
        <Key v="_EGate" t="String" n="$T" />
        <Key v="G0" t="String" n="GT" />
        <Key v="Nodra_konflikt" t="String" n="Var" />
      </Data>
      <Data n="20156257337136e">
        <Key v="2700,-200" t="Vector2" n="!$P" />
        <Key v="20202934699316" t="String" n="$T" />
        <Key v="Odehnat jí" t="String" n="%CX" />
      </Data>
      <Data n="20156257387086e">
        <Key v="2100,-800" t="Vector2" n="!$P" />
        <Key v="_EGate" t="String" n="$T" />
        <Key v="G1" t="String" n="GT" />
        <Key v="1" t="Int32" n="T2" />
        <Key v="8" t="Decimal" n="Val" />
        <Key v="HL" t="String" n="Cnt" />
        <Key v="Oeg" t="String" n="O" />
      </Data>
      <Data n="20156257436195e">
        <Key v="2400,-800" t="Vector2" n="!$P" />
        <Key v="_EGate" t="String" n="$T" />
        <Key v="G1" t="String" n="GT" />
        <Key v="1" t="Int32" n="T2" />
        <Key v="9" t="Decimal" n="Val" />
        <Key v="HL" t="String" n="Cnt" />
        <Key v="Oel" t="String" n="O" />
      </Data>
      <Data n="20156330326001e">
        <Key v="2700,-800" t="Vector2" n="!$P" />
        <Key v="_EGate" t="String" n="$T" />
        <Key v="G0" t="String" n="GT" />
        <Key v="HL_9_Morg_lokace" t="String" n="Var" />
      </Data>
      <Data n="20156257337449e">
        <Key v="3000,-800" t="Vector2" n="!$P" />
        <Key v="20202934699316" t="String" n="$T" />
        <Key v="Ohledně čaroděje Morga" t="String" n="%CX" />
      </Data>
      <Data n="20156258648116e">
        <Key v="2100,-1200" t="Vector2" n="!$P" />
        <Key v="20202934699316" t="String" n="$T" />
        <Key v="Omluva" t="String" n="%CX" />
      </Data>
      <Data n="20156329819685e">
        <Key v="2550,-1200" t="Vector2" n="!$P" />
        <Key v="_EFunc" t="String" n="$T" />
        <Key v="G1" t="String" n="GT" />
        <Key v="1" t="Int32" n="T2" />
        <Key v="1" t="Decimal" n="Val" />
        <Key v="Vstup_Manto" t="String" n="Cnt" />
        <Key v="O+" t="String" n="O" />
      </Data>
      <Data n="20156258648300e">
        <Key v="2100,-1400" t="Vector2" n="!$P" />
        <Key v="20202934699316" t="String" n="$T" />
        <Key v="Odchod" t="String" n="%CX" />
      </Data>
      <Data n="20156258648640e">
        <Key v="2100,-1600" t="Vector2" n="!$P" />
        <Key v="20202934699316" t="String" n="$T" />
        <Key v="Vyhrožovat" t="String" n="%CX" />
      </Data>
      <Data n="20156257336928e">
        <Key v="2550,0" t="Vector2" n="!$P" />
        <Key v="20202866798502" t="String" n="$T" />
        <Key v="Rádi bychom si ve městě trochu odpočinuli, doplnili zásoby a utratili nějaké ty peníze." t="String" n="%X" />
      </Data>
      <Data n="20156257337137e">
        <Key v="3150,-200" t="Vector2" n="!$P" />
        <Key v="20202866798502" t="String" n="$T" />
        <Key v="Naše plány tě nemusej vůbec zajímat." t="String" n="%X" />
      </Data>
      <Data n="20156257337450e">
        <Key v="3450,-800" t="Vector2" n="!$P" />
        <Key v="20202866798502" t="String" n="$T" />
        <Key v="Máme důležité poslání přímo od hraběte, které nás zavedlo až sem. Hledáme jednoho čaroděje. Jmenje se Morg. Netušíš náhodou, kde bychom ho našli?" t="String" n="%X" />
      </Data>
      <Data n="20156258648117e">
        <Key v="3000,-1200" t="Vector2" n="!$P" />
        <Key v="20202866798502" t="String" n="$T" />
        <Key v="Hlavně klid. Myslím, že jsme vykročili špatnou nohou. Tak se pokusíme začít znova." t="String" n="%X" />
      </Data>
      <Data n="20156258648301e">
        <Key v="2550,-1400" t="Vector2" n="!$P" />
        <Key v="20202866798502" t="String" n="$T" />
        <Key v="Nemáme s tím problém. Odcházíme." t="String" n="%X" />
      </Data>
      <Data n="20156258648641e">
        <Key v="2550,-1600" t="Vector2" n="!$P" />
        <Key v="20202866798502" t="String" n="$T" />
        <Key v="Myslíš, že se zaleknem nějaký slepice v brnění. Uhni nám z cesty, nebo poneseš následky TY !" t="String" n="%X" />
      </Data>
      <Data n="20156258848214e">
        <Key v="3150,0" t="Vector2" n="!$P" />
        <Key v="_EFunc" t="String" n="$T" />
        <Key v="G1" t="String" n="GT" />
        <Key v="1" t="Int32" n="T2" />
        <Key v="2" t="Decimal" n="Val" />
        <Key v="Vstup_Manto" t="String" n="Cnt" />
        <Key v="O+" t="String" n="O" />
      </Data>
      <Data n="20156405723690e">
        <Key v="3750,-200" t="Vector2" n="!$P" />
        <Key v="_EFunc" t="String" n="$T" />
        <Key v="G0" t="String" n="GT" />
        <Key v="Nodra_konflikt" t="String" n="Var" />
      </Data>
      <Data n="20156257679681e">
        <Key v="4050,-800" t="Vector2" n="!$P" />
        <Key v="20202866798502" t="String" n="$T" />
        <Key v="%M1" t="String" n="T" />
        <Key v="Jistě. Morg je ctěným občanem Manta. Najdete ho hned za Zinnadiným stánkem s ovocem.  Půjdete kolem obchodu a dívejte se nalevo. Nejde to minout. No, nebudu Vás nadále zdržovat." t="String" n="%X" />
      </Data>
      <Data n="20156259090500e">
        <Key v="3150,-1400" t="Vector2" n="!$P" />
        <Key v="_EFunc" t="String" n="$T" />
        <Key v="G1" t="String" n="GT" />
        <Key v="1" t="Int32" n="T2" />
        <Key v="-1" t="Decimal" n="Val" />
        <Key v="Vstup_Manto" t="String" n="Cnt" />
        <Key v="O+" t="String" n="O" />
      </Data>
      <Data n="20156258675891e">
        <Key v="3150,-1600" t="Vector2" n="!$P" />
        <Key v="20202866798502" t="String" n="$T" />
        <Key v="%M1" t="String" n="T" />
        <Key v="Tak tohle jste podělali... Stráže do zbraní !!!" t="String" n="%X" />
      </Data>
      <Data n="20156257497881e">
        <Key v="3600,0" t="Vector2" n="!$P" />
        <Key v="20202866798502" t="String" n="$T" />
        <Key v="%M1" t="String" n="T" />
        <Key v="V tom případě vás tady vítám. Užijte si pobyt. Ještě než vyrazíte, doporučím vám navštívit hospodu &quot;U plného břicha&quot;." t="String" n="%X" />
      </Data>
      <Data n="20156257700927e">
        <Key v="4200,-200" t="Vector2" n="!$P" />
        <Key v="20202866798502" t="String" n="$T" />
        <Key v="%M1" t="String" n="T" />
        <Key v="Tak v tom případě vás dál nepustím a jestli vás v něm uvidím, ponesete následky!" t="String" n="%X" />
      </Data>
      <Data n="20156259227039e">
        <Key v="4650,-800" t="Vector2" n="!$P" />
        <Key v="_EFunc" t="String" n="$T" />
        <Key v="G1" t="String" n="GT" />
        <Key v="1" t="Int32" n="T2" />
        <Key v="2" t="Decimal" n="Val" />
        <Key v="Vstup_Manto" t="String" n="Cnt" />
        <Key v="O+" t="String" n="O" />
      </Data>
      <Data n="20156330330032e">
        <Key v="4950,-800" t="Vector2" n="!$P" />
        <Key v="_EFunc" t="String" n="$T" />
        <Key v="G0" t="String" n="GT" />
        <Key v="HL_9_Morg_lokace" t="String" n="Var" />
      </Data>
      <Data n="20156259068384e">
        <Key v="5250,-800" t="Vector2" n="!$P" />
        <Key v="20206371455404" t="String" n="$T" />
        <Key v="Záznam do DENÍKu" t="String" n="!%Txt" />
        <Key v="" t="String" n="GT" />
      </Data>
      <Data n="20156259097613e">
        <Key v="3750,-1600" t="Vector2" n="!$P" />
        <Key v="_EFunc" t="String" n="$T" />
        <Key v="G1" t="String" n="GT" />
        <Key v="1" t="Int32" n="T2" />
        <Key v="-2" t="Decimal" n="Val" />
        <Key v="Vstup_Manto" t="String" n="Cnt" />
        <Key v="O+" t="String" n="O" />
      </Data>
      <Data n="20156259202807e">
        <Key v="4800,-200" t="Vector2" n="!$P" />
        <Key v="_EFunc" t="String" n="$T" />
        <Key v="G1" t="String" n="GT" />
        <Key v="1" t="Int32" n="T2" />
        <Key v="-1" t="Decimal" n="Val" />
        <Key v="Vstup_Manto" t="String" n="Cnt" />
        <Key v="O+" t="String" n="O" />
      </Data>
    </Data>
    <Data n="$Conns">
      <Data n="20156259055599c">
        <Key v="20156259055599e" t="String" n="$E" />
      </Data>
      <Data n="20156259038942c">
        <Key v="20156259038942e" t="String" n="$E" />
      </Data>
      <Data n="20156259048296c">
        <Key v="20156259048296e" t="String" n="$E" />
      </Data>
      <Data n="20156257289314c">
        <Key v="20156257289314e" t="String" n="$E" />
        <Key v="20156259055599e" t="String" n="$S" />
      </Data>
      <Data n="20156259031916c">
        <Key v="20156259031916e" t="String" n="$E" />
        <Key v="20156259038942e" t="String" n="$S" />
      </Data>
      <Data n="20156259033057c">
        <Key v="20156259033057e" t="String" n="$E" />
        <Key v="20156259048296e" t="String" n="$S" />
      </Data>
      <Data n="20156257321925c">
        <Key v="20156257321925e" t="String" n="$E" />
        <Key v="20156257289314e" t="String" n="$S" />
      </Data>
      <Data n="20156257708015c">
        <Key v="20156257708015e" t="String" n="$E" />
        <Key v="20156259033057e" t="String" n="$S" />
      </Data>
      <Data n="20156257336927c">
        <Key v="20156257336927e" t="String" n="$E" />
        <Key v="20156257321925e" t="String" n="$S" />
      </Data>
      <Data n="20156259214213c">
        <Key v="20156259214213e" t="String" n="$E" />
        <Key v="20156257321925e" t="String" n="$S" />
      </Data>
      <Data n="20156405733535c">
        <Key v="20156405733535e" t="String" n="$E" />
        <Key v="20156259214213e" t="String" n="$S" />
      </Data>
      <Data n="20156257337136c">
        <Key v="20156257337136e" t="String" n="$E" />
        <Key v="20156405733535e" t="String" n="$S" />
      </Data>
      <Data n="20156257387086c">
        <Key v="20156257387086e" t="String" n="$E" />
        <Key v="20156257321925e" t="String" n="$S" />
      </Data>
      <Data n="20156257436195c">
        <Key v="20156257436195e" t="String" n="$E" />
        <Key v="20156257387086e" t="String" n="$S" />
      </Data>
      <Data n="20156330326001c">
        <Key v="20156330326001e" t="String" n="$E" />
        <Key v="20156257436195e" t="String" n="$S" />
      </Data>
      <Data n="20156257337449c">
        <Key v="20156257337449e" t="String" n="$E" />
        <Key v="20156330326001e" t="String" n="$S" />
      </Data>
      <Data n="20156258648116c">
        <Key v="20156258648116e" t="String" n="$E" />
        <Key v="20156257708015e" t="String" n="$S" />
      </Data>
      <Data n="20156329819685c">
        <Key v="20156329819685e" t="String" n="$E" />
        <Key v="20156258648116e" t="String" n="$S" />
      </Data>
      <Data n="20156258648300c">
        <Key v="20156258648300e" t="String" n="$E" />
        <Key v="20156257708015e" t="String" n="$S" />
      </Data>
      <Data n="20156258648640c">
        <Key v="20156258648640e" t="String" n="$E" />
        <Key v="20156257708015e" t="String" n="$S" />
      </Data>
      <Data n="20156257336928c">
        <Key v="20156257336928e" t="String" n="$E" />
        <Key v="20156257336927e" t="String" n="$S" />
      </Data>
      <Data n="20156257337137c">
        <Key v="20156257337137e" t="String" n="$E" />
        <Key v="20156257337136e" t="String" n="$S" />
      </Data>
      <Data n="20156257337450c">
        <Key v="20156257337450e" t="String" n="$E" />
        <Key v="20156257337449e" t="String" n="$S" />
      </Data>
      <Data n="20156258648117c">
        <Key v="20156258648117e" t="String" n="$E" />
        <Key v="20156329819685e" t="String" n="$S" />
      </Data>
      <Data n="20156258648301c">
        <Key v="20156258648301e" t="String" n="$E" />
        <Key v="20156258648300e" t="String" n="$S" />
      </Data>
      <Data n="20156258648641c">
        <Key v="20156258648641e" t="String" n="$E" />
        <Key v="20156258648640e" t="String" n="$S" />
      </Data>
      <Data n="20156258848214c">
        <Key v="20156258848214e" t="String" n="$E" />
        <Key v="20156257336928e" t="String" n="$S" />
      </Data>
      <Data n="20156405723690c">
        <Key v="20156405723690e" t="String" n="$E" />
        <Key v="20156257337137e" t="String" n="$S" />
      </Data>
      <Data n="20156257679681c">
        <Key v="20156257679681e" t="String" n="$E" />
        <Key v="20156257337450e" t="String" n="$S" />
      </Data>
      <Data n="20206616255920c">
        <Key v="20156257321925e" t="String" n="$E" />
        <Key v="20156258648117e" t="String" n="$S" />
      </Data>
      <Data n="20156259090500c">
        <Key v="20156259090500e" t="String" n="$E" />
        <Key v="20156258648301e" t="String" n="$S" />
      </Data>
      <Data n="20156258675891c">
        <Key v="20156258675891e" t="String" n="$E" />
        <Key v="20156258648641e" t="String" n="$S" />
      </Data>
      <Data n="20156257497881c">
        <Key v="20156257497881e" t="String" n="$E" />
        <Key v="20156258848214e" t="String" n="$S" />
      </Data>
      <Data n="20156257700927c">
        <Key v="20156257700927e" t="String" n="$E" />
        <Key v="20156405723690e" t="String" n="$S" />
      </Data>
      <Data n="20156259227039c">
        <Key v="20156259227039e" t="String" n="$E" />
        <Key v="20156257679681e" t="String" n="$S" />
      </Data>
      <Data n="20156330330032c">
        <Key v="20156330330032e" t="String" n="$E" />
        <Key v="20156259227039e" t="String" n="$S" />
      </Data>
      <Data n="20156259068384c">
        <Key v="20156259068384e" t="String" n="$E" />
        <Key v="20156330330032e" t="String" n="$S" />
      </Data>
      <Data n="20156259097613c">
        <Key v="20156259097613e" t="String" n="$E" />
        <Key v="20156258675891e" t="String" n="$S" />
      </Data>
      <Data n="20156259202807c">
        <Key v="20156259202807e" t="String" n="$E" />
        <Key v="20156257700927e" t="String" n="$S" />
      </Data>
      <Data n="20206616255930c">
        <Key v="20156257708015e" t="String" n="$E" />
        <Key v="20156259202807e" t="String" n="$S" />
      </Data>
    </Data>
  </Data>
</DataRoot>