﻿<?xml version="1.0" encoding="utf-8"?>
<DataRoot n="D">
  <Data n="20178317231758">
    <Data n="$Elems">
      <Data n="20178846648990e">
        <Key v="450,0" t="Vector2" n="!$P" />
        <Key v="20202866798502" t="String" n="$T" />
        <Key v="%M1" t="String" n="T" />
        <Key v="Hej hej, kam si myslíš, že jdeš?" t="String" n="%X" />
      </Data>
      <Data n="20178846651692e">
        <Key v="1050,0" t="Vector2" n="!$P" />
        <Key v="20202866798502" t="String" n="$T" />
        <Key v="Co je to za dům, který hlídáš?" t="String" n="%X" />
      </Data>
      <Data n="20178846659937e">
        <Key v="1650,0" t="Vector2" n="!$P" />
        <Key v="20202866798502" t="String" n="$T" />
        <Key v="%M1" t="String" n="T" />
        <Key v="To je dům Spravedlivého muže." t="String" n="%X" />
      </Data>
      <Data n="20178846663477e">
        <Key v="2250,0" t="Vector2" n="!$P" />
        <Key v="20202866798502" t="String" n="$T" />
        <Key v="A mohu s ním mluvit?" t="String" n="%X" />
      </Data>
      <Data n="20178846693273e">
        <Key v="2850,0" t="Vector2" n="!$P" />
        <Key v="20202866798502" t="String" n="$T" />
        <Key v="%M1" t="String" n="T" />
        <Key v="Ano, ale chovej se slušně." t="String" n="%X" />
      </Data>
    </Data>
    <Data n="$Conns">
      <Data n="20178846648990c">
        <Key v="20178846648990e" t="String" n="$E" />
      </Data>
      <Data n="20178846651692c">
        <Key v="20178846651692e" t="String" n="$E" />
        <Key v="20178846648990e" t="String" n="$S" />
      </Data>
      <Data n="20178846659937c">
        <Key v="20178846659937e" t="String" n="$E" />
        <Key v="20178846651692e" t="String" n="$S" />
      </Data>
      <Data n="20178846663477c">
        <Key v="20178846663477e" t="String" n="$E" />
        <Key v="20178846659937e" t="String" n="$S" />
      </Data>
      <Data n="20178846693273c">
        <Key v="20178846693273e" t="String" n="$E" />
        <Key v="20178846663477e" t="String" n="$S" />
      </Data>
    </Data>
  </Data>
</DataRoot>