﻿<?xml version="1.0" encoding="utf-8"?>
<DataRoot n="D">
  <Data n="20178413643806">
    <Data n="$Elems">
      <Data n="20183539752208e">
        <Key v="450,0" t="Vector2" n="!$P" />
        <Key v="20202866798502" t="String" n="$T" />
        <Key v="%M1" t="String" n="T" />
        <Key v="A koho to sem čerti nesou... Tak co to bude?" t="String" n="%X" />
      </Data>
      <Data n="20183540477192e">
        <Key v="1050,0" t="Vector2" n="!$P" />
        <Key v="20206495856812" t="String" n="$T" />
        <Key v="Základní možnosti" t="String" n="!%Txt" />
      </Data>
      <Data n="20183376248590e">
        <Key v="1650,0" t="Vector2" n="!$P" />
        <Key v="20202934699316" t="String" n="$T" />
        <Key v="Odejít" t="String" n="%CX" />
      </Data>
      <Data n="20183540071941e">
        <Key v="2100,0" t="Vector2" n="!$P" />
        <Key v="_EFunc" t="String" n="$T" />
        <Key v="G1" t="String" n="GT" />
        <Key v="1" t="Int32" n="T2" />
        <Key v="0" t="Decimal" n="Val" />
        <Key v="The_Fox_pivo" t="String" n="Cnt" />
        <Key v="Os" t="String" n="O" />
      </Data>
      <Data n="20183376248319e">
        <Key v="1650,-200" t="Vector2" n="!$P" />
        <Key v="20202934699316" t="String" n="$T" />
        <Key v="Informace" t="String" n="%CX" />
      </Data>
      <Data n="20183539770935e">
        <Key v="1650,-1400" t="Vector2" n="!$P" />
        <Key v="20206352251934" t="String" n="$T" />
        <Key v="CkI" t="String" n="GT" />
        <Key v="SkH" t="String" n="T" />
        <Key v="1" t="String" n="M" />
        <Key v="4" t="String" n="C" />
      </Data>
      <Data n="20183376248190e">
        <Key v="2100,-1400" t="Vector2" n="!$P" />
        <Key v="20202934699316" t="String" n="$T" />
        <Key v="Jídlo" t="String" n="%CX" />
      </Data>
      <Data n="20183539772115e">
        <Key v="2550,-1400" t="Vector2" n="!$P" />
        <Key v="20206371455404" t="String" n="$T" />
        <Key v="CkI" t="String" n="GT" />
        <Key v="SaT" t="String" n="T" />
        <Key v="1" t="String" n="M" />
        <Key v="4" t="String" n="C" />
      </Data>
      <Data n="20183539772445e">
        <Key v="3000,-1400" t="Vector2" n="!$P" />
        <Key v="20206371455404" t="String" n="$T" />
        <Key v="pravidla pro jídlo" t="String" n="!%Txt" />
        <Key v="" t="String" n="GT" />
      </Data>
      <Data n="20183376372313e">
        <Key v="1650,-1600" t="Vector2" n="!$P" />
        <Key v="20206352251934" t="String" n="$T" />
        <Key v="CkI" t="String" n="GT" />
        <Key v="SkH" t="String" n="T" />
        <Key v="1" t="String" n="M" />
        <Key v="1" t="String" n="C" />
      </Data>
      <Data n="20183376247526e">
        <Key v="2100,-1600" t="Vector2" n="!$P" />
        <Key v="20202934699316" t="String" n="$T" />
        <Key v="Pivo" t="String" n="%CX" />
      </Data>
      <Data n="20183376359269e">
        <Key v="2550,-1600" t="Vector2" n="!$P" />
        <Key v="20206371455404" t="String" n="$T" />
        <Key v="CkI" t="String" n="GT" />
        <Key v="SaT" t="String" n="T" />
        <Key v="1" t="String" n="M" />
        <Key v="1" t="String" n="C" />
      </Data>
      <Data n="20183539788066e">
        <Key v="3000,-1600" t="Vector2" n="!$P" />
        <Key v="_EFunc" t="String" n="$T" />
        <Key v="G1" t="String" n="GT" />
        <Key v="1" t="Int32" n="T2" />
        <Key v="1" t="Decimal" n="Val" />
        <Key v="The_Fox_pivo" t="String" n="Cnt" />
        <Key v="Os" t="String" n="O" />
      </Data>
      <Data n="20183376378539e">
        <Key v="3300,-1600" t="Vector2" n="!$P" />
        <Key v="20206371455404" t="String" n="$T" />
        <Key v="pravidla pro alkohol" t="String" n="!%Txt" />
        <Key v="" t="String" n="GT" />
      </Data>
      <Data n="20183376248589e">
        <Key v="2550,0" t="Vector2" n="!$P" />
        <Key v="20202866798502" t="String" n="$T" />
      </Data>
      <Data n="20183376248318e">
        <Key v="2100,-200" t="Vector2" n="!$P" />
        <Key v="20202866798502" t="String" n="$T" />
        <Key v="Chtěli bychom se na něco zeptat" t="String" n="%X" />
      </Data>
      <Data n="20183376248189e">
        <Key v="3450,-1400" t="Vector2" n="!$P" />
        <Key v="20202866798502" t="String" n="$T" />
        <Key v="Dali bychom si něco k snědku" t="String" n="%X" />
      </Data>
      <Data n="20183376247527e">
        <Key v="3750,-1600" t="Vector2" n="!$P" />
        <Key v="20202866798502" t="String" n="$T" />
        <Key v="Jednu rundu." t="String" n="%X" />
      </Data>
      <Data n="20183539796778e">
        <Key v="2700,-200" t="Vector2" n="!$P" />
        <Key v="_EGate" t="String" n="$T" />
        <Key v="G1" t="String" n="GT" />
        <Key v="1" t="Int32" n="T2" />
        <Key v="0" t="Decimal" n="Val" />
        <Key v="The_Fox_pivo" t="String" n="Cnt" />
        <Key v="Oe" t="String" n="O" />
      </Data>
      <Data n="20183539798846e">
        <Key v="2700,-400" t="Vector2" n="!$P" />
        <Key v="_EGate" t="String" n="$T" />
        <Key v="G1" t="String" n="GT" />
        <Key v="1" t="Int32" n="T2" />
        <Key v="1" t="Decimal" n="Val" />
        <Key v="The_Fox_pivo" t="String" n="Cnt" />
        <Key v="Oe" t="String" n="O" />
      </Data>
      <Data n="20183376332559e">
        <Key v="4050,-1400" t="Vector2" n="!$P" />
        <Key v="20202866798502" t="String" n="$T" />
        <Key v="%M1" t="String" n="T" />
        <Key v="Dobrá, tady to máte." t="String" n="%X" />
      </Data>
      <Data n="20183539795181e">
        <Key v="3150,-200" t="Vector2" n="!$P" />
        <Key v="20202866798502" t="String" n="$T" />
        <Key v="%M1" t="String" n="T" />
        <Key v="Dejte si pivo a možná se s váma budu bavit" t="String" n="%X" />
      </Data>
      <Data n="20183539795327e">
        <Key v="3150,-400" t="Vector2" n="!$P" />
        <Key v="20202866798502" t="String" n="$T" />
        <Key v="%M1" t="String" n="T" />
        <Key v="Dobrá, co byste cthěli vědět?" t="String" n="%X" />
      </Data>
      <Data n="20183540492096e">
        <Key v="3750,-400" t="Vector2" n="!$P" />
        <Key v="20206495856812" t="String" n="$T" />
        <Key v="Informace" t="String" n="!%Txt" />
      </Data>
      <Data n="20183540498677e">
        <Key v="4350,-400" t="Vector2" n="!$P" />
        <Key v="20202934699316" t="String" n="$T" />
        <Key v="Předchozí možnosti" t="String" n="%CX" />
      </Data>
      <Data n="20183539886024e">
        <Key v="4350,-600" t="Vector2" n="!$P" />
        <Key v="20202934699316" t="String" n="$T" />
        <Key v="Spravedlivý muž" t="String" n="%CX" />
      </Data>
      <Data n="20183539882538e">
        <Key v="4350,-800" t="Vector2" n="!$P" />
        <Key v="20202934699316" t="String" n="$T" />
        <Key v="Kapitán Hardon" t="String" n="%CX" />
      </Data>
      <Data n="20183539867421e">
        <Key v="4350,-1000" t="Vector2" n="!$P" />
        <Key v="20202934699316" t="String" n="$T" />
        <Key v="Kapitán Lishak" t="String" n="%CX" />
      </Data>
      <Data n="20183376248456e">
        <Key v="4350,-1200" t="Vector2" n="!$P" />
        <Key v="20202934699316" t="String" n="$T" />
        <Key v="Práce" t="String" n="%CX" />
      </Data>
      <Data n="20183540498676e">
        <Key v="4800,-400" t="Vector2" n="!$P" />
        <Key v="20202866798502" t="String" n="$T" />
        <Key v="Víc vědět nepotřebujem" t="String" n="%X" />
      </Data>
      <Data n="20183539886023e">
        <Key v="4800,-600" t="Vector2" n="!$P" />
        <Key v="20202866798502" t="String" n="$T" />
        <Key v="Co nám můžeš říci o Spravedlivém muži?" t="String" n="%X" />
      </Data>
      <Data n="20183539882537e">
        <Key v="4800,-800" t="Vector2" n="!$P" />
        <Key v="20202866798502" t="String" n="$T" />
        <Key v="Co nám můžeš říct o kapitánovi Hardonovi?" t="String" n="%X" />
      </Data>
      <Data n="20183539867420e">
        <Key v="4800,-1000" t="Vector2" n="!$P" />
        <Key v="20202866798502" t="String" n="$T" />
        <Key v="Co nám můžeš říct o kapitánovi Lishakovi?" t="String" n="%X" />
      </Data>
      <Data n="20183376248457e">
        <Key v="4800,-1200" t="Vector2" n="!$P" />
        <Key v="20202866798502" t="String" n="$T" />
        <Key v="Nevíš náhodou o nějaké prácičce? Něco pro družinu jako jsme my?" t="String" n="%X" />
      </Data>
      <Data n="20183540519168e">
        <Key v="5400,-600" t="Vector2" n="!$P" />
        <Key v="20202866798502" t="String" n="$T" />
        <Key v="%M1" t="String" n="T" />
        <Key v="No vlastním jménem je Wolcott Sharker, ale tak mu tady nikdo neříká. Spravedlivý muž se mu začlo říkat, když vyřešil pár konfliktů téměř nekrvavou cestou." t="String" n="%X" />
      </Data>
      <Data n="20183540280578e">
        <Key v="5400,-800" t="Vector2" n="!$P" />
        <Key v="20202866798502" t="String" n="$T" />
        <Key v="%M1" t="String" n="T" />
        <Key v="Hardon je kapitán v pravém slova smyslu. Narozdíl od Lishaka nemá ve městě pořádně žádné zázemí, ale ovládá přístav." t="String" n="%X" />
      </Data>
      <Data n="20183540186390e">
        <Key v="5400,-1000" t="Vector2" n="!$P" />
        <Key v="20202866798502" t="String" n="$T" />
        <Key v="%M1" t="String" n="T" />
        <Key v="No Lishak je jeden ze dvou místních kapitánů. Má pod palcem farmu, takže i přísun potravin pro město, což mu zde dává zásadní postavení." t="String" n="%X" />
      </Data>
      <Data n="20183540107800e">
        <Key v="5400,-1200" t="Vector2" n="!$P" />
        <Key v="20202866798502" t="String" n="$T" />
        <Key v="%M1" t="String" n="T" />
        <Key v="No tak určitě se tady něco najde. Zkusil bych to u kapitánů. Ať už u Lishaka, nebo Hardona. Ale bacha, nemají se příliš v lásce, takže je možný, že prací pro jednoho naštveš druhého." t="String" n="%X" />
      </Data>
      <Data n="20183540562571e">
        <Key v="6000,-600" t="Vector2" n="!$P" />
        <Key v="20202866798502" t="String" n="$T" />
        <Key v="%M1" t="String" n="T" />
        <Key v="Postupem času to tady začal nějak řídit až se z něj stal v podstatě něco jako starosta. Snaží se udržet tady tu místní sebranku v nějakém alespoň trochu možném pořádku a řádu." t="String" n="%X" />
      </Data>
      <Data n="20183540350711e">
        <Key v="6000,-800" t="Vector2" n="!$P" />
        <Key v="20202866798502" t="String" n="$T" />
        <Key v="%M1" t="String" n="T" />
        <Key v="Jeho chlouba, loď Zabijákův Dublon kotví v přístavu. Pokud chce někdo využívat mola, musí mu platit nemalé provize." t="String" n="%X" />
      </Data>
      <Data n="20183540385819e">
        <Key v="6000,-1000" t="Vector2" n="!$P" />
        <Key v="20202866798502" t="String" n="$T" />
        <Key v="%M1" t="String" n="T" />
        <Key v="Též ovládá tuhle čtvť, včetně týhle hospody. Jeho hlavním problémem je, že v přístavu má jen málo možností. Většinou si musí pronajímat molo, jelikož sám žádné nevlastní." t="String" n="%X" />
      </Data>
      <Data n="20183540125677e">
        <Key v="6000,-1200" t="Vector2" n="!$P" />
        <Key v="20202866798502" t="String" n="$T" />
        <Key v="%M1" t="String" n="T" />
        <Key v="Pak můžeš zkusit nějaký místní obchodníky. Třeba Toxic, místní alchymista pořád něco shání. No a můžeš jít přímo za starostou. Spravedlivý muž občas potřebuju někoho na výpomoc." t="String" n="%X" />
      </Data>
      <Data n="20183540574548e">
        <Key v="6600,-600" t="Vector2" n="!$P" />
        <Key v="20202866798502" t="String" n="$T" />
        <Key v="%M1" t="String" n="T" />
        <Key v="Jsem opravdu rád, že tady je. Bez něj bychom se už navzájem určitě vyhladili &lt;smích&gt;" t="String" n="%X" />
      </Data>
      <Data n="20183540358634e">
        <Key v="6600,-800" t="Vector2" n="!$P" />
        <Key v="20202866798502" t="String" n="$T" />
        <Key v="%M1" t="String" n="T" />
        <Key v="Jedinej spravedlivej muž má v přístavu vlastní molo. Všichni ostatní se musí nějak s Hardonem dohodnout. Což mu dává obrovskou převahu nad svými soky." t="String" n="%X" />
      </Data>
      <Data n="20183540465986e">
        <Key v="6600,-1000" t="Vector2" n="!$P" />
        <Key v="20202866798502" t="String" n="$T" />
        <Key v="Tak to vypadá, že Lishak je přesně ta osoba, s kterou si budem muset promluvit." t="String" n="%X" />
      </Data>
      <Data n="20183540172137e">
        <Key v="6600,-1200" t="Vector2" n="!$P" />
        <Key v="20202866798502" t="String" n="$T" />
        <Key v="Díky moc za tipy." t="String" n="%X" />
      </Data>
      <Data n="20183540363221e">
        <Key v="7200,-800" t="Vector2" n="!$P" />
        <Key v="20202866798502" t="String" n="$T" />
        <Key v="No, bude třeba si s tím Hardonem promluvit." t="String" n="%X" />
      </Data>
    </Data>
    <Data n="$Conns">
      <Data n="20183539752208c">
        <Key v="20183539752208e" t="String" n="$E" />
      </Data>
      <Data n="20183540477192c">
        <Key v="20183540477192e" t="String" n="$E" />
        <Key v="20183539752208e" t="String" n="$S" />
      </Data>
      <Data n="20183376248590c">
        <Key v="20183376248590e" t="String" n="$E" />
        <Key v="20183540477192e" t="String" n="$S" />
      </Data>
      <Data n="20183540071941c">
        <Key v="20183540071941e" t="String" n="$E" />
        <Key v="20183376248590e" t="String" n="$S" />
      </Data>
      <Data n="20183376248319c">
        <Key v="20183376248319e" t="String" n="$E" />
        <Key v="20183540477192e" t="String" n="$S" />
      </Data>
      <Data n="20183539770935c">
        <Key v="20183539770935e" t="String" n="$E" />
        <Key v="20183540477192e" t="String" n="$S" />
      </Data>
      <Data n="20183376248190c">
        <Key v="20183376248190e" t="String" n="$E" />
        <Key v="20183539770935e" t="String" n="$S" />
      </Data>
      <Data n="20183539772115c">
        <Key v="20183539772115e" t="String" n="$E" />
        <Key v="20183376248190e" t="String" n="$S" />
      </Data>
      <Data n="20183539772445c">
        <Key v="20183539772445e" t="String" n="$E" />
        <Key v="20183539772115e" t="String" n="$S" />
      </Data>
      <Data n="20183376372313c">
        <Key v="20183376372313e" t="String" n="$E" />
        <Key v="20183540477192e" t="String" n="$S" />
      </Data>
      <Data n="20183376247526c">
        <Key v="20183376247526e" t="String" n="$E" />
        <Key v="20183376372313e" t="String" n="$S" />
      </Data>
      <Data n="20183376359269c">
        <Key v="20183376359269e" t="String" n="$E" />
        <Key v="20183376247526e" t="String" n="$S" />
      </Data>
      <Data n="20183539788066c">
        <Key v="20183539788066e" t="String" n="$E" />
        <Key v="20183376359269e" t="String" n="$S" />
      </Data>
      <Data n="20183376378539c">
        <Key v="20183376378539e" t="String" n="$E" />
        <Key v="20183539788066e" t="String" n="$S" />
      </Data>
      <Data n="20183376248589c">
        <Key v="20183376248589e" t="String" n="$E" />
        <Key v="20183540071941e" t="String" n="$S" />
      </Data>
      <Data n="20183376248318c">
        <Key v="20183376248318e" t="String" n="$E" />
        <Key v="20183376248319e" t="String" n="$S" />
      </Data>
      <Data n="20183376248189c">
        <Key v="20183376248189e" t="String" n="$E" />
        <Key v="20183539772445e" t="String" n="$S" />
      </Data>
      <Data n="20183376247527c">
        <Key v="20183376247527e" t="String" n="$E" />
        <Key v="20183376378539e" t="String" n="$S" />
      </Data>
      <Data n="20183539796778c">
        <Key v="20183539796778e" t="String" n="$E" />
        <Key v="20183376248318e" t="String" n="$S" />
      </Data>
      <Data n="20183539798846c">
        <Key v="20183539798846e" t="String" n="$E" />
        <Key v="20183376248318e" t="String" n="$S" />
      </Data>
      <Data n="20183376332559c">
        <Key v="20183376332559e" t="String" n="$E" />
        <Key v="20183376248189e" t="String" n="$S" />
      </Data>
      <Data n="20206616256014c">
        <Key v="20183376332559e" t="String" n="$E" />
        <Key v="20183376247527e" t="String" n="$S" />
      </Data>
      <Data n="20183539795181c">
        <Key v="20183539795181e" t="String" n="$E" />
        <Key v="20183539796778e" t="String" n="$S" />
      </Data>
      <Data n="20183539795327c">
        <Key v="20183539795327e" t="String" n="$E" />
        <Key v="20183539798846e" t="String" n="$S" />
      </Data>
      <Data n="20183540492096c">
        <Key v="20183540492096e" t="String" n="$E" />
        <Key v="20183539795327e" t="String" n="$S" />
      </Data>
      <Data n="20183540498677c">
        <Key v="20183540498677e" t="String" n="$E" />
        <Key v="20183540492096e" t="String" n="$S" />
      </Data>
      <Data n="20183539886024c">
        <Key v="20183539886024e" t="String" n="$E" />
        <Key v="20183540492096e" t="String" n="$S" />
      </Data>
      <Data n="20183539882538c">
        <Key v="20183539882538e" t="String" n="$E" />
        <Key v="20183540492096e" t="String" n="$S" />
      </Data>
      <Data n="20183539867421c">
        <Key v="20183539867421e" t="String" n="$E" />
        <Key v="20183540492096e" t="String" n="$S" />
      </Data>
      <Data n="20183376248456c">
        <Key v="20183376248456e" t="String" n="$E" />
        <Key v="20183540492096e" t="String" n="$S" />
      </Data>
      <Data n="20183540498676c">
        <Key v="20183540498676e" t="String" n="$E" />
        <Key v="20183540498677e" t="String" n="$S" />
      </Data>
      <Data n="20183539886023c">
        <Key v="20183539886023e" t="String" n="$E" />
        <Key v="20183539886024e" t="String" n="$S" />
      </Data>
      <Data n="20183539882537c">
        <Key v="20183539882537e" t="String" n="$E" />
        <Key v="20183539882538e" t="String" n="$S" />
      </Data>
      <Data n="20183539867420c">
        <Key v="20183539867420e" t="String" n="$E" />
        <Key v="20183539867421e" t="String" n="$S" />
      </Data>
      <Data n="20183376248457c">
        <Key v="20183376248457e" t="String" n="$E" />
        <Key v="20183376248456e" t="String" n="$S" />
      </Data>
      <Data n="20206616256029c">
        <Key v="20183540477192e" t="String" n="$E" />
        <Key v="20183540498676e" t="String" n="$S" />
      </Data>
      <Data n="20183540519168c">
        <Key v="20183540519168e" t="String" n="$E" />
        <Key v="20183539886023e" t="String" n="$S" />
      </Data>
      <Data n="20183540280578c">
        <Key v="20183540280578e" t="String" n="$E" />
        <Key v="20183539882537e" t="String" n="$S" />
      </Data>
      <Data n="20183540186390c">
        <Key v="20183540186390e" t="String" n="$E" />
        <Key v="20183539867420e" t="String" n="$S" />
      </Data>
      <Data n="20183540107800c">
        <Key v="20183540107800e" t="String" n="$E" />
        <Key v="20183376248457e" t="String" n="$S" />
      </Data>
      <Data n="20183540562571c">
        <Key v="20183540562571e" t="String" n="$E" />
        <Key v="20183540519168e" t="String" n="$S" />
      </Data>
      <Data n="20183540350711c">
        <Key v="20183540350711e" t="String" n="$E" />
        <Key v="20183540280578e" t="String" n="$S" />
      </Data>
      <Data n="20183540385819c">
        <Key v="20183540385819e" t="String" n="$E" />
        <Key v="20183540186390e" t="String" n="$S" />
      </Data>
      <Data n="20183540125677c">
        <Key v="20183540125677e" t="String" n="$E" />
        <Key v="20183540107800e" t="String" n="$S" />
      </Data>
      <Data n="20183540574548c">
        <Key v="20183540574548e" t="String" n="$E" />
        <Key v="20183540562571e" t="String" n="$S" />
      </Data>
      <Data n="20183540358634c">
        <Key v="20183540358634e" t="String" n="$E" />
        <Key v="20183540350711e" t="String" n="$S" />
      </Data>
      <Data n="20183540465986c">
        <Key v="20183540465986e" t="String" n="$E" />
        <Key v="20183540385819e" t="String" n="$S" />
      </Data>
      <Data n="20183540172137c">
        <Key v="20183540172137e" t="String" n="$E" />
        <Key v="20183540125677e" t="String" n="$S" />
      </Data>
      <Data n="20206616256042c">
        <Key v="20183540492096e" t="String" n="$E" />
        <Key v="20183540574548e" t="String" n="$S" />
      </Data>
      <Data n="20183540363221c">
        <Key v="20183540363221e" t="String" n="$E" />
        <Key v="20183540358634e" t="String" n="$S" />
      </Data>
      <Data n="20206616256044c">
        <Key v="20183540492096e" t="String" n="$E" />
        <Key v="20183540465986e" t="String" n="$S" />
      </Data>
      <Data n="20206616256045c">
        <Key v="20183540492096e" t="String" n="$E" />
        <Key v="20183540172137e" t="String" n="$S" />
      </Data>
      <Data n="20206616256046c">
        <Key v="20183540492096e" t="String" n="$E" />
        <Key v="20183540363221e" t="String" n="$S" />
      </Data>
    </Data>
  </Data>
</DataRoot>