﻿<?xml version="1.0" encoding="utf-8"?>
<DataRoot n="D">
  <Data n="20165034204153">
    <Data n="$Elems">
      <Data n="20165153674193e">
        <Key v="16050,4850" t="Vector2" n="!$P" />
        <Key v="20206352251934" t="String" n="$T" />
        <Key v="CkI" t="String" n="GT" />
        <Key v="SkH" t="String" n="T" />
        <Key v="1" t="String" n="M" />
        <Key v="3000" t="String" n="C" />
      </Data>
      <Data n="20165153438908e">
        <Key v="16650,4850" t="Vector2" n="!$P" />
        <Key v="20202934699316" t="String" n="$T" />
        <Key v="Koupit mapu" t="String" n="%CX" />
      </Data>
      <Data n="20165153675056e">
        <Key v="17100,4850" t="Vector2" n="!$P" />
        <Key v="20206371455404" t="String" n="$T" />
        <Key v="CkI" t="String" n="GT" />
        <Key v="SaT" t="String" n="T" />
        <Key v="1" t="String" n="M" />
        <Key v="3000" t="String" n="C" />
      </Data>
      <Data n="20165156247338e">
        <Key v="17550,4850" t="Vector2" n="!$P" />
        <Key v="20206371455404" t="String" n="$T" />
        <Key v="CkI" t="String" n="GT" />
        <Key v="SaA" t="String" n="T" />
        <Key v="I20165150512344" t="String" n="It" />
        <Key v="1" t="String" n="C" />
      </Data>
      <Data n="20165153438907e">
        <Key v="18150,4850" t="Vector2" n="!$P" />
        <Key v="20202866798502" t="String" n="$T" />
        <Key v="Ok, to zní dobře. Zde je 30 stříbrných." t="String" n="%X" />
      </Data>
      <Data n="20165153669688e">
        <Key v="16050,4600" t="Vector2" n="!$P" />
        <Key v="20206352251934" t="String" n="$T" />
        <Key v="CkI" t="String" n="GT" />
        <Key v="SkH" t="String" n="T" />
        <Key v="1" t="String" n="M" />
        <Key v="3000" t="String" n="C" />
      </Data>
      <Data n="20165153433909e">
        <Key v="16650,4600" t="Vector2" n="!$P" />
        <Key v="20202934699316" t="String" n="$T" />
        <Key v="Nekoupit. Moc drahé" t="String" n="%CX" />
      </Data>
      <Data n="20165153433908e">
        <Key v="18150,4600" t="Vector2" n="!$P" />
        <Key v="20202866798502" t="String" n="$T" />
        <Key v="To je strašně drahé. Tolik peněz za mapu prostě nedáme." t="String" n="%X" />
      </Data>
      <Data n="20165106640584e">
        <Key v="21750,4600" t="Vector2" n="!$P" />
        <Key v="20202866798502" t="String" n="$T" />
        <Key v="%M1" t="String" n="T" />
        <Key v="Bohužel, mapy nejsou levná záležitost." t="String" n="%X" />
      </Data>
      <Data n="20165153665559e">
        <Key v="16050,4400" t="Vector2" n="!$P" />
        <Key v="20206352251934" t="String" n="$T" />
        <Key v="CkI" t="String" n="GT" />
        <Key v="SkN" t="String" n="T" />
        <Key v="1" t="String" n="M" />
        <Key v="3000" t="String" n="C" />
      </Data>
      <Data n="20165153434396e">
        <Key v="16650,4400" t="Vector2" n="!$P" />
        <Key v="20202934699316" t="String" n="$T" />
        <Key v="Nedostatek peněz" t="String" n="%CX" />
      </Data>
      <Data n="20165153434395e">
        <Key v="18150,4400" t="Vector2" n="!$P" />
        <Key v="20202866798502" t="String" n="$T" />
        <Key v="Bohužel na to nemáme." t="String" n="%X" />
      </Data>
      <Data n="20165150598584e">
        <Key v="12150,4150" t="Vector2" n="!$P" />
        <Key v="20206352251934" t="String" n="$T" />
        <Key v="CkI" t="String" n="GT" />
        <Key v="SkN" t="String" n="T" />
        <Key v="I20165150512344" t="String" n="It" />
        <Key v="1" t="String" n="C" />
      </Data>
      <Data n="20165106446929e">
        <Key v="12600,4150" t="Vector2" n="!$P" />
        <Key v="20202934699316" t="String" n="$T" />
        <Key v="Mapa Limu" t="String" n="%CX" />
      </Data>
      <Data n="20165106446928e">
        <Key v="13200,4150" t="Vector2" n="!$P" />
        <Key v="20202866798502" t="String" n="$T" />
        <Key v="Jsme v Limu noví a moc se tady nevyznáme. Neměl bys na prodej nějakou mapu města? Ať tady nemusíme pořád bloudit." t="String" n="%X" />
      </Data>
      <Data n="20165156230694e">
        <Key v="13950,4150" t="Vector2" n="!$P" />
        <Key v="_EGate" t="String" n="$T" />
        <Key v="G1" t="String" n="GT" />
        <Key v="1" t="Int32" n="T2" />
        <Key v="1" t="Decimal" n="Val" />
        <Key v="Waldak_smlouvani_02" t="String" n="Cnt" />
        <Key v="Oel" t="String" n="O" />
      </Data>
      <Data n="20165150580919e">
        <Key v="14400,4150" t="Vector2" n="!$P" />
        <Key v="20202866798502" t="String" n="$T" />
        <Key v="%M1" t="String" n="T" />
        <Key v="Mám tady jednu celkem novou. Je hodně podrobná, takže pro vás bude jistě užitečná. Samozřejmě jako všechno i mapy mají svou cenu. Viděl bych to na 30 stříbrných." t="String" n="%X" />
      </Data>
      <Data n="20165153429715e">
        <Key v="15450,4150" t="Vector2" n="!$P" />
        <Key v="20206495856812" t="String" n="$T" />
        <Key v="Koupě mapy Limu." t="String" n="!%Txt" />
      </Data>
      <Data n="20165154863862e">
        <Key v="16050,4150" t="Vector2" n="!$P" />
        <Key v="_EGate" t="String" n="$T" />
        <Key v="G1" t="String" n="GT" />
        <Key v="1" t="Int32" n="T2" />
        <Key v="0" t="Decimal" n="Val" />
        <Key v="Waldak_smlouvani_02" t="String" n="Cnt" />
        <Key v="Oe" t="String" n="O" />
      </Data>
      <Data n="20165153434899e">
        <Key v="16650,4150" t="Vector2" n="!$P" />
        <Key v="20202934699316" t="String" n="$T" />
        <Key v="Smlouvat" t="String" n="%CX" />
      </Data>
      <Data n="20165153434900e">
        <Key v="18150,4150" t="Vector2" n="!$P" />
        <Key v="20202866798502" t="String" n="$T" />
        <Key v="Ty Waldaku. Jistě chápeš, že čas je pro nás extrémně důležitý a jelikož je naším posláním zachránit tuto zemi a potažmo teda i tebe je přímo v tvém zájmu, abychom tady zbytečně nebloudili. Co takhle udělat nám lepší cenu?" t="String" n="%X" />
      </Data>
      <Data n="20165154643555e">
        <Key v="18900,4150" t="Vector2" n="!$P" />
        <Key v="_EGate" t="String" n="$T" />
        <Key v="G1" t="String" n="GT" />
        <Key v="1" t="Int32" n="T2" />
        <Key v="0" t="Decimal" n="Val" />
        <Key v="XResult" t="String" n="Cnt" />
        <Key v="Oeg" t="String" n="O" />
      </Data>
      <Data n="20165154875504e">
        <Key v="19200,4150" t="Vector2" n="!$P" />
        <Key v="_EFunc" t="String" n="$T" />
        <Key v="G1" t="String" n="GT" />
        <Key v="1" t="Int32" n="T2" />
        <Key v="1" t="Decimal" n="Val" />
        <Key v="Waldak_smlouvani_02" t="String" n="Cnt" />
        <Key v="Os" t="String" n="O" />
      </Data>
      <Data n="20165154633697e">
        <Key v="19800,4150" t="Vector2" n="!$P" />
        <Key v="20202866798502" t="String" n="$T" />
        <Key v="%M1" t="String" n="T" />
        <Key v="I když rozumím vašim argumentům, je třeba si uvědomit, že mapy jso opravdu nákladná záležitost a musím trvat na své ceně." t="String" n="%X" />
      </Data>
      <Data n="20165154639338e">
        <Key v="18900,3900" t="Vector2" n="!$P" />
        <Key v="_EGate" t="String" n="$T" />
        <Key v="G1" t="String" n="GT" />
        <Key v="1" t="Int32" n="T2" />
        <Key v="2" t="Decimal" n="Val" />
        <Key v="XResult" t="String" n="Cnt" />
        <Key v="Oeg" t="String" n="O" />
      </Data>
      <Data n="20165154872876e">
        <Key v="19200,3900" t="Vector2" n="!$P" />
        <Key v="_EFunc" t="String" n="$T" />
        <Key v="G1" t="String" n="GT" />
        <Key v="1" t="Int32" n="T2" />
        <Key v="2" t="Decimal" n="Val" />
        <Key v="Waldak_smlouvani_02" t="String" n="Cnt" />
        <Key v="Os" t="String" n="O" />
      </Data>
      <Data n="20165153679236e">
        <Key v="19800,3900" t="Vector2" n="!$P" />
        <Key v="20202866798502" t="String" n="$T" />
        <Key v="%M1" t="String" n="T" />
        <Key v="Hm, když nad tím tak přemýšlím, tak na tom něco být může. Dobrá dám vám menší slevu. Takových 25 stříbrných zní jako fér cena." t="String" n="%X" />
      </Data>
      <Data n="20206694561045e">
        <Key v="13950,3800" t="Vector2" n="!$P" />
        <Key v="_EGate" t="String" n="$T" />
        <Key v="G1" t="String" n="GT" />
        <Key v="1" t="Int32" n="T2" />
        <Key v="2" t="Decimal" n="Val" />
        <Key v="Waldak_smlouvani_02" t="String" n="Cnt" />
        <Key v="Oe" t="String" n="O" />
      </Data>
      <Data n="20165156229872e">
        <Key v="14400,3800" t="Vector2" n="!$P" />
        <Key v="20202866798502" t="String" n="$T" />
        <Key v="%M1" t="String" n="T" />
        <Key v="Jojo, stále tady na vás čeká. Bude to 25 stříbrných." t="String" n="%X" />
      </Data>
      <Data n="20165154882894e">
        <Key v="15450,3800" t="Vector2" n="!$P" />
        <Key v="20206495856812" t="String" n="$T" />
        <Key v="Nákup slevněné mapy Limu." t="String" n="!%Txt" />
      </Data>
      <Data n="20165156180832e">
        <Key v="16050,3800" t="Vector2" n="!$P" />
        <Key v="20206352251934" t="String" n="$T" />
        <Key v="CkI" t="String" n="GT" />
        <Key v="SkH" t="String" n="T" />
        <Key v="1" t="String" n="M" />
        <Key v="2500" t="String" n="C" />
      </Data>
      <Data n="20165155489416e">
        <Key v="16650,3800" t="Vector2" n="!$P" />
        <Key v="20202934699316" t="String" n="$T" />
        <Key v="Zakoupit mapu za lepší cenu" t="String" n="%CX" />
      </Data>
      <Data n="20165156181559e">
        <Key v="17100,3800" t="Vector2" n="!$P" />
        <Key v="20206371455404" t="String" n="$T" />
        <Key v="CkI" t="String" n="GT" />
        <Key v="SaT" t="String" n="T" />
        <Key v="1" t="String" n="M" />
        <Key v="2500" t="String" n="C" />
      </Data>
      <Data n="20165156242667e">
        <Key v="17550,3800" t="Vector2" n="!$P" />
        <Key v="20206371455404" t="String" n="$T" />
        <Key v="CkI" t="String" n="GT" />
        <Key v="SaA" t="String" n="T" />
        <Key v="I20165150512344" t="String" n="It" />
        <Key v="1" t="String" n="C" />
      </Data>
      <Data n="20165155489415e">
        <Key v="18150,3800" t="Vector2" n="!$P" />
        <Key v="20202866798502" t="String" n="$T" />
        <Key v="No vidíš Waldaku, tak se mi to líbí. Jsem rád, že se s tebou dá mluvit. Tady jsou peníze." t="String" n="%X" />
      </Data>
      <Data n="20165156196224e">
        <Key v="16050,3600" t="Vector2" n="!$P" />
        <Key v="20206352251934" t="String" n="$T" />
        <Key v="CkI" t="String" n="GT" />
        <Key v="SkH" t="String" n="T" />
        <Key v="1" t="String" n="M" />
        <Key v="2500" t="String" n="C" />
      </Data>
      <Data n="20165155490061e">
        <Key v="16650,3600" t="Vector2" n="!$P" />
        <Key v="20202934699316" t="String" n="$T" />
        <Key v="Mapu nekupovat" t="String" n="%CX" />
      </Data>
      <Data n="20165155490060e">
        <Key v="18150,3600" t="Vector2" n="!$P" />
        <Key v="20202866798502" t="String" n="$T" />
        <Key v="Waldaku, to není moc velká sleva. Za tu cenu si jí nechej." t="String" n="%X" />
      </Data>
      <Data n="20165156215477e">
        <Key v="16050,3400" t="Vector2" n="!$P" />
        <Key v="20206352251934" t="String" n="$T" />
        <Key v="CkI" t="String" n="GT" />
        <Key v="SkN" t="String" n="T" />
        <Key v="1" t="String" n="M" />
        <Key v="2500" t="String" n="C" />
      </Data>
      <Data n="20165155490646e">
        <Key v="16650,3400" t="Vector2" n="!$P" />
        <Key v="20202934699316" t="String" n="$T" />
        <Key v="Nedostatek peněz" t="String" n="%CX" />
      </Data>
      <Data n="20165155490645e">
        <Key v="18150,3400" t="Vector2" n="!$P" />
        <Key v="20202866798502" t="String" n="$T" />
        <Key v="Bohužel to si nemůžeme dovolit." t="String" n="%X" />
      </Data>
      <Data n="20165150337929e">
        <Key v="16050,2650" t="Vector2" n="!$P" />
        <Key v="20206352251934" t="String" n="$T" />
        <Key v="CkI" t="String" n="GT" />
        <Key v="SkN" t="String" n="T" />
        <Key v="1" t="String" n="M" />
        <Key v="3500" t="String" n="C" />
      </Data>
      <Data n="20165150336461e">
        <Key v="16650,2650" t="Vector2" n="!$P" />
        <Key v="20202934699316" t="String" n="$T" />
        <Key v="Nedostatek peněz" t="String" n="%CX" />
      </Data>
      <Data n="20165150336460e">
        <Key v="18150,2650" t="Vector2" n="!$P" />
        <Key v="20202866798502" t="String" n="$T" />
        <Key v="I když jsi nám dal hezkou slevu, tak bohuže ani tohle si nemůžem dovolit..." t="String" n="%X" />
      </Data>
      <Data n="20165150404829e">
        <Key v="15450,2200" t="Vector2" n="!$P" />
        <Key v="20206495856812" t="String" n="$T" />
        <Key v="Nákup slevněné mapy." t="String" n="!%Txt" />
      </Data>
      <Data n="20165150335815e">
        <Key v="16050,2200" t="Vector2" n="!$P" />
        <Key v="20206352251934" t="String" n="$T" />
        <Key v="CkI" t="String" n="GT" />
        <Key v="SkH" t="String" n="T" />
        <Key v="1" t="String" n="M" />
        <Key v="3500" t="String" n="C" />
      </Data>
      <Data n="20165150205605e">
        <Key v="16650,2200" t="Vector2" n="!$P" />
        <Key v="20202934699316" t="String" n="$T" />
        <Key v="Nekupovat mapu. Moc drahé" t="String" n="%CX" />
      </Data>
      <Data n="20165150205604e">
        <Key v="18150,2200" t="Vector2" n="!$P" />
        <Key v="20202866798502" t="String" n="$T" />
        <Key v="Bohužel ani tuto částku si nemůžeme dovolit. Raději se zeptáme na něco jiného." t="String" n="%X" />
      </Data>
      <Data n="20165149632482e">
        <Key v="12150,2200" t="Vector2" n="!$P" />
        <Key v="20206352251934" t="String" n="$T" />
        <Key v="CkI" t="String" n="GT" />
        <Key v="SkN" t="String" n="T" />
        <Key v="I20165106692220" t="String" n="It" />
        <Key v="1" t="String" n="C" />
      </Data>
      <Data n="20165105741782e">
        <Key v="12600,2200" t="Vector2" n="!$P" />
        <Key v="20202934699316" t="String" n="$T" />
        <Key v="Mapa ostrova" t="String" n="%CX" />
      </Data>
      <Data n="20165105741783e">
        <Key v="13200,2200" t="Vector2" n="!$P" />
        <Key v="20202866798502" t="String" n="$T" />
        <Key v="Potřebovali bychom mapu ostrova, nemáte tady nějakou?" t="String" n="%X" />
      </Data>
      <Data n="20165150391301e">
        <Key v="13950,2200" t="Vector2" n="!$P" />
        <Key v="_EGate" t="String" n="$T" />
        <Key v="G1" t="String" n="GT" />
        <Key v="1" t="Int32" n="T2" />
        <Key v="2" t="Decimal" n="Val" />
        <Key v="Waldak_smlouvani" t="String" n="Cnt" />
        <Key v="Oe" t="String" n="O" />
      </Data>
      <Data n="20165150377397e">
        <Key v="14400,2200" t="Vector2" n="!$P" />
        <Key v="20202866798502" t="String" n="$T" />
        <Key v="%M1" t="String" n="T" />
        <Key v="No stále ji tady pro vás mám přichystanou. Bude to 35 stříbrných. Přesně jak jsme se dohodli." t="String" n="%X" />
      </Data>
      <Data n="20165150223758e">
        <Key v="16050,1800" t="Vector2" n="!$P" />
        <Key v="20206352251934" t="String" n="$T" />
        <Key v="CkI" t="String" n="GT" />
        <Key v="SkH" t="String" n="T" />
        <Key v="1" t="String" n="M" />
        <Key v="3500" t="String" n="C" />
      </Data>
      <Data n="20165150204515e">
        <Key v="16650,1800" t="Vector2" n="!$P" />
        <Key v="20202934699316" t="String" n="$T" />
        <Key v="Koupi mapu za 35 st" t="String" n="%CX" />
      </Data>
      <Data n="20165150234997e">
        <Key v="17100,1800" t="Vector2" n="!$P" />
        <Key v="20206371455404" t="String" n="$T" />
        <Key v="CkI" t="String" n="GT" />
        <Key v="SaA" t="String" n="T" />
        <Key v="1" t="String" n="M" />
        <Key v="3500" t="String" n="C" />
      </Data>
      <Data n="20165150204514e">
        <Key v="18150,1800" t="Vector2" n="!$P" />
        <Key v="20202866798502" t="String" n="$T" />
        <Key v="Díky moc. To je o dost lepší nabídka. Berem. Tady jsou peníze." t="String" n="%X" />
      </Data>
      <Data n="20165106511763e">
        <Key v="15450,1300" t="Vector2" n="!$P" />
        <Key v="20206495856812" t="String" n="$T" />
        <Key v="Koupě mapy ostrova." t="String" n="!%Txt" />
      </Data>
      <Data n="20165106672772e">
        <Key v="16050,1300" t="Vector2" n="!$P" />
        <Key v="20206352251934" t="String" n="$T" />
        <Key v="CkI" t="String" n="GT" />
        <Key v="SkH" t="String" n="T" />
        <Key v="1" t="String" n="M" />
        <Key v="5000" t="String" n="C" />
      </Data>
      <Data n="20165106628620e">
        <Key v="16650,1300" t="Vector2" n="!$P" />
        <Key v="20202934699316" t="String" n="$T" />
        <Key v="Zakoupit mapu" t="String" n="%CX" />
      </Data>
      <Data n="20165106673244e">
        <Key v="17100,1300" t="Vector2" n="!$P" />
        <Key v="20206371455404" t="String" n="$T" />
        <Key v="CkI" t="String" n="GT" />
        <Key v="SaT" t="String" n="T" />
        <Key v="1" t="String" n="M" />
        <Key v="5000" t="String" n="C" />
      </Data>
      <Data n="20165150241648e">
        <Key v="17550,1300" t="Vector2" n="!$P" />
        <Key v="20206371455404" t="String" n="$T" />
        <Key v="CkI" t="String" n="GT" />
        <Key v="SaA" t="String" n="T" />
        <Key v="I20165106692220" t="String" n="It" />
        <Key v="1" t="String" n="C" />
      </Data>
      <Data n="20165106628619e">
        <Key v="18150,1300" t="Vector2" n="!$P" />
        <Key v="20202866798502" t="String" n="$T" />
        <Key v="Ok, to je dobrá cena. Zde je tvých 50 stříbrňáků." t="String" n="%X" />
      </Data>
      <Data n="20165150386818e">
        <Key v="13950,1300" t="Vector2" n="!$P" />
        <Key v="_EGate" t="String" n="$T" />
        <Key v="G1" t="String" n="GT" />
        <Key v="1" t="Int32" n="T2" />
        <Key v="1" t="Decimal" n="Val" />
        <Key v="Waldak_smlouvani" t="String" n="Cnt" />
        <Key v="Oel" t="String" n="O" />
      </Data>
      <Data n="20165106504573e">
        <Key v="14400,1300" t="Vector2" n="!$P" />
        <Key v="20202866798502" t="String" n="$T" />
        <Key v="%M1" t="String" n="T" />
        <Key v="Mám tady jednu pěknou, přesně pro vás. Ale nemohu ji prodat za méně než 50 stříbrných." t="String" n="%X" />
      </Data>
      <Data n="20165106624520e">
        <Key v="16050,1000" t="Vector2" n="!$P" />
        <Key v="20206352251934" t="String" n="$T" />
        <Key v="CkI" t="String" n="GT" />
        <Key v="SkH" t="String" n="T" />
        <Key v="1" t="String" n="M" />
        <Key v="5000" t="String" n="C" />
      </Data>
      <Data n="20165106514839e">
        <Key v="16650,1000" t="Vector2" n="!$P" />
        <Key v="20202934699316" t="String" n="$T" />
        <Key v="Nekoupit. Moc drahé" t="String" n="%CX" />
      </Data>
      <Data n="20165106514838e">
        <Key v="18150,1000" t="Vector2" n="!$P" />
        <Key v="20202866798502" t="String" n="$T" />
        <Key v="Bože to je drahé. To si fakt nemůžem dovolit. Raděj to necháme být a zeptám se zatím na něco jiného." t="String" n="%X" />
      </Data>
      <Data n="20165106630999e">
        <Key v="16050,700" t="Vector2" n="!$P" />
        <Key v="20206352251934" t="String" n="$T" />
        <Key v="CkI" t="String" n="GT" />
        <Key v="SkN" t="String" n="T" />
        <Key v="1" t="String" n="M" />
        <Key v="5000" t="String" n="C" />
      </Data>
      <Data n="20165106515137e">
        <Key v="16650,700" t="Vector2" n="!$P" />
        <Key v="20202934699316" t="String" n="$T" />
        <Key v="Nedostatek peněz" t="String" n="%CX" />
      </Data>
      <Data n="20165106515136e">
        <Key v="18150,700" t="Vector2" n="!$P" />
        <Key v="20202866798502" t="String" n="$T" />
        <Key v="Tak to si bohhužel nemůžeme dovolit. Pojďme se zatím promluvit o něčem jiném." t="String" n="%X" />
      </Data>
      <Data n="20165149427971e">
        <Key v="16050,400" t="Vector2" n="!$P" />
        <Key v="_EGate" t="String" n="$T" />
        <Key v="G1" t="String" n="GT" />
        <Key v="1" t="Int32" n="T2" />
        <Key v="2" t="Decimal" n="Val" />
        <Key v="HL" t="String" n="Cnt" />
        <Key v="Oeg" t="String" n="O" />
      </Data>
      <Data n="20165149604367e">
        <Key v="16350,400" t="Vector2" n="!$P" />
        <Key v="_EGate" t="String" n="$T" />
        <Key v="G1" t="String" n="GT" />
        <Key v="1" t="Int32" n="T2" />
        <Key v="0" t="Decimal" n="Val" />
        <Key v="Waldak_smlouvani" t="String" n="Cnt" />
        <Key v="Oe" t="String" n="O" />
      </Data>
      <Data n="20165106515464e">
        <Key v="16650,400" t="Vector2" n="!$P" />
        <Key v="20202934699316" t="String" n="$T" />
        <Key v="Smlouvat" t="String" n="%CX" />
        <Key v="RoT" t="String" n="Spc" />
        <Key v="L2" t="String" n="Lvl" />
      </Data>
      <Data n="20165106515463e">
        <Key v="18150,400" t="Vector2" n="!$P" />
        <Key v="20202866798502" t="String" n="$T" />
        <Key v="Když si uvědomíte, že jsme tady vlastně za účelem zachránit hrabství, ve kterém právě sedíte, tak by bylo dobré nám trochu pomoci, nemyslíte? A mohl by ste nám dát slevu." t="String" n="%X" />
      </Data>
      <Data n="20165149448982e">
        <Key v="18900,400" t="Vector2" n="!$P" />
        <Key v="_EGate" t="String" n="$T" />
        <Key v="G1" t="String" n="GT" />
        <Key v="1" t="Int32" n="T2" />
        <Key v="2" t="Decimal" n="Val" />
        <Key v="XResult" t="String" n="Cnt" />
        <Key v="Oeg" t="String" n="O" />
      </Data>
      <Data n="20165149613221e">
        <Key v="19200,400" t="Vector2" n="!$P" />
        <Key v="_EFunc" t="String" n="$T" />
        <Key v="G1" t="String" n="GT" />
        <Key v="1" t="Int32" n="T2" />
        <Key v="2" t="Decimal" n="Val" />
        <Key v="Waldak_smlouvani" t="String" n="Cnt" />
        <Key v="Os" t="String" n="O" />
      </Data>
      <Data n="20165149438894e">
        <Key v="19800,400" t="Vector2" n="!$P" />
        <Key v="20202866798502" t="String" n="$T" />
        <Key v="%M1" t="String" n="T" />
        <Key v="No na tom něco bude, dám Vám jí tedy za 35 stříbrných." t="String" n="%X" />
      </Data>
      <Data n="20206670714565e">
        <Key v="_EGate" t="String" n="$T" />
        <Key v="300,400" t="Vector2" n="!$P" />
        <Key v="G1" t="String" n="GT" />
        <Key v="" t="String" n="!!Var" />
        <Key v="Oe" t="String" n="O" />
        <Key v="1" t="Int32" n="T2" />
        <Key v="waldak" t="String" n="!!Cnt" />
        <Key v="Waldak" t="String" n="Cnt" />
        <Key v="1" t="Decimal" n="Val" />
      </Data>
      <Data n="20206670873562e">
        <Key v="20202866798502" t="String" n="$T" />
        <Key v="900,400" t="Vector2" n="!$P" />
        <Key v="%M1" t="String" n="T" />
        <Key v="Heh?! Aha, to jste vy... Tak co to budetentokrát." t="String" n="%X" />
      </Data>
      <Data n="20165098499470e">
        <Key v="5250,250" t="Vector2" n="!$P" />
        <Key v="20202934699316" t="String" n="$T" />
        <Key v="Odejít" t="String" n="%CX" />
      </Data>
      <Data n="20165098499471e">
        <Key v="6300,250" t="Vector2" n="!$P" />
        <Key v="20202866798502" t="String" n="$T" />
        <Key v="Omlouvám se, nechtěli jsme rušit." t="String" n="%X" />
      </Data>
      <Data n="20165149452300e">
        <Key v="18900,200" t="Vector2" n="!$P" />
        <Key v="_EGate" t="String" n="$T" />
        <Key v="G1" t="String" n="GT" />
        <Key v="1" t="Int32" n="T2" />
        <Key v="0" t="Decimal" n="Val" />
        <Key v="XResult" t="String" n="Cnt" />
        <Key v="Oeg" t="String" n="O" />
      </Data>
      <Data n="20165149618459e">
        <Key v="19200,200" t="Vector2" n="!$P" />
        <Key v="_EFunc" t="String" n="$T" />
        <Key v="G1" t="String" n="GT" />
        <Key v="1" t="Int32" n="T2" />
        <Key v="1" t="Decimal" n="Val" />
        <Key v="Waldak_smlouvani" t="String" n="Cnt" />
        <Key v="Os" t="String" n="O" />
      </Data>
      <Data n="20165149439296e">
        <Key v="19800,200" t="Vector2" n="!$P" />
        <Key v="20202866798502" t="String" n="$T" />
        <Key v="%M1" t="String" n="T" />
        <Key v="Jistě ste dostali dost peněž od hraběte, či toho kdo si Vás najal. Pokud ne, doporučuji zajít si za ním. Musím trvat na 50 stříbrných." t="String" n="%X" />
      </Data>
      <Data n="20165105745752e">
        <Key v="12150,-200" t="Vector2" n="!$P" />
        <Key v="_EGate" t="String" n="$T" />
        <Key v="G1" t="String" n="GT" />
        <Key v="1" t="Int32" n="T2" />
        <Key v="2" t="Decimal" n="Val" />
        <Key v="HL" t="String" n="Cnt" />
        <Key v="Oeg" t="String" n="O" />
      </Data>
      <Data n="20165105741079e">
        <Key v="12600,-200" t="Vector2" n="!$P" />
        <Key v="20202934699316" t="String" n="$T" />
        <Key v="Čaroděj" t="String" n="%CX" />
      </Data>
      <Data n="20165105741080e">
        <Key v="13200,-200" t="Vector2" n="!$P" />
        <Key v="20202866798502" t="String" n="$T" />
        <Key v="Poslal nás starosta Mornog, že bys nám mohl prozradit trochu více ohledně legendy o čaroději, který by měl dokázat zvrátit invazi Orků." t="String" n="%X" />
      </Data>
      <Data n="20165105866722e">
        <Key v="13950,-200" t="Vector2" n="!$P" />
        <Key v="20202866798502" t="String" n="$T" />
        <Key v="%M1" t="String" n="T" />
        <Key v="Ach to jistě myslíte &quot;Legendu o čaroději Thémilovi&quot;. Hned Vám jí najdu.  (Knihovník se zvedne a odšourá se někam k zadním policím. Za pár minut se vrátí se s koženým pouzdrem)" t="String" n="%X" />
      </Data>
      <Data n="20165105876558e">
        <Key v="14700,-200" t="Vector2" n="!$P" />
        <Key v="20202866798502" t="String" n="$T" />
        <Key v="%M1" t="String" n="T" />
        <Key v="Tak tady to máme. Legenda o Thémilovi:" t="String" n="%X" />
      </Data>
      <Data n="20165106009658e">
        <Key v="15300,-200" t="Vector2" n="!$P" />
        <Key v="20206371455404" t="String" n="$T" />
        <Key v="zápis do deníku" t="String" n="!%Txt" />
      </Data>
      <Data n="20165106004002e">
        <Key v="15900,-200" t="Vector2" n="!$P" />
        <Key v="20202866798502" t="String" n="$T" />
        <Key v="%M1" t="String" n="T" />
        <Key v="Až poslední věže padnou, až městské hradby budou praskat v základech, až mocné síly zahalí Aledorn, pak pozdě bude volat o pomoc. Však dříve začne-li se hledat pomoc, obrátí se karta. Čaroděj Thémil  pomůže navrátit rovnováhu dobra a zla a Temné hvozdy ukážou svou pravou tvář. Pak odvráceno bude zlo, však musí býti včas, pokud města padnou, nebude již ani hlas." t="String" n="%X" />
      </Data>
      <Data n="20165106020420e">
        <Key v="16650,-200" t="Vector2" n="!$P" />
        <Key v="20202866798502" t="String" n="$T" />
        <Key v="%M1" t="String" n="T" />
        <Key v="Já osobně z ní moc chytrej nejsem. Popravdě se ani neví, kde se ta legenda vzala, či kdo ji napsal. No každopádně máte co ste chtěli. Můžu pro vás ještě něco udělat?" t="String" n="%X" />
      </Data>
      <Data n="20165037712870e">
        <Key v="900,-200" t="Vector2" n="!$P" />
        <Key v="20202866798502" t="String" n="$T" />
        <Key v="%M1" t="String" n="T" />
        <Key v="Ach jo, další narušitel překrásného ticha. Tak copak potřebujete?" t="String" n="%X" />
      </Data>
      <Data n="20165104689078e">
        <Key v="11400,-200" t="Vector2" n="!$P" />
        <Key v="20206495856812" t="String" n="$T" />
        <Key v="Otázky." t="String" n="!%Txt" />
      </Data>
      <Data n="20206671065657e">
        <Key v="_EGate" t="String" n="$T" />
        <Key v="300,-200" t="Vector2" n="!$P" />
        <Key v="G1" t="String" n="GT" />
        <Key v="" t="String" n="!!Var" />
        <Key v="Oe" t="String" n="O" />
        <Key v="1" t="Int32" n="T2" />
        <Key v="waldak" t="String" n="!!Cnt" />
        <Key v="Waldak" t="String" n="Cnt" />
        <Key v="0" t="Decimal" n="Val" />
      </Data>
      <Data n="20165037723216e">
        <Key v="1650,-200" t="Vector2" n="!$P" />
        <Key v="20202934699316" t="String" n="$T" />
        <Key v="Pokračovat" t="String" n="%CX" />
      </Data>
      <Data n="20165037723217e">
        <Key v="2250,-200" t="Vector2" n="!$P" />
        <Key v="20202866798502" t="String" n="$T" />
        <Key v="Zdravím, rádi bychom se tě na něco zeptali." t="String" n="%X" />
      </Data>
      <Data n="20165037730623e">
        <Key v="3000,-200" t="Vector2" n="!$P" />
        <Key v="20202866798502" t="String" n="$T" />
        <Key v="%M1" t="String" n="T" />
        <Key v="Nemám čas tlachat s kde jakým pobudou. Koukejte mazat odkud jste přišli..." t="String" n="%X" />
      </Data>
      <Data n="20165098479378e">
        <Key v="4200,-200" t="Vector2" n="!$P" />
        <Key v="20206495856812" t="String" n="$T" />
        <Key v="Reakce na odpálkování." t="String" n="!%Txt" />
      </Data>
      <Data n="20165098551085e">
        <Key v="4800,-200" t="Vector2" n="!$P" />
        <Key v="20206352251934" t="String" n="$T" />
        <Key v="CkI" t="String" n="GT" />
        <Key v="SkH" t="String" n="T" />
        <Key v="I20157375210590" t="String" n="It" />
        <Key v="1" t="String" n="C" />
      </Data>
      <Data n="20165098498920e">
        <Key v="5250,-200" t="Vector2" n="!$P" />
        <Key v="20202934699316" t="String" n="$T" />
        <Key v="Podplatit. (1 st)" t="String" n="%CX" />
      </Data>
      <Data n="20165098538420e">
        <Key v="5700,-200" t="Vector2" n="!$P" />
        <Key v="20206371455404" t="String" n="$T" />
        <Key v="CkI" t="String" n="GT" />
        <Key v="SaT" t="String" n="T" />
        <Key v="I20157375210590" t="String" n="It" />
        <Key v="1" t="String" n="C" />
      </Data>
      <Data n="20165098498919e">
        <Key v="6300,-200" t="Vector2" n="!$P" />
        <Key v="20202866798502" t="String" n="$T" />
        <Key v="Možná by nám tato stříbrná mince pomohla se domluvit. Co říkáte?" t="String" n="%X" />
      </Data>
      <Data n="20165105673035e">
        <Key v="7050,-200" t="Vector2" n="!$P" />
        <Key v="_EFunc" t="String" n="$T" />
        <Key v="G1" t="String" n="GT" />
        <Key v="1" t="Int32" n="T2" />
        <Key v="1" t="Decimal" n="Val" />
        <Key v="Waldak" t="String" n="Cnt" />
        <Key v="Os" t="String" n="O" />
      </Data>
      <Data n="20165102675345e">
        <Key v="7800,-200" t="Vector2" n="!$P" />
        <Key v="20202866798502" t="String" n="$T" />
        <Key v="%M1" t="String" n="T" />
        <Key v="No to je vskutku silný argument. (rychle schová minci do kapsy) Tak co pro Vás mohu udělat?" t="String" n="%X" />
      </Data>
      <Data n="20165037732908e">
        <Key v="1650,-500" t="Vector2" n="!$P" />
        <Key v="20202934699316" t="String" n="$T" />
        <Key v="Odejít" t="String" n="%CX" />
      </Data>
      <Data n="20165037732907e">
        <Key v="2250,-500" t="Vector2" n="!$P" />
        <Key v="20202866798502" t="String" n="$T" />
        <Key v="Ale nic. Jdem pryč." t="String" n="%X" />
      </Data>
      <Data n="20165106146044e">
        <Key v="16650,-700" t="Vector2" n="!$P" />
        <Key v="20202934699316" t="String" n="$T" />
        <Key v="Přerušit ho" t="String" n="%CX" />
      </Data>
      <Data n="20165106146045e">
        <Key v="17250,-700" t="Vector2" n="!$P" />
        <Key v="20202866798502" t="String" n="$T" />
        <Key v="To nám stačilo, raděj bychom se zeptali na něco jiného." t="String" n="%X" />
      </Data>
      <Data n="20165098517258e">
        <Key v="4800,-750" t="Vector2" n="!$P" />
        <Key v="_EGate" t="String" n="$T" />
        <Key v="G1" t="String" n="GT" />
        <Key v="1" t="Int32" n="T2" />
        <Key v="2" t="Decimal" n="Val" />
        <Key v="HL" t="String" n="Cnt" />
        <Key v="Oeg" t="String" n="O" />
      </Data>
      <Data n="20165098498445e">
        <Key v="5250,-750" t="Vector2" n="!$P" />
        <Key v="20202934699316" t="String" n="$T" />
        <Key v="Argumentovat" t="String" n="%CX" />
      </Data>
      <Data n="20165098498446e">
        <Key v="6300,-750" t="Vector2" n="!$P" />
        <Key v="20202866798502" t="String" n="$T" />
        <Key v="Tak tedy poslouchej a POSLOUCHEJ dobře. Jsme tady z pověření hraběte Aledorna a pochybuju o tom, že by rád slyšel, jak jsi s námi jednal. Takže teď  nám odpovíš na pár otázek. Jasný?" t="String" n="%X" />
      </Data>
      <Data n="20165103361382e">
        <Key v="7050,-750" t="Vector2" n="!$P" />
        <Key v="_EFunc" t="String" n="$T" />
        <Key v="G1" t="String" n="GT" />
        <Key v="1" t="Int32" n="T2" />
        <Key v="1" t="Decimal" n="Val" />
        <Key v="Waldak" t="String" n="Cnt" />
        <Key v="Os" t="String" n="O" />
      </Data>
      <Data n="20165102693858e">
        <Key v="7800,-750" t="Vector2" n="!$P" />
        <Key v="20202866798502" t="String" n="$T" />
        <Key v="%M1" t="String" n="T" />
        <Key v="Sakryš, sakryš. No tak to se Vám asi budu muset věnovat. Tak co by ste rádi věděli?" t="String" n="%X" />
      </Data>
      <Data n="20165105741347e">
        <Key v="12600,-1000" t="Vector2" n="!$P" />
        <Key v="20202934699316" t="String" n="$T" />
        <Key v="Historie souostroví" t="String" n="%CX" />
      </Data>
      <Data n="20165105741340e">
        <Key v="13200,-1000" t="Vector2" n="!$P" />
        <Key v="20202866798502" t="String" n="$T" />
        <Key v="Zajímala by nás historie ostrova." t="String" n="%X" />
      </Data>
      <Data n="20165106040846e">
        <Key v="13950,-1000" t="Vector2" n="!$P" />
        <Key v="20202866798502" t="String" n="$T" />
        <Key v="%M1" t="String" n="T" />
        <Key v="Opravdu? Tak to jste po dlouhé době jediní. Dnešní mladé zajímají úplně jiné věci. Pak tedy poslouchejte:" t="String" n="%X" />
      </Data>
      <Data n="20165106056081e">
        <Key v="14700,-1000" t="Vector2" n="!$P" />
        <Key v="20202934699316" t="String" n="$T" />
        <Key v="Poslouchat" t="String" n="%CX" />
      </Data>
      <Data n="20165106056080e">
        <Key v="15300,-1000" t="Vector2" n="!$P" />
        <Key v="20202866798502" t="String" n="$T" />
        <Key v="..." t="String" n="%X" />
      </Data>
      <Data n="20165106090475e">
        <Key v="15900,-1000" t="Vector2" n="!$P" />
        <Key v="20202866798502" t="String" n="$T" />
        <Key v="%M1" t="String" n="T" />
        <Key v="Píše se rok 456 a slavný objevitel Sandebar přijíždí na zatím bezejmený ostrov. Ostrov na kterém právě stojíme. Pojmenoval ho, jak jistě víte Nirma. Tři roky na to je však konfrontován s momentálními obyvateli - Orky a donucen ostrov opustit." t="String" n="%X" />
      </Data>
      <Data n="20165106144036e">
        <Key v="16650,-1000" t="Vector2" n="!$P" />
        <Key v="20202934699316" t="String" n="$T" />
        <Key v="Poslouchat dál" t="String" n="%CX" />
      </Data>
      <Data n="20165106144035e">
        <Key v="17250,-1000" t="Vector2" n="!$P" />
        <Key v="20202866798502" t="String" n="$T" />
        <Key v="Pokračuj..." t="String" n="%X" />
      </Data>
      <Data n="20165106158131e">
        <Key v="18000,-1000" t="Vector2" n="!$P" />
        <Key v="20202866798502" t="String" n="$T" />
        <Key v="%M1" t="String" n="T" />
        <Key v="Na scénu přichází samozvaný čaroděj Thémil, který nabízí své služby proti Orkům. Sandebar vědom si síly kterou nashromáždil ho ignoruje a zaútočí plnou silou na ostrov Nirma. Orci jsou postupně zatlačeni až na samý okraj ostrova. Ovšem nastává zvrat, když je roku 463 Sandebar v boji smrtelně raněn. Orci ačkoli oslabeni, jsou ponecháni osudu a jednotky se stahují zpět." t="String" n="%X" />
      </Data>
      <Data n="20165106223819e">
        <Key v="18750,-1000" t="Vector2" n="!$P" />
        <Key v="20202866798502" t="String" n="$T" />
        <Key v="%M1" t="String" n="T" />
        <Key v="V hlavním městě Lim začíná boj o moc tří šlechticů z nichž roku 470 vyhrává hrabě Aledorn I. a prakticky celý ostrov přejmenuje na Aledorsnké hrabství." t="String" n="%X" />
      </Data>
      <Data n="20165106227519e">
        <Key v="19500,-1000" t="Vector2" n="!$P" />
        <Key v="20202934699316" t="String" n="$T" />
        <Key v="Přerušit ho" t="String" n="%CX" />
      </Data>
      <Data n="20165106226966e">
        <Key v="19500,-1200" t="Vector2" n="!$P" />
        <Key v="20202934699316" t="String" n="$T" />
        <Key v="Poslouchat dál" t="String" n="%CX" />
      </Data>
      <Data n="20165106226967e">
        <Key v="20100,-1200" t="Vector2" n="!$P" />
        <Key v="20202866798502" t="String" n="$T" />
        <Key v="%M1" t="String" n="T" />
        <Key v="No a pak už je to jen hromada letopočtů, kterými vás nebudu zatěžovat. Stačí jen vědět, že dnešni hrabě Aledorn III je vnuk Aledorna I a že v průběhu minulých 50ti let byla založena města Manto a Tarma. Dále hrabě Aledorn II zbudoval 5 obraných věží, z nichž dnes stojí pouze 3. Kdybyste měli opravdu zájem o přesné letopočty, určitě bych je někde dohledal." t="String" n="%X" />
      </Data>
      <Data n="20165106248312e">
        <Key v="20850,-1200" t="Vector2" n="!$P" />
        <Key v="20202866798502" t="String" n="$T" />
        <Key v="To bylo opravdu vyčerpávající shrnutí dosavadní historie. Teď bychom se tě chtěli zeptat zas na něco trochu jiného." t="String" n="%X" />
      </Data>
      <Data n="20165103341133e">
        <Key v="4800,-1350" t="Vector2" n="!$P" />
        <Key v="_EGate" t="String" n="$T" />
        <Key v="G0" t="String" n="GT" />
        <Key v="Waldak_vyhrozovani" t="String" n="Var" />
      </Data>
      <Data n="20165098512555e">
        <Key v="5250,-1350" t="Vector2" n="!$P" />
        <Key v="20202934699316" t="String" n="$T" />
        <Key v="Vyhrožovat" t="String" n="%CX" />
        <Key v="RoI" t="String" n="Spc" />
        <Key v="L1" t="String" n="Lvl" />
      </Data>
      <Data n="20165103335901e">
        <Key v="5700,-1350" t="Vector2" n="!$P" />
        <Key v="_EFunc" t="String" n="$T" />
        <Key v="G0" t="String" n="GT" />
        <Key v="Waldak_vyhrozovani" t="String" n="Var" />
      </Data>
      <Data n="20165098512556e">
        <Key v="6300,-1350" t="Vector2" n="!$P" />
        <Key v="20202866798502" t="String" n="$T" />
        <Key v="Ses asi hodně blbě podíval na to, s kým mluvíš co? Koukni se raděj ještě jednou a pořádně, třeba ti dojde, že tvůj přístup by tě mohl docela bolet." t="String" n="%X" />
      </Data>
      <Data n="20165105666084e">
        <Key v="7050,-1350" t="Vector2" n="!$P" />
        <Key v="_EGate" t="String" n="$T" />
        <Key v="G1" t="String" n="GT" />
        <Key v="1" t="Int32" n="T2" />
        <Key v="0" t="Decimal" n="Val" />
        <Key v="XResult" t="String" n="Cnt" />
        <Key v="Oeg" t="String" n="O" />
      </Data>
      <Data n="20165103296886e">
        <Key v="7800,-1350" t="Vector2" n="!$P" />
        <Key v="20202866798502" t="String" n="$T" />
        <Key v="%M1" t="String" n="T" />
        <Key v="Pche, pakáž jedna. Jste v centru Limu a vyhrožujete mě? MĚ? Známéme knihovníkovi Waldaku Loaylarovi? Na to fakt nemám čas..." t="String" n="%X" />
      </Data>
      <Data n="20165105652310e">
        <Key v="7050,-1550" t="Vector2" n="!$P" />
        <Key v="_EGate" t="String" n="$T" />
        <Key v="G1" t="String" n="GT" />
        <Key v="1" t="Int32" n="T2" />
        <Key v="2" t="Decimal" n="Val" />
        <Key v="XResult" t="String" n="Cnt" />
        <Key v="Oeg" t="String" n="O" />
      </Data>
      <Data n="20165103354439e">
        <Key v="7350,-1550" t="Vector2" n="!$P" />
        <Key v="_EFunc" t="String" n="$T" />
        <Key v="G1" t="String" n="GT" />
        <Key v="1" t="Int32" n="T2" />
        <Key v="1" t="Decimal" n="Val" />
        <Key v="Waldak" t="String" n="Cnt" />
        <Key v="Os" t="String" n="O" />
      </Data>
      <Data n="20165103295299e">
        <Key v="7800,-1550" t="Vector2" n="!$P" />
        <Key v="20202866798502" t="String" n="$T" />
        <Key v="%M1" t="String" n="T" />
        <Key v="Hm, no dobrá dobrá... Zas tak moc se nestalo, tak co teda potřebujete?" t="String" n="%X" />
      </Data>
      <Data n="20165106057630e">
        <Key v="14700,-1600" t="Vector2" n="!$P" />
        <Key v="20202934699316" t="String" n="$T" />
        <Key v="Přerušit ho" t="String" n="%CX" />
      </Data>
      <Data n="20165106057631e">
        <Key v="15300,-1600" t="Vector2" n="!$P" />
        <Key v="20202866798502" t="String" n="$T" />
        <Key v="No, totiž... myslím, že jsem si to rozmyslel, raděj se tě zeptám na něco jiného." t="String" n="%X" />
      </Data>
      <Data n="20165106081895e">
        <Key v="16200,-1600" t="Vector2" n="!$P" />
        <Key v="20202866798502" t="String" n="$T" />
        <Key v="%M1" t="String" n="T" />
        <Key v="Jak jinak, dnešní mládež už historie nezajímá." t="String" n="%X" />
      </Data>
      <Data n="20165103343855e">
        <Key v="4800,-1850" t="Vector2" n="!$P" />
        <Key v="_EGate" t="String" n="$T" />
        <Key v="G0" t="String" n="GT" />
        <Key v="Waldak_premlouvani" t="String" n="Var" />
      </Data>
      <Data n="20165098773610e">
        <Key v="5250,-1850" t="Vector2" n="!$P" />
        <Key v="20202934699316" t="String" n="$T" />
        <Key v="Přemluvit ho ke spolupráci" t="String" n="%CX" />
        <Key v="RoP" t="String" n="Spc" />
        <Key v="L2" t="String" n="Lvl" />
      </Data>
      <Data n="20165103347761e">
        <Key v="5700,-1850" t="Vector2" n="!$P" />
        <Key v="_EFunc" t="String" n="$T" />
        <Key v="G0" t="String" n="GT" />
        <Key v="Waldak_premlouvani" t="String" n="Var" />
      </Data>
      <Data n="20165098773609e">
        <Key v="6300,-1850" t="Vector2" n="!$P" />
        <Key v="20202866798502" t="String" n="$T" />
        <Key v="Poslouchej, je jistě pravda, že jsme tě vyrušili a určitě máš na starosti spoustu důležitějších věcí, než je vybaovat se s kde jakým otrapou. Na druhou stranu nás zajímá zejména historie a o té si jistě rád povykládáš. Jsi jistě vzdělaný v dějinách ostrova a možná nejen to. Takže by byla škoda nevyužít toho, že tady máš nadšené posluchače." t="String" n="%X" />
      </Data>
      <Data n="20165105670762e">
        <Key v="7050,-1850" t="Vector2" n="!$P" />
        <Key v="_EGate" t="String" n="$T" />
        <Key v="G1" t="String" n="GT" />
        <Key v="1" t="Int32" n="T2" />
        <Key v="2" t="Decimal" n="Val" />
        <Key v="XResult" t="String" n="Cnt" />
        <Key v="Oeg" t="String" n="O" />
      </Data>
      <Data n="20165105671727e">
        <Key v="7350,-1850" t="Vector2" n="!$P" />
        <Key v="_EFunc" t="String" n="$T" />
        <Key v="G1" t="String" n="GT" />
        <Key v="1" t="Int32" n="T2" />
        <Key v="1" t="Decimal" n="Val" />
        <Key v="Waldak" t="String" n="Cnt" />
        <Key v="Os" t="String" n="O" />
      </Data>
      <Data n="20165104698500e">
        <Key v="7800,-1850" t="Vector2" n="!$P" />
        <Key v="20202866798502" t="String" n="$T" />
        <Key v="%M1" t="String" n="T" />
        <Key v="No, samozřejmě v celém Limu nenajdete nikoho, kdo by o historii naší krásné země věděl více. Tak tedy dobrá, věnuji vám několik svých drahých minut. Co chcete vědět?" t="String" n="%X" />
      </Data>
      <Data n="20165105671192e">
        <Key v="7050,-2050" t="Vector2" n="!$P" />
        <Key v="_EGate" t="String" n="$T" />
        <Key v="G1" t="String" n="GT" />
        <Key v="1" t="Int32" n="T2" />
        <Key v="0" t="Decimal" n="Val" />
        <Key v="XResult" t="String" n="Cnt" />
        <Key v="Oeg" t="String" n="O" />
      </Data>
      <Data n="20165105649197e">
        <Key v="7800,-2050" t="Vector2" n="!$P" />
        <Key v="20202866798502" t="String" n="$T" />
        <Key v="%M1" t="String" n="T" />
        <Key v="To je jistě pravada, nicméně nehodlám svůj drahocený čas utrácet s váma." t="String" n="%X" />
      </Data>
      <Data n="20165105741562e">
        <Key v="12600,-2150" t="Vector2" n="!$P" />
        <Key v="20202934699316" t="String" n="$T" />
        <Key v="O orcích" t="String" n="%CX" />
      </Data>
      <Data n="20165105741561e">
        <Key v="13200,-2150" t="Vector2" n="!$P" />
        <Key v="20202866798502" t="String" n="$T" />
        <Key v="Rádi bychom se dozvěděli něco bližšího o orcích. Pokud totiž proti nim máme bojovat, bylo by dobré vědět o nich více." t="String" n="%X" />
      </Data>
      <Data n="20165106318818e">
        <Key v="13950,-2150" t="Vector2" n="!$P" />
        <Key v="20202866798502" t="String" n="$T" />
        <Key v="%M1" t="String" n="T" />
        <Key v="A tak Orci Vás zajímají, no podívám se co bych tady tak měl. (Odejde někam dozadu k policím s knihami. Za pár minut se vrátí a v rukách má několik knih). Tak tady máte vše, co jsem našel. Můžete si sednout támhle ke stolku a studovat." t="String" n="%X" />
      </Data>
      <Data n="20165106371048e">
        <Key v="14700,-2150" t="Vector2" n="!$P" />
        <Key v="20202934699316" t="String" n="$T" />
        <Key v="Prostudovat knihy (6 hodin)" t="String" n="%CX" />
        <Key v="" t="String" n="!!Skl" />
      </Data>
      <Data n="20165106404084e">
        <Key v="15300,-2150" t="Vector2" n="!$P" />
        <Key v="20206371455404" t="String" n="$T" />
        <Key v="rozdělit družinu" t="String" n="!%Txt" />
        <Key v="CkU" t="String" n="GT" />
        <Key v="SpL" t="String" n="T" />
        <Key v="360" t="Int32" n="Lck" />
        <Key v="Knihovna_studium_Orci" t="String" n="VK" />
      </Data>
      <Data n="20165106371049e">
        <Key v="16200,-2150" t="Vector2" n="!$P" />
        <Key v="20202866798502" t="String" n="$T" />
        <Key v="Výborně, teď k dalším otázkám." t="String" n="%X" />
      </Data>
      <Data n="20165106371321e">
        <Key v="14700,-2350" t="Vector2" n="!$P" />
        <Key v="20202934699316" t="String" n="$T" />
        <Key v="Vykašlat se na knihy" t="String" n="%CX" />
      </Data>
      <Data n="20165106371322e">
        <Key v="15300,-2350" t="Vector2" n="!$P" />
        <Key v="20202866798502" t="String" n="$T" />
        <Key v="Tak toho je až příliš, na to nemáme čas. Raději se zeptáme na něco jiného." t="String" n="%X" />
      </Data>
      <Data n="20165106436232e">
        <Key v="16200,-2350" t="Vector2" n="!$P" />
        <Key v="20202866798502" t="String" n="$T" />
        <Key v="%M1" t="String" n="T" />
        <Key v="Příště se Vám nakašlu něco hledat. Tak co ještě chcete vědět?" t="String" n="%X" />
      </Data>
      <Data n="20165105742018e">
        <Key v="12600,-2850" t="Vector2" n="!$P" />
        <Key v="20202934699316" t="String" n="$T" />
        <Key v="Odejít" t="String" n="%CX" />
      </Data>
      <Data n="20165105742019e">
        <Key v="13200,-2850" t="Vector2" n="!$P" />
        <Key v="20202866798502" t="String" n="$T" />
        <Key v="Nic dalšího vědět nepotřebujem. Dík moc Waldaku." t="String" n="%X" />
      </Data>
    </Data>
    <Data n="$Conns">
      <Data n="20206671071014c">
        <Key v="20206671065657e" t="String" n="$E" />
        <Data n="!Node">
          <Key v="0,-230" t="Vector2" n="0" />
        </Data>
      </Data>
      <Data n="20206671782112c">
        <Key v="20165153438907e" t="String" n="$S" />
        <Key v="20165104689078e" t="String" n="$E" />
        <Data n="!Node">
          <Key v="22050,4820" t="Vector2" n="0" />
          <Key v="22050,5520" t="Vector2" n="1" />
          <Key v="10350,5520" t="Vector2" n="2" />
          <Key v="10350,-230" t="Vector2" n="3" />
        </Data>
      </Data>
      <Data n="20165037723216c">
        <Key v="20165037723216e" t="String" n="$E" />
        <Key v="20165037712870e" t="String" n="$S" />
        <Data n="!Node" />
      </Data>
      <Data n="20165037732907c">
        <Key v="20165037732907e" t="String" n="$E" />
        <Key v="20165037732908e" t="String" n="$S" />
      </Data>
      <Data n="20165037723217c">
        <Key v="20165037723217e" t="String" n="$E" />
        <Key v="20165037723216e" t="String" n="$S" />
      </Data>
      <Data n="20165037730623c">
        <Key v="20165037730623e" t="String" n="$E" />
        <Key v="20165037723217e" t="String" n="$S" />
      </Data>
      <Data n="20165098479378c">
        <Key v="20165098479378e" t="String" n="$E" />
        <Key v="20165037730623e" t="String" n="$S" />
      </Data>
      <Data n="20165098551085c">
        <Key v="20165098551085e" t="String" n="$E" />
        <Key v="20165098479378e" t="String" n="$S" />
      </Data>
      <Data n="20165098498920c">
        <Key v="20165098498920e" t="String" n="$E" />
        <Key v="20165098551085e" t="String" n="$S" />
      </Data>
      <Data n="20165098538420c">
        <Key v="20165098538420e" t="String" n="$E" />
        <Key v="20165098498920e" t="String" n="$S" />
      </Data>
      <Data n="20165098517258c">
        <Key v="20165098517258e" t="String" n="$E" />
        <Key v="20165098479378e" t="String" n="$S" />
        <Data n="!Node">
          <Key v="4500,-230" t="Vector2" n="0" />
          <Key v="4500,-780" t="Vector2" n="1" />
        </Data>
      </Data>
      <Data n="20165098498445c">
        <Key v="20165098498445e" t="String" n="$E" />
        <Key v="20165098517258e" t="String" n="$S" />
      </Data>
      <Data n="20165098499470c">
        <Key v="20165098499470e" t="String" n="$E" />
        <Key v="20165098479378e" t="String" n="$S" />
        <Data n="!Node">
          <Key v="4500,-230" t="Vector2" n="0" />
          <Key v="4500,220" t="Vector2" n="1" />
        </Data>
      </Data>
      <Data n="20165103341133c">
        <Key v="20165103341133e" t="String" n="$E" />
        <Key v="20165098479378e" t="String" n="$S" />
        <Data n="!Node">
          <Key v="4500,-230" t="Vector2" n="0" />
          <Key v="4500,-1380" t="Vector2" n="1" />
        </Data>
      </Data>
      <Data n="20165098512555c">
        <Key v="20165098512555e" t="String" n="$E" />
        <Key v="20165103341133e" t="String" n="$S" />
      </Data>
      <Data n="20165103335901c">
        <Key v="20165103335901e" t="String" n="$E" />
        <Key v="20165098512555e" t="String" n="$S" />
      </Data>
      <Data n="20165103343855c">
        <Key v="20165103343855e" t="String" n="$E" />
        <Key v="20165098479378e" t="String" n="$S" />
        <Data n="!Node">
          <Key v="4500,-230" t="Vector2" n="0" />
          <Key v="4500,-1880" t="Vector2" n="1" />
        </Data>
      </Data>
      <Data n="20165098773610c">
        <Key v="20165098773610e" t="String" n="$E" />
        <Key v="20165103343855e" t="String" n="$S" />
      </Data>
      <Data n="20165103347761c">
        <Key v="20165103347761e" t="String" n="$E" />
        <Key v="20165098773610e" t="String" n="$S" />
      </Data>
      <Data n="20165098498919c">
        <Key v="20165098498919e" t="String" n="$E" />
        <Key v="20165098538420e" t="String" n="$S" />
      </Data>
      <Data n="20165098498446c">
        <Key v="20165098498446e" t="String" n="$E" />
        <Key v="20165098498445e" t="String" n="$S" />
      </Data>
      <Data n="20165098499471c">
        <Key v="20165098499471e" t="String" n="$E" />
        <Key v="20165098499470e" t="String" n="$S" />
      </Data>
      <Data n="20165098512556c">
        <Key v="20165098512556e" t="String" n="$E" />
        <Key v="20165103335901e" t="String" n="$S" />
      </Data>
      <Data n="20165098773609c">
        <Key v="20165098773609e" t="String" n="$E" />
        <Key v="20165103347761e" t="String" n="$S" />
      </Data>
      <Data n="20165105673035c">
        <Key v="20165105673035e" t="String" n="$E" />
        <Key v="20165098498919e" t="String" n="$S" />
      </Data>
      <Data n="20165103361382c">
        <Key v="20165103361382e" t="String" n="$E" />
        <Key v="20165098498446e" t="String" n="$S" />
      </Data>
      <Data n="20165105666084c">
        <Key v="20165105666084e" t="String" n="$E" />
        <Key v="20165098512556e" t="String" n="$S" />
      </Data>
      <Data n="20165105652310c">
        <Key v="20165105652310e" t="String" n="$E" />
        <Key v="20165098512556e" t="String" n="$S" />
        <Data n="!Node">
          <Key v="6750,-1380" t="Vector2" n="0" />
          <Key v="6750,-1580" t="Vector2" n="1" />
        </Data>
      </Data>
      <Data n="20165103354439c">
        <Key v="20165103354439e" t="String" n="$E" />
        <Key v="20165105652310e" t="String" n="$S" />
      </Data>
      <Data n="20165105670762c">
        <Key v="20165105670762e" t="String" n="$E" />
        <Key v="20165098773609e" t="String" n="$S" />
      </Data>
      <Data n="20165105671727c">
        <Key v="20165105671727e" t="String" n="$E" />
        <Key v="20165105670762e" t="String" n="$S" />
      </Data>
      <Data n="20165105671192c">
        <Key v="20165105671192e" t="String" n="$E" />
        <Key v="20165098773609e" t="String" n="$S" />
        <Data n="!Node">
          <Key v="6750,-1880" t="Vector2" n="0" />
          <Key v="6750,-2080" t="Vector2" n="1" />
        </Data>
      </Data>
      <Data n="20165102675345c">
        <Key v="20165102675345e" t="String" n="$E" />
        <Key v="20165105673035e" t="String" n="$S" />
      </Data>
      <Data n="20165102693858c">
        <Key v="20165102693858e" t="String" n="$E" />
        <Key v="20165103361382e" t="String" n="$S" />
      </Data>
      <Data n="20165103296886c">
        <Key v="20165103296886e" t="String" n="$E" />
        <Key v="20165105666084e" t="String" n="$S" />
      </Data>
      <Data n="20165103295299c">
        <Key v="20165103295299e" t="String" n="$E" />
        <Key v="20165103354439e" t="String" n="$S" />
      </Data>
      <Data n="20165104698500c">
        <Key v="20165104698500e" t="String" n="$E" />
        <Key v="20165105671727e" t="String" n="$S" />
      </Data>
      <Data n="20165105649197c">
        <Key v="20165105649197e" t="String" n="$E" />
        <Key v="20165105671192e" t="String" n="$S" />
      </Data>
      <Data n="20165104689078c">
        <Key v="20165104689078e" t="String" n="$E" />
        <Key v="20165102675345e" t="String" n="$S" />
      </Data>
      <Data n="20206616255968c">
        <Key v="20165104689078e" t="String" n="$E" />
        <Key v="20165102693858e" t="String" n="$S" />
        <Data n="!Node">
          <Key v="8550,-780" t="Vector2" n="0" />
          <Key v="8550,-230" t="Vector2" n="1" />
        </Data>
      </Data>
      <Data n="20206616255969c">
        <Key v="20165098479378e" t="String" n="$E" />
        <Key v="20165103296886e" t="String" n="$S" />
        <Data n="!Node">
          <Key v="8250,-1380" t="Vector2" n="0" />
          <Key v="8250,-2830" t="Vector2" n="1" />
          <Key v="3450,-2830" t="Vector2" n="2" />
          <Key v="3450,-230" t="Vector2" n="3" />
        </Data>
      </Data>
      <Data n="20206616255970c">
        <Key v="20165104689078e" t="String" n="$E" />
        <Key v="20165103295299e" t="String" n="$S" />
        <Data n="!Node">
          <Key v="8550,-1580" t="Vector2" n="0" />
          <Key v="8550,-230" t="Vector2" n="1" />
        </Data>
      </Data>
      <Data n="20206694698614c">
        <Key v="20165155490645e" t="String" n="$S" />
        <Key v="20165106640584e" t="String" n="$E" />
        <Data n="!Node">
          <Key v="20850,3370" t="Vector2" n="0" />
          <Key v="20850,4570" t="Vector2" n="1" />
        </Data>
      </Data>
      <Data n="20206616255972c">
        <Key v="20165098479378e" t="String" n="$E" />
        <Key v="20165105649197e" t="String" n="$S" />
        <Data n="!Node">
          <Key v="8100,-2080" t="Vector2" n="0" />
          <Key v="8100,-2580" t="Vector2" n="1" />
          <Key v="3600,-2580" t="Vector2" n="2" />
          <Key v="3600,-230" t="Vector2" n="3" />
        </Data>
      </Data>
      <Data n="20165150598584c">
        <Key v="20165150598584e" t="String" n="$E" />
        <Key v="20165104689078e" t="String" n="$S" />
        <Data n="!Node">
          <Key v="11850,-230" t="Vector2" n="0" />
          <Key v="11850,4120" t="Vector2" n="1" />
        </Data>
      </Data>
      <Data n="20165106446929c">
        <Key v="20165106446929e" t="String" n="$E" />
        <Key v="20165150598584e" t="String" n="$S" />
      </Data>
      <Data n="20165105745752c">
        <Key v="20165105745752e" t="String" n="$E" />
        <Key v="20165104689078e" t="String" n="$S" />
      </Data>
      <Data n="20165105741079c">
        <Key v="20165105741079e" t="String" n="$E" />
        <Key v="20165105745752e" t="String" n="$S" />
      </Data>
      <Data n="20165105741347c">
        <Key v="20165105741347e" t="String" n="$E" />
        <Key v="20165104689078e" t="String" n="$S" />
        <Data n="!Node">
          <Key v="11850,-230" t="Vector2" n="0" />
          <Key v="11850,-1030" t="Vector2" n="1" />
        </Data>
      </Data>
      <Data n="20165105741562c">
        <Key v="20165105741562e" t="String" n="$E" />
        <Key v="20165104689078e" t="String" n="$S" />
        <Data n="!Node">
          <Key v="11850,-230" t="Vector2" n="0" />
          <Key v="11850,-2180" t="Vector2" n="1" />
        </Data>
      </Data>
      <Data n="20165149632482c">
        <Key v="20165149632482e" t="String" n="$E" />
        <Key v="20165104689078e" t="String" n="$S" />
        <Data n="!Node">
          <Key v="11850,-230" t="Vector2" n="0" />
          <Key v="11850,2170" t="Vector2" n="1" />
        </Data>
      </Data>
      <Data n="20165105741782c">
        <Key v="20165105741782e" t="String" n="$E" />
        <Key v="20165149632482e" t="String" n="$S" />
      </Data>
      <Data n="20165105742018c">
        <Key v="20165105742018e" t="String" n="$E" />
        <Key v="20165104689078e" t="String" n="$S" />
        <Data n="!Node">
          <Key v="11850,-230" t="Vector2" n="0" />
          <Key v="11850,-2880" t="Vector2" n="1" />
        </Data>
      </Data>
      <Data n="20165106446928c">
        <Key v="20165106446928e" t="String" n="$E" />
        <Key v="20165106446929e" t="String" n="$S" />
      </Data>
      <Data n="20165105741080c">
        <Key v="20165105741080e" t="String" n="$E" />
        <Key v="20165105741079e" t="String" n="$S" />
      </Data>
      <Data n="20165105741340c">
        <Key v="20165105741340e" t="String" n="$E" />
        <Key v="20165105741347e" t="String" n="$S" />
      </Data>
      <Data n="20165105741561c">
        <Key v="20165105741561e" t="String" n="$E" />
        <Key v="20165105741562e" t="String" n="$S" />
      </Data>
      <Data n="20165105741783c">
        <Key v="20165105741783e" t="String" n="$E" />
        <Key v="20165105741782e" t="String" n="$S" />
      </Data>
      <Data n="20165105742019c">
        <Key v="20165105742019e" t="String" n="$E" />
        <Key v="20165105742018e" t="String" n="$S" />
      </Data>
      <Data n="20165156230694c">
        <Key v="20165156230694e" t="String" n="$E" />
        <Key v="20165106446928e" t="String" n="$S" />
      </Data>
      <Data n="20206694564982c">
        <Key v="20165106446928e" t="String" n="$S" />
        <Key v="20206694561045e" t="String" n="$E" />
        <Data n="!Node">
          <Key v="13650,4120" t="Vector2" n="0" />
          <Key v="13650,3770" t="Vector2" n="1" />
        </Data>
      </Data>
      <Data n="20165105866722c">
        <Key v="20165105866722e" t="String" n="$E" />
        <Key v="20165105741080e" t="String" n="$S" />
      </Data>
      <Data n="20165106040846c">
        <Key v="20165106040846e" t="String" n="$E" />
        <Key v="20165105741340e" t="String" n="$S" />
      </Data>
      <Data n="20165150391301c">
        <Key v="20165150391301e" t="String" n="$E" />
        <Key v="20165105741783e" t="String" n="$S" />
      </Data>
      <Data n="20165150386818c">
        <Key v="20165150386818e" t="String" n="$E" />
        <Key v="20165105741783e" t="String" n="$S" />
        <Data n="!Node">
          <Key v="13650,2170" t="Vector2" n="0" />
          <Key v="13650,1270" t="Vector2" n="1" />
        </Data>
      </Data>
      <Data n="20165150580919c">
        <Key v="20165150580919e" t="String" n="$E" />
        <Key v="20165156230694e" t="String" n="$S" />
      </Data>
      <Data n="20165154882894c">
        <Key v="20165154882894e" t="String" n="$E" />
        <Key v="20165156229872e" t="String" n="$S" />
      </Data>
      <Data n="20165105876558c">
        <Key v="20165105876558e" t="String" n="$E" />
        <Key v="20165105866722e" t="String" n="$S" />
      </Data>
      <Data n="20165106056081c">
        <Key v="20165106056081e" t="String" n="$E" />
        <Key v="20165106040846e" t="String" n="$S" />
      </Data>
      <Data n="20165106057630c">
        <Key v="20165106057630e" t="String" n="$E" />
        <Key v="20165106040846e" t="String" n="$S" />
        <Data n="!Node">
          <Key v="14400,-1030" t="Vector2" n="0" />
          <Key v="14400,-1630" t="Vector2" n="1" />
        </Data>
      </Data>
      <Data n="20165106318818c">
        <Key v="20165106318818e" t="String" n="$E" />
        <Key v="20165105741561e" t="String" n="$S" />
      </Data>
      <Data n="20165150377397c">
        <Key v="20165150377397e" t="String" n="$E" />
        <Key v="20165150391301e" t="String" n="$S" />
      </Data>
      <Data n="20165106504573c">
        <Key v="20165106504573e" t="String" n="$E" />
        <Key v="20165150386818e" t="String" n="$S" />
      </Data>
      <Data n="20165153429715c">
        <Key v="20165153429715e" t="String" n="$E" />
        <Key v="20165150580919e" t="String" n="$S" />
      </Data>
      <Data n="20165156180832c">
        <Key v="20165156180832e" t="String" n="$E" />
        <Key v="20165154882894e" t="String" n="$S" />
      </Data>
      <Data n="20165155489416c">
        <Key v="20165155489416e" t="String" n="$E" />
        <Key v="20165156180832e" t="String" n="$S" />
      </Data>
      <Data n="20165156181559c">
        <Key v="20165156181559e" t="String" n="$E" />
        <Key v="20165155489416e" t="String" n="$S" />
      </Data>
      <Data n="20165156242667c">
        <Key v="20165156242667e" t="String" n="$E" />
        <Key v="20165156181559e" t="String" n="$S" />
      </Data>
      <Data n="20165156196224c">
        <Key v="20165156196224e" t="String" n="$E" />
        <Key v="20165154882894e" t="String" n="$S" />
        <Data n="!Node">
          <Key v="15750,3770" t="Vector2" n="0" />
          <Key v="15750,3570" t="Vector2" n="1" />
        </Data>
      </Data>
      <Data n="20165155490061c">
        <Key v="20165155490061e" t="String" n="$E" />
        <Key v="20165156196224e" t="String" n="$S" />
      </Data>
      <Data n="20165156215477c">
        <Key v="20165156215477e" t="String" n="$E" />
        <Key v="20165154882894e" t="String" n="$S" />
        <Data n="!Node">
          <Key v="15750,3770" t="Vector2" n="0" />
          <Key v="15750,3370" t="Vector2" n="1" />
        </Data>
      </Data>
      <Data n="20165155490646c">
        <Key v="20165155490646e" t="String" n="$E" />
        <Key v="20165156215477e" t="String" n="$S" />
      </Data>
      <Data n="20165106009658c">
        <Key v="20165106009658e" t="String" n="$E" />
        <Key v="20165105876558e" t="String" n="$S" />
        <Data n="!Node">
          <Key v="15150,-227" t="Vector2" n="0" />
        </Data>
      </Data>
      <Data n="20165106056080c">
        <Key v="20165106056080e" t="String" n="$E" />
        <Key v="20165106056081e" t="String" n="$S" />
      </Data>
      <Data n="20165106057631c">
        <Key v="20165106057631e" t="String" n="$E" />
        <Key v="20165106057630e" t="String" n="$S" />
      </Data>
      <Data n="20165106371048c">
        <Key v="20165106371048e" t="String" n="$E" />
        <Key v="20165106318818e" t="String" n="$S" />
      </Data>
      <Data n="20165106404084c">
        <Key v="20165106404084e" t="String" n="$E" />
        <Key v="20165106371048e" t="String" n="$S" />
      </Data>
      <Data n="20165106371321c">
        <Key v="20165106371321e" t="String" n="$E" />
        <Key v="20165106318818e" t="String" n="$S" />
        <Data n="!Node">
          <Key v="14400,-2180" t="Vector2" n="0" />
          <Key v="14400,-2380" t="Vector2" n="1" />
        </Data>
      </Data>
      <Data n="20165150404829c">
        <Key v="20165150404829e" t="String" n="$E" />
        <Key v="20165150377397e" t="String" n="$S" />
      </Data>
      <Data n="20165106511763c">
        <Key v="20165106511763e" t="String" n="$E" />
        <Key v="20165106504573e" t="String" n="$S" />
      </Data>
      <Data n="20165153674193c">
        <Key v="20165153674193e" t="String" n="$E" />
        <Key v="20165153429715e" t="String" n="$S" />
        <Data n="!Node">
          <Key v="15750,4120" t="Vector2" n="0" />
          <Key v="15750,4820" t="Vector2" n="1" />
        </Data>
      </Data>
      <Data n="20165153438908c">
        <Key v="20165153438908e" t="String" n="$E" />
        <Key v="20165153674193e" t="String" n="$S" />
      </Data>
      <Data n="20165153675056c">
        <Key v="20165153675056e" t="String" n="$E" />
        <Key v="20165153438908e" t="String" n="$S" />
      </Data>
      <Data n="20165156247338c">
        <Key v="20165156247338e" t="String" n="$E" />
        <Key v="20165153675056e" t="String" n="$S" />
      </Data>
      <Data n="20165153669688c">
        <Key v="20165153669688e" t="String" n="$E" />
        <Key v="20165153429715e" t="String" n="$S" />
        <Data n="!Node">
          <Key v="15750,4120" t="Vector2" n="0" />
          <Key v="15750,4570" t="Vector2" n="1" />
        </Data>
      </Data>
      <Data n="20165153433909c">
        <Key v="20165153433909e" t="String" n="$E" />
        <Key v="20165153669688e" t="String" n="$S" />
      </Data>
      <Data n="20165153665559c">
        <Key v="20165153665559e" t="String" n="$E" />
        <Key v="20165153429715e" t="String" n="$S" />
        <Data n="!Node">
          <Key v="15750,4120" t="Vector2" n="0" />
          <Key v="15750,4370" t="Vector2" n="1" />
        </Data>
      </Data>
      <Data n="20165153434396c">
        <Key v="20165153434396e" t="String" n="$E" />
        <Key v="20165153665559e" t="String" n="$S" />
      </Data>
      <Data n="20165154863862c">
        <Key v="20165154863862e" t="String" n="$E" />
        <Key v="20165153429715e" t="String" n="$S" />
      </Data>
      <Data n="20165153434899c">
        <Key v="20165153434899e" t="String" n="$E" />
        <Key v="20165154863862e" t="String" n="$S" />
      </Data>
      <Data n="20165155489415c">
        <Key v="20165155489415e" t="String" n="$E" />
        <Key v="20165156242667e" t="String" n="$S" />
      </Data>
      <Data n="20165155490060c">
        <Key v="20165155490060e" t="String" n="$E" />
        <Key v="20165155490061e" t="String" n="$S" />
      </Data>
      <Data n="20165155490645c">
        <Key v="20165155490645e" t="String" n="$E" />
        <Key v="20165155490646e" t="String" n="$S" />
      </Data>
      <Data n="20165106004002c">
        <Key v="20165106004002e" t="String" n="$E" />
        <Key v="20165106009658e" t="String" n="$S" />
      </Data>
      <Data n="20165106090475c">
        <Key v="20165106090475e" t="String" n="$E" />
        <Key v="20165106056080e" t="String" n="$S" />
      </Data>
      <Data n="20165106081895c">
        <Key v="20165106081895e" t="String" n="$E" />
        <Key v="20165106057631e" t="String" n="$S" />
      </Data>
      <Data n="20165106371049c">
        <Key v="20165106371049e" t="String" n="$E" />
        <Key v="20165106404084e" t="String" n="$S" />
      </Data>
      <Data n="20165106371322c">
        <Key v="20165106371322e" t="String" n="$E" />
        <Key v="20165106371321e" t="String" n="$S" />
      </Data>
      <Data n="20165150337929c">
        <Key v="20165150337929e" t="String" n="$E" />
        <Key v="20165150404829e" t="String" n="$S" />
        <Data n="!Node">
          <Key v="15750,2170" t="Vector2" n="0" />
          <Key v="15750,2620" t="Vector2" n="1" />
        </Data>
      </Data>
      <Data n="20165150336461c">
        <Key v="20165150336461e" t="String" n="$E" />
        <Key v="20165150337929e" t="String" n="$S" />
      </Data>
      <Data n="20165150335815c">
        <Key v="20165150335815e" t="String" n="$E" />
        <Key v="20165150404829e" t="String" n="$S" />
      </Data>
      <Data n="20165150205605c">
        <Key v="20165150205605e" t="String" n="$E" />
        <Key v="20165150335815e" t="String" n="$S" />
      </Data>
      <Data n="20165150223758c">
        <Key v="20165150223758e" t="String" n="$E" />
        <Key v="20165150404829e" t="String" n="$S" />
        <Data n="!Node">
          <Key v="15750,2170" t="Vector2" n="0" />
          <Key v="15750,1770" t="Vector2" n="1" />
        </Data>
      </Data>
      <Data n="20165150204515c">
        <Key v="20165150204515e" t="String" n="$E" />
        <Key v="20165150223758e" t="String" n="$S" />
      </Data>
      <Data n="20165150234997c">
        <Key v="20165150234997e" t="String" n="$E" />
        <Key v="20165150204515e" t="String" n="$S" />
      </Data>
      <Data n="20165106672772c">
        <Key v="20165106672772e" t="String" n="$E" />
        <Key v="20165106511763e" t="String" n="$S" />
      </Data>
      <Data n="20165106628620c">
        <Key v="20165106628620e" t="String" n="$E" />
        <Key v="20165106672772e" t="String" n="$S" />
      </Data>
      <Data n="20165106673244c">
        <Key v="20165106673244e" t="String" n="$E" />
        <Key v="20165106628620e" t="String" n="$S" />
      </Data>
      <Data n="20165150241648c">
        <Key v="20165150241648e" t="String" n="$E" />
        <Key v="20165106673244e" t="String" n="$S" />
      </Data>
      <Data n="20165106624520c">
        <Key v="20165106624520e" t="String" n="$E" />
        <Key v="20165106511763e" t="String" n="$S" />
        <Data n="!Node">
          <Key v="15750,1270" t="Vector2" n="0" />
          <Key v="15750,970" t="Vector2" n="1" />
        </Data>
      </Data>
      <Data n="20165106514839c">
        <Key v="20165106514839e" t="String" n="$E" />
        <Key v="20165106624520e" t="String" n="$S" />
      </Data>
      <Data n="20165106630999c">
        <Key v="20165106630999e" t="String" n="$E" />
        <Key v="20165106511763e" t="String" n="$S" />
        <Data n="!Node">
          <Key v="15750,1270" t="Vector2" n="0" />
          <Key v="15750,670" t="Vector2" n="1" />
        </Data>
      </Data>
      <Data n="20165106515137c">
        <Key v="20165106515137e" t="String" n="$E" />
        <Key v="20165106630999e" t="String" n="$S" />
      </Data>
      <Data n="20165149427971c">
        <Key v="20165149427971e" t="String" n="$E" />
        <Key v="20165106511763e" t="String" n="$S" />
        <Data n="!Node">
          <Key v="15750,1270" t="Vector2" n="0" />
          <Key v="15750,370" t="Vector2" n="1" />
        </Data>
      </Data>
      <Data n="20165149604367c">
        <Key v="20165149604367e" t="String" n="$E" />
        <Key v="20165149427971e" t="String" n="$S" />
      </Data>
      <Data n="20165106515464c">
        <Key v="20165106515464e" t="String" n="$E" />
        <Key v="20165149604367e" t="String" n="$S" />
      </Data>
      <Data n="20165153438907c">
        <Key v="20165153438907e" t="String" n="$E" />
        <Key v="20165156247338e" t="String" n="$S" />
      </Data>
      <Data n="20165153433908c">
        <Key v="20165153433908e" t="String" n="$E" />
        <Key v="20165153433909e" t="String" n="$S" />
      </Data>
      <Data n="20165153434395c">
        <Key v="20165153434395e" t="String" n="$E" />
        <Key v="20165153434396e" t="String" n="$S" />
      </Data>
      <Data n="20165153434900c">
        <Key v="20165153434900e" t="String" n="$E" />
        <Key v="20165153434899e" t="String" n="$S" />
      </Data>
      <Data n="20165106020420c">
        <Key v="20165106020420e" t="String" n="$E" />
        <Key v="20165106004002e" t="String" n="$S" />
      </Data>
      <Data n="20165106144036c">
        <Key v="20165106144036e" t="String" n="$E" />
        <Key v="20165106090475e" t="String" n="$S" />
      </Data>
      <Data n="20165106146044c">
        <Key v="20165106146044e" t="String" n="$E" />
        <Key v="20165106090475e" t="String" n="$S" />
        <Data n="!Node">
          <Key v="16350,-1030" t="Vector2" n="0" />
          <Key v="16350,-730" t="Vector2" n="1" />
        </Data>
      </Data>
      <Data n="20206616256067c">
        <Key v="20165104689078e" t="String" n="$E" />
        <Key v="20165106081895e" t="String" n="$S" />
        <Data n="!Node">
          <Key v="16950,-1630" t="Vector2" n="0" />
          <Key v="16950,-3780" t="Vector2" n="1" />
          <Key v="8850,-3780" t="Vector2" n="2" />
          <Key v="8850,-230" t="Vector2" n="3" />
        </Data>
      </Data>
      <Data n="20206616256070c">
        <Key v="20165104689078e" t="String" n="$E" />
        <Key v="20165106371049e" t="String" n="$S" />
        <Data n="!Node">
          <Key v="16800,-2180" t="Vector2" n="0" />
          <Key v="16800,-3580" t="Vector2" n="1" />
          <Key v="9000,-3580" t="Vector2" n="2" />
          <Key v="9000,-230" t="Vector2" n="3" />
        </Data>
      </Data>
      <Data n="20165106436232c">
        <Key v="20165106436232e" t="String" n="$E" />
        <Key v="20165106371322e" t="String" n="$S" />
      </Data>
      <Data n="20165150336460c">
        <Key v="20165150336460e" t="String" n="$E" />
        <Key v="20165150336461e" t="String" n="$S" />
      </Data>
      <Data n="20165150205604c">
        <Key v="20165150205604e" t="String" n="$E" />
        <Key v="20165150205605e" t="String" n="$S" />
      </Data>
      <Data n="20165150204514c">
        <Key v="20165150204514e" t="String" n="$E" />
        <Key v="20165150234997e" t="String" n="$S" />
      </Data>
      <Data n="20165106628619c">
        <Key v="20165106628619e" t="String" n="$E" />
        <Key v="20165150241648e" t="String" n="$S" />
      </Data>
      <Data n="20165106514838c">
        <Key v="20165106514838e" t="String" n="$E" />
        <Key v="20165106514839e" t="String" n="$S" />
      </Data>
      <Data n="20165106515136c">
        <Key v="20165106515136e" t="String" n="$E" />
        <Key v="20165106515137e" t="String" n="$S" />
      </Data>
      <Data n="20165106515463c">
        <Key v="20165106515463e" t="String" n="$E" />
        <Key v="20165106515464e" t="String" n="$S" />
      </Data>
      <Data n="20165106640584c">
        <Key v="20165106640584e" t="String" n="$E" />
        <Key v="20165153433908e" t="String" n="$S" />
      </Data>
      <Data n="20206616256080c">
        <Key v="20165106640584e" t="String" n="$E" />
        <Key v="20165153434395e" t="String" n="$S" />
        <Data n="!Node">
          <Key v="20550,4370" t="Vector2" n="0" />
          <Key v="20550,4570" t="Vector2" n="1" />
        </Data>
      </Data>
      <Data n="20165154639338c">
        <Key v="20165154639338e" t="String" n="$E" />
        <Key v="20165153434900e" t="String" n="$S" />
        <Data n="!Node">
          <Key v="18600,4120" t="Vector2" n="0" />
          <Key v="18600,3870" t="Vector2" n="1" />
        </Data>
      </Data>
      <Data n="20165154872876c">
        <Key v="20165154872876e" t="String" n="$E" />
        <Key v="20165154639338e" t="String" n="$S" />
      </Data>
      <Data n="20165154643555c">
        <Key v="20165154643555e" t="String" n="$E" />
        <Key v="20165153434900e" t="String" n="$S" />
        <Data n="!Node" />
      </Data>
      <Data n="20165154875504c">
        <Key v="20165154875504e" t="String" n="$E" />
        <Key v="20165154643555e" t="String" n="$S" />
      </Data>
      <Data n="20206616256085c">
        <Key v="20165104689078e" t="String" n="$E" />
        <Key v="20165106020420e" t="String" n="$S" />
        <Data n="!Node">
          <Key v="22800,-230" t="Vector2" n="0" />
          <Key v="22800,6420" t="Vector2" n="1" />
          <Key v="9600,6420" t="Vector2" n="2" />
          <Key v="9600,-230" t="Vector2" n="3" />
        </Data>
      </Data>
      <Data n="20165106144035c">
        <Key v="20165106144035e" t="String" n="$E" />
        <Key v="20165106144036e" t="String" n="$S" />
      </Data>
      <Data n="20165106146045c">
        <Key v="20165106146045e" t="String" n="$E" />
        <Key v="20165106146044e" t="String" n="$S" />
      </Data>
      <Data n="20206616256088c">
        <Key v="20165104689078e" t="String" n="$E" />
        <Key v="20165106436232e" t="String" n="$S" />
        <Data n="!Node">
          <Key v="16650,-2380" t="Vector2" n="0" />
          <Key v="16650,-3430" t="Vector2" n="1" />
          <Key v="9150,-3430" t="Vector2" n="2" />
          <Key v="9150,-230" t="Vector2" n="3" />
        </Data>
      </Data>
      <Data n="20206616256089c">
        <Key v="20165106640584e" t="String" n="$E" />
        <Key v="20165150336460e" t="String" n="$S" />
        <Data n="!Node">
          <Key v="21000,2620" t="Vector2" n="0" />
          <Key v="21000,4570" t="Vector2" n="1" />
        </Data>
      </Data>
      <Data n="20206616256090c">
        <Key v="20165106640584e" t="String" n="$E" />
        <Key v="20165150205604e" t="String" n="$S" />
        <Data n="!Node">
          <Key v="21150,2170" t="Vector2" n="0" />
          <Key v="21150,4570" t="Vector2" n="1" />
        </Data>
      </Data>
      <Data n="20206616256091c">
        <Key v="20165104689078e" t="String" n="$E" />
        <Key v="20165150204514e" t="String" n="$S" />
        <Data n="!Node">
          <Key v="22500,1770" t="Vector2" n="0" />
          <Key v="22500,6120" t="Vector2" n="1" />
          <Key v="9900,6120" t="Vector2" n="2" />
          <Key v="9900,-230" t="Vector2" n="3" />
        </Data>
      </Data>
      <Data n="20206616256092c">
        <Key v="20165104689078e" t="String" n="$E" />
        <Key v="20165106628619e" t="String" n="$S" />
        <Data n="!Node">
          <Key v="22650,1270" t="Vector2" n="0" />
          <Key v="22650,6270" t="Vector2" n="1" />
          <Key v="9750,6270" t="Vector2" n="2" />
          <Key v="9750,-230" t="Vector2" n="3" />
        </Data>
      </Data>
      <Data n="20206616256093c">
        <Key v="20165106640584e" t="String" n="$E" />
        <Key v="20165106514838e" t="String" n="$S" />
        <Data n="!Node">
          <Key v="21300,970" t="Vector2" n="0" />
          <Key v="21300,4570" t="Vector2" n="1" />
        </Data>
      </Data>
      <Data n="20206616256094c">
        <Key v="20165106640584e" t="String" n="$E" />
        <Key v="20165106515136e" t="String" n="$S" />
        <Data n="!Node">
          <Key v="21450,670" t="Vector2" n="0" />
          <Key v="21450,4570" t="Vector2" n="1" />
        </Data>
      </Data>
      <Data n="20165149448982c">
        <Key v="20165149448982e" t="String" n="$E" />
        <Key v="20165106515463e" t="String" n="$S" />
      </Data>
      <Data n="20165149613221c">
        <Key v="20165149613221e" t="String" n="$E" />
        <Key v="20165149448982e" t="String" n="$S" />
      </Data>
      <Data n="20165149452300c">
        <Key v="20165149452300e" t="String" n="$E" />
        <Key v="20165106515463e" t="String" n="$S" />
        <Data n="!Node">
          <Key v="18600,370" t="Vector2" n="0" />
          <Key v="18600,170" t="Vector2" n="1" />
        </Data>
      </Data>
      <Data n="20165149618459c">
        <Key v="20165149618459e" t="String" n="$E" />
        <Key v="20165149452300e" t="String" n="$S" />
      </Data>
      <Data n="20206616256099c">
        <Key v="20165104689078e" t="String" n="$E" />
        <Key v="20165106640584e" t="String" n="$S" />
        <Data n="!Node">
          <Key v="22200,4570" t="Vector2" n="0" />
          <Key v="22200,5720" t="Vector2" n="1" />
          <Key v="10200,5720" t="Vector2" n="2" />
          <Key v="10200,-230" t="Vector2" n="3" />
        </Data>
      </Data>
      <Data n="20165153679236c">
        <Key v="20165153679236e" t="String" n="$E" />
        <Key v="20165154872876e" t="String" n="$S" />
      </Data>
      <Data n="20165154633697c">
        <Key v="20165154633697e" t="String" n="$E" />
        <Key v="20165154875504e" t="String" n="$S" />
      </Data>
      <Data n="20165106158131c">
        <Key v="20165106158131e" t="String" n="$E" />
        <Key v="20165106144035e" t="String" n="$S" />
      </Data>
      <Data n="20206616256103c">
        <Key v="20165106081895e" t="String" n="$E" />
        <Key v="20165106146045e" t="String" n="$S" />
        <Data n="!Node">
          <Key v="17700,-730" t="Vector2" n="0" />
          <Key v="17700,-1380" t="Vector2" n="1" />
          <Key v="15750,-1380" t="Vector2" n="2" />
          <Key v="15750,-1630" t="Vector2" n="3" />
        </Data>
      </Data>
      <Data n="20165149438894c">
        <Key v="20165149438894e" t="String" n="$E" />
        <Key v="20165149613221e" t="String" n="$S" />
      </Data>
      <Data n="20165149439296c">
        <Key v="20165149439296e" t="String" n="$E" />
        <Key v="20165149618459e" t="String" n="$S" />
      </Data>
      <Data n="20206616256106c">
        <Key v="20165154882894e" t="String" n="$E" />
        <Key v="20165153679236e" t="String" n="$S" />
        <Data n="!Node">
          <Key v="20400,3870" t="Vector2" n="0" />
          <Key v="20400,3270" t="Vector2" n="1" />
          <Key v="15150,3270" t="Vector2" n="2" />
          <Key v="15150,3770" t="Vector2" n="3" />
        </Data>
      </Data>
      <Data n="20206616256107c">
        <Key v="20165153429715e" t="String" n="$E" />
        <Key v="20165154633697e" t="String" n="$S" />
        <Data n="!Node">
          <Key v="20400,4120" t="Vector2" n="0" />
          <Key v="20400,4920" t="Vector2" n="1" />
          <Key v="15150,4920" t="Vector2" n="2" />
          <Key v="15150,4120" t="Vector2" n="3" />
        </Data>
      </Data>
      <Data n="20165106223819c">
        <Key v="20165106223819e" t="String" n="$E" />
        <Key v="20165106158131e" t="String" n="$S" />
      </Data>
      <Data n="20206616256109c">
        <Key v="20165150404829e" t="String" n="$E" />
        <Key v="20165149438894e" t="String" n="$S" />
        <Data n="!Node">
          <Key v="20400,370" t="Vector2" n="0" />
          <Key v="20400,-30" t="Vector2" n="1" />
          <Key v="14850,-30" t="Vector2" n="2" />
          <Key v="14850,2170" t="Vector2" n="3" />
        </Data>
      </Data>
      <Data n="20206616256110c">
        <Key v="20165106511763e" t="String" n="$E" />
        <Key v="20165149439296e" t="String" n="$S" />
        <Data n="!Node">
          <Key v="20250,170" t="Vector2" n="0" />
          <Key v="20250,70" t="Vector2" n="1" />
          <Key v="15150,70" t="Vector2" n="2" />
          <Key v="15150,1270" t="Vector2" n="3" />
        </Data>
      </Data>
      <Data n="20165106227519c">
        <Key v="20165106227519e" t="String" n="$E" />
        <Key v="20165106223819e" t="String" n="$S" />
      </Data>
      <Data n="20165106226966c">
        <Key v="20165106226966e" t="String" n="$E" />
        <Key v="20165106223819e" t="String" n="$S" />
        <Data n="!Node">
          <Key v="19200,-1030" t="Vector2" n="0" />
          <Key v="19200,-1230" t="Vector2" n="1" />
        </Data>
      </Data>
      <Data n="20206616256113c">
        <Key v="20165106146045e" t="String" n="$E" />
        <Key v="20165106227519e" t="String" n="$S" />
        <Data n="!Node">
          <Key v="19800,-1030" t="Vector2" n="0" />
          <Key v="19800,-530" t="Vector2" n="1" />
          <Key v="16950,-530" t="Vector2" n="2" />
          <Key v="16950,-730" t="Vector2" n="3" />
        </Data>
      </Data>
      <Data n="20165106226967c">
        <Key v="20165106226967e" t="String" n="$E" />
        <Key v="20165106226966e" t="String" n="$S" />
      </Data>
      <Data n="20165106248312c">
        <Key v="20165106248312e" t="String" n="$E" />
        <Key v="20165106226967e" t="String" n="$S" />
      </Data>
      <Data n="20206616256116c">
        <Key v="20165104689078e" t="String" n="$E" />
        <Key v="20165106248312e" t="String" n="$S" />
        <Data n="!Node">
          <Key v="21600,-1230" t="Vector2" n="0" />
          <Key v="21600,-3980" t="Vector2" n="1" />
          <Key v="8700,-3980" t="Vector2" n="2" />
          <Key v="8700,-230" t="Vector2" n="3" />
        </Data>
      </Data>
      <Data n="20206670868859c">
        <Key v="20206670714565e" t="String" n="$E" />
        <Data n="!Node">
          <Key v="0,370" t="Vector2" n="0" />
        </Data>
      </Data>
      <Data n="20206670882753c">
        <Key v="20206670714565e" t="String" n="$S" />
        <Key v="20206670873562e" t="String" n="$E" />
      </Data>
      <Data n="20206670884819c">
        <Key v="20206670873562e" t="String" n="$S" />
        <Key v="20165104689078e" t="String" n="$E" />
        <Data n="!Node">
          <Key v="8550,370" t="Vector2" n="0" />
          <Key v="8550,-230" t="Vector2" n="1" />
        </Data>
      </Data>
      <Data n="20206671092293c">
        <Key v="20206671065657e" t="String" n="$S" />
        <Key v="20165037712870e" t="String" n="$E" />
      </Data>
      <Data n="20206693589583c">
        <Key v="20165037712870e" t="String" n="$S" />
        <Key v="20165037732908e" t="String" n="$E" />
        <Data n="!Node">
          <Key v="1350,-230" t="Vector2" n="0" />
          <Key v="1350,-530" t="Vector2" n="1" />
        </Data>
      </Data>
      <Data n="20206694565227c">
        <Key v="20206694561045e" t="String" n="$S" />
        <Key v="20165156229872e" t="String" n="$E" />
      </Data>
      <Data n="20206694699676c">
        <Key v="20165155490060e" t="String" n="$S" />
        <Key v="20165106640584e" t="String" n="$E" />
        <Data n="!Node">
          <Key v="20700,3570" t="Vector2" n="0" />
          <Key v="20700,4570" t="Vector2" n="1" />
        </Data>
      </Data>
      <Data n="20206694705083c">
        <Key v="20165155489415e" t="String" n="$S" />
        <Key v="20165104689078e" t="String" n="$E" />
        <Data n="!Node">
          <Key v="22350,3770" t="Vector2" n="0" />
          <Key v="22350,5920" t="Vector2" n="1" />
          <Key v="10050,5920" t="Vector2" n="2" />
          <Key v="10050,-230" t="Vector2" n="3" />
        </Data>
      </Data>
      <Data n="20206731726341c">
        <Key v="20165104698500e" t="String" n="$S" />
        <Key v="20165104689078e" t="String" n="$E" />
        <Data n="!Node">
          <Key v="8550,-1880" t="Vector2" n="0" />
          <Key v="8550,-230" t="Vector2" n="1" />
        </Data>
      </Data>
    </Data>
  </Data>
</DataRoot>