﻿<?xml version="1.0" encoding="utf-8"?>
<DataRoot n="D">
  <Data n="20156406060544">
    <Data n="$Elems">
      <Data n="20156406074310e">
        <Key v="450,0" t="Vector2" n="!$P" />
        <Key v="20202866798502" t="String" n="$T" />
        <Key v="Zdravím pane, tak co nám můžete nabídnout?" t="String" n="%X" />
      </Data>
      <Data n="20156406075992e">
        <Key v="1050,0" t="Vector2" n="!$P" />
        <Key v="20202866798502" t="String" n="$T" />
        <Key v="%M1" t="String" n="T" />
        <Key v="Jen se račte podívat a určitě mi řekněte, budete-li mít o něco zájem." t="String" n="%X" />
      </Data>
      <Data n="20156406095863e">
        <Key v="1650,0" t="Vector2" n="!$P" />
        <Key v="20206371455404" t="String" n="$T" />
        <Key v="přepnutí do GUI_OBCHOD" t="String" n="!%Txt" />
        <Key v="" t="String" n="GT" />
      </Data>
      <Data n="20156406076344e">
        <Key v="2100,0" t="Vector2" n="!$P" />
        <Key v="20202866798502" t="String" n="$T" />
        <Key v="%M1" t="String" n="T" />
        <Key v="Děkuji za obchod, přijďte zas." t="String" n="%X" />
      </Data>
    </Data>
    <Data n="$Conns">
      <Data n="20156406074310c">
        <Key v="20156406074310e" t="String" n="$E" />
      </Data>
      <Data n="20156406075992c">
        <Key v="20156406075992e" t="String" n="$E" />
        <Key v="20156406074310e" t="String" n="$S" />
      </Data>
      <Data n="20156406095863c">
        <Key v="20156406095863e" t="String" n="$E" />
        <Key v="20156406075992e" t="String" n="$S" />
      </Data>
      <Data n="20156406076344c">
        <Key v="20156406076344e" t="String" n="$E" />
        <Key v="20156406095863e" t="String" n="$S" />
      </Data>
    </Data>
  </Data>
</DataRoot>