﻿<?xml version="1.0" encoding="utf-8"?>
<DataRoot n="">
  <Data n="_ROOTS">
    <Key v="-195,1108.056" t="Vector2" n="!$MP" />
    <Key v="0.8,0.8,0.8" t="Vector3" n="!$MZ" />
    <Key v="20208749118787" t="String" n="!$LC" />
    <Data n="$Elems">
      <Data n="20207115259695">
        <Key v="0,0" t="Vector2" n="!$P" />
        <Key v="20207115272493" t="String" n="!$LC" />
        <Key v="EventsPocitadla" t="String" n="C" />
        <Key v="Jimm_stav" t="String" n="%N" />
        <Key v="JimmReq" t="String" n="K" />
      </Data>
      <Data n="20208512099007">
        <Key v="260,0" t="Vector2" n="!$P" />
        <Key v="20208512102510" t="String" n="!$LC" />
        <Key v="EventsPocitadla" t="String" n="C" />
        <Key v="Rossie_stav" t="String" n="%N" />
        <Key v="RossieReq" t="String" n="K" />
      </Data>
      <Data n="20203949228430">
        <Key v="520,-84.82" t="Vector2" n="!$P" />
        <Key v="20203952647115" t="String" n="!$LC" />
        <Key v="Akce" t="String" n="C" />
        <Key v="Success" t="String" n="K" />
        <Key v="1" t="Int32" n="R" />
        <Key v="Úspěch" t="String" n="%N" />
        <Key v="1" t="Int32" n="T" />
        <Key v="1" t="Int32" n="I" />
      </Data>
      <Data n="20203950412945">
        <Key v="260,-84.82" t="Vector2" n="!$P" />
        <Key v="20203952645597" t="String" n="!$LC" />
        <Key v="Akce" t="String" n="C" />
        <Key v="Failure" t="String" n="K" />
        <Key v="1" t="Int32" n="R" />
        <Key v="Neúspěch" t="String" n="%N" />
        <Key v="1" t="Int32" n="T" />
        <Key v="1" t="Int32" n="I" />
      </Data>
      <Data n="20203952648144">
        <Key v="780,-84.82" t="Vector2" n="!$P" />
        <Key v="20203973371060" t="String" n="!$LC" />
        <Key v="Akce" t="String" n="C" />
        <Key v="SuccRatio" t="String" n="K" />
        <Key v="1" t="Int32" n="R" />
        <Key v="Poměr úspěchů" t="String" n="%N" />
        <Key v="1" t="Int32" n="T" />
        <Key v="1" t="Int32" n="I" />
      </Data>
      <Data n="20203973374475">
        <Key v="0,-84.82" t="Vector2" n="!$P" />
        <Key v="20203973376769" t="String" n="!$LC" />
        <Key v="Akce" t="String" n="C" />
        <Key v="FailRatio" t="String" n="K" />
        <Key v="1" t="Int32" n="R" />
        <Key v="Poměr neúspěchů" t="String" n="%N" />
        <Key v="1" t="Int32" n="T" />
        <Key v="1" t="Int32" n="I" />
      </Data>
      <Data n="20203925837071">
        <Key v="260,-169.64" t="Vector2" n="!$P" />
        <Key v="20203925841611" t="String" n="!$LC" />
        <Key v="Atributy" t="String" n="C" />
        <Key v="MiL" t="String" n="K" />
        <Key v="MiL" t="String" n="%N" />
        <Key v="1" t="Int32" n="T" />
        <Key v="1" t="Int32" n="R" />
        <Key v="1" t="Int32" n="I" />
      </Data>
      <Data n="20203925842600">
        <Key v="1300,-169.64" t="Vector2" n="!$P" />
        <Key v="Atributy" t="String" n="C" />
        <Key v="TeL" t="String" n="K" />
        <Key v="TeL" t="String" n="%N" />
        <Key v="1" t="Int32" n="T" />
        <Key v="1" t="Int32" n="R" />
        <Key v="1" t="Int32" n="I" />
        <Key v="20203927894129" t="String" n="!$LC" />
      </Data>
      <Data n="20203925842930">
        <Key v="1040,-169.64" t="Vector2" n="!$P" />
        <Key v="Atributy" t="String" n="C" />
        <Key v="SoL" t="String" n="K" />
        <Key v="SoL" t="String" n="%N" />
        <Key v="1" t="Int32" n="T" />
        <Key v="1" t="Int32" n="R" />
        <Key v="1" t="Int32" n="I" />
        <Key v="20203927897457" t="String" n="!$LC" />
      </Data>
      <Data n="20203925843042">
        <Key v="780,-169.64" t="Vector2" n="!$P" />
        <Key v="Atributy" t="String" n="C" />
        <Key v="ScL" t="String" n="K" />
        <Key v="ScL" t="String" n="%N" />
        <Key v="1" t="Int32" n="T" />
        <Key v="1" t="Int32" n="R" />
        <Key v="1" t="Int32" n="I" />
        <Key v="20203927899579" t="String" n="!$LC" />
      </Data>
      <Data n="20203928018795">
        <Key v="0,-169.64" t="Vector2" n="!$P" />
        <Key v="Atributy" t="String" n="C" />
        <Key v="LvL" t="String" n="K" />
        <Key v="LvL" t="String" n="%N" />
        <Key v="1" t="Int32" n="T" />
        <Key v="1" t="Int32" n="R" />
        <Key v="1" t="Int32" n="I" />
        <Key v="20203928101715" t="String" n="!$LC" />
      </Data>
      <Data n="20203956656014">
        <Key v="520,-169.64" t="Vector2" n="!$P" />
        <Key v="Atributy" t="String" n="C" />
        <Key v="Other" t="String" n="K" />
        <Key v="Specifikováno popisem" t="String" n="%N" />
        <Key v="1" t="Int32" n="T" />
        <Key v="1" t="Int32" n="R" />
        <Key v="1" t="Int32" n="I" />
        <Key v="20203956663704" t="String" n="!$LC" />
      </Data>
      <Data n="20203877604286">
        <Key v="260,-254.46" t="Vector2" n="!$P" />
        <Key v="20203877650345" t="String" n="!$LC" />
        <Key v="Lesy" t="String" n="K" />
        <Key v="Biom" t="String" n="C" />
        <Key v="Lesy" t="String" n="%N" />
        <Key v="1" t="Int32" n="T" />
        <Key v="1" t="Int32" n="R" />
        <Key v="1" t="Int32" n="I" />
      </Data>
      <Data n="20203877640574">
        <Key v="0,-254.46" t="Vector2" n="!$P" />
        <Key v="20203877643894" t="String" n="!$LC" />
        <Key v="Hory" t="String" n="K" />
        <Key v="Biom" t="String" n="C" />
        <Key v="Hory" t="String" n="%N" />
        <Key v="1" t="Int32" n="T" />
        <Key v="1" t="Int32" n="R" />
        <Key v="1" t="Int32" n="I" />
      </Data>
      <Data n="20203877641459">
        <Key v="520,-254.46" t="Vector2" n="!$P" />
        <Key v="20203877648494" t="String" n="!$LC" />
        <Key v="Louky" t="String" n="K" />
        <Key v="Biom" t="String" n="C" />
        <Key v="Louky" t="String" n="%N" />
        <Key v="1" t="Int32" n="T" />
        <Key v="1" t="Int32" n="R" />
        <Key v="1" t="Int32" n="I" />
      </Data>
      <Data n="20203877655495">
        <Key v="1300,-254.46" t="Vector2" n="!$P" />
        <Key v="20203877669691" t="String" n="!$LC" />
        <Key v="Vesnice" t="String" n="K" />
        <Key v="Biom" t="String" n="C" />
        <Key v="Vesnice" t="String" n="%N" />
        <Key v="1" t="Int32" n="T" />
        <Key v="1" t="Int32" n="R" />
        <Key v="1" t="Int32" n="I" />
      </Data>
      <Data n="20203877655662">
        <Key v="780,-254.46" t="Vector2" n="!$P" />
        <Key v="20203901821392" t="String" n="!$LC" />
        <Key v="MalaMesta" t="String" n="K" />
        <Key v="Biom" t="String" n="C" />
        <Key v="Malá města" t="String" n="%N" />
        <Key v="1" t="Int32" n="T" />
        <Key v="1" t="Int32" n="R" />
        <Key v="1" t="Int32" n="I" />
      </Data>
      <Data n="20203877667393">
        <Key v="1040,-254.46" t="Vector2" n="!$P" />
        <Key v="VelkaMesta" t="String" n="K" />
        <Key v="Biom" t="String" n="C" />
        <Key v="Velká města" t="String" n="%N" />
        <Key v="1" t="Int32" n="T" />
        <Key v="1" t="Int32" n="R" />
        <Key v="1" t="Int32" n="I" />
        <Key v="20203901820203" t="String" n="!$LC" />
      </Data>
      <Data n="20203951810327">
        <Key v="260,-339.28" t="Vector2" n="!$P" />
        <Key v="20203951817499" t="String" n="!$LC" />
        <Key v="Cil prirazeni perku" t="String" n="C" />
        <Key v="1" t="Int32" n="T" />
        <Key v="1" t="Int32" n="R" />
        <Key v="1" t="Int32" n="I" />
        <Key v="Specialist" t="String" n="K" />
        <Key v="Specialista" t="String" n="%N" />
      </Data>
      <Data n="20203951817818">
        <Key v="0,-339.28" t="Vector2" n="!$P" />
        <Key v="20203951820123" t="String" n="!$LC" />
        <Key v="Cil prirazeni perku" t="String" n="C" />
        <Key v="1" t="Int32" n="T" />
        <Key v="1" t="Int32" n="R" />
        <Key v="1" t="Int32" n="I" />
        <Key v="Enemy" t="String" n="K" />
        <Key v="Nepřítel" t="String" n="%N" />
      </Data>
      <Data n="20207223505511">
        <Key v="0,-424.1" t="Vector2" n="!$P" />
        <Key v="20207223521216" t="String" n="!$LC" />
        <Key v="Cíle změny sekundárního atributu" t="String" n="C" />
        <Key v="Všichni aktivní specialisté" t="String" n="%N" />
        <Key v="AllActiveSpec" t="String" n="K" />
        <Key v="1" t="Int32" n="T" />
        <Key v="1" t="Int32" n="R" />
        <Key v="1" t="Int32" n="I" />
      </Data>
      <Data n="20207223522116">
        <Key v="780,-424.1" t="Vector2" n="!$P" />
        <Key v="20207223526240" t="String" n="!$LC" />
        <Key v="Cíle změny sekundárního atributu" t="String" n="C" />
        <Key v="Náhodný počet aktivních specialistů" t="String" n="%N" />
        <Key v="RandomActiveSpec" t="String" n="K" />
        <Key v="1" t="Int32" n="T" />
        <Key v="1" t="Int32" n="R" />
        <Key v="1" t="Int32" n="I" />
      </Data>
      <Data n="20207223526377">
        <Key v="520,-424.1" t="Vector2" n="!$P" />
        <Key v="20207223533160" t="String" n="!$LC" />
        <Key v="Cíle změny sekundárního atributu" t="String" n="C" />
        <Key v="Jeden z akticních specialistů" t="String" n="%N" />
        <Key v="OneRanActiveSpec" t="String" n="K" />
        <Key v="1" t="Int32" n="T" />
        <Key v="1" t="Int32" n="R" />
        <Key v="1" t="Int32" n="I" />
      </Data>
      <Data n="20207340854943">
        <Key v="260,-424.1" t="Vector2" n="!$P" />
        <Key v="20207340858317" t="String" n="!$LC" />
        <Key v="Cíle změny sekundárního atributu" t="String" n="C" />
        <Key v="Všichni specialisté" t="String" n="%N" />
        <Key v="AllSpec" t="String" n="K" />
        <Key v="1" t="Int32" n="T" />
        <Key v="1" t="Int32" n="R" />
        <Key v="1" t="Int32" n="I" />
      </Data>
      <Data n="20207365148788">
        <Key v="1040,-424.1" t="Vector2" n="!$P" />
        <Key v="1" t="String" n="R" />
        <Key v="1" t="String" n="T" />
        <Key v="1" t="String" n="I" />
        <Key v="Cíle změny sekundárního atributu" t="String" n="C" />
        <Key v="20207365157515" t="String" n="!$LC" />
        <Key v="Dáno výběrem ID" t="String" n="%N" />
        <Key v="RangeID" t="String" n="K" />
      </Data>
      <Data n="20203973132111">
        <Key v="0,-528.52" t="Vector2" n="!$P" />
        <Key v="20203973222653" t="String" n="!$LC" />
        <Key v="Definice MU" t="String" n="C" />
        <Key v="1" t="Int32" n="T" />
        <Key v="1" t="Int32" n="R" />
        <Key v="1" t="Int32" n="I" />
        <Key v="Přesná MU" t="String" n="%N" />
        <Key v="DirectMU" t="String" n="K" />
      </Data>
      <Data n="20203973222832">
        <Key v="260,-528.52" t="Vector2" n="!$P" />
        <Key v="20203973232194" t="String" n="!$LC" />
        <Key v="Definice MU" t="String" n="C" />
        <Key v="1" t="Int32" n="T" />
        <Key v="1" t="Int32" n="R" />
        <Key v="1" t="Int32" n="I" />
        <Key v="MU je větší než" t="String" n="%N" />
        <Key v="MUBiggerThan" t="String" n="K" />
      </Data>
      <Data n="20203973233795">
        <Key v="780,-528.52" t="Vector2" n="!$P" />
        <Key v="20203973241269" t="String" n="!$LC" />
        <Key v="Definice MU" t="String" n="C" />
        <Key v="1" t="Int32" n="T" />
        <Key v="1" t="Int32" n="R" />
        <Key v="1" t="Int32" n="I" />
        <Key v="MU je menší než" t="String" n="%N" />
        <Key v="MUSmallerThan" t="String" n="K" />
      </Data>
      <Data n="20203973264778">
        <Key v="520,-528.52" t="Vector2" n="!$P" />
        <Key v="20203973267532" t="String" n="!$LC" />
        <Key v="Definice MU" t="String" n="C" />
        <Key v="1" t="Int32" n="T" />
        <Key v="1" t="Int32" n="R" />
        <Key v="1" t="Int32" n="I" />
        <Key v="Násobek MU" t="String" n="%N" />
        <Key v="MultipleMU" t="String" n="K" />
      </Data>
      <Data n="20203952880847">
        <Key v="260,-613.34" t="Vector2" n="!$P" />
        <Key v="20203953002056" t="String" n="!$LC" />
        <Key v="Dopravni prostredek" t="String" n="C" />
        <Key v="VehicleA" t="String" n="K" />
        <Key v="Vozidlo - A" t="String" n="%N" />
        <Key v="1" t="Int32" n="T" />
        <Key v="1" t="Int32" n="R" />
        <Key v="1" t="Int32" n="I" />
      </Data>
      <Data n="20203952893564">
        <Key v="520,-613.34" t="Vector2" n="!$P" />
        <Key v="20203953003995" t="String" n="!$LC" />
        <Key v="Dopravni prostredek" t="String" n="C" />
        <Key v="VehicleB" t="String" n="K" />
        <Key v="Vozidlo - B" t="String" n="%N" />
        <Key v="1" t="Int32" n="T" />
        <Key v="1" t="Int32" n="R" />
        <Key v="1" t="Int32" n="I" />
      </Data>
      <Data n="20203952893774">
        <Key v="780,-613.34" t="Vector2" n="!$P" />
        <Key v="Dopravni prostredek" t="String" n="C" />
        <Key v="VehicleC" t="String" n="K" />
        <Key v="Vozidlo - C" t="String" n="%N" />
        <Key v="1" t="Int32" n="T" />
        <Key v="1" t="Int32" n="R" />
        <Key v="1" t="Int32" n="I" />
        <Key v="20203953005347" t="String" n="!$LC" />
      </Data>
      <Data n="20203952894032">
        <Key v="0,-613.34" t="Vector2" n="!$P" />
        <Key v="Dopravni prostredek" t="String" n="C" />
        <Key v="Vehicle0" t="String" n="K" />
        <Key v="Žádné" t="String" n="%N" />
        <Key v="1" t="Int32" n="T" />
        <Key v="1" t="Int32" n="R" />
        <Key v="1" t="Int32" n="I" />
        <Key v="20203953000759" t="String" n="!$LC" />
      </Data>
      <Data n="20208510080647">
        <Key v="520,-698.16" t="Vector2" n="!$P" />
        <Key v="20208510093988" t="String" n="!$LC" />
        <Key v="Druh nepřátel" t="String" n="C" />
        <Key v="Posedlí" t="String" n="%N" />
        <Key v="KindObsessed" t="String" n="K" />
        <Key v="1" t="Int32" n="T" />
        <Key v="1" t="Int32" n="R" />
        <Key v="1" t="Int32" n="I" />
      </Data>
      <Data n="20208510095477">
        <Key v="0,-698.16" t="Vector2" n="!$P" />
        <Key v="20208510104659" t="String" n="!$LC" />
        <Key v="Druh nepřátel" t="String" n="C" />
        <Key v="Démoni" t="String" n="%N" />
        <Key v="KindDemons" t="String" n="K" />
        <Key v="1" t="Int32" n="T" />
        <Key v="1" t="Int32" n="R" />
        <Key v="1" t="Int32" n="I" />
      </Data>
      <Data n="20208510099976">
        <Key v="260,-698.16" t="Vector2" n="!$P" />
        <Key v="20208510109861" t="String" n="!$LC" />
        <Key v="Druh nepřátel" t="String" n="C" />
        <Key v="Lidé" t="String" n="%N" />
        <Key v="KindHumans" t="String" n="K" />
        <Key v="1" t="Int32" n="T" />
        <Key v="1" t="Int32" n="R" />
        <Key v="1" t="Int32" n="I" />
      </Data>
      <Data n="20203925782466">
        <Key v="260,-782.98" t="Vector2" n="!$P" />
        <Key v="20203925793171" t="String" n="!$LC" />
        <Key v="Druh Testovani" t="String" n="C" />
        <Key v="Together" t="String" n="K" />
        <Key v="Společně" t="String" n="%N" />
        <Key v="1" t="Int32" n="T" />
        <Key v="1" t="Int32" n="R" />
        <Key v="1" t="Int32" n="I" />
      </Data>
      <Data n="20203925793606">
        <Key v="0,-782.98" t="Vector2" n="!$P" />
        <Key v="20203925801294" t="String" n="!$LC" />
        <Key v="Druh Testovani" t="String" n="C" />
        <Key v="Separately" t="String" n="K" />
        <Key v="Separátně" t="String" n="%N" />
        <Key v="1" t="Int32" n="T" />
        <Key v="1" t="Int32" n="R" />
        <Key v="1" t="Int32" n="I" />
      </Data>
      <Data n="20203948535353">
        <Key v="1040,-867.8" t="Vector2" n="!$P" />
        <Key v="20203997287776" t="String" n="!$LC" />
        <Key v="Item types" t="String" n="C" />
        <Key v="ResSpecial" t="String" n="K" />
        <Key v="Speciální surovina" t="String" n="%N" />
        <Key v="1" t="Int32" n="T" />
        <Key v="1" t="Int32" n="R" />
        <Key v="1" t="Int32" n="I" />
      </Data>
      <Data n="20203948505995">
        <Key v="520,-867.8" t="Vector2" n="!$P" />
        <Key v="20203978731418" t="String" n="!$LC" />
        <Key v="Item types" t="String" n="C" />
        <Key v="ItemSpec" t="String" n="K" />
        <Key v="Aktivní předmět" t="String" n="%N" />
        <Key v="1" t="Int32" n="T" />
        <Key v="1" t="Int32" n="R" />
        <Key v="1" t="Int32" n="I" />
      </Data>
      <Data n="20203948531550">
        <Key v="780,-867.8" t="Vector2" n="!$P" />
        <Key v="20203949495352" t="String" n="!$LC" />
        <Key v="Item types" t="String" n="C" />
        <Key v="ResBasic" t="String" n="K" />
        <Key v="Surovina" t="String" n="%N" />
        <Key v="1" t="Int32" n="T" />
        <Key v="1" t="Int32" n="R" />
        <Key v="1" t="Int32" n="I" />
      </Data>
      <Data n="20203948589590">
        <Key v="260,-867.8" t="Vector2" n="!$P" />
        <Key v="20203948596358" t="String" n="!$LC" />
        <Key v="Item types" t="String" n="C" />
        <Key v="BagSpec" t="String" n="K" />
        <Key v="Zavazadlo" t="String" n="%N" />
        <Key v="1" t="Int32" n="T" />
        <Key v="1" t="Int32" n="R" />
        <Key v="1" t="Int32" n="I" />
      </Data>
      <Data n="20203948523410">
        <Key v="0,-867.8" t="Vector2" n="!$P" />
        <Key v="20203978731923" t="String" n="!$LC" />
        <Key v="Item types" t="String" n="C" />
        <Key v="ArmorSpec" t="String" n="K" />
        <Key v="Brnění" t="String" n="%N" />
        <Key v="1" t="Int32" n="T" />
        <Key v="1" t="Int32" n="R" />
        <Key v="1" t="Int32" n="I" />
      </Data>
      <Data n="20203978734392">
        <Key v="1300,-867.8" t="Vector2" n="!$P" />
        <Key v="20203978829158" t="String" n="!$LC" />
        <Key v="Item types" t="String" n="C" />
        <Key v="WeapSpec" t="String" n="K" />
        <Key v="Zbraň" t="String" n="%N" />
        <Key v="1" t="Int32" n="T" />
        <Key v="1" t="Int32" n="R" />
        <Key v="1" t="Int32" n="I" />
      </Data>
      <Data n="20203996310112">
        <Key v="1300,-952.62" t="Vector2" n="!$P" />
        <Key v="20203996435496" t="String" n="!$LC" />
        <Key v="Mistnosti" t="String" n="C" />
        <Key v="Laboratory" t="String" n="K" />
        <Key v="Laboratoř" t="String" n="%N" />
        <Key v="1" t="Int32" n="T" />
        <Key v="1" t="Int32" n="R" />
        <Key v="1" t="Int32" n="I" />
      </Data>
      <Data n="20203996318836">
        <Key v="520,-952.62" t="Vector2" n="!$P" />
        <Key v="20203996428615" t="String" n="!$LC" />
        <Key v="Mistnosti" t="String" n="C" />
        <Key v="EngineRoom" t="String" n="K" />
        <Key v="Strojovna" t="String" n="%N" />
        <Key v="1" t="Int32" n="T" />
        <Key v="1" t="Int32" n="R" />
        <Key v="1" t="Int32" n="I" />
      </Data>
      <Data n="20203996321399">
        <Key v="2080,-952.62" t="Vector2" n="!$P" />
        <Key v="20203996424647" t="String" n="!$LC" />
        <Key v="Mistnosti" t="String" n="C" />
        <Key v="Store" t="String" n="K" />
        <Key v="Sklad" t="String" n="%N" />
        <Key v="1" t="Int32" n="T" />
        <Key v="1" t="Int32" n="R" />
        <Key v="1" t="Int32" n="I" />
      </Data>
      <Data n="20203996323346">
        <Key v="1820,-952.62" t="Vector2" n="!$P" />
        <Key v="20203996410546" t="String" n="!$LC" />
        <Key v="Mistnosti" t="String" n="C" />
        <Key v="Quarters" t="String" n="K" />
        <Key v="Ubikace" t="String" n="%N" />
        <Key v="1" t="Int32" n="T" />
        <Key v="1" t="Int32" n="R" />
        <Key v="1" t="Int32" n="I" />
      </Data>
      <Data n="20203996342218">
        <Key v="2340,-952.62" t="Vector2" n="!$P" />
        <Key v="Mistnosti" t="String" n="C" />
        <Key v="WorkShop" t="String" n="K" />
        <Key v="Dílna" t="String" n="%N" />
        <Key v="1" t="Int32" n="T" />
        <Key v="1" t="Int32" n="R" />
        <Key v="1" t="Int32" n="I" />
        <Key v="20203996346280" t="String" n="!$LC" />
      </Data>
      <Data n="20203996442206">
        <Key v="1040,-952.62" t="Vector2" n="!$P" />
        <Key v="Mistnosti" t="String" n="C" />
        <Key v="Garage" t="String" n="K" />
        <Key v="Garáž" t="String" n="%N" />
        <Key v="1" t="Int32" n="T" />
        <Key v="1" t="Int32" n="R" />
        <Key v="1" t="Int32" n="I" />
        <Key v="20203996450733" t="String" n="!$LC" />
      </Data>
      <Data n="20203996458090">
        <Key v="0,-952.62" t="Vector2" n="!$P" />
        <Key v="Mistnosti" t="String" n="C" />
        <Key v="Cell" t="String" n="K" />
        <Key v="Cela" t="String" n="%N" />
        <Key v="1" t="Int32" n="T" />
        <Key v="1" t="Int32" n="R" />
        <Key v="1" t="Int32" n="I" />
        <Key v="20203996459883" t="String" n="!$LC" />
      </Data>
      <Data n="20203996460116">
        <Key v="260,-952.62" t="Vector2" n="!$P" />
        <Key v="Mistnosti" t="String" n="C" />
        <Key v="Chapel" t="String" n="K" />
        <Key v="Kaple" t="String" n="%N" />
        <Key v="1" t="Int32" n="T" />
        <Key v="1" t="Int32" n="R" />
        <Key v="1" t="Int32" n="I" />
        <Key v="20203996463506" t="String" n="!$LC" />
      </Data>
      <Data n="20203996475943">
        <Key v="1560,-952.62" t="Vector2" n="!$P" />
        <Key v="Mistnosti" t="String" n="C" />
        <Key v="Loophole" t="String" n="K" />
        <Key v="Střílna" t="String" n="%N" />
        <Key v="1" t="Int32" n="T" />
        <Key v="1" t="Int32" n="R" />
        <Key v="1" t="Int32" n="I" />
        <Key v="20203996477927" t="String" n="!$LC" />
      </Data>
      <Data n="20203999154542">
        <Key v="780,-952.62" t="Vector2" n="!$P" />
        <Key v="Mistnosti" t="String" n="C" />
        <Key v="FreePlace" t="String" n="K" />
        <Key v="Volné Pole Bunkru" t="String" n="%N" />
        <Key v="1" t="Int32" n="T" />
        <Key v="1" t="Int32" n="R" />
        <Key v="1" t="Int32" n="I" />
        <Key v="20203999159508" t="String" n="!$LC" />
      </Data>
      <Data n="20203890293721">
        <Key v="0,-1037.44" t="Vector2" n="!$P" />
        <Key v="20206735760437" t="String" n="!$LC" />
        <Key v="Oblast" t="String" n="C" />
        <Key v="Pole01" t="String" n="K" />
        <Key v="Pole 01 " t="String" n="%N" />
        <Key v="1" t="Int32" n="T" />
        <Key v="1" t="Int32" n="R" />
        <Key v="1" t="Int32" n="I" />
      </Data>
      <Data n="20203890322741">
        <Key v="780,-1037.44" t="Vector2" n="!$P" />
        <Key v="20206735764699" t="String" n="!$LC" />
        <Key v="Oblast" t="String" n="C" />
        <Key v="Pole04" t="String" n="K" />
        <Key v="Pole 04" t="String" n="%N" />
        <Key v="1" t="Int32" n="T" />
        <Key v="1" t="Int32" n="R" />
        <Key v="1" t="Int32" n="I" />
      </Data>
      <Data n="20203890365497">
        <Key v="520,-1037.44" t="Vector2" n="!$P" />
        <Key v="20206735763639" t="String" n="!$LC" />
        <Key v="Oblast" t="String" n="C" />
        <Key v="Pole03" t="String" n="K" />
        <Key v="Pole 03" t="String" n="%N" />
        <Key v="1" t="Int32" n="T" />
        <Key v="1" t="Int32" n="R" />
        <Key v="1" t="Int32" n="I" />
      </Data>
      <Data n="20203890392324">
        <Key v="2340,-1037.44" t="Vector2" n="!$P" />
        <Key v="Oblast" t="String" n="C" />
        <Key v="Pole10" t="String" n="K" />
        <Key v="Pole 10" t="String" n="%N" />
        <Key v="1" t="Int32" n="T" />
        <Key v="1" t="Int32" n="R" />
        <Key v="1" t="Int32" n="I" />
        <Key v="20206735770637" t="String" n="!$LC" />
      </Data>
      <Data n="20203890366428">
        <Key v="260,-1037.44" t="Vector2" n="!$P" />
        <Key v="Oblast" t="String" n="C" />
        <Key v="Pole02" t="String" n="K" />
        <Key v="Pole 02" t="String" n="%N" />
        <Key v="1" t="Int32" n="T" />
        <Key v="1" t="Int32" n="R" />
        <Key v="1" t="Int32" n="I" />
        <Key v="20206735761997" t="String" n="!$LC" />
      </Data>
      <Data n="20203890366557">
        <Key v="2080,-1037.44" t="Vector2" n="!$P" />
        <Key v="Oblast" t="String" n="C" />
        <Key v="Pole09" t="String" n="K" />
        <Key v="Pole 09" t="String" n="%N" />
        <Key v="1" t="Int32" n="T" />
        <Key v="1" t="Int32" n="R" />
        <Key v="1" t="Int32" n="I" />
        <Key v="20206735769983" t="String" n="!$LC" />
      </Data>
      <Data n="20203890366590">
        <Key v="1820,-1037.44" t="Vector2" n="!$P" />
        <Key v="Oblast" t="String" n="C" />
        <Key v="Pole08" t="String" n="K" />
        <Key v="Pole 08" t="String" n="%N" />
        <Key v="1" t="Int32" n="T" />
        <Key v="1" t="Int32" n="R" />
        <Key v="1" t="Int32" n="I" />
        <Key v="20206735769011" t="String" n="!$LC" />
      </Data>
      <Data n="20203890366628">
        <Key v="1560,-1037.44" t="Vector2" n="!$P" />
        <Key v="Oblast" t="String" n="C" />
        <Key v="Pole07" t="String" n="K" />
        <Key v="Pole 07" t="String" n="%N" />
        <Key v="1" t="Int32" n="T" />
        <Key v="1" t="Int32" n="R" />
        <Key v="1" t="Int32" n="I" />
        <Key v="20206735767393" t="String" n="!$LC" />
      </Data>
      <Data n="20203890366670">
        <Key v="1300,-1037.44" t="Vector2" n="!$P" />
        <Key v="Oblast" t="String" n="C" />
        <Key v="Pole06" t="String" n="K" />
        <Key v="Pole 06" t="String" n="%N" />
        <Key v="1" t="Int32" n="T" />
        <Key v="1" t="Int32" n="R" />
        <Key v="1" t="Int32" n="I" />
        <Key v="20206735766380" t="String" n="!$LC" />
      </Data>
      <Data n="20203890366711">
        <Key v="1040,-1037.44" t="Vector2" n="!$P" />
        <Key v="Oblast" t="String" n="C" />
        <Key v="Pole05" t="String" n="K" />
        <Key v="Pole 05" t="String" n="%N" />
        <Key v="1" t="Int32" n="T" />
        <Key v="1" t="Int32" n="R" />
        <Key v="1" t="Int32" n="I" />
        <Key v="20206735765437" t="String" n="!$LC" />
      </Data>
      <Data n="20206662186915">
        <Key v="2600,-1037.44" t="Vector2" n="!$P" />
        <Key v="Oblast" t="String" n="C" />
        <Key v="Pole11" t="String" n="K" />
        <Key v="Pole 11" t="String" n="%N" />
        <Key v="1" t="Int32" n="T" />
        <Key v="1" t="Int32" n="R" />
        <Key v="1" t="Int32" n="I" />
        <Key v="20206735771296" t="String" n="!$LC" />
      </Data>
      <Data n="20206662187209">
        <Key v="3120,-1037.44" t="Vector2" n="!$P" />
        <Key v="Oblast" t="String" n="C" />
        <Key v="Pole13" t="String" n="K" />
        <Key v="Pole 13" t="String" n="%N" />
        <Key v="1" t="Int32" n="T" />
        <Key v="1" t="Int32" n="R" />
        <Key v="1" t="Int32" n="I" />
        <Key v="20206735772485" t="String" n="!$LC" />
      </Data>
      <Data n="20206662187330">
        <Key v="2860,-1037.44" t="Vector2" n="!$P" />
        <Key v="Oblast" t="String" n="C" />
        <Key v="Pole12" t="String" n="K" />
        <Key v="Pole 12" t="String" n="%N" />
        <Key v="1" t="Int32" n="T" />
        <Key v="1" t="Int32" n="R" />
        <Key v="1" t="Int32" n="I" />
        <Key v="20206735771838" t="String" n="!$LC" />
      </Data>
      <Data n="20206736111344">
        <Key v="4680,-1037.44" t="Vector2" n="!$P" />
        <Key v="20206736122427" t="String" n="!$LC" />
        <Key v="Oblast" t="String" n="C" />
        <Key v="Pole19" t="String" n="K" />
        <Key v="Pole 19" t="String" n="%N" />
        <Key v="1" t="Int32" n="T" />
        <Key v="1" t="Int32" n="R" />
        <Key v="1" t="Int32" n="I" />
      </Data>
      <Data n="20206736111416">
        <Key v="4420,-1037.44" t="Vector2" n="!$P" />
        <Key v="20206736120604" t="String" n="!$LC" />
        <Key v="Oblast" t="String" n="C" />
        <Key v="Pole18" t="String" n="K" />
        <Key v="Pole 18" t="String" n="%N" />
        <Key v="1" t="Int32" n="T" />
        <Key v="1" t="Int32" n="R" />
        <Key v="1" t="Int32" n="I" />
      </Data>
      <Data n="20206736111461">
        <Key v="4160,-1037.44" t="Vector2" n="!$P" />
        <Key v="20206736118344" t="String" n="!$LC" />
        <Key v="Oblast" t="String" n="C" />
        <Key v="Pole17" t="String" n="K" />
        <Key v="Pole 17" t="String" n="%N" />
        <Key v="1" t="Int32" n="T" />
        <Key v="1" t="Int32" n="R" />
        <Key v="1" t="Int32" n="I" />
      </Data>
      <Data n="20206736111516">
        <Key v="3900,-1037.44" t="Vector2" n="!$P" />
        <Key v="20206736117060" t="String" n="!$LC" />
        <Key v="Oblast" t="String" n="C" />
        <Key v="Pole16" t="String" n="K" />
        <Key v="Pole 16" t="String" n="%N" />
        <Key v="1" t="Int32" n="T" />
        <Key v="1" t="Int32" n="R" />
        <Key v="1" t="Int32" n="I" />
      </Data>
      <Data n="20206736111565">
        <Key v="3640,-1037.44" t="Vector2" n="!$P" />
        <Key v="20206736115383" t="String" n="!$LC" />
        <Key v="Oblast" t="String" n="C" />
        <Key v="Pole15" t="String" n="K" />
        <Key v="Pole 15" t="String" n="%N" />
        <Key v="1" t="Int32" n="T" />
        <Key v="1" t="Int32" n="R" />
        <Key v="1" t="Int32" n="I" />
      </Data>
      <Data n="20206736111624">
        <Key v="3380,-1037.44" t="Vector2" n="!$P" />
        <Key v="20206736114245" t="String" n="!$LC" />
        <Key v="Oblast" t="String" n="C" />
        <Key v="Pole14" t="String" n="K" />
        <Key v="Pole 14" t="String" n="%N" />
        <Key v="1" t="Int32" n="T" />
        <Key v="1" t="Int32" n="R" />
        <Key v="1" t="Int32" n="I" />
      </Data>
      <Data n="20206736123851">
        <Key v="5460,-1037.44" t="Vector2" n="!$P" />
        <Key v="20206736128965" t="String" n="!$LC" />
        <Key v="Oblast" t="String" n="C" />
        <Key v="Pole22" t="String" n="K" />
        <Key v="Pole 22" t="String" n="%N" />
        <Key v="1" t="Int32" n="T" />
        <Key v="1" t="Int32" n="R" />
        <Key v="1" t="Int32" n="I" />
      </Data>
      <Data n="20206736123955">
        <Key v="5200,-1037.44" t="Vector2" n="!$P" />
        <Key v="20206736127456" t="String" n="!$LC" />
        <Key v="Oblast" t="String" n="C" />
        <Key v="Pole21" t="String" n="K" />
        <Key v="Pole 21" t="String" n="%N" />
        <Key v="1" t="Int32" n="T" />
        <Key v="1" t="Int32" n="R" />
        <Key v="1" t="Int32" n="I" />
      </Data>
      <Data n="20206736124535">
        <Key v="4940,-1037.44" t="Vector2" n="!$P" />
        <Key v="20206736125763" t="String" n="!$LC" />
        <Key v="Oblast" t="String" n="C" />
        <Key v="Pole20" t="String" n="K" />
        <Key v="Pole 20" t="String" n="%N" />
        <Key v="1" t="Int32" n="T" />
        <Key v="1" t="Int32" n="R" />
        <Key v="1" t="Int32" n="I" />
      </Data>
      <Data n="20206735436425">
        <Key v="1040,-1122.26" t="Vector2" n="!$P" />
        <Key v="20206735469649" t="String" n="!$LC" />
        <Key v="1" t="Int32" n="T" />
        <Key v="1" t="Int32" n="R" />
        <Key v="1" t="Int32" n="I" />
        <Key v="Obtiznost regionu" t="String" n="C" />
        <Key v="Zanedbatelná" t="String" n="%N" />
        <Key v="Simple" t="String" n="K" />
      </Data>
      <Data n="20206735470400">
        <Key v="0,-1122.26" t="Vector2" n="!$P" />
        <Key v="20206735472380" t="String" n="!$LC" />
        <Key v="1" t="Int32" n="T" />
        <Key v="1" t="Int32" n="R" />
        <Key v="1" t="Int32" n="I" />
        <Key v="Obtiznost regionu" t="String" n="C" />
        <Key v="Nízká" t="String" n="%N" />
        <Key v="Easy" t="String" n="K" />
      </Data>
      <Data n="20206735473527">
        <Key v="780,-1122.26" t="Vector2" n="!$P" />
        <Key v="20206735475524" t="String" n="!$LC" />
        <Key v="1" t="Int32" n="T" />
        <Key v="1" t="Int32" n="R" />
        <Key v="1" t="Int32" n="I" />
        <Key v="Obtiznost regionu" t="String" n="C" />
        <Key v="Střední" t="String" n="%N" />
        <Key v="Medium" t="String" n="K" />
      </Data>
      <Data n="20206735480190">
        <Key v="260,-1122.26" t="Vector2" n="!$P" />
        <Key v="20206735483923" t="String" n="!$LC" />
        <Key v="1" t="Int32" n="T" />
        <Key v="1" t="Int32" n="R" />
        <Key v="1" t="Int32" n="I" />
        <Key v="Obtiznost regionu" t="String" n="C" />
        <Key v="Těžká" t="String" n="%N" />
        <Key v="Hard" t="String" n="K" />
      </Data>
      <Data n="20206735484273">
        <Key v="520,-1122.26" t="Vector2" n="!$P" />
        <Key v="20206735488673" t="String" n="!$LC" />
        <Key v="1" t="Int32" n="T" />
        <Key v="1" t="Int32" n="R" />
        <Key v="1" t="Int32" n="I" />
        <Key v="Obtiznost regionu" t="String" n="C" />
        <Key v="Hororová" t="String" n="%N" />
        <Key v="Horror" t="String" n="K" />
      </Data>
      <Data n="20203889704185">
        <Key v="1300,-1207.08" t="Vector2" n="!$P" />
        <Key v="20203889707187" t="String" n="!$LC" />
        <Key v="OptionsTypes" t="String" n="C" />
        <Key v="Speciální akce" t="String" n="%N" />
        <Key v="SpecAct" t="String" n="K" />
        <Key v="1" t="Int32" n="T" />
        <Key v="1" t="Int32" n="R" />
        <Key v="1" t="Int32" n="I" />
      </Data>
      <Data n="20203878609173">
        <Key v="260,-1207.08" t="Vector2" n="!$P" />
        <Key v="20203878652251" t="String" n="!$LC" />
        <Key v="OptionsTypes" t="String" n="C" />
        <Key v="Útok" t="String" n="%N" />
        <Key v="Attack" t="String" n="K" />
        <Key v="1" t="Int32" n="T" />
        <Key v="1" t="Int32" n="R" />
        <Key v="1" t="Int32" n="I" />
      </Data>
      <Data n="20203889691411">
        <Key v="520,-1207.08" t="Vector2" n="!$P" />
        <Key v="20203889701578" t="String" n="!$LC" />
        <Key v="OptionsTypes" t="String" n="C" />
        <Key v="Vyhnout se" t="String" n="%N" />
        <Key v="Avoid" t="String" n="K" />
        <Key v="1" t="Int32" n="T" />
        <Key v="1" t="Int32" n="R" />
        <Key v="1" t="Int32" n="I" />
      </Data>
      <Data n="20203889715427">
        <Key v="0,-1207.08" t="Vector2" n="!$P" />
        <Key v="20203889717479" t="String" n="!$LC" />
        <Key v="OptionsTypes" t="String" n="C" />
        <Key v="Přepadnout" t="String" n="%N" />
        <Key v="Ambush" t="String" n="K" />
        <Key v="1" t="Int32" n="T" />
        <Key v="1" t="Int32" n="R" />
        <Key v="1" t="Int32" n="I" />
      </Data>
      <Data n="20203889722695">
        <Key v="1040,-1207.08" t="Vector2" n="!$P" />
        <Key v="20203889725189" t="String" n="!$LC" />
        <Key v="OptionsTypes" t="String" n="C" />
        <Key v="Prozkoumat" t="String" n="%N" />
        <Key v="Explore" t="String" n="K" />
        <Key v="1" t="Int32" n="T" />
        <Key v="1" t="Int32" n="R" />
        <Key v="1" t="Int32" n="I" />
      </Data>
      <Data n="20206233855426">
        <Key v="1560,-1207.08" t="Vector2" n="!$P" />
        <Key v="1" t="String" n="R" />
        <Key v="1" t="String" n="T" />
        <Key v="1" t="String" n="I" />
        <Key v="OptionsTypes" t="String" n="C" />
        <Key v="20206233859168" t="String" n="!$LC" />
        <Key v="Talk" t="String" n="K" />
        <Key v="Mluvit" t="String" n="%N" />
      </Data>
      <Data n="20208749111977">
        <Key v="780,-1207.08" t="Vector2" n="!$P" />
        <Key v="1" t="String" n="R" />
        <Key v="1" t="String" n="T" />
        <Key v="1" t="String" n="I" />
        <Key v="OptionsTypes" t="String" n="C" />
        <Key v="20208749118558" t="String" n="!$LC" />
        <Key v="Potvrdit" t="String" n="%N" />
        <Key v="Confirm" t="String" n="K" />
      </Data>
      <Data n="20203901418193">
        <Key v="0,-1291.9" t="Vector2" n="!$P" />
        <Key v="20203901451125" t="String" n="!$LC" />
        <Key v="Perks" t="String" n="C" />
        <Key v="Dumb" t="String" n="K" />
        <Key v="Tupoun" t="String" n="%N" />
        <Key v="1" t="Int32" n="T" />
        <Key v="1" t="Int32" n="R" />
        <Key v="1" t="Int32" n="I" />
      </Data>
      <Data n="20203901438331">
        <Key v="780,-1291.9" t="Vector2" n="!$P" />
        <Key v="20203901443218" t="String" n="!$LC" />
        <Key v="Perks" t="String" n="C" />
        <Key v="SlowReflex" t="String" n="K" />
        <Key v="Pomalé reflexy" t="String" n="%N" />
        <Key v="1" t="Int32" n="T" />
        <Key v="1" t="Int32" n="R" />
        <Key v="1" t="Int32" n="I" />
      </Data>
      <Data n="20203911009058">
        <Key v="1040,-1291.9" t="Vector2" n="!$P" />
        <Key v="20203911015513" t="String" n="!$LC" />
        <Key v="Perks" t="String" n="C" />
        <Key v="Stunned" t="String" n="K" />
        <Key v="Omráčen" t="String" n="%N" />
        <Key v="1" t="Int32" n="T" />
        <Key v="1" t="Int32" n="R" />
        <Key v="1" t="Int32" n="I" />
      </Data>
      <Data n="20203950655787">
        <Key v="260,-1291.9" t="Vector2" n="!$P" />
        <Key v="20203950658935" t="String" n="!$LC" />
        <Key v="Perks" t="String" n="C" />
        <Key v="FirstStrike" t="String" n="K" />
        <Key v="První úder" t="String" n="%N" />
        <Key v="1" t="Int32" n="T" />
        <Key v="1" t="Int32" n="R" />
        <Key v="1" t="Int32" n="I" />
      </Data>
      <Data n="20205825379640">
        <Key v="520,-1291.9" t="Vector2" n="!$P" />
        <Key v="1" t="String" n="R" />
        <Key v="1" t="String" n="T" />
        <Key v="1" t="String" n="I" />
        <Key v="Perks" t="String" n="C" />
        <Key v="20205825387721" t="String" n="!$LC" />
        <Key v="Nabíjení" t="String" n="%N" />
        <Key v="Reload" t="String" n="K" />
      </Data>
      <Data n="20203951542697">
        <Key v="520,-1376.72" t="Vector2" n="!$P" />
        <Key v="20203951569689" t="String" n="!$LC" />
        <Key v="Pocty predmetu" t="String" n="C" />
        <Key v="XplusMU" t="String" n="K" />
        <Key v="Hodnota + míra úspěchu" t="String" n="%N" />
        <Key v="1" t="Int32" n="T" />
        <Key v="1" t="Int32" n="R" />
        <Key v="1" t="Int32" n="I" />
      </Data>
      <Data n="20203951558688">
        <Key v="0,-1376.72" t="Vector2" n="!$P" />
        <Key v="20203951660373" t="String" n="!$LC" />
        <Key v="Pocty predmetu" t="String" n="C" />
        <Key v="DirectX" t="String" n="K" />
        <Key v="Přesný počet" t="String" n="%N" />
        <Key v="1" t="Int32" n="T" />
        <Key v="1" t="Int32" n="R" />
        <Key v="1" t="Int32" n="I" />
      </Data>
      <Data n="20203951578385">
        <Key v="780,-1376.72" t="Vector2" n="!$P" />
        <Key v="20203951586253" t="String" n="!$LC" />
        <Key v="Pocty predmetu" t="String" n="C" />
        <Key v="XplusYkratMU" t="String" n="K" />
        <Key v="Hodnota + nasobek míry úspěchu" t="String" n="%N" />
        <Key v="1" t="Int32" n="T" />
        <Key v="1" t="Int32" n="R" />
        <Key v="1" t="Int32" n="I" />
      </Data>
      <Data n="20207119345845">
        <Key v="260,-1376.72" t="Vector2" n="!$P" />
        <Key v="1" t="String" n="R" />
        <Key v="1" t="String" n="T" />
        <Key v="1" t="String" n="I" />
        <Key v="Pocty predmetu" t="String" n="C" />
        <Key v="20207119353673" t="String" n="!$LC" />
        <Key v="Rozsah" t="String" n="%N" />
        <Key v="Range" t="String" n="K" />
      </Data>
      <Data n="20203948252196">
        <Key v="1560,-1481.14" t="Vector2" n="!$P" />
        <Key v="20203948280691" t="String" n="!$LC" />
        <Key v="Resources" t="String" n="C" />
        <Key v="SpecMat" t="String" n="K" />
        <Key v="Speciální materiál" t="String" n="%N" />
        <Key v="1" t="Int32" n="T" />
        <Key v="1" t="Int32" n="R" />
        <Key v="1" t="Int32" n="I" />
      </Data>
      <Data n="20203948199599">
        <Key v="260,-1481.14" t="Vector2" n="!$P" />
        <Key v="20203948210066" t="String" n="!$LC" />
        <Key v="Resources" t="String" n="C" />
        <Key v="CivMat" t="String" n="K" />
        <Key v="Civilní materiál" t="String" n="%N" />
        <Key v="1" t="Int32" n="T" />
        <Key v="1" t="Int32" n="R" />
        <Key v="1" t="Int32" n="I" />
      </Data>
      <Data n="20203948211493">
        <Key v="1820,-1481.14" t="Vector2" n="!$P" />
        <Key v="20203948229422" t="String" n="!$LC" />
        <Key v="Resources" t="String" n="C" />
        <Key v="TechMat" t="String" n="K" />
        <Key v="Technický materiál" t="String" n="%N" />
        <Key v="1" t="Int32" n="T" />
        <Key v="1" t="Int32" n="R" />
        <Key v="1" t="Int32" n="I" />
      </Data>
      <Data n="20203948229840">
        <Key v="520,-1481.14" t="Vector2" n="!$P" />
        <Key v="20203948234082" t="String" n="!$LC" />
        <Key v="Resources" t="String" n="C" />
        <Key v="FoodMat" t="String" n="K" />
        <Key v="Jídlo" t="String" n="%N" />
        <Key v="1" t="Int32" n="T" />
        <Key v="1" t="Int32" n="R" />
        <Key v="1" t="Int32" n="I" />
      </Data>
      <Data n="20203948234298">
        <Key v="1300,-1481.14" t="Vector2" n="!$P" />
        <Key v="20203948238256" t="String" n="!$LC" />
        <Key v="Resources" t="String" n="C" />
        <Key v="MilMat" t="String" n="K" />
        <Key v="Vojenský materiál" t="String" n="%N" />
        <Key v="1" t="Int32" n="T" />
        <Key v="1" t="Int32" n="R" />
        <Key v="1" t="Int32" n="I" />
      </Data>
      <Data n="20203948239041">
        <Key v="780,-1481.14" t="Vector2" n="!$P" />
        <Key v="20203948246730" t="String" n="!$LC" />
        <Key v="Resources" t="String" n="C" />
        <Key v="FuelMat" t="String" n="K" />
        <Key v="Mohonné hmoty" t="String" n="%N" />
        <Key v="1" t="Int32" n="T" />
        <Key v="1" t="Int32" n="R" />
        <Key v="1" t="Int32" n="I" />
      </Data>
      <Data n="20203948394388">
        <Key v="1040,-1481.14" t="Vector2" n="!$P" />
        <Key v="20203948397855" t="String" n="!$LC" />
        <Key v="Resources" t="String" n="C" />
        <Key v="Item" t="String" n="K" />
        <Key v="Předmět" t="String" n="%N" />
        <Key v="1" t="Int32" n="T" />
        <Key v="1" t="Int32" n="R" />
        <Key v="1" t="Int32" n="I" />
      </Data>
      <Data n="20208511822158">
        <Key v="0,-1481.14" t="Vector2" n="!$P" />
        <Key v="1" t="String" n="R" />
        <Key v="1" t="String" n="T" />
        <Key v="1" t="String" n="I" />
        <Key v="Resources" t="String" n="C" />
        <Key v="20208511826830" t="String" n="!$LC" />
        <Key v="Děti" t="String" n="%N" />
        <Key v="Children" t="String" n="K" />
      </Data>
      <Data n="20206234296415">
        <Key v="1300,-1565.96" t="Vector2" n="!$P" />
        <Key v="1" t="String" n="R" />
        <Key v="1" t="String" n="T" />
        <Key v="1" t="String" n="I" />
        <Key v="Rozsah testovani" t="String" n="C" />
        <Key v="20206234299760" t="String" n="!$LC" />
        <Key v="Aktivní Specialista" t="String" n="%N" />
        <Key v="SpecActive" t="String" n="K" />
      </Data>
      <Data n="20203925482199">
        <Key v="260,-1565.96" t="Vector2" n="!$P" />
        <Key v="20203925557950" t="String" n="!$LC" />
        <Key v="Rozsah testovani" t="String" n="C" />
        <Key v="DirectNum" t="String" n="K" />
        <Key v="Přesný počet výběrem" t="String" n="%N" />
        <Key v="1" t="Int32" n="T" />
        <Key v="1" t="Int32" n="R" />
        <Key v="1" t="Int32" n="I" />
      </Data>
      <Data n="20203925501745">
        <Key v="520,-1565.96" t="Vector2" n="!$P" />
        <Key v="20203925558413" t="String" n="!$LC" />
        <Key v="Rozsah testovani" t="String" n="C" />
        <Key v="DirectNumRng" t="String" n="K" />
        <Key v="Přesný počet náhodně" t="String" n="%N" />
        <Key v="1" t="Int32" n="T" />
        <Key v="1" t="Int32" n="R" />
        <Key v="1" t="Int32" n="I" />
      </Data>
      <Data n="20203925513151">
        <Key v="780,-1565.96" t="Vector2" n="!$P" />
        <Key v="20203925558797" t="String" n="!$LC" />
        <Key v="Rozsah testovani" t="String" n="C" />
        <Key v="RangeNum" t="String" n="K" />
        <Key v="Rozsah výběrem" t="String" n="%N" />
        <Key v="1" t="Int32" n="T" />
        <Key v="1" t="Int32" n="R" />
        <Key v="1" t="Int32" n="I" />
      </Data>
      <Data n="20203925523176">
        <Key v="1040,-1565.96" t="Vector2" n="!$P" />
        <Key v="20203925559105" t="String" n="!$LC" />
        <Key v="Rozsah testovani" t="String" n="C" />
        <Key v="RangeNumRng" t="String" n="K" />
        <Key v="Rozsah náhodně" t="String" n="%N" />
        <Key v="1" t="Int32" n="T" />
        <Key v="1" t="Int32" n="R" />
        <Key v="1" t="Int32" n="I" />
      </Data>
      <Data n="20203925530252">
        <Key v="0,-1565.96" t="Vector2" n="!$P" />
        <Key v="20203925557195" t="String" n="!$LC" />
        <Key v="Rozsah testovani" t="String" n="C" />
        <Key v="AllGroup" t="String" n="K" />
        <Key v="Celá výprava" t="String" n="%N" />
        <Key v="1" t="Int32" n="T" />
        <Key v="1" t="Int32" n="R" />
        <Key v="1" t="Int32" n="I" />
      </Data>
      <Data n="20203976664722">
        <Key v="0,-1650.78" t="Vector2" n="!$P" />
        <Key v="20203976668217" t="String" n="!$LC" />
        <Key v="Sekundarni Atributy" t="String" n="C" />
        <Key v="Hp" t="String" n="K" />
        <Key v="Životy" t="String" n="%N" />
        <Key v="1" t="Int32" n="T" />
        <Key v="1" t="Int32" n="R" />
        <Key v="1" t="Int32" n="I" />
      </Data>
      <Data n="20203976668464">
        <Key v="520,-1650.78" t="Vector2" n="!$P" />
        <Key v="20203976670677" t="String" n="!$LC" />
        <Key v="Sekundarni Atributy" t="String" n="C" />
        <Key v="Stamina" t="String" n="K" />
        <Key v="Stamina" t="String" n="%N" />
        <Key v="1" t="Int32" n="T" />
        <Key v="1" t="Int32" n="R" />
        <Key v="1" t="Int32" n="I" />
      </Data>
      <Data n="20208511721149">
        <Key v="260,-1650.78" t="Vector2" n="!$P" />
        <Key v="1" t="String" n="R" />
        <Key v="1" t="String" n="T" />
        <Key v="1" t="String" n="I" />
        <Key v="Sekundarni Atributy" t="String" n="C" />
        <Key v="20208511723113" t="String" n="!$LC" />
        <Key v="Karma" t="String" n="%N" />
        <Key v="Karma" t="String" n="K" />
      </Data>
      <Data n="20206237501990">
        <Key v="520,-1735.6" t="Vector2" n="!$P" />
        <Key v="20206237515964" t="String" n="!$LC" />
        <Key v="Stav specialisty" t="String" n="C" />
        <Key v="Přidává se" t="String" n="%N" />
        <Key v="Hire" t="String" n="K" />
        <Key v="1" t="Int32" n="T" />
        <Key v="1" t="Int32" n="R" />
        <Key v="1" t="Int32" n="I" />
      </Data>
      <Data n="20206237517895">
        <Key v="260,-1735.6" t="Vector2" n="!$P" />
        <Key v="1" t="String" n="R" />
        <Key v="1" t="String" n="T" />
        <Key v="1" t="String" n="I" />
        <Key v="Stav specialisty" t="String" n="C" />
        <Key v="20206237520356" t="String" n="!$LC" />
        <Key v="Opouští" t="String" n="%N" />
        <Key v="Fired" t="String" n="K" />
      </Data>
      <Data n="20207093097971">
        <Key v="0,-1735.6" t="Vector2" n="!$P" />
        <Key v="1" t="String" n="R" />
        <Key v="1" t="String" n="T" />
        <Key v="1" t="String" n="I" />
        <Key v="Stav specialisty" t="String" n="C" />
        <Key v="20207093106932" t="String" n="!$LC" />
        <Key v="Zaneprázdněn" t="String" n="%N" />
        <Key v="Busy" t="String" n="K" />
      </Data>
      <Data n="20207118793838">
        <Key v="780,-1735.6" t="Vector2" n="!$P" />
        <Key v="1" t="String" n="R" />
        <Key v="1" t="String" n="T" />
        <Key v="1" t="String" n="I" />
        <Key v="Stav specialisty" t="String" n="C" />
        <Key v="20207118802815" t="String" n="!$LC" />
        <Key v="Uvolněn" t="String" n="%N" />
        <Key v="Released" t="String" n="K" />
      </Data>
      <Data n="20207220706111">
        <Key v="0,-1820.42" t="Vector2" n="!$P" />
        <Key v="20207221060398" t="String" n="!$LC" />
        <Key v="Typ kontejneru" t="String" n="C" />
        <Key v="Civilní materiál" t="String" n="%N" />
        <Key v="ContCM" t="String" n="K" />
        <Key v="1" t="Int32" n="T" />
        <Key v="1" t="Int32" n="R" />
        <Key v="1" t="Int32" n="I" />
      </Data>
      <Data n="20207221051183">
        <Key v="780,-1820.42" t="Vector2" n="!$P" />
        <Key v="20207221096862" t="String" n="!$LC" />
        <Key v="Typ kontejneru" t="String" n="C" />
        <Key v="Vojenský materiál" t="String" n="%N" />
        <Key v="ContMM" t="String" n="K" />
        <Key v="1" t="Int32" n="T" />
        <Key v="1" t="Int32" n="R" />
        <Key v="1" t="Int32" n="I" />
      </Data>
      <Data n="20207221059282">
        <Key v="1300,-1820.42" t="Vector2" n="!$P" />
        <Key v="20207221063027" t="String" n="!$LC" />
        <Key v="Typ kontejneru" t="String" n="C" />
        <Key v="Technický materiál" t="String" n="%N" />
        <Key v="ContTM" t="String" n="K" />
        <Key v="1" t="Int32" n="T" />
        <Key v="1" t="Int32" n="R" />
        <Key v="1" t="Int32" n="I" />
      </Data>
      <Data n="20207221103244">
        <Key v="520,-1820.42" t="Vector2" n="!$P" />
        <Key v="20207221110688" t="String" n="!$LC" />
        <Key v="Typ kontejneru" t="String" n="C" />
        <Key v="Palivo" t="String" n="%N" />
        <Key v="ContFL" t="String" n="K" />
        <Key v="1" t="Int32" n="T" />
        <Key v="1" t="Int32" n="R" />
        <Key v="1" t="Int32" n="I" />
      </Data>
      <Data n="20207221115488">
        <Key v="260,-1820.42" t="Vector2" n="!$P" />
        <Key v="20207221118891" t="String" n="!$LC" />
        <Key v="Typ kontejneru" t="String" n="C" />
        <Key v="Potraviny" t="String" n="%N" />
        <Key v="ContF" t="String" n="K" />
        <Key v="1" t="Int32" n="T" />
        <Key v="1" t="Int32" n="R" />
        <Key v="1" t="Int32" n="I" />
      </Data>
      <Data n="20207221121607">
        <Key v="1560,-1820.42" t="Vector2" n="!$P" />
        <Key v="20207221124461" t="String" n="!$LC" />
        <Key v="Typ kontejneru" t="String" n="C" />
        <Key v="Universální" t="String" n="%N" />
        <Key v="ContUni" t="String" n="K" />
        <Key v="1" t="Int32" n="T" />
        <Key v="1" t="Int32" n="R" />
        <Key v="1" t="Int32" n="I" />
      </Data>
      <Data n="20207221125148">
        <Key v="1040,-1820.42" t="Vector2" n="!$P" />
        <Key v="20207221128043" t="String" n="!$LC" />
        <Key v="Typ kontejneru" t="String" n="C" />
        <Key v="Speciální" t="String" n="%N" />
        <Key v="ContSpec" t="String" n="K" />
        <Key v="1" t="Int32" n="T" />
        <Key v="1" t="Int32" n="R" />
        <Key v="1" t="Int32" n="I" />
      </Data>
      <Data n="20203996482393">
        <Key v="520,-1905.24" t="Vector2" n="!$P" />
        <Key v="20203996650404" t="String" n="!$LC" />
        <Key v="Typ mistnosti" t="String" n="C" />
        <Key v="RoomImprov" t="String" n="K" />
        <Key v="Vylepšení" t="String" n="%N" />
        <Key v="1" t="Int32" n="T" />
        <Key v="1" t="Int32" n="R" />
        <Key v="1" t="Int32" n="I" />
      </Data>
      <Data n="20203996487464">
        <Key v="260,-1905.24" t="Vector2" n="!$P" />
        <Key v="Typ mistnosti" t="String" n="C" />
        <Key v="RoomExt" t="String" n="K" />
        <Key v="Rozšíření" t="String" n="%N" />
        <Key v="1" t="Int32" n="T" />
        <Key v="1" t="Int32" n="R" />
        <Key v="1" t="Int32" n="I" />
        <Key v="20203996650049" t="String" n="!$LC" />
      </Data>
      <Data n="20203996487114">
        <Key v="0,-1905.24" t="Vector2" n="!$P" />
        <Key v="20203996649165" t="String" n="!$LC" />
        <Key v="Typ mistnosti" t="String" n="C" />
        <Key v="RomeCore" t="String" n="K" />
        <Key v="Základ" t="String" n="%N" />
        <Key v="1" t="Int32" n="T" />
        <Key v="1" t="Int32" n="R" />
        <Key v="1" t="Int32" n="I" />
      </Data>
      <Data n="20203926214493">
        <Key v="2600,-1990.06" t="Vector2" n="!$P" />
        <Key v="20203926232062" t="String" n="!$LC" />
        <Key v="Typ Testu" t="String" n="C" />
        <Key v="Scouting" t="String" n="K" />
        <Key v="Průzkum" t="String" n="%N" />
        <Key v="1" t="Int32" n="T" />
        <Key v="1" t="Int32" n="R" />
        <Key v="1" t="Int32" n="I" />
      </Data>
      <Data n="20203926220952">
        <Key v="3120,-1990.06" t="Vector2" n="!$P" />
        <Key v="20203926230748" t="String" n="!$LC" />
        <Key v="Typ Testu" t="String" n="C" />
        <Key v="Sneaking" t="String" n="K" />
        <Key v="Plížení" t="String" n="%N" />
        <Key v="1" t="Int32" n="T" />
        <Key v="1" t="Int32" n="R" />
        <Key v="1" t="Int32" n="I" />
      </Data>
      <Data n="20203926245853">
        <Key v="1560,-1990.06" t="Vector2" n="!$P" />
        <Key v="20203926295619" t="String" n="!$LC" />
        <Key v="Typ Testu" t="String" n="C" />
        <Key v="LockPicking" t="String" n="K" />
        <Key v="Otevírání zámků" t="String" n="%N" />
        <Key v="1" t="Int32" n="T" />
        <Key v="1" t="Int32" n="R" />
        <Key v="1" t="Int32" n="I" />
      </Data>
      <Data n="20203926299314">
        <Key v="1820,-1990.06" t="Vector2" n="!$P" />
        <Key v="20203926302124" t="String" n="!$LC" />
        <Key v="Typ Testu" t="String" n="C" />
        <Key v="Repair" t="String" n="K" />
        <Key v="Opravování/Rozebírání" t="String" n="%N" />
        <Key v="1" t="Int32" n="T" />
        <Key v="1" t="Int32" n="R" />
        <Key v="1" t="Int32" n="I" />
      </Data>
      <Data n="20203926310973">
        <Key v="2340,-1990.06" t="Vector2" n="!$P" />
        <Key v="20203926331599" t="String" n="!$LC" />
        <Key v="Typ Testu" t="String" n="C" />
        <Key v="Scavenging" t="String" n="K" />
        <Key v="Průzkum staveb" t="String" n="%N" />
        <Key v="1" t="Int32" n="T" />
        <Key v="1" t="Int32" n="R" />
        <Key v="1" t="Int32" n="I" />
      </Data>
      <Data n="20203926333414">
        <Key v="1040,-1990.06" t="Vector2" n="!$P" />
        <Key v="20203926337145" t="String" n="!$LC" />
        <Key v="Typ Testu" t="String" n="C" />
        <Key v="Hunting" t="String" n="K" />
        <Key v="Lov" t="String" n="%N" />
        <Key v="1" t="Int32" n="T" />
        <Key v="1" t="Int32" n="R" />
        <Key v="1" t="Int32" n="I" />
      </Data>
      <Data n="20203926391387">
        <Key v="2080,-1990.06" t="Vector2" n="!$P" />
        <Key v="20203926396503" t="String" n="!$LC" />
        <Key v="Typ Testu" t="String" n="C" />
        <Key v="Research" t="String" n="K" />
        <Key v="Výzkum" t="String" n="%N" />
        <Key v="1" t="Int32" n="T" />
        <Key v="1" t="Int32" n="R" />
        <Key v="1" t="Int32" n="I" />
      </Data>
      <Data n="20203926401527">
        <Key v="1300,-1990.06" t="Vector2" n="!$P" />
        <Key v="20203926420210" t="String" n="!$LC" />
        <Key v="Typ Testu" t="String" n="C" />
        <Key v="Leverage" t="String" n="K" />
        <Key v="Páčení/Zvedání" t="String" n="%N" />
        <Key v="1" t="Int32" n="T" />
        <Key v="1" t="Int32" n="R" />
        <Key v="1" t="Int32" n="I" />
      </Data>
      <Data n="20203926433146">
        <Key v="260,-1990.06" t="Vector2" n="!$P" />
        <Key v="20203926437424" t="String" n="!$LC" />
        <Key v="Typ Testu" t="String" n="C" />
        <Key v="Comunication" t="String" n="K" />
        <Key v="Komunikace" t="String" n="%N" />
        <Key v="1" t="Int32" n="T" />
        <Key v="1" t="Int32" n="R" />
        <Key v="1" t="Int32" n="I" />
      </Data>
      <Data n="20203926455114">
        <Key v="780,-1990.06" t="Vector2" n="!$P" />
        <Key v="20203926462524" t="String" n="!$LC" />
        <Key v="Typ Testu" t="String" n="C" />
        <Key v="Gathering" t="String" n="K" />
        <Key v="Sběr" t="String" n="%N" />
        <Key v="1" t="Int32" n="T" />
        <Key v="1" t="Int32" n="R" />
        <Key v="1" t="Int32" n="I" />
      </Data>
      <Data n="20207118844236">
        <Key v="2860,-1990.06" t="Vector2" n="!$P" />
        <Key v="1" t="String" n="R" />
        <Key v="1" t="String" n="T" />
        <Key v="1" t="String" n="I" />
        <Key v="Typ Testu" t="String" n="C" />
        <Key v="20207118846807" t="String" n="!$LC" />
        <Key v="Pouze výběr" t="String" n="%N" />
        <Key v="SelectOnly" t="String" n="K" />
      </Data>
      <Data n="20207342174352">
        <Key v="520,-1990.06" t="Vector2" n="!$P" />
        <Key v="20207342184784" t="String" n="!$LC" />
        <Key v="Typ Testu" t="String" n="C" />
        <Key v="DiggBuild" t="String" n="K" />
        <Key v="Kopání/stavění" t="String" n="%N" />
        <Key v="1" t="Int32" n="T" />
        <Key v="1" t="Int32" n="R" />
        <Key v="1" t="Int32" n="I" />
      </Data>
      <Data n="20203926241724">
        <Key v="0,-1990.06" t="Vector2" n="!$P" />
        <Key v="20203926249468" t="String" n="!$LC" />
        <Key v="Typ Testu" t="String" n="C" />
        <Key v="Battle" t="String" n="K" />
        <Key v="Boj" t="String" n="%N" />
        <Key v="1" t="Int32" n="T" />
        <Key v="1" t="Int32" n="R" />
        <Key v="1" t="Int32" n="I" />
      </Data>
      <Data n="20207223349363">
        <Key v="260,-2074.88" t="Vector2" n="!$P" />
        <Key v="20207223366676" t="String" n="!$LC" />
        <Key v="1" t="Int32" n="T" />
        <Key v="1" t="Int32" n="R" />
        <Key v="1" t="Int32" n="I" />
        <Key v="Typ změny sekundárního atributu" t="String" n="C" />
        <Key v="Změna daná rozsahem" t="String" n="%N" />
        <Key v="ChangeTypeRange" t="String" n="K" />
      </Data>
      <Data n="20207223366897">
        <Key v="0,-2074.88" t="Vector2" n="!$P" />
        <Key v="20207223372350" t="String" n="!$LC" />
        <Key v="1" t="Int32" n="T" />
        <Key v="1" t="Int32" n="R" />
        <Key v="1" t="Int32" n="I" />
        <Key v="Typ změny sekundárního atributu" t="String" n="C" />
        <Key v="Přesná hodnota změny" t="String" n="%N" />
        <Key v="ChangeTypeDirect" t="String" n="K" />
      </Data>
      <Data n="20203877812376">
        <Key v="1560,-2159.7" t="Vector2" n="!$P" />
        <Key v="20203889633259" t="String" n="!$LC" />
        <Key v="Typy Mise" t="String" n="C" />
        <Key v="ZajmNepr" t="String" n="K" />
        <Key v="Zajmutí nepřítele" t="String" n="%N" />
        <Key v="1" t="Int32" n="T" />
        <Key v="1" t="Int32" n="R" />
        <Key v="1" t="Int32" n="I" />
      </Data>
      <Data n="20203877840771">
        <Key v="1300,-2159.7" t="Vector2" n="!$P" />
        <Key v="20203889625185" t="String" n="!$LC" />
        <Key v="Typy Mise" t="String" n="C" />
        <Key v="ZachPrez" t="String" n="K" />
        <Key v="Záchrana přeživších" t="String" n="%N" />
        <Key v="1" t="Int32" n="T" />
        <Key v="1" t="Int32" n="R" />
        <Key v="1" t="Int32" n="I" />
      </Data>
      <Data n="20203877840908">
        <Key v="1040,-2159.7" t="Vector2" n="!$P" />
        <Key v="Typy Mise" t="String" n="C" />
        <Key v="Scaveng" t="String" n="K" />
        <Key v="Scavenging" t="String" n="%N" />
        <Key v="1" t="Int32" n="T" />
        <Key v="1" t="Int32" n="R" />
        <Key v="1" t="Int32" n="I" />
        <Key v="20203889656194" t="String" n="!$LC" />
      </Data>
      <Data n="20203877841033">
        <Key v="780,-2159.7" t="Vector2" n="!$P" />
        <Key v="Typy Mise" t="String" n="C" />
        <Key v="SberLov" t="String" n="K" />
        <Key v="Sběr &amp; Lov" t="String" n="%N" />
        <Key v="1" t="Int32" n="T" />
        <Key v="1" t="Int32" n="R" />
        <Key v="1" t="Int32" n="I" />
      </Data>
      <Data n="20203877841138">
        <Key v="0,-2159.7" t="Vector2" n="!$P" />
        <Key v="Typy Mise" t="String" n="C" />
        <Key v="OdlakHordy" t="String" n="K" />
        <Key v="Odlákání hordy" t="String" n="%N" />
        <Key v="1" t="Int32" n="T" />
        <Key v="1" t="Int32" n="R" />
        <Key v="1" t="Int32" n="I" />
        <Key v="20203889638488" t="String" n="!$LC" />
      </Data>
      <Data n="20203878078539">
        <Key v="260,-2159.7" t="Vector2" n="!$P" />
        <Key v="Typy Mise" t="String" n="C" />
        <Key v="Pruzkum" t="String" n="K" />
        <Key v="Průzkum" t="String" n="%N" />
        <Key v="1" t="Int32" n="T" />
        <Key v="1" t="Int32" n="R" />
        <Key v="1" t="Int32" n="I" />
      </Data>
      <Data n="20205844785290">
        <Key v="520,-2159.7" t="Vector2" n="!$P" />
        <Key v="1" t="String" n="R" />
        <Key v="1" t="String" n="T" />
        <Key v="1" t="String" n="I" />
        <Key v="Typy Mise" t="String" n="C" />
        <Key v="20205844794622" t="String" n="!$LC" />
        <Key v="Průzkum oblasti" t="String" n="%N" />
        <Key v="PruzObl" t="String" n="K" />
      </Data>
      <Data n="20203910524750">
        <Key v="260,-2244.52" t="Vector2" n="!$P" />
        <Key v="20203910536932" t="String" n="!$LC" />
        <Key v="Typy souboju" t="String" n="C" />
        <Key v="BattleBasic" t="String" n="K" />
        <Key v="Standardní souboj" t="String" n="%N" />
        <Key v="1" t="Int32" n="T" />
        <Key v="1" t="Int32" n="R" />
        <Key v="1" t="Int32" n="I" />
      </Data>
      <Data n="20203910537394">
        <Key v="0,-2244.52" t="Vector2" n="!$P" />
        <Key v="20203910551827" t="String" n="!$LC" />
        <Key v="Typy souboju" t="String" n="C" />
        <Key v="BattleAmbush" t="String" n="K" />
        <Key v="Souboj s přepadením" t="String" n="%N" />
        <Key v="1" t="Int32" n="T" />
        <Key v="1" t="Int32" n="R" />
        <Key v="1" t="Int32" n="I" />
      </Data>
      <Data n="20207220556894">
        <Key v="0,-2329.34" t="Vector2" n="!$P" />
        <Key v="20207220579727" t="String" n="!$LC" />
        <Key v="Common" t="String" n="K" />
        <Key v="Běžný" t="String" n="%N" />
        <Key v="Vzácnost kontejnerů" t="String" n="C" />
        <Key v="1" t="Int32" n="R" />
        <Key v="1" t="Int32" n="I" />
        <Key v="1" t="Int32" n="T" />
      </Data>
      <Data n="20207220581295">
        <Key v="780,-2329.34" t="Vector2" n="!$P" />
        <Key v="20207220589763" t="String" n="!$LC" />
        <Key v="Uncommon" t="String" n="K" />
        <Key v="Neobvyklý" t="String" n="%N" />
        <Key v="Vzácnost kontejnerů" t="String" n="C" />
        <Key v="1" t="Int32" n="R" />
        <Key v="1" t="Int32" n="I" />
        <Key v="1" t="Int32" n="T" />
      </Data>
      <Data n="20207220590410">
        <Key v="520,-2329.34" t="Vector2" n="!$P" />
        <Key v="20207220592416" t="String" n="!$LC" />
        <Key v="Rare" t="String" n="K" />
        <Key v="Vzácný" t="String" n="%N" />
        <Key v="Vzácnost kontejnerů" t="String" n="C" />
        <Key v="1" t="Int32" n="R" />
        <Key v="1" t="Int32" n="I" />
        <Key v="1" t="Int32" n="T" />
      </Data>
      <Data n="20207220592666">
        <Key v="260,-2329.34" t="Vector2" n="!$P" />
        <Key v="20207220616562" t="String" n="!$LC" />
        <Key v="Legend" t="String" n="K" />
        <Key v="Legendární" t="String" n="%N" />
        <Key v="Vzácnost kontejnerů" t="String" n="C" />
        <Key v="1" t="Int32" n="R" />
        <Key v="1" t="Int32" n="I" />
        <Key v="1" t="Int32" n="T" />
      </Data>
      <Data n="20203910756473">
        <Key v="260,-2414.16" t="Vector2" n="!$P" />
        <Key v="20203910775297" t="String" n="!$LC" />
        <Key v="Zmeny casu" t="String" n="C" />
        <Key v="Lead" t="String" n="K" />
        <Key v="Náskok" t="String" n="%N" />
        <Key v="1" t="Int32" n="T" />
        <Key v="1" t="Int32" n="R" />
        <Key v="1" t="Int32" n="I" />
      </Data>
      <Data n="20203910772019">
        <Key v="0,-2414.16" t="Vector2" n="!$P" />
        <Key v="20203910774375" t="String" n="!$LC" />
        <Key v="Zmeny casu" t="String" n="C" />
        <Key v="Delay" t="String" n="K" />
        <Key v="Zdržení" t="String" n="%N" />
        <Key v="1" t="Int32" n="T" />
        <Key v="1" t="Int32" n="R" />
        <Key v="1" t="Int32" n="I" />
      </Data>
    </Data>
  </Data>
</DataRoot>