﻿<?xml version="1.0" encoding="utf-8"?>
<DataRoot n="">
  <Data n="_ROOTS">
    <Key v="-730,105" t="Vector2" n="!$MP" />
    <Key v="0.8,0.8,0.8" t="Vector3" n="!$MZ" />
    <Key v="20206237459621" t="String" n="!$LC" />
    <Data n="$Elems">
      <Data n="20205824716466">
        <Key v="0,0" t="Vector2" n="!$P" />
        <Key v="20206109476625" t="String" n="!$LC" />
        <Key v="Ryan" t="String" n="SpecName" />
        <Key v="vojín" t="String" n="%SpecClass" />
        <Key v="Byl vojákem a prostě se sem nějak dostal." t="String" n="%SpecStory" />
        <Key v="START" t="String" n="!Location" />
        <Key v="3" t="Int32" n="SpecMiL" />
        <Key v="1" t="Int32" n="SpecTeL" />
        <Key v="0" t="Int32" n="SpecScL" />
        <Key v="0" t="Int32" n="SpecSoL" />
        <Key v="1" t="Int32" n="SpecLvL" />
        <Key v="-10" t="Int32" n="SpecKar" />
        <Key v="START" t="String" n="Location" />
        <Key v="Specialist_02" t="String" n="SpecAvatar" />
        <Key v="127" t="Int32" n="SpecColorRed" />
        <Key v="255" t="Int32" n="SpecColorGreen" />
        <Key v="212" t="Int32" n="SpecColorBlue" />
        <Key v="Chartreuse" t="String" n="SpecColorName" />
      </Data>
      <Data n="20205825085736">
        <Key v="310,0" t="Vector2" n="!$P" />
        <Key v="20206109479803" t="String" n="!$LC" />
        <Key v="@PlayerName" t="String" n="SpecName" />
        <Key v="seržant" t="String" n="%SpecClass" />
        <Key v="viz příběh hry" t="String" n="%SpecStory" />
        <Key v="START" t="String" n="!Location" />
        <Key v="4" t="Int32" n="SpecMiL" />
        <Key v="1" t="Int32" n="SpecTeL" />
        <Key v="0" t="Int32" n="SpecScL" />
        <Key v="1" t="Int32" n="SpecSoL" />
        <Key v="2" t="Int32" n="SpecLvL" />
        <Key v="-20" t="Int32" n="SpecKar" />
        <Key v="START" t="String" n="Location" />
        <Key v="Specialist_03" t="String" n="SpecAvatar" />
        <Key v="165" t="Int32" n="SpecColorRed" />
        <Key v="42" t="Int32" n="SpecColorGreen" />
        <Key v="42" t="Int32" n="SpecColorBlue" />
        <Key v="Brown" t="String" n="SpecColorName" />
      </Data>
      <Data n="20205825097484">
        <Key v="620,0" t="Vector2" n="!$P" />
        <Key v="20206109483135" t="String" n="!$LC" />
        <Key v="Amber" t="String" n="SpecName" />
        <Key v="zdravotní sestra" t="String" n="%SpecClass" />
        <Key v="příběh doplnit" t="String" n="%SpecStory" />
        <Key v="START" t="String" n="!Location" />
        <Key v="0" t="Int32" n="SpecMiL" />
        <Key v="1" t="Int32" n="SpecTeL" />
        <Key v="1" t="Int32" n="SpecScL" />
        <Key v="2" t="Int32" n="SpecSoL" />
        <Key v="1" t="Int32" n="SpecLvL" />
        <Key v="20" t="Int32" n="SpecKar" />
        <Key v="START" t="String" n="Location" />
        <Key v="Specialist_07" t="String" n="SpecAvatar" />
        <Key v="0" t="Int32" n="SpecColorRed" />
        <Key v="191" t="Int32" n="SpecColorGreen" />
        <Key v="255" t="Int32" n="SpecColorBlue" />
        <Key v="DeepSkyBlue" t="String" n="SpecColorName" />
      </Data>
      <Data n="20205825106896">
        <Key v="930,0" t="Vector2" n="!$P" />
        <Key v="20206109488948" t="String" n="!$LC" />
        <Key v="John" t="String" n="SpecName" />
        <Key v="opravář aut" t="String" n="%SpecClass" />
        <Key v="příběh doplnit" t="String" n="%SpecStory" />
        <Key v="START" t="String" n="!Location" />
        <Key v="1" t="Int32" n="SpecMiL" />
        <Key v="3" t="Int32" n="SpecTeL" />
        <Key v="0" t="Int32" n="SpecScL" />
        <Key v="0" t="Int32" n="SpecSoL" />
        <Key v="1" t="Int32" n="SpecLvL" />
        <Key v="-5" t="Int32" n="SpecKar" />
        <Key v="START" t="String" n="Location" />
        <Key v="Specialist_01" t="String" n="SpecAvatar" />
        <Key v="128" t="Int32" n="SpecColorRed" />
        <Key v="128" t="Int32" n="SpecColorGreen" />
        <Key v="0" t="Int32" n="SpecColorBlue" />
        <Key v="Olive" t="String" n="SpecColorName" />
      </Data>
      <Data n="20205825114198">
        <Key v="1240,0" t="Vector2" n="!$P" />
        <Key v="20206109515320" t="String" n="!$LC" />
        <Key v="Brinley" t="String" n="SpecName" />
        <Key v="žena v domácnosti" t="String" n="%SpecClass" />
        <Key v="doplnit příběh" t="String" n="%SpecStory" />
        <Key v="START" t="String" n="!Location" />
        <Key v="0" t="Int32" n="SpecMiL" />
        <Key v="0" t="Int32" n="SpecTeL" />
        <Key v="0" t="Int32" n="SpecScL" />
        <Key v="1" t="Int32" n="SpecSoL" />
        <Key v="0" t="Int32" n="SpecLvL" />
        <Key v="0" t="Int32" n="SpecKar" />
        <Key v="START" t="String" n="Location" />
        <Key v="Specialist_04" t="String" n="SpecAvatar" />
        <Key v="BlueViolet" t="String" n="SpecColorName" />
        <Key v="138" t="Int32" n="SpecColorRed" />
        <Key v="43" t="Int32" n="SpecColorGreen" />
        <Key v="226" t="Int32" n="SpecColorBlue" />
      </Data>
      <Data n="20205825123802">
        <Key v="1550,0" t="Vector2" n="!$P" />
        <Key v="20206109520929" t="String" n="!$LC" />
        <Key v="Hank" t="String" n="SpecName" />
        <Key v="horník" t="String" n="%SpecClass" />
        <Key v="dopnit příběh" t="String" n="%SpecStory" />
        <Key v="START" t="String" n="!Location" />
        <Key v="1" t="Int32" n="SpecMiL" />
        <Key v="1" t="Int32" n="SpecTeL" />
        <Key v="0" t="Int32" n="SpecScL" />
        <Key v="0" t="Int32" n="SpecSoL" />
        <Key v="0" t="Int32" n="SpecLvL" />
        <Key v="-5" t="Int32" n="SpecKar" />
        <Key v="START" t="String" n="Location" />
        <Key v="Specialist_05" t="String" n="SpecAvatar" />
        <Key v="Khaki" t="String" n="SpecColorName" />
        <Key v="240" t="Int32" n="SpecColorRed" />
        <Key v="230" t="Int32" n="SpecColorGreen" />
        <Key v="140" t="Int32" n="SpecColorBlue" />
      </Data>
      <Data n="20206237432524">
        <Key v="1860,0" t="Vector2" n="!$P" />
        <Key v="0" t="Decimal" n="SpecColorRed" />
        <Key v="0" t="Decimal" n="SpecColorGreen" />
        <Key v="0" t="Decimal" n="SpecColorBlue" />
        <Key v="20206237456139" t="String" n="!$LC" />
        <Key v="Jimm" t="String" n="SpecName" />
        <Key v="pracovník ostrahy" t="String" n="%SpecClass" />
        <Key v="Event" t="String" n="Location" />
        <Key v="2" t="Int32" n="SpecLvL" />
        <Key v="3" t="Int32" n="SpecMiL" />
        <Key v="1" t="Int32" n="SpecTeL" />
        <Key v="0" t="Int32" n="SpecScL" />
        <Key v="1" t="Int32" n="SpecSoL" />
        <Key v="-15" t="Int32" n="SpecKar" />
      </Data>
    </Data>
    <Data n="!FIL">
      <Key v="R" t="String" n="$T" />
    </Data>
  </Data>
</DataRoot>