﻿<?xml version="1.0" encoding="utf-8"?>
<DataRoot n="">
  <Data n="_ROOTS">
    <Key v="-253,581" t="Vector2" n="!$MP" />
    <Key v="0.5,0.5,0.5" t="Vector3" n="!$MZ" />
    <Key v="20206375665189" t="String" n="!$LC" />
    <Data n="$Elems">
      <Data n="20203998086061">
        <Key v="0,0" t="Vector2" n="!$P" />
        <Key v="EngineRoom" t="String" n="RoomGroup" />
        <Key v="RomeCore" t="String" n="RoomType" />
        <Key v="20206375310277" t="String" n="!$LC" />
        <Key v="Strojovna" t="String" n="%RoomName" />
        <Key v="604800" t="Int32" n="BuildTime" />
        <Key v="2" t="Int32" n="SizeA" />
        <Key v="3" t="Int32" n="SizeB" />
        <Key v="10" t="Int32" n="PriceCM" />
        <Key v="50" t="Int32" n="PriceTM" />
        <Key v="0" t="Int32" n="PriceMM" />
        <Key v="0" t="Int32" n="Consumption" />
        <Key v="Prostor pro další vylepšení" t="String" n="Fuction" />
        <Key v="1" t="Int32" n="AddNote" />
        <Key v="Budova se nestaví. Bude k nalezení v bunkru - rozbitá a pod sutí. Suď bude třeba odklidit strojovnu opravit." t="String" n="Note" />
        <Key v="1" t="Int32" n="AddCondition" />
        <Key v="Na opravě mohou pracovat pouze specialisté s TeL &gt; 3" t="String" n="Condition" />
        <Key v="Strojovna_icon" t="String" n="RoomPicture" />
        <Key v="DarkGray" t="String" n="RoomColorName" />
        <Key v="169" t="Int32" n="RoomColorRed" />
        <Key v="169" t="Int32" n="RoomColorGreen" />
        <Key v="169" t="Int32" n="RoomColorBlue" />
      </Data>
      <Data n="20203998230673">
        <Key v="310,0" t="Vector2" n="!$P" />
        <Key v="EngineRoom" t="String" n="RoomGroup" />
        <Key v="RoomImprov" t="String" n="RoomType" />
        <Key v="20206375317557" t="String" n="!$LC" />
        <Key v="Agregát" t="String" n="%RoomName" />
        <Key v="345600" t="Int32" n="BuildTime" />
        <Key v="2" t="Int32" n="SizeA" />
        <Key v="2" t="Int32" n="SizeB" />
        <Key v="5" t="Int32" n="PriceCM" />
        <Key v="20" t="Int32" n="PriceTM" />
        <Key v="0" t="Int32" n="PriceMM" />
        <Key v="-100" t="Int32" n="Consumption" />
        <Key v="Vytváří až 100 bodů elektrické energie." t="String" n="Fuction" />
        <Key v="1" t="Int32" n="AddNote" />
        <Key v="Hráč si bude moci nastavovat, kolik má agregát vyrábět elekrtické energie.&#xA;Poměr bude 1:10. Tzn. za výrobu 60ti bodů el. energie bude spotřebua 6 paliva/den " t="String" n="Note" />
        <Key v="1" t="Int32" n="AddCondition" />
        <Key v="Na opravě mohou pracovat pouze specialisté s TeL &gt; 3" t="String" n="Condition" />
        <Key v="Strojovna_icon" t="String" n="RoomPicture" />
        <Key v="DarkGray" t="String" n="RoomColorName" />
        <Key v="169" t="Int32" n="RoomColorRed" />
        <Key v="169" t="Int32" n="RoomColorGreen" />
        <Key v="169" t="Int32" n="RoomColorBlue" />
      </Data>
      <Data n="20203998317762">
        <Key v="620,0" t="Vector2" n="!$P" />
        <Key v="EngineRoom" t="String" n="RoomGroup" />
        <Key v="RoomImprov" t="String" n="RoomType" />
        <Key v="20206375351173" t="String" n="!$LC" />
        <Key v="Studna" t="String" n="%RoomName" />
        <Key v="1440000" t="Int32" n="BuildTime" />
        <Key v="1" t="Int32" n="SizeA" />
        <Key v="1" t="Int32" n="SizeB" />
        <Key v="5" t="Int32" n="PriceCM" />
        <Key v="10" t="Int32" n="PriceTM" />
        <Key v="0" t="Int32" n="PriceMM" />
        <Key v="-100" t="Int32" n="Consumption" />
        <Key v="Jednorázový bonus +5 KAR pro bunkr&#xA;Denně přidává 1 jídlo." t="String" n="Fuction" />
        <Key v="Opravená strojovna" t="String" n="Condition" />
        <Key v="1" t="Int32" n="AddCondition" />
        <Key v="169" t="Int32" n="RoomColorRed" />
        <Key v="169" t="Int32" n="RoomColorGreen" />
        <Key v="169" t="Int32" n="RoomColorBlue" />
        <Key v="Strojovna_icon" t="String" n="RoomPicture" />
        <Key v="DarkGray" t="String" n="RoomColorName" />
      </Data>
      <Data n="20203999184434">
        <Key v="0,-462.11" t="Vector2" n="!$P" />
        <Key v="FreePlace" t="String" n="RoomGroup" />
        <Key v="RomeCore" t="String" n="RoomType" />
        <Key v="20206375413529" t="String" n="!$LC" />
        <Key v="Nevyužitý prostor" t="String" n="%RoomName" />
        <Key v="1" t="Int32" n="SizeA" />
        <Key v="1" t="Int32" n="SizeB" />
        <Key v="Umožňuje skladovat jednu bednu se surovinama." t="String" n="Fuction" />
        <Key v="1" t="Int32" n="AddNote" />
        <Key v="Každý den je šance 25% že zmizí 1 surovina z takto skladované suroviny" t="String" n="Note" />
        <Key v="Prazdne_pole_icon" t="String" n="RoomPicture" />
        <Key v="Gainsboro" t="String" n="RoomColorName" />
        <Key v="220" t="Int32" n="RoomColorRed" />
        <Key v="220" t="Int32" n="RoomColorGreen" />
        <Key v="220" t="Int32" n="RoomColorBlue" />
      </Data>
      <Data n="20203999220105">
        <Key v="310,-462.11" t="Vector2" n="!$P" />
        <Key v="FreePlace" t="String" n="RoomGroup" />
        <Key v="RoomImprov" t="String" n="RoomType" />
        <Key v="20206375564192" t="String" n="!$LC" />
        <Key v="Pole zasypné sutí" t="String" n="%RoomName" />
        <Key v="1" t="Int32" n="SizeA" />
        <Key v="1" t="Int32" n="SizeB" />
        <Key v="Překážka. Zdroj surovin:&#xA;1 - 2 CM (100%)&#xA;1 - 3 CM (50%)&#xA;1 TM (100%)&#xA;1 - 2 TM (25%)&#xA;1 MM (10%)" t="String" n="Fuction" />
        <Key v="1" t="Int32" n="AddNote" />
        <Key v="Na odstranění suti se může podílet více postav v zavislosti na počtu vedlejších polí." t="String" n="Note" />
        <Key v="14400" t="Int32" n="BuildTime" />
        <Key v="Hromadka_suti_icon" t="String" n="RoomPicture" />
        <Key v="LightGrey" t="String" n="RoomColorName" />
        <Key v="211" t="Int32" n="RoomColorRed" />
        <Key v="211" t="Int32" n="RoomColorGreen" />
        <Key v="211" t="Int32" n="RoomColorBlue" />
      </Data>
      <Data n="20203997031263">
        <Key v="0,-796.17" t="Vector2" n="!$P" />
        <Key v="Quarters" t="String" n="RoomGroup" />
        <Key v="RomeCore" t="String" n="RoomType" />
        <Key v="20206375582290" t="String" n="!$LC" />
        <Key v="Obytné prostory" t="String" n="%RoomName" />
        <Key v="432000" t="Int32" n="BuildTime" />
        <Key v="2" t="Int32" n="SizeA" />
        <Key v="3" t="Int32" n="SizeB" />
        <Key v="40" t="Int32" n="PriceCM" />
        <Key v="10" t="Int32" n="PriceTM" />
        <Key v="0" t="Int32" n="PriceMM" />
        <Key v="0" t="Int32" n="Consumption" />
        <Key v="Poskytuje ubytování pro 4 lidi" t="String" n="Fuction" />
        <Key v="DodgerBlue" t="String" n="RoomColorName" />
        <Key v="Ubikace_icon" t="String" n="RoomPicture" />
        <Key v="30" t="Int32" n="RoomColorRed" />
        <Key v="144" t="Int32" n="RoomColorGreen" />
        <Key v="255" t="Int32" n="RoomColorBlue" />
      </Data>
      <Data n="20203997539740">
        <Key v="310,-796.17" t="Vector2" n="!$P" />
        <Key v="Quarters" t="String" n="RoomGroup" />
        <Key v="RoomExt" t="String" n="RoomType" />
        <Key v="20206375591335" t="String" n="!$LC" />
        <Key v="Obytný přístavek" t="String" n="%RoomName" />
        <Key v="86400" t="Int32" n="BuildTime" />
        <Key v="2" t="Int32" n="SizeA" />
        <Key v="1" t="Int32" n="SizeB" />
        <Key v="10" t="Int32" n="PriceCM" />
        <Key v="2" t="Int32" n="PriceTM" />
        <Key v="0" t="Int32" n="PriceMM" />
        <Key v="0" t="Int32" n="Consumption" />
        <Key v="Rozšiřuje plochu Ubikace o dvě pole pro případná vylepšení." t="String" n="Fuction" />
        <Key v="30" t="Int32" n="RoomColorRed" />
        <Key v="144" t="Int32" n="RoomColorGreen" />
        <Key v="255" t="Int32" n="RoomColorBlue" />
        <Key v="DodgerBlue" t="String" n="RoomColorName" />
        <Key v="Ubikace_icon" t="String" n="RoomPicture" />
      </Data>
      <Data n="20203997847891">
        <Key v="620,-796.17" t="Vector2" n="!$P" />
        <Key v="Quarters" t="String" n="RoomGroup" />
        <Key v="RoomImprov" t="String" n="RoomType" />
        <Key v="20206375591736" t="String" n="!$LC" />
        <Key v="Postele" t="String" n="%RoomName" />
        <Key v="115200" t="Int32" n="BuildTime" />
        <Key v="2" t="Int32" n="SizeA" />
        <Key v="1" t="Int32" n="SizeB" />
        <Key v="10" t="Int32" n="PriceCM" />
        <Key v="4" t="Int32" n="PriceTM" />
        <Key v="0" t="Int32" n="PriceMM" />
        <Key v="0" t="Int32" n="Consumption" />
        <Key v="Poskytuje ubytování pro 2 lidi." t="String" n="Fuction" />
        <Key v="30" t="Int32" n="RoomColorRed" />
        <Key v="144" t="Int32" n="RoomColorGreen" />
        <Key v="255" t="Int32" n="RoomColorBlue" />
        <Key v="DodgerBlue" t="String" n="RoomColorName" />
        <Key v="Ubikace_icon" t="String" n="RoomPicture" />
      </Data>
      <Data n="20203998010602">
        <Key v="930,-796.17" t="Vector2" n="!$P" />
        <Key v="Quarters" t="String" n="RoomGroup" />
        <Key v="RoomImprov" t="String" n="RoomType" />
        <Key v="20206375592316" t="String" n="!$LC" />
        <Key v="Provizorní kuchyň" t="String" n="%RoomName" />
        <Key v="172800" t="Int32" n="BuildTime" />
        <Key v="1" t="Int32" n="SizeA" />
        <Key v="1" t="Int32" n="SizeB" />
        <Key v="10" t="Int32" n="PriceCM" />
        <Key v="20" t="Int32" n="PriceTM" />
        <Key v="0" t="Int32" n="PriceMM" />
        <Key v="3" t="Int32" n="Consumption" />
        <Key v="Jednorázový bonus +5 KAR pro bunkr.&#xA;Každý den provozu přidá pro celý bunkr +1 KAR" t="String" n="Fuction" />
        <Key v="1" t="Int32" n="AddCondition" />
        <Key v="Stavabu mohou provádět pouze specialisté s TeL &gt; 1&#xA;Ubikace 6+ polí&#xA;Studna" t="String" n="Condition" />
        <Key v="1" t="Int32" n="AddSM" />
        <Key v="20203978529684" t="String" n="PriceSM" />
        <Key v="30" t="Int32" n="RoomColorRed" />
        <Key v="144" t="Int32" n="RoomColorGreen" />
        <Key v="255" t="Int32" n="RoomColorBlue" />
        <Key v="DodgerBlue" t="String" n="RoomColorName" />
        <Key v="Ubikace_icon" t="String" n="RoomPicture" />
      </Data>
      <Data n="20203998572887">
        <Key v="0,-1250.68" t="Vector2" n="!$P" />
        <Key v="Store" t="String" n="RoomGroup" />
        <Key v="RoomExt" t="String" n="RoomType" />
        <Key v="20206375636398" t="String" n="!$LC" />
        <Key v="Skladovací prostor" t="String" n="%RoomName" />
        <Key v="28800" t="Int32" n="BuildTime" />
        <Key v="2" t="Int32" n="SizeA" />
        <Key v="1" t="Int32" n="SizeB" />
        <Key v="5" t="Int32" n="PriceCM" />
        <Key v="5" t="Int32" n="PriceTM" />
        <Key v="0" t="Int32" n="PriceMM" />
        <Key v="0" t="Int32" n="Consumption" />
        <Key v="Uskladnění až 8 krabic materiálu (2x4)" t="String" n="Fuction" />
        <Key v="Skladiste_icon" t="String" n="RoomPicture" />
        <Key v="Gold" t="String" n="RoomColorName" />
        <Key v="255" t="Int32" n="RoomColorRed" />
        <Key v="215" t="Int32" n="RoomColorGreen" />
        <Key v="0" t="Int32" n="RoomColorBlue" />
      </Data>
      <Data n="20203998628354">
        <Key v="310,-1250.68" t="Vector2" n="!$P" />
        <Key v="Store" t="String" n="RoomGroup" />
        <Key v="RomeCore" t="String" n="RoomType" />
        <Key v="Skladiště" t="String" n="%RoomName" />
        <Key v="230400" t="Int32" n="BuildTime" />
        <Key v="2" t="Int32" n="SizeA" />
        <Key v="2" t="Int32" n="SizeB" />
        <Key v="20" t="Int32" n="PriceCM" />
        <Key v="20" t="Int32" n="PriceTM" />
        <Key v="0" t="Int32" n="PriceMM" />
        <Key v="0" t="Int32" n="Consumption" />
        <Key v="Uskladnění až 16ti krabic materiálu (4x4)" t="String" n="Fuction" />
        <Key v="20206375641281" t="String" n="!$LC" />
        <Key v="255" t="Int32" n="RoomColorRed" />
        <Key v="215" t="Int32" n="RoomColorGreen" />
        <Key v="0" t="Int32" n="RoomColorBlue" />
        <Key v="Gold" t="String" n="RoomColorName" />
        <Key v="Skladiste_icon" t="String" n="RoomPicture" />
      </Data>
      <Data n="20203998376694">
        <Key v="0,-1543.97" t="Vector2" n="!$P" />
        <Key v="WorkShop" t="String" n="RoomGroup" />
        <Key v="RoomExt" t="String" n="RoomType" />
        <Key v="20206375664009" t="String" n="!$LC" />
        <Key v="Dílenský prostor" t="String" n="%RoomName" />
        <Key v="86400" t="Int32" n="BuildTime" />
        <Key v="2" t="Int32" n="SizeA" />
        <Key v="1" t="Int32" n="SizeB" />
        <Key v="5" t="Int32" n="PriceCM" />
        <Key v="15" t="Int32" n="PriceTM" />
        <Key v="0" t="Int32" n="PriceMM" />
        <Key v="0" t="Int32" n="Consumption" />
        <Key v="Rozšříří dílno o 4 pole pro další vylepšení" t="String" n="Fuction" />
        <Key v="Sienna" t="String" n="RoomColorName" />
        <Key v="160" t="Int32" n="RoomColorRed" />
        <Key v="82" t="Int32" n="RoomColorGreen" />
        <Key v="45" t="Int32" n="RoomColorBlue" />
        <Key v="Dilna_icon" t="String" n="RoomPicture" />
      </Data>
      <Data n="20203999091586">
        <Key v="310,-1543.97" t="Vector2" n="!$P" />
        <Key v="WorkShop" t="String" n="RoomGroup" />
        <Key v="RomeCore" t="String" n="RoomType" />
        <Key v="Dílna" t="String" n="%RoomName" />
        <Key v="691200" t="Int32" n="BuildTime" />
        <Key v="2" t="Int32" n="SizeA" />
        <Key v="3" t="Int32" n="SizeB" />
        <Key v="20" t="Int32" n="PriceCM" />
        <Key v="100" t="Int32" n="PriceTM" />
        <Key v="0" t="Int32" n="PriceMM" />
        <Key v="0" t="Int32" n="Consumption" />
        <Key v="Umožňuje vyrábět vybavení LVL 0&#xA;Místo pro jednoho specialistu" t="String" n="Fuction" />
        <Key v="1" t="Int32" n="AddSM" />
        <Key v="20203998794984" t="String" n="PriceSM" />
        <Key v="20206375664476" t="String" n="!$LC" />
        <Key v="Sienna" t="String" n="RoomColorName" />
        <Key v="160" t="Int32" n="RoomColorRed" />
        <Key v="82" t="Int32" n="RoomColorGreen" />
        <Key v="45" t="Int32" n="RoomColorBlue" />
        <Key v="Dilna_icon" t="String" n="RoomPicture" />
      </Data>
      <Data n="20203999118683">
        <Key v="620,-1543.97" t="Vector2" n="!$P" />
        <Key v="WorkShop" t="String" n="RoomGroup" />
        <Key v="RoomImprov" t="String" n="RoomType" />
        <Key v="20206375664968" t="String" n="!$LC" />
        <Key v="Pracovní místo" t="String" n="%RoomName" />
        <Key v="172800" t="Int32" n="BuildTime" />
        <Key v="2" t="Int32" n="SizeA" />
        <Key v="2" t="Int32" n="SizeB" />
        <Key v="10" t="Int32" n="PriceCM" />
        <Key v="40" t="Int32" n="PriceTM" />
        <Key v="0" t="Int32" n="PriceMM" />
        <Key v="0" t="Int32" n="Consumption" />
        <Key v="Vytvoří místo pro jednoho specialistu" t="String" n="Fuction" />
        <Key v="1" t="Int32" n="AddSM" />
        <Key v="20203998794984" t="String" n="PriceSM" />
        <Key v="Sienna" t="String" n="RoomColorName" />
        <Key v="160" t="Int32" n="RoomColorRed" />
        <Key v="82" t="Int32" n="RoomColorGreen" />
        <Key v="45" t="Int32" n="RoomColorBlue" />
        <Key v="Dilna_icon" t="String" n="RoomPicture" />
      </Data>
    </Data>
    <Data n="!FIL">
      <Key v="R" t="String" n="$T" />
    </Data>
  </Data>
</DataRoot>