﻿<?xml version="1.0" encoding="utf-8"?>
<DataRoot n="Q">
  <Data n="20183185280766">
    <Data n="$Elems">
      <Data n="20206568888612e">
        <Key v="300,0" t="Vector2" n="!$P" />
        <Key v="20206543682768" t="String" n="$T" />
        <Key v="Alchymista Toxik poslal svého učně do šedých bažin hledat byliny. A dosud se nevrátil" t="String" n="%X" />
      </Data>
    </Data>
    <Data n="$Conns">
      <Data n="20206568888612c">
        <Key v="20206568888612e" t="String" n="$E" />
      </Data>
    </Data>
  </Data>
</DataRoot>