﻿<?xml version="1.0" encoding="utf-8"?>
<DataRoot n="">
  <Data n="_ROOTS">
    <Key v="-485,138.22" t="Vector2" n="!$MP" />
    <Key v="1,1,1" t="Vector3" n="!$MZ" />
    <Key v="20208243324848" t="String" n="!$LC" />
    <Data n="$Elems">
      <Data n="20203948678122">
        <Key v="930,0" t="Vector2" n="!$P" />
        <Key v="20205825590523" t="String" n="!$LC" />
        <Key v="ArmorSpec" t="String" n="ItemType" />
        <Key v="Improvizované dřevěné brnění" t="String" n="X" />
      </Data>
      <Data n="20203978491798">
        <Key v="620,0" t="Vector2" n="!$P" />
        <Key v="20205825589714" t="String" n="!$LC" />
        <Key v="ArmorSpec" t="String" n="ItemType" />
        <Key v="Kostěné brnění" t="String" n="X" />
      </Data>
      <Data n="20203978493729">
        <Key v="310,0" t="Vector2" n="!$P" />
        <Key v="20205825591483" t="String" n="!$LC" />
        <Key v="ArmorSpec" t="String" n="ItemType" />
        <Key v="Kožené brnění" t="String" n="X" />
      </Data>
      <Data n="20203978495255">
        <Key v="0,0" t="Vector2" n="!$P" />
        <Key v="20208243323755" t="String" n="!$LC" />
        <Key v="ArmorSpec" t="String" n="ItemType" />
        <Key v="Železné brnění" t="String" n="X" />
      </Data>
      <Data n="20203948687747">
        <Key v="620,-87.22" t="Vector2" n="!$P" />
        <Key v="20203948690737" t="String" n="!$LC" />
        <Key v="BagSpec" t="String" n="ItemType" />
        <Key v="Malý batoh" t="String" n="X" />
      </Data>
      <Data n="20203948691579">
        <Key v="310,-87.22" t="Vector2" n="!$P" />
        <Key v="20203948695803" t="String" n="!$LC" />
        <Key v="Malý vozík" t="String" n="X" />
        <Key v="BagSpec" t="String" n="ItemType" />
      </Data>
      <Data n="20203978506093">
        <Key v="0,-87.22" t="Vector2" n="!$P" />
        <Key v="20203978510134" t="String" n="!$LC" />
        <Key v="Velký batoh" t="String" n="X" />
        <Key v="BagSpec" t="String" n="ItemType" />
      </Data>
      <Data n="20203948443222">
        <Key v="620,-174.44" t="Vector2" n="!$P" />
        <Key v="20205825587688" t="String" n="!$LC" />
        <Key v="Páčidlo" t="String" n="X" />
        <Key v="ItemSpec" t="String" n="ItemType" />
      </Data>
      <Data n="20203948445207">
        <Key v="310,-174.44" t="Vector2" n="!$P" />
        <Key v="20205825586474" t="String" n="!$LC" />
        <Key v="Paklíče" t="String" n="X" />
        <Key v="ItemSpec" t="String" n="ItemType" />
      </Data>
      <Data n="20203978534734">
        <Key v="0,-174.44" t="Vector2" n="!$P" />
        <Key v="20205825585811" t="String" n="!$LC" />
        <Key v="Základní souprava nářadí" t="String" n="X" />
        <Key v="ItemSpec" t="String" n="ItemType" />
      </Data>
      <Data n="20203948682800">
        <Key v="1240,-261.66" t="Vector2" n="!$P" />
        <Key v="20203949603889" t="String" n="!$LC" />
        <Key v="ResBasic" t="String" n="ItemType" />
        <Key v="Jídlo" t="String" n="X" />
      </Data>
      <Data n="20203978442136">
        <Key v="930,-261.66" t="Vector2" n="!$P" />
        <Key v="20203978444121" t="String" n="!$LC" />
        <Key v="ResBasic" t="String" n="ItemType" />
        <Key v="Civilní materiál" t="String" n="X" />
      </Data>
      <Data n="20203978444588">
        <Key v="620,-261.66" t="Vector2" n="!$P" />
        <Key v="20203978446644" t="String" n="!$LC" />
        <Key v="ResBasic" t="String" n="ItemType" />
        <Key v="Technický materiál" t="String" n="X" />
      </Data>
      <Data n="20203978446648">
        <Key v="310,-261.66" t="Vector2" n="!$P" />
        <Key v="20203978449701" t="String" n="!$LC" />
        <Key v="ResBasic" t="String" n="ItemType" />
        <Key v="Vojenský materiál" t="String" n="X" />
      </Data>
      <Data n="20203978449705">
        <Key v="0,-261.66" t="Vector2" n="!$P" />
        <Key v="20203978452732" t="String" n="!$LC" />
        <Key v="ResBasic" t="String" n="ItemType" />
        <Key v="Palivo" t="String" n="X" />
      </Data>
      <Data n="20203948659485">
        <Key v="930,-348.88" t="Vector2" n="!$P" />
        <Key v="20203997303873" t="String" n="!$LC" />
        <Key v="Lednice" t="String" n="X" />
        <Key v="ResSpecial" t="String" n="ItemType" />
      </Data>
      <Data n="20203978529684">
        <Key v="620,-348.88" t="Vector2" n="!$P" />
        <Key v="20203997303181" t="String" n="!$LC" />
        <Key v="Vařič" t="String" n="X" />
        <Key v="ResSpecial" t="String" n="ItemType" />
      </Data>
      <Data n="20203978531865">
        <Key v="310,-348.88" t="Vector2" n="!$P" />
        <Key v="20203997302326" t="String" n="!$LC" />
        <Key v="Bojler" t="String" n="X" />
        <Key v="ResSpecial" t="String" n="ItemType" />
      </Data>
      <Data n="20203998794984">
        <Key v="0,-348.88" t="Vector2" n="!$P" />
        <Key v="20203998796652" t="String" n="!$LC" />
        <Key v="Sada nářadí" t="String" n="X" />
        <Key v="ResSpecial" t="String" n="ItemType" />
      </Data>
      <Data n="20203978773666">
        <Key v="310,-436.1" t="Vector2" n="!$P" />
        <Key v="20203978843466" t="String" n="!$LC" />
        <Key v="WeapSpec" t="String" n="ItemType" />
        <Key v="Nůž" t="String" n="X" />
      </Data>
      <Data n="20203978801781">
        <Key v="0,-436.1" t="Vector2" n="!$P" />
        <Key v="20203978842661" t="String" n="!$LC" />
        <Key v="WeapSpec" t="String" n="ItemType" />
        <Key v="Bojový nůž" t="String" n="X" />
      </Data>
    </Data>
  </Data>
</DataRoot>