﻿<?xml version="1.0" encoding="utf-8"?>
<DataRoot n="">
  <Data n="_ROOTS">
    <Key v="-234,1873.728" t="Vector2" n="!$MP" />
    <Key v="0.9,0.9,0.9" t="Vector3" n="!$MZ" />
    <Key v="20208749128759" t="String" n="!$LC" />
    <Data n="$Elems">
      <Data n="20203928123829">
        <Key v="0,0" t="Vector2" n="!$P" />
        <Key v="20203956666865" t="String" n="!$LC" />
        <Key v="Atributes" t="String" n="K" />
        <Key v="atri" t="String" n="!!L" />
        <Key v="20203925837071,20203925842600,20203925843042,20203925842930,20203928018795,20203956656014" t="String" n="L" />
      </Data>
      <Data n="20203877686600">
        <Key v="260,-248.01" t="Vector2" n="!$P" />
        <Key v="20203878024044" t="String" n="!$LC" />
        <Key v="Biomes" t="String" n="K" />
        <Key v="20203877640574,20203877604286,20203877641459,20203877655662,20203877667393,20203877655495" t="String" n="L" />
      </Data>
      <Data n="20203910554500">
        <Key v="0,-248.01" t="Vector2" n="!$P" />
        <Key v="20203910557165" t="String" n="!$LC" />
        <Key v="Battle_type" t="String" n="K" />
        <Key v="souboj" t="String" n="!!L" />
        <Key v="20203910524750,20203910537394" t="String" n="L" />
      </Data>
      <Data n="20207220630046">
        <Key v="0,-496.02" t="Vector2" n="!$P" />
        <Key v="kontej" t="String" n="!!L" />
        <Key v="20207220684594" t="String" n="!$LC" />
        <Key v="Container_rarity" t="String" n="K" />
        <Key v="20207220556894,20207220581295,20207220590410,20207220592666" t="String" n="L" />
      </Data>
      <Data n="20207221165115">
        <Key v="260,-496.02" t="Vector2" n="!$P" />
        <Key v="kont" t="String" n="!!L" />
        <Key v="20207221174146" t="String" n="!$LC" />
        <Key v="20207221115488,20207220706111,20207221059282,20207221051183,20207221103244,20207221125148,20207221121607" t="String" n="L" />
        <Key v="Container_type" t="String" n="K" />
      </Data>
      <Data n="20208510115975">
        <Key v="0,-770.11" t="Vector2" n="!$P" />
        <Key v="20208510124051" t="String" n="!$LC" />
        <Key v="EnemyKind" t="String" n="K" />
        <Key v="druh" t="String" n="!!L" />
        <Key v="20208510099976,20208510080647,20208510095477" t="String" n="L" />
      </Data>
      <Data n="20203948582184">
        <Key v="260,-939.88" t="Vector2" n="!$P" />
        <Key v="20203978785514" t="String" n="!$LC" />
        <Key v="ItemType" t="String" n="K" />
        <Key v="item" t="String" n="!!L" />
        <Key v="20203948531550,20203948535353,20203948505995,20203978734392,20203948523410,20203948589590" t="String" n="L" />
      </Data>
      <Data n="20203951621416">
        <Key v="0,-939.88" t="Vector2" n="!$P" />
        <Key v="20207119357168" t="String" n="!$LC" />
        <Key v="Item_count" t="String" n="K" />
        <Key v="pocty" t="String" n="!!L" />
        <Key v="20203951558688,20203951542697,20203951578385,20207119345845" t="String" n="L" />
      </Data>
      <Data n="20203877855124">
        <Key v="260,-1187.89" t="Vector2" n="!$P" />
        <Key v="20205844799606" t="String" n="!$LC" />
        <Key v="Mission_types" t="String" n="K" />
        <Key v="typy" t="String" n="!!L" />
        <Key v="20203878078539,20203877841033,20203877840908,20203877840771,20203877841138,20203877812376,20205844785290" t="String" n="L" />
      </Data>
      <Data n="20203890404055">
        <Key v="0,-1187.89" t="Vector2" n="!$P" />
        <Key v="20206736132798" t="String" n="!$LC" />
        <Key v="Mapa_pole" t="String" n="K" />
        <Key v="pole" t="String" n="!!L" />
        <Key v="20203890293721,20203890366428,20203890365497,20203890322741,20203890366711,20203890366670,20203890366628,20203890366590,20203890366557,20203890392324,20206662186915,20206662187330,20206662187209,20206736111624,20206736111565,20206736111516,20206736111461,20206736111416,20206736111344,20206736124535,20206736123955,20206736123851" t="String" n="L" />
      </Data>
      <Data n="20203973278212">
        <Key v="520,-1187.89" t="Vector2" n="!$P" />
        <Key v="20203973285172" t="String" n="!$LC" />
        <Key v="MU_definition" t="String" n="K" />
        <Key v="mu" t="String" n="!!L" />
        <Key v="20203973132111,20203973222832,20203973233795,20203973264778" t="String" n="L" />
      </Data>
      <Data n="20203878655299">
        <Key v="0,-1853.17" t="Vector2" n="!$P" />
        <Key v="option" t="String" n="!!L" />
        <Key v="20208749128512" t="String" n="!$LC" />
        <Key v="20203878609173,20203889691411,20203889704185,20203889715427,20203889722695,20206233855426,20208749111977" t="String" n="L" />
        <Key v="Option_types" t="String" n="K" />
      </Data>
      <Data n="20203901596108">
        <Key v="260,-2127.26" t="Vector2" n="!$P" />
        <Key v="20205825398318" t="String" n="!$LC" />
        <Key v="Perks" t="String" n="K" />
        <Key v="perk" t="String" n="!!L" />
        <Key v="20203911009058,20203901438331,20203950655787,20203901418193,20205825379640" t="String" n="L" />
      </Data>
      <Data n="20203951821498">
        <Key v="0,-2127.26" t="Vector2" n="!$P" />
        <Key v="20203951825656" t="String" n="!$LC" />
        <Key v="Perk_target" t="String" n="K" />
        <Key v="prira" t="String" n="!!L" />
        <Key v="20203951810327,20203951817818" t="String" n="L" />
      </Data>
      <Data n="20203950425720">
        <Key v="780,-2349.19" t="Vector2" n="!$P" />
        <Key v="akce" t="String" n="!!L" />
        <Key v="20203973382703" t="String" n="!$LC" />
        <Key v="20203949228430,20203950412945,20203952648144,20203973374475" t="String" n="L" />
        <Key v="Result_type" t="String" n="K" />
      </Data>
      <Data n="20203925545419">
        <Key v="0,-2349.19" t="Vector2" n="!$P" />
        <Key v="20206234323567" t="String" n="!$LC" />
        <Key v="Range_testing" t="String" n="K" />
        <Key v="test" t="String" n="!!L" />
        <Key v="20203925482199,20203925513151,20203925501745,20203925523176,20203925530252,20206234296415" t="String" n="L" />
      </Data>
      <Data n="20203948282118">
        <Key v="520,-2349.19" t="Vector2" n="!$P" />
        <Key v="20208511829569" t="String" n="!$LC" />
        <Key v="Resources" t="String" n="K" />
        <Key v="res" t="String" n="!!L" />
        <Key v="20203948229840,20203948199599,20203948211493,20203948234298,20203948239041,20203948252196,20208511822158" t="String" n="L" />
      </Data>
      <Data n="20203996625583">
        <Key v="1300,-2349.19" t="Vector2" n="!$P" />
        <Key v="20203999181135" t="String" n="!$LC" />
        <Key v="Room_type" t="String" n="K" />
        <Key v="mistnost" t="String" n="!!L" />
        <Key v="20203996323346,20203996321399,20203996318836,20203996342218,20203996310112,20203996475943,20203996458090,20203996442206,20203996460116,20203999154542" t="String" n="L" />
      </Data>
      <Data n="20203996635663">
        <Key v="1040,-2349.19" t="Vector2" n="!$P" />
        <Key v="20203996655535" t="String" n="!$LC" />
        <Key v="Room_kind" t="String" n="K" />
        <Key v="mist" t="String" n="!!L" />
        <Key v="20203996487114,20203996487464,20203996482393" t="String" n="L" />
      </Data>
      <Data n="20206735490728">
        <Key v="260,-2349.19" t="Vector2" n="!$P" />
        <Key v="20206735495870" t="String" n="!$LC" />
        <Key v="Reg_dif" t="String" n="K" />
        <Key v="obtiznost" t="String" n="!!L" />
        <Key v="20206735436425,20206735470400,20206735473527,20206735480190,20206735484273" t="String" n="L" />
      </Data>
      <Data n="20203976672287">
        <Key v="0,-2701.52" t="Vector2" n="!$P" />
        <Key v="20208511730523" t="String" n="!$LC" />
        <Key v="Sec_atribut" t="String" n="K" />
        <Key v="sekun" t="String" n="!!L" />
        <Key v="20203976668464,20203976664722,20208511721149" t="String" n="L" />
      </Data>
      <Data n="20207223397511">
        <Key v="260,-2701.52" t="Vector2" n="!$P" />
        <Key v="20207223438908" t="String" n="!$LC" />
        <Key v="SecAtrChType" t="String" n="K" />
        <Key v="sekun" t="String" n="!!L" />
        <Key v="20207223366897,20207223349363" t="String" n="L" />
      </Data>
      <Data n="20206237523550">
        <Key v="520,-2701.52" t="Vector2" n="!$P" />
        <Key v="uvol" t="String" n="!!L" />
        <Key v="20207118821803" t="String" n="!$LC" />
        <Key v="20206237501990,20206237517895,20207093097971,20207118793838" t="String" n="L" />
        <Key v="Specialist_sort" t="String" n="K" />
      </Data>
      <Data n="20207223560883">
        <Key v="0,-2897.37" t="Vector2" n="!$P" />
        <Key v="cíle" t="String" n="!!L" />
        <Key v="20207365170150" t="String" n="!$LC" />
        <Key v="20207223526377,20207223522116,20207223505511,20207340854943,20207365148788" t="String" n="L" />
        <Key v="Target_SecAtrCh" t="String" n="K" />
      </Data>
      <Data n="20203910779542">
        <Key v="780,-2897.37" t="Vector2" n="!$P" />
        <Key v="20203910784162" t="String" n="!$LC" />
        <Key v="Time_change" t="String" n="K" />
        <Key v="casu" t="String" n="!!L" />
        <Key v="20203910772019,20203910756473" t="String" n="L" />
      </Data>
      <Data n="20203926483963">
        <Key v="520,-2897.37" t="Vector2" n="!$P" />
        <Key v="20207342188520" t="String" n="!$LC" />
        <Key v="Test_type" t="String" n="K" />
        <Key v="typ t" t="String" n="!!L" />
        <Key v="20203926241724,20203926433146,20203926333414,20203926299314,20203926245853,20203926401527,20203926220952,20203926214493,20203926310973,20203926455114,20203926391387,20207342174352,20207118844236" t="String" n="L" />
      </Data>
      <Data n="20203953007920">
        <Key v="1040,-2897.37" t="Vector2" n="!$P" />
        <Key v="doprav" t="String" n="!!L" />
        <Key v="20203953013825" t="String" n="!$LC" />
        <Key v="20203952894032,20203952880847,20203952893564,20203952893774" t="String" n="L" />
        <Key v="Transport_type" t="String" n="K" />
      </Data>
      <Data n="20206253718937">
        <Key v="260,-2897.37" t="Vector2" n="!$P" />
        <Key v="20206253723074" t="String" n="!$LC" />
        <Key v="Test_kind" t="String" n="K" />
        <Key v="spole" t="String" n="!!L" />
        <Key v="20203925793606,20203925782466" t="String" n="L" />
      </Data>
    </Data>
  </Data>
</DataRoot>