﻿<?xml version="1.0" encoding="utf-8"?>
<DataRoot n="">
  <Data n="_ROOTS">
    <Key v="-672,1378" t="Vector2" n="!$MP" />
    <Key v="1,1,1" t="Vector3" n="!$MZ" />
    <Key v="20208073132550" t="String" n="!$LC" />
    <Data n="$Elems">
      <Data n="X20205337269344">
        <Key v="1240,0" t="Vector2" n="!$P" />
        <Key v="AT" t="String" n="K" />
        <Key v="20205463409575" t="String" n="!$LC" />
        <Key v="Síla" t="String" n="%Name" />
        <Key v="Sila" t="String" n="X" />
        <Key v="A1" t="String" n="!P" />
      </Data>
      <Data n="X20205337370397">
        <Key v="310,0" t="Vector2" n="!$P" />
        <Key v="AT" t="String" n="K" />
        <Key v="20205463406373" t="String" n="!$LC" />
        <Key v="Obratnost" t="String" n="%Name" />
        <Key v="Obratnost" t="String" n="X" />
        <Key v="A1" t="String" n="!P" />
      </Data>
      <Data n="X20205337374305">
        <Key v="620,0" t="Vector2" n="!$P" />
        <Key v="AT" t="String" n="K" />
        <Key v="20205463407315" t="String" n="!$LC" />
        <Key v="Odolnost" t="String" n="%Name" />
        <Key v="Odolnost" t="String" n="X" />
        <Key v="A1" t="String" n="!P" />
      </Data>
      <Data n="X20205337377236">
        <Key v="0,0" t="Vector2" n="!$P" />
        <Key v="AT" t="String" n="K" />
        <Key v="20205463405701" t="String" n="!$LC" />
        <Key v="Intelekt" t="String" n="%Name" />
        <Key v="Intelekt" t="String" n="X" />
        <Key v="A1" t="String" n="!P" />
      </Data>
      <Data n="X20205337380698">
        <Key v="930,0" t="Vector2" n="!$P" />
        <Key v="AT" t="String" n="K" />
        <Key v="20205463408604" t="String" n="!$LC" />
        <Key v="Osobnost" t="String" n="%Name" />
        <Key v="Osobnost" t="String" n="X" />
        <Key v="A1" t="String" n="!P" />
      </Data>
      <Data n="X20205337450350">
        <Key v="620,-92.02" t="Vector2" n="!$P" />
        <Key v="AT" t="String" n="K" />
        <Key v="20205463417670" t="String" n="!$LC" />
        <Key v="Dovednostní body" t="String" n="%Name" />
        <Key v="LevelBody" t="String" n="X" />
        <Key v="A2" t="String" n="!P" />
        <Key v="11" t="Int32" n="!$C" />
      </Data>
      <Data n="X20205337455624">
        <Key v="0,-92.02" t="Vector2" n="!$P" />
        <Key v="AT" t="String" n="K" />
        <Key v="20205463411707" t="String" n="!$LC" />
        <Key v="Celková nosnost" t="String" n="%Name" />
        <Key v="Nosnost" t="String" n="X" />
        <Key v="A2" t="String" n="!P" />
      </Data>
      <Data n="X20205337466717">
        <Key v="930,-92.02" t="Vector2" n="!$P" />
        <Key v="AT" t="String" n="K" />
        <Key v="20205463418900" t="String" n="!$LC" />
        <Key v="Nosnost výstroje" t="String" n="%Name" />
        <Key v="Zatez" t="String" n="X" />
        <Key v="A2" t="String" n="!P" />
      </Data>
      <Data n="X20205337712715">
        <Key v="1860,-92.02" t="Vector2" n="!$P" />
        <Key v="AT" t="String" n="K" />
        <Key v="20205463420815" t="String" n="!$LC" />
        <Key v="Umění boje" t="String" n="%Name" />
        <Key v="UmeniBoje" t="String" n="X" />
        <Key v="A2" t="String" n="!P" />
      </Data>
      <Data n="X20205337791587">
        <Key v="1550,-92.02" t="Vector2" n="!$P" />
        <Key v="AT" t="String" n="K" />
        <Key v="20205463420427" t="String" n="!$LC" />
        <Key v="Uhýbání" t="String" n="%Name" />
        <Key v="Uhybani" t="String" n="X" />
        <Key v="A2" t="String" n="!P" />
      </Data>
      <Data n="X20205337801212">
        <Key v="310,-92.02" t="Vector2" n="!$P" />
        <Key v="AT" t="String" n="K" />
        <Key v="20205463417311" t="String" n="!$LC" />
        <Key v="Charisma" t="String" n="%Name" />
        <Key v="Charisma" t="String" n="X" />
        <Key v="A2" t="String" n="!P" />
      </Data>
      <Data n="X20205339164517">
        <Key v="1240,-92.02" t="Vector2" n="!$P" />
        <Key v="AT" t="String" n="K" />
        <Key v="20205463420114" t="String" n="!$LC" />
        <Key v="Síla vůle" t="String" n="%Name" />
        <Key v="SilaVule" t="String" n="X" />
        <Key v="A2" t="String" n="!P" />
      </Data>
      <Data n="X20205339527587">
        <Key v="2170,-92.02" t="Vector2" n="!$P" />
        <Key v="AT" t="String" n="K" />
        <Key v="20205463421148" t="String" n="!$LC" />
        <Key v="Umění magie" t="String" n="%Name" />
        <Key v="Casting" t="String" n="X" />
        <Key v="A2" t="String" n="!P" />
      </Data>
      <Data n="X20205339195764">
        <Key v="1860,-184.04" t="Vector2" n="!$P" />
        <Key v="AT" t="String" n="K" />
        <Key v="20205534352584" t="String" n="!$LC" />
        <Key v="CritChance" t="String" n="X" />
        <Key v="Šance na kritikál" t="String" n="%Name" />
        <Key v="Battle" t="String" n="!P" />
      </Data>
      <Data n="X20205339204564">
        <Key v="310,-184.04" t="Vector2" n="!$P" />
        <Key v="AT" t="String" n="K" />
        <Key v="20205534363768" t="String" n="!$LC" />
        <Key v="CritDamage" t="String" n="X" />
        <Key v="Kritické zranění" t="String" n="%Name" />
        <Key v="Battle" t="String" n="!P" />
      </Data>
      <Data n="X20205339207370">
        <Key v="0,-184.04" t="Vector2" n="!$P" />
        <Key v="AT" t="String" n="K" />
        <Key v="20205534367805" t="String" n="!$LC" />
        <Key v="CritDefense" t="String" n="X" />
        <Key v="Kritická obrana" t="String" n="%Name" />
        <Key v="Battle" t="String" n="!P" />
      </Data>
      <Data n="X20205337532536">
        <Key v="620,-184.04" t="Vector2" n="!$P" />
        <Key v="AT" t="String" n="K" />
        <Key v="20205531777353" t="String" n="!$LC" />
        <Key v="Kvalita zbroje" t="String" n="%Name" />
        <Key v="KvalitaZbroje" t="String" n="X" />
        <Key v="Battle" t="String" n="!P" />
      </Data>
      <Data n="X20205337796992">
        <Key v="930,-184.04" t="Vector2" n="!$P" />
        <Key v="AT" t="String" n="K" />
        <Key v="20205531780155" t="String" n="!$LC" />
        <Key v="Obnoveni staminy" t="String" n="%Name" />
        <Key v="Obnoveni" t="String" n="X" />
        <Key v="Battle" t="String" n="!P" />
      </Data>
      <Data n="X20205339584631">
        <Key v="1240,-184.04" t="Vector2" n="!$P" />
        <Key v="AT" t="String" n="K" />
        <Key v="20205463349653" t="String" n="!$LC" />
        <Key v="Přesnost z boku" t="String" n="%Name" />
        <Key v="FlankBonus" t="String" n="X" />
        <Key v="Battle" t="String" n="!P" />
      </Data>
      <Data n="X20205339593247">
        <Key v="1550,-184.04" t="Vector2" n="!$P" />
        <Key v="AT" t="String" n="K" />
        <Key v="20205463350012" t="String" n="!$LC" />
        <Key v="Přesnost zezadu" t="String" n="%Name" />
        <Key v="BackBonus" t="String" n="X" />
        <Key v="Battle" t="String" n="!P" />
      </Data>
      <Data n="X20205339571257">
        <Key v="620,-276.06" t="Vector2" n="!$P" />
        <Key v="AT" t="String" n="K" />
        <Key v="20205535108387" t="String" n="!$LC" />
        <Key v="Průraznost" t="String" n="%Name" />
        <Key v="Penetrate" t="String" n="X" />
        <Key v="Internal" t="String" n="!P" />
        <Key v="2" t="Int32" n="!$C" />
      </Data>
      <Data n="X20205339651447">
        <Key v="1550,-276.06" t="Vector2" n="!$P" />
        <Key v="AT" t="String" n="K" />
        <Key v="20205534361829" t="String" n="!$LC" />
        <Key v="Síla kouzel" t="String" n="%Name" />
        <Key v="Spellpower" t="String" n="X" />
        <Key v="Internal" t="String" n="!P" />
      </Data>
      <Data n="X20205339561028">
        <Key v="0,-276.06" t="Vector2" n="!$P" />
        <Key v="AT" t="String" n="K" />
        <Key v="20205534338522" t="String" n="!$LC" />
        <Key v="Celkové zranění" t="String" n="%Name" />
        <Key v="Damage" t="String" n="X" />
        <Key v="Internal" t="String" n="!P" />
        <Key v="6" t="Int32" n="!$C" />
      </Data>
      <Data n="X20205339531481">
        <Key v="310,-276.06" t="Vector2" n="!$P" />
        <Key v="AT" t="String" n="K" />
        <Key v="20205534344014" t="String" n="!$LC" />
        <Key v="Dostřel" t="String" n="%Name" />
        <Key v="Range" t="String" n="X" />
        <Key v="Internal" t="String" n="!P" />
      </Data>
      <Data n="X20205341769177">
        <Key v="930,-276.06" t="Vector2" n="!$P" />
        <Key v="AT" t="String" n="K" />
        <Key v="20205534342717" t="String" n="!$LC" />
        <Key v="Přesné zranění" t="String" n="%Name" />
        <Key v="HitDamage" t="String" n="X" />
        <Key v="Internal" t="String" n="!P" />
      </Data>
      <Data n="X20207136281047">
        <Key v="1240,-276.06" t="Vector2" n="!$P" />
        <Key v="AT" t="String" n="K" />
        <Key v="20207136310836" t="String" n="!$LC" />
        <Key v="Přesnost útoku" t="String" n="%Name" />
        <Key v="Accuracy" t="String" n="X" />
        <Key v="Internal" t="String" n="!P" />
      </Data>
      <Data n="X20205339168558">
        <Key v="930,-368.08" t="Vector2" n="!$P" />
        <Key v="AT" t="String" n="K" />
        <Key v="20205340053919" t="String" n="!$LC" />
        <Key v="Ochrana proti zbraním" t="String" n="%Name" />
        <Key v="WeaponResist" t="String" n="X" />
        <Key v="Resists" t="String" n="!P" />
        <Key v="1" t="Int32" n="!$C" />
      </Data>
      <Data n="X20205339173683">
        <Key v="1240,-368.08" t="Vector2" n="!$P" />
        <Key v="AT" t="String" n="K" />
        <Key v="20205340056138" t="String" n="!$LC" />
        <Key v="Ochrana proti žáru" t="String" n="%Name" />
        <Key v="BurnResist" t="String" n="X" />
        <Key v="Resists" t="String" n="!P" />
        <Key v="1" t="Int32" n="!$C" />
      </Data>
      <Data n="X20205339177495">
        <Key v="310,-368.08" t="Vector2" n="!$P" />
        <Key v="AT" t="String" n="K" />
        <Key v="20205340053281" t="String" n="!$LC" />
        <Key v="Ochrana proti chladu" t="String" n="%Name" />
        <Key v="ColdResist" t="String" n="X" />
        <Key v="Resists" t="String" n="!P" />
        <Key v="1" t="Int32" n="!$C" />
      </Data>
      <Data n="X20205339179859">
        <Key v="0,-368.08" t="Vector2" n="!$P" />
        <Key v="AT" t="String" n="K" />
        <Key v="20205340051258" t="String" n="!$LC" />
        <Key v="Ochrana proti energii" t="String" n="%Name" />
        <Key v="EnergyResist" t="String" n="X" />
        <Key v="Resists" t="String" n="!P" />
        <Key v="1" t="Int32" n="!$C" />
      </Data>
      <Data n="X20205339182699">
        <Key v="620,-368.08" t="Vector2" n="!$P" />
        <Key v="AT" t="String" n="K" />
        <Key v="20205340052822" t="String" n="!$LC" />
        <Key v="Ochrana proti nákaze" t="String" n="%Name" />
        <Key v="BlightResist" t="String" n="X" />
        <Key v="Resists" t="String" n="!P" />
        <Key v="1" t="Int32" n="!$C" />
      </Data>
      <Data n="X20205339294224">
        <Key v="0,-460.1" t="Vector2" n="!$P" />
        <Key v="AT" t="String" n="K" />
        <Key v="20205340031562" t="String" n="!$LC" />
        <Key v="Hod na intelekt" t="String" n="%Name" />
        <Key v="HodIntelekt" t="String" n="X" />
        <Key v="Rolls" t="String" n="!P" />
        <Key v="3" t="Int32" n="!$C" />
      </Data>
      <Data n="X20205339297389">
        <Key v="1240,-460.1" t="Vector2" n="!$P" />
        <Key v="AT" t="String" n="K" />
        <Key v="20205340033472" t="String" n="!$LC" />
        <Key v="Hod na sílu" t="String" n="%Name" />
        <Key v="HodSila" t="String" n="X" />
        <Key v="Rolls" t="String" n="!P" />
        <Key v="3" t="Int32" n="!$C" />
      </Data>
      <Data n="X20205339299758">
        <Key v="310,-460.1" t="Vector2" n="!$P" />
        <Key v="AT" t="String" n="K" />
        <Key v="20205340029798" t="String" n="!$LC" />
        <Key v="Hod na obratnost" t="String" n="%Name" />
        <Key v="HodObratnost" t="String" n="X" />
        <Key v="Rolls" t="String" n="!P" />
        <Key v="3" t="Int32" n="!$C" />
      </Data>
      <Data n="X20205339302055">
        <Key v="620,-460.1" t="Vector2" n="!$P" />
        <Key v="AT" t="String" n="K" />
        <Key v="20205340032542" t="String" n="!$LC" />
        <Key v="Hod na odolnost" t="String" n="%Name" />
        <Key v="HodOdolnost" t="String" n="X" />
        <Key v="Rolls" t="String" n="!P" />
        <Key v="3" t="Int32" n="!$C" />
      </Data>
      <Data n="X20205339305800">
        <Key v="930,-460.1" t="Vector2" n="!$P" />
        <Key v="AT" t="String" n="K" />
        <Key v="20205340033051" t="String" n="!$LC" />
        <Key v="Hod na osobnost" t="String" n="%Name" />
        <Key v="HodOsobnost" t="String" n="X" />
        <Key v="Rolls" t="String" n="!P" />
        <Key v="3" t="Int32" n="!$C" />
      </Data>
      <Data n="X20205339618815">
        <Key v="1860,-460.1" t="Vector2" n="!$P" />
        <Key v="AT" t="String" n="K" />
        <Key v="20207170689339" t="String" n="!$LC" />
        <Key v="Hod proti vodě" t="String" n="%Name" />
        <Key v="HodWater" t="String" n="X" />
        <Key v="Rolls" t="String" n="!P" />
      </Data>
      <Data n="X20205339625082">
        <Key v="2480,-460.1" t="Vector2" n="!$P" />
        <Key v="AT" t="String" n="K" />
        <Key v="20207170691145" t="String" n="!$LC" />
        <Key v="Hod proti zemi" t="String" n="%Name" />
        <Key v="HodEarth" t="String" n="X" />
        <Key v="Rolls" t="String" n="!P" />
      </Data>
      <Data n="X20205339627273">
        <Key v="2170,-460.1" t="Vector2" n="!$P" />
        <Key v="AT" t="String" n="K" />
        <Key v="20207170690399" t="String" n="!$LC" />
        <Key v="Hod proti vzduchu" t="String" n="%Name" />
        <Key v="HodAir" t="String" n="X" />
        <Key v="Rolls" t="String" n="!P" />
      </Data>
      <Data n="X20205339665872">
        <Key v="1550,-460.1" t="Vector2" n="!$P" />
        <Key v="AT" t="String" n="K" />
        <Key v="20207170688276" t="String" n="!$LC" />
        <Key v="Hod proti ohni" t="String" n="%Name" />
        <Key v="HodFire" t="String" n="X" />
        <Key v="Rolls" t="String" n="!P" />
      </Data>
      <Data n="X20208034299240">
        <Key v="620,-552.12" t="Vector2" n="!$P" />
        <Key v="AT" t="String" n="K" />
        <Key v="20208034305224" t="String" n="!$LC" />
        <Key v="Žízeň" t="String" n="%Name" />
        <Key v="Drink" t="String" n="X" />
        <Key v="Special" t="String" n="!P" />
      </Data>
      <Data n="X20208034306329">
        <Key v="0,-552.12" t="Vector2" n="!$P" />
        <Key v="AT" t="String" n="K" />
        <Key v="20208034308440" t="String" n="!$LC" />
        <Key v="Hlad" t="String" n="%Name" />
        <Key v="Food" t="String" n="X" />
        <Key v="Special" t="String" n="!P" />
      </Data>
      <Data n="X20208034306412">
        <Key v="310,-552.12" t="Vector2" n="!$P" />
        <Key v="AT" t="String" n="K" />
        <Key v="20208034312147" t="String" n="!$LC" />
        <Key v="Únava" t="String" n="%Name" />
        <Key v="Fatigue" t="String" n="X" />
        <Key v="Special" t="String" n="!P" />
      </Data>
      <Data n="X20205339760982">
        <Key v="620,-644.14" t="Vector2" n="!$P" />
        <Key v="AT" t="String" n="K" />
        <Key v="20205463360129" t="String" n="!$LC" />
        <Key v="Detekce zrakem" t="String" n="%Name" />
        <Key v="Visual" t="String" n="X" />
        <Key v="Stealth" t="String" n="!P" />
      </Data>
      <Data n="X20205339763247">
        <Key v="310,-644.14" t="Vector2" n="!$P" />
        <Key v="AT" t="String" n="K" />
        <Key v="20205463359816" t="String" n="!$LC" />
        <Key v="Detekce sluchem" t="String" n="%Name" />
        <Key v="Noise" t="String" n="X" />
        <Key v="Stealth" t="String" n="!P" />
      </Data>
      <Data n="X20205339772638">
        <Key v="0,-644.14" t="Vector2" n="!$P" />
        <Key v="AT" t="String" n="K" />
        <Key v="20205463359437" t="String" n="!$LC" />
        <Key v="Detekce čichem" t="String" n="%Name" />
        <Key v="Smell" t="String" n="X" />
        <Key v="Stealth" t="String" n="!P" />
      </Data>
      <Data n="X20205339778431">
        <Key v="620,-736.16" t="Vector2" n="!$P" />
        <Key v="AT" t="String" n="K" />
        <Key v="20207209889229" t="String" n="!$LC" />
        <Key v="Viditelnost" t="String" n="%Name" />
        <Key v="Light" t="String" n="X" />
        <Key v="Virtual" t="String" n="!P" />
        <Key v="2" t="Int32" n="!$C" />
      </Data>
      <Data n="X20206561700652">
        <Key v="310,-736.16" t="Vector2" n="!$P" />
        <Key v="AT" t="String" n="K" />
        <Key v="20206583651804" t="String" n="!$LC" />
        <Key v="Trvání" t="String" n="%Name" />
        <Key v="Duration" t="String" n="X" />
        <Key v="Virtual" t="String" n="!P" />
      </Data>
      <Data n="X20206583646370">
        <Key v="0,-736.16" t="Vector2" n="!$P" />
        <Key v="AT" t="String" n="K" />
        <Key v="20206583650520" t="String" n="!$LC" />
        <Key v="Efekt" t="String" n="%Name" />
        <Key v="Effect" t="String" n="X" />
        <Key v="Virtual" t="String" n="!P" />
      </Data>
      <Data n="X20205337429248">
        <Key v="1860,-828.18" t="Vector2" n="!$P" />
        <Key v="AT" t="String" n="K" />
        <Key v="20205340110980" t="String" n="!$LC" />
        <Key v="Životy" t="String" n="%Name" />
        <Key v="Zivoty" t="String" n="X" />
        <Key v="Vitals" t="String" n="!P" />
      </Data>
      <Data n="X20205337433255">
        <Key v="1240,-828.18" t="Vector2" n="!$P" />
        <Key v="AT" t="String" n="K" />
        <Key v="20205340109679" t="String" n="!$LC" />
        <Key v="Stamina" t="String" n="%Name" />
        <Key v="Stamina" t="String" n="X" />
        <Key v="Vitals" t="String" n="!P" />
      </Data>
      <Data n="X20205337435024">
        <Key v="930,-828.18" t="Vector2" n="!$P" />
        <Key v="AT" t="String" n="K" />
        <Key v="20205340046554" t="String" n="!$LC" />
        <Key v="Nadšení" t="String" n="%Name" />
        <Key v="Nadseni" t="String" n="X" />
        <Key v="Vitals" t="String" n="!P" />
      </Data>
      <Data n="X20205337442439">
        <Key v="0,-828.18" t="Vector2" n="!$P" />
        <Key v="AT" t="String" n="K" />
        <Key v="20205340067497" t="String" n="!$LC" />
        <Key v="Akční body" t="String" n="%Name" />
        <Key v="AkcniBody" t="String" n="X" />
        <Key v="Vitals" t="String" n="!P" />
      </Data>
      <Data n="X20205337445028">
        <Key v="620,-828.18" t="Vector2" n="!$P" />
        <Key v="AT" t="String" n="K" />
        <Key v="20205340069641" t="String" n="!$LC" />
        <Key v="Iniciativa" t="String" n="%Name" />
        <Key v="Iniciativa" t="String" n="X" />
        <Key v="Vitals" t="String" n="!P" />
      </Data>
      <Data n="X20205337440745">
        <Key v="310,-828.18" t="Vector2" n="!$P" />
        <Key v="AT" t="String" n="K" />
        <Key v="20205340017446" t="String" n="!$LC" />
        <Key v="Energie" t="String" n="%Name" />
        <Key v="Energie" t="String" n="X" />
        <Key v="Vitals" t="String" n="!P" />
      </Data>
      <Data n="X20205337419919">
        <Key v="1550,-828.18" t="Vector2" n="!$P" />
        <Key v="AT" t="String" n="K" />
        <Key v="20205463353553" t="String" n="!$LC" />
        <Key v="Zkušenost" t="String" n="%Name" />
        <Key v="XP" t="String" n="X" />
        <Key v="Vitals" t="String" n="!P" />
        <Key v="3" t="Int32" n="!$C" />
      </Data>
      <Data n="X20207523154721">
        <Key v="0,-920.2" t="Vector2" n="!$P" />
        <Key v="DA" t="String" n="K" />
        <Key v="20207523844815" t="String" n="!$LC" />
        <Key v="M" t="String" n="S" />
        <Key v="Zastrašující řev" t="String" n="%Name" />
        <Key v="Bojovník - Pokřiky" t="String" n="!P" />
        <Key v="WCry1" t="String" n="X" />
        <Key v="17" t="Int32" n="!$C" />
      </Data>
      <Data n="X20206561578485">
        <Key v="0,-1012.22" t="Vector2" n="!$P" />
        <Key v="DD" t="String" n="K" />
        <Key v="20206561580129" t="String" n="!$LC" />
        <Key v="Alchymie" t="String" n="%Name" />
        <Key v="SKLAlc" t="String" n="X" />
        <Key v="15" t="Int32" n="!$C" />
      </Data>
      <Data n="X20206561543618">
        <Key v="1240,-1012.22" t="Vector2" n="!$P" />
        <Key v="DD" t="String" n="K" />
        <Key v="20206561546725" t="String" n="!$LC" />
        <Key v="Zálesáctví" t="String" n="%Name" />
        <Key v="SKLSur" t="String" n="X" />
        <Key v="12" t="Int32" n="!$C" />
      </Data>
      <Data n="X20206561555441">
        <Key v="1550,-1012.22" t="Vector2" n="!$P" />
        <Key v="DD" t="String" n="K" />
        <Key v="20206561557192" t="String" n="!$LC" />
        <Key v="Zbrojířství" t="String" n="%Name" />
        <Key v="SKLArm" t="String" n="X" />
        <Key v="12" t="Int32" n="!$C" />
      </Data>
      <Data n="X20206561513146">
        <Key v="930,-1012.22" t="Vector2" n="!$P" />
        <Key v="DD" t="String" n="K" />
        <Key v="20206561514539" t="String" n="!$LC" />
        <Key v="Vedení" t="String" n="%Name" />
        <Key v="SKLLea" t="String" n="X" />
        <Key v="12" t="Int32" n="!$C" />
      </Data>
      <Data n="X20206561494226">
        <Key v="620,-1012.22" t="Vector2" n="!$P" />
        <Key v="DD" t="String" n="K" />
        <Key v="20206561496007" t="String" n="!$LC" />
        <Key v="Okultismus" t="String" n="%Name" />
        <Key v="SKLOcc" t="String" n="X" />
        <Key v="12" t="Int32" n="!$C" />
      </Data>
      <Data n="X20206561454692">
        <Key v="310,-1012.22" t="Vector2" n="!$P" />
        <Key v="DD" t="String" n="K" />
        <Key v="20206561458191" t="String" n="!$LC" />
        <Key v="Mechanismy" t="String" n="%Name" />
        <Key v="SKLMch" t="String" n="X" />
        <Key v="12" t="Int32" n="!$C" />
      </Data>
      <Data n="X20206517605654">
        <Key v="0,-1104.24" t="Vector2" n="!$P" />
        <Key v="DD" t="String" n="K" />
        <Key v="20206539144863" t="String" n="!$LC" />
        <Key v="Bojové styly" t="String" n="%Name" />
        <Key v="SKLCom" t="String" n="X" />
        <Key v="Bojové" t="String" n="!P" />
        <Key v="12" t="Int32" n="!$C" />
      </Data>
      <Data n="X20207208093260">
        <Key v="310,-1104.24" t="Vector2" n="!$P" />
        <Key v="DD" t="String" n="K" />
        <Key v="20207208095958" t="String" n="!$LC" />
        <Key v="Duelové zbraně" t="String" n="%Name" />
        <Key v="SKLNob" t="String" n="X" />
        <Key v="Bojové" t="String" n="!P" />
        <Key v="13" t="Int32" n="!$C" />
      </Data>
      <Data n="X20207208137958">
        <Key v="620,-1104.24" t="Vector2" n="!$P" />
        <Key v="DD" t="String" n="K" />
        <Key v="20207208140785" t="String" n="!$LC" />
        <Key v="Úderné zbraně" t="String" n="%Name" />
        <Key v="SKLImp" t="String" n="X" />
        <Key v="Bojové" t="String" n="!P" />
        <Key v="13" t="Int32" n="!$C" />
      </Data>
      <Data n="X20207208142274">
        <Key v="930,-1104.24" t="Vector2" n="!$P" />
        <Key v="DD" t="String" n="K" />
        <Key v="20207208143959" t="String" n="!$LC" />
        <Key v="Zbraně na dálku" t="String" n="%Name" />
        <Key v="SKLRng" t="String" n="X" />
        <Key v="Bojové" t="String" n="!P" />
        <Key v="13" t="Int32" n="!$C" />
      </Data>
      <Data n="X20206517653428">
        <Key v="310,-1196.26" t="Vector2" n="!$P" />
        <Key v="DD" t="String" n="K" />
        <Key v="20207523219048" t="String" n="!$LC" />
        <Key v="Válečnictví" t="String" n="%Name" />
        <Key v="SKLWar" t="String" n="X" />
        <Key v="Bojovník" t="String" n="!P" />
      </Data>
      <Data n="X20206517659324">
        <Key v="0,-1196.26" t="Vector2" n="!$P" />
        <Key v="DD" t="String" n="K" />
        <Key v="20207523218343" t="String" n="!$LC" />
        <Key v="Bojová zuřivost" t="String" n="%Name" />
        <Key v="SKLRag" t="String" n="X" />
        <Key v="Bojovník" t="String" n="!P" />
      </Data>
      <Data n="X20206539082064">
        <Key v="310,-1288.28" t="Vector2" n="!$P" />
        <Key v="DD" t="String" n="K" />
        <Key v="20207523221580" t="String" n="!$LC" />
        <Key v="Elementální magie" t="String" n="%Name" />
        <Key v="SKLEmg" t="String" n="X" />
        <Key v="Čaroděj" t="String" n="!P" />
      </Data>
      <Data n="X20206539086563">
        <Key v="0,-1288.28" t="Vector2" n="!$P" />
        <Key v="DD" t="String" n="K" />
        <Key v="20207523220520" t="String" n="!$LC" />
        <Key v="Divotvorství" t="String" n="%Name" />
        <Key v="SKLTha" t="String" n="X" />
        <Key v="Čaroděj" t="String" n="!P" />
      </Data>
      <Data n="X20206539071797">
        <Key v="310,-1380.3" t="Vector2" n="!$P" />
        <Key v="DD" t="String" n="K" />
        <Key v="20207523217268" t="String" n="!$LC" />
        <Key v="Zákeřnost" t="String" n="%Name" />
        <Key v="SKLMal" t="String" n="X" />
        <Key v="Darebák" t="String" n="!P" />
      </Data>
      <Data n="X20206539077522">
        <Key v="0,-1380.3" t="Vector2" n="!$P" />
        <Key v="DD" t="String" n="K" />
        <Key v="20207523215862" t="String" n="!$LC" />
        <Key v="Stínová umění" t="String" n="%Name" />
        <Key v="SKLSdw" t="String" n="X" />
        <Key v="Darebák" t="String" n="!P" />
      </Data>
      <Data n="X20206539089253">
        <Key v="310,-1472.32" t="Vector2" n="!$P" />
        <Key v="DD" t="String" n="K" />
        <Key v="20207523214849" t="String" n="!$LC" />
        <Key v="Přírodní magie" t="String" n="%Name" />
        <Key v="SKLNmg" t="String" n="X" />
        <Key v="Hraničář" t="String" n="!P" />
      </Data>
      <Data n="X20206539092877">
        <Key v="0,-1472.32" t="Vector2" n="!$P" />
        <Key v="DD" t="String" n="K" />
        <Key v="20207523213727" t="String" n="!$LC" />
        <Key v="Moudrost předků" t="String" n="%Name" />
        <Key v="SKLWis" t="String" n="X" />
        <Key v="Hraničář" t="String" n="!P" />
      </Data>
      <Data n="X20206539129830">
        <Key v="0,-1564.34" t="Vector2" n="!$P" />
        <Key v="DD" t="String" n="K" />
        <Key v="20207523211396" t="String" n="!$LC" />
        <Key v="Duchovní magie" t="String" n="%Name" />
        <Key v="SKLDmg" t="String" n="X" />
        <Key v="Klerik" t="String" n="!P" />
      </Data>
      <Data n="X20206539135710">
        <Key v="310,-1564.34" t="Vector2" n="!$P" />
        <Key v="DD" t="String" n="K" />
        <Key v="20207523212614" t="String" n="!$LC" />
        <Key v="Zbožnost" t="String" n="%Name" />
        <Key v="SKLPie" t="String" n="X" />
        <Key v="Klerik" t="String" n="!P" />
      </Data>
      <Data n="X20207209143357">
        <Key v="0,-1656.36" t="Vector2" n="!$P" />
        <Key v="DE" t="String" n="K" />
        <Key v="20207209639653" t="String" n="!$LC" />
        <Key v="A" t="String" n="S" />
        <Key v="Lehká chůze" t="String" n="%Name" />
        <Key v="Windwalk" t="String" n="X" />
        <Key v="Dr" t="String" n="Dur" />
        <Key v="Air" t="String" n="Src" />
        <Key v="10" t="Int32" n="RD" />
        <Key v="strong" t="String" n="Stck" />
        <Key v="12" t="Int32" n="!$C" />
      </Data>
      <Data n="X20207122829173">
        <Key v="0,-1837.21" t="Vector2" n="!$P" />
        <Key v="DE" t="String" n="K" />
        <Key v="20207189598293" t="String" n="!$LC" />
        <Key v="B" t="String" n="S" />
        <Key v="13" t="Int32" n="!$C" />
        <Key v="Kamenná kůže" t="String" n="%Name" />
        <Key v="StoneSkin" t="String" n="X" />
        <Key v="Dr" t="String" n="Dur" />
        <Key v="Earth" t="String" n="Src" />
        <Key v="2" t="Int32" n="RD" />
        <Key v="strong" t="String" n="Stck" />
      </Data>
      <Data n="X20207207763939">
        <Key v="310,-1837.21" t="Vector2" n="!$P" />
        <Key v="DE" t="String" n="K" />
        <Key v="20208073103518" t="String" n="!$LC" />
        <Key v="B" t="String" n="S" />
        <Key v="8" t="Int32" n="!$C" />
        <Key v="Zrychlení" t="String" n="%Name" />
        <Key v="Haste" t="String" n="X" />
        <Key v="Dp" t="String" n="Dur" />
        <Key v="Air" t="String" n="Src" />
        <Key v="strong" t="String" n="Stck" />
      </Data>
      <Data n="X20207136111503">
        <Key v="310,-2018.06" t="Vector2" n="!$P" />
        <Key v="DE" t="String" n="K" />
        <Key v="20207265529321" t="String" n="!$LC" />
        <Key v="B" t="String" n="S" />
        <Key v="Dr" t="String" n="Dur" />
        <Key v="Internal" t="String" n="!P" />
        <Key v="Vyspaný" t="String" n="%Name" />
        <Key v="Slept" t="String" n="X" />
        <Key v="1" t="Decimal" n="RD" />
        <Key v="2" t="Int32" n="!$C" />
        <Key v="last" t="String" n="Stck" />
        <Key v="1" t="Int32" n="Un" />
      </Data>
      <Data n="X20207208823423">
        <Key v="0,-2018.06" t="Vector2" n="!$P" />
        <Key v="DE" t="String" n="K" />
        <Key v="20207265523862" t="String" n="!$LC" />
        <Key v="B" t="String" n="S" />
        <Key v="Di" t="String" n="Dur" />
        <Key v="Internal" t="String" n="!P" />
        <Key v="Tlakový úder" t="String" n="%Name" />
        <Key v="Punched" t="String" n="X" />
        <Key v="8" t="Int32" n="!$C" />
        <Key v="last" t="String" n="Stck" />
        <Key v="1" t="Int32" n="Un" />
        <Key v="1" t="Int32" n="In" />
      </Data>
      <Data n="X20207136859194">
        <Key v="0,-2184.51" t="Vector2" n="!$P" />
        <Key v="DE" t="String" n="K" />
        <Key v="20207188641849" t="String" n="!$LC" />
        <Key v="D" t="String" n="S" />
        <Key v="Silné" t="String" n="!P" />
        <Key v="Beznaděj" t="String" n="%Name" />
        <Key v="Despair" t="String" n="X" />
        <Key v="Dhrs" t="String" n="Dur" />
        <Key v="Spirit" t="String" n="Src" />
        <Key v="11" t="Int32" n="!$C" />
        <Key v="stack" t="String" n="Stck" />
      </Data>
      <Data n="X20207188476467">
        <Key v="620,-2184.51" t="Vector2" n="!$P" />
        <Key v="DE" t="String" n="K" />
        <Key v="20207188641394" t="String" n="!$LC" />
        <Key v="D" t="String" n="S" />
        <Key v="Silné" t="String" n="!P" />
        <Key v="Krvácení" t="String" n="%Name" />
        <Key v="Bleeding" t="String" n="X" />
        <Key v="Dhrs" t="String" n="Dur" />
        <Key v="Body" t="String" n="Src" />
        <Key v="stack" t="String" n="Stck" />
        <Key v="10" t="Int32" n="!$C" />
      </Data>
      <Data n="X20207188619020">
        <Key v="1240,-2184.51" t="Vector2" n="!$P" />
        <Key v="DE" t="String" n="K" />
        <Key v="20207190674999" t="String" n="!$LC" />
        <Key v="D" t="String" n="S" />
        <Key v="Silné" t="String" n="!P" />
        <Key v="Otrava" t="String" n="%Name" />
        <Key v="Poison" t="String" n="X" />
        <Key v="Dhrs" t="String" n="Dur" />
        <Key v="Nature" t="String" n="Src" />
        <Key v="stack" t="String" n="Stck" />
      </Data>
      <Data n="X20207089276802">
        <Key v="310,-2184.51" t="Vector2" n="!$P" />
        <Key v="DE" t="String" n="K" />
        <Key v="20207210298562" t="String" n="!$LC" />
        <Key v="D" t="String" n="S" />
        <Key v="Silné" t="String" n="!P" />
        <Key v="Hořlavost" t="String" n="%Name" />
        <Key v="Flammability" t="String" n="X" />
        <Key v="Dhrs" t="String" n="Dur" />
        <Key v="Fire" t="String" n="Src" />
        <Key v="stack" t="String" n="Stck" />
        <Key v="7" t="Int32" n="!$C" />
      </Data>
      <Data n="X20207089549040">
        <Key v="930,-2184.51" t="Vector2" n="!$P" />
        <Key v="DE" t="String" n="K" />
        <Key v="20207210304830" t="String" n="!$LC" />
        <Key v="D" t="String" n="S" />
        <Key v="Silné" t="String" n="!P" />
        <Key v="Naolejování" t="String" n="%Name" />
        <Key v="Oiled" t="String" n="X" />
        <Key v="Dhrs" t="String" n="Dur" />
        <Key v="Earth" t="String" n="Src" />
        <Key v="stack" t="String" n="Stck" />
        <Key v="7" t="Int32" n="!$C" />
      </Data>
      <Data n="X20207136425832">
        <Key v="2170,-2184.51" t="Vector2" n="!$P" />
        <Key v="DE" t="String" n="K" />
        <Key v="20207188640998" t="String" n="!$LC" />
        <Key v="D" t="String" n="S" />
        <Key v="Silné" t="String" n="!P" />
        <Key v="Umlčení" t="String" n="%Name" />
        <Key v="Silence" t="String" n="X" />
        <Key v="Dhrs" t="String" n="Dur" />
        <Key v="Mind" t="String" n="Src" />
        <Key v="stack" t="String" n="Stck" />
        <Key v="21" t="Int32" n="!$C" />
      </Data>
      <Data n="X20207088763520">
        <Key v="1860,-2184.51" t="Vector2" n="!$P" />
        <Key v="DE" t="String" n="K" />
        <Key v="20207210301485" t="String" n="!$LC" />
        <Key v="D" t="String" n="S" />
        <Key v="Silné" t="String" n="!P" />
        <Key v="Promočení" t="String" n="%Name" />
        <Key v="Soaked" t="String" n="X" />
        <Key v="Dhrs" t="String" n="Dur" />
        <Key v="Water" t="String" n="Src" />
        <Key v="stack" t="String" n="Stck" />
        <Key v="7" t="Int32" n="!$C" />
      </Data>
      <Data n="X20207089544532">
        <Key v="2480,-2184.51" t="Vector2" n="!$P" />
        <Key v="DE" t="String" n="K" />
        <Key v="20207210302824" t="String" n="!$LC" />
        <Key v="D" t="String" n="S" />
        <Key v="Silné" t="String" n="!P" />
        <Key v="Vodivost" t="String" n="%Name" />
        <Key v="Conductivity" t="String" n="X" />
        <Key v="Dhrs" t="String" n="Dur" />
        <Key v="Air" t="String" n="Src" />
        <Key v="stack" t="String" n="Stck" />
        <Key v="5" t="Int32" n="!$C" />
      </Data>
      <Data n="X20207213689547">
        <Key v="1550,-2184.51" t="Vector2" n="!$P" />
        <Key v="DE" t="String" n="K" />
        <Key v="20207217023759" t="String" n="!$LC" />
        <Key v="D" t="String" n="S" />
        <Key v="Silné" t="String" n="!P" />
        <Key v="Označený" t="String" n="%Name" />
        <Key v="Marked" t="String" n="X" />
        <Key v="Dhrs" t="String" n="Dur" />
        <Key v="strong" t="String" n="Stck" />
        <Key v="1" t="Int32" n="Ot" />
        <Key v="1" t="Int32" n="Rp" />
        <Key v="Odolnost" t="String" n="Src" />
      </Data>
      <Data n="X20207137085967">
        <Key v="620,-2388.57" t="Vector2" n="!$P" />
        <Key v="DE" t="String" n="K" />
        <Key v="20207211086658" t="String" n="!$LC" />
        <Key v="D" t="String" n="S" />
        <Key v="Ultimátní" t="String" n="!P" />
        <Key v="Nepříčetný" t="String" n="%Name" />
        <Key v="Insane" t="String" n="X" />
        <Key v="Dte" t="String" n="Dur" />
        <Key v="Spirit" t="String" n="Src" />
        <Key v="4" t="Int32" n="!$C" />
        <Key v="last" t="String" n="Stck" />
        <Key v="1" t="Int32" n="Ot" />
      </Data>
      <Data n="X20207210067506">
        <Key v="310,-2388.57" t="Vector2" n="!$P" />
        <Key v="DE" t="String" n="K" />
        <Key v="20207211085349" t="String" n="!$LC" />
        <Key v="D" t="String" n="S" />
        <Key v="Ultimátní" t="String" n="!P" />
        <Key v="Nahnilý" t="String" n="%Name" />
        <Key v="Decayed" t="String" n="X" />
        <Key v="Dr" t="String" n="Dur" />
        <Key v="Nature" t="String" n="Src" />
        <Key v="2" t="Int32" n="RD" />
        <Key v="last" t="String" n="Stck" />
        <Key v="10" t="Int32" n="!$C" />
        <Key v="1" t="Int32" n="Ot" />
      </Data>
      <Data n="X20207216058695">
        <Key v="930,-2388.57" t="Vector2" n="!$P" />
        <Key v="DE" t="String" n="K" />
        <Key v="20207216069922" t="String" n="!$LC" />
        <Key v="D" t="String" n="S" />
        <Key v="Ultimátní" t="String" n="!P" />
        <Key v="Odzbrojení" t="String" n="%Name" />
        <Key v="Disarm" t="String" n="X" />
        <Key v="Di" t="String" n="Dur" />
        <Key v="Obratnost" t="String" n="Src" />
        <Key v="last" t="String" n="Stck" />
        <Key v="1" t="Int32" n="Ot" />
        <Key v="6" t="Int32" n="!$C" />
      </Data>
      <Data n="X20207121171509">
        <Key v="3100,-2388.57" t="Vector2" n="!$P" />
        <Key v="DE" t="String" n="K" />
        <Key v="20207211090028" t="String" n="!$LC" />
        <Key v="D" t="String" n="S" />
        <Key v="Ultimátní" t="String" n="!P" />
        <Key v="Uspaný" t="String" n="%Name" />
        <Key v="Sleep" t="String" n="X" />
        <Key v="Dr" t="String" n="Dur" />
        <Key v="Nature" t="String" n="Src" />
        <Key v="2" t="Int32" n="RD" />
        <Key v="8" t="Int32" n="!$C" />
        <Key v="last" t="String" n="Stck" />
        <Key v="1" t="Int32" n="Ot" />
      </Data>
      <Data n="X20207136717145">
        <Key v="4030,-2388.57" t="Vector2" n="!$P" />
        <Key v="DE" t="String" n="K" />
        <Key v="20207220202810" t="String" n="!$LC" />
        <Key v="D" t="String" n="S" />
        <Key v="Ultimátní" t="String" n="!P" />
        <Key v="Zmatený" t="String" n="%Name" />
        <Key v="Confused" t="String" n="X" />
        <Key v="Dte" t="String" n="Dur" />
        <Key v="Mind" t="String" n="Src" />
        <Key v="8" t="Int32" n="!$C" />
        <Key v="last" t="String" n="Stck" />
        <Key v="1" t="Int32" n="Ot" />
      </Data>
      <Data n="X20207136735807">
        <Key v="2480,-2388.57" t="Vector2" n="!$P" />
        <Key v="DE" t="String" n="K" />
        <Key v="20207211088835" t="String" n="!$LC" />
        <Key v="D" t="String" n="S" />
        <Key v="Ultimátní" t="String" n="!P" />
        <Key v="Podrobený" t="String" n="%Name" />
        <Key v="Dominated" t="String" n="X" />
        <Key v="Dr" t="String" n="Dur" />
        <Key v="Mind" t="String" n="Src" />
        <Key v="2" t="Int32" n="RD" />
        <Key v="8" t="Int32" n="!$C" />
        <Key v="last" t="String" n="Stck" />
        <Key v="1" t="Int32" n="Ot" />
      </Data>
      <Data n="X20207137234439">
        <Key v="1240,-2388.57" t="Vector2" n="!$P" />
        <Key v="DE" t="String" n="K" />
        <Key v="20207211087188" t="String" n="!$LC" />
        <Key v="D" t="String" n="S" />
        <Key v="Ultimátní" t="String" n="!P" />
        <Key v="Okouzlený" t="String" n="%Name" />
        <Key v="Charmed" t="String" n="X" />
        <Key v="Dr" t="String" n="Dur" />
        <Key v="Spirit" t="String" n="Src" />
        <Key v="3" t="Int32" n="RD" />
        <Key v="last" t="String" n="Stck" />
        <Key v="2" t="Int32" n="!$C" />
        <Key v="1" t="Int32" n="Ot" />
      </Data>
      <Data n="X20207209646626">
        <Key v="1550,-2388.57" t="Vector2" n="!$P" />
        <Key v="DE" t="String" n="K" />
        <Key v="20207211087784" t="String" n="!$LC" />
        <Key v="D" t="String" n="S" />
        <Key v="Ultimátní" t="String" n="!P" />
        <Key v="Omráčený" t="String" n="%Name" />
        <Key v="Stunned" t="String" n="X" />
        <Key v="Dts" t="String" n="Dur" />
        <Key v="Body" t="String" n="Src" />
        <Key v="7" t="Int32" n="!$C" />
        <Key v="last" t="String" n="Stck" />
        <Key v="1" t="Int32" n="Ot" />
      </Data>
      <Data n="X20207209776230">
        <Key v="1860,-2388.57" t="Vector2" n="!$P" />
        <Key v="DE" t="String" n="K" />
        <Key v="20207211088318" t="String" n="!$LC" />
        <Key v="D" t="String" n="S" />
        <Key v="Ultimátní" t="String" n="!P" />
        <Key v="Oslepený" t="String" n="%Name" />
        <Key v="Blinded" t="String" n="X" />
        <Key v="Dr" t="String" n="Dur" />
        <Key v="Body" t="String" n="Src" />
        <Key v="2" t="Int32" n="RD" />
        <Key v="last" t="String" n="Stck" />
        <Key v="1" t="Int32" n="Ot" />
      </Data>
      <Data n="X20207210353313">
        <Key v="2790,-2388.57" t="Vector2" n="!$P" />
        <Key v="DE" t="String" n="K" />
        <Key v="20207212094354" t="String" n="!$LC" />
        <Key v="D" t="String" n="S" />
        <Key v="Ultimátní" t="String" n="!P" />
        <Key v="Sražení" t="String" n="%Name" />
        <Key v="Knockdown" t="String" n="X" />
        <Key v="Dts" t="String" n="Dur" />
        <Key v="Sila,Obratnost" t="String" n="Src" />
        <Key v="18" t="Int32" n="!$C" />
        <Key v="last" t="String" n="Stck" />
        <Key v="1" t="Int32" n="Ot" />
      </Data>
      <Data n="X20207216138014">
        <Key v="3410,-2388.57" t="Vector2" n="!$P" />
        <Key v="DE" t="String" n="K" />
        <Key v="20207216573741" t="String" n="!$LC" />
        <Key v="D" t="String" n="S" />
        <Key v="Ultimátní" t="String" n="!P" />
        <Key v="Uvězněný" t="String" n="%Name" />
        <Key v="Trapped" t="String" n="X" />
        <Key v="Dhte" t="String" n="Dur" />
        <Key v="Sila" t="String" n="Src" />
        <Key v="multi" t="String" n="Stck" />
        <Key v="1" t="Int32" n="Ot" />
        <Key v="1" t="Int32" n="Rp" />
        <Key v="7" t="Int32" n="!$C" />
      </Data>
      <Data n="X20207234008436">
        <Key v="2170,-2388.57" t="Vector2" n="!$P" />
        <Key v="DE" t="String" n="K" />
        <Key v="20207234011672" t="String" n="!$LC" />
        <Key v="D" t="String" n="S" />
        <Key v="Ultimátní" t="String" n="!P" />
        <Key v="Paralyzovaný" t="String" n="%Name" />
        <Key v="Paralyzed" t="String" n="X" />
        <Key v="Dts" t="String" n="Dur" />
        <Key v="Air" t="String" n="Src" />
        <Key v="18" t="Int32" n="!$C" />
        <Key v="last" t="String" n="Stck" />
        <Key v="1" t="Int32" n="Ot" />
      </Data>
      <Data n="X20207234670556">
        <Key v="4340,-2388.57" t="Vector2" n="!$P" />
        <Key v="DE" t="String" n="K" />
        <Key v="20207234680648" t="String" n="!$LC" />
        <Key v="D" t="String" n="S" />
        <Key v="Ultimátní" t="String" n="!P" />
        <Key v="Zmražený" t="String" n="%Name" />
        <Key v="Frozen" t="String" n="X" />
        <Key v="Dhte" t="String" n="Dur" />
        <Key v="Water" t="String" n="Src" />
        <Key v="1" t="Int32" n="Rp" />
        <Key v="last" t="String" n="Stck" />
        <Key v="1" t="Int32" n="Ot" />
        <Key v="46" t="Int32" n="!$C" />
      </Data>
      <Data n="X20207235590334">
        <Key v="0,-2388.57" t="Vector2" n="!$P" />
        <Key v="DE" t="String" n="K" />
        <Key v="20207240103584" t="String" n="!$LC" />
        <Key v="D" t="String" n="S" />
        <Key v="Ultimátní" t="String" n="!P" />
        <Key v="Hořící" t="String" n="%Name" />
        <Key v="Burning" t="String" n="X" />
        <Key v="Dhrs" t="String" n="Dur" />
        <Key v="Fire" t="String" n="Src" />
        <Key v="1" t="Int32" n="Rp" />
        <Key v="last" t="String" n="Stck" />
        <Key v="1" t="Int32" n="Ot" />
        <Key v="21" t="Int32" n="!$C" />
      </Data>
      <Data n="X20207237547843">
        <Key v="3720,-2388.57" t="Vector2" n="!$P" />
        <Key v="DE" t="String" n="K" />
        <Key v="20207237561785" t="String" n="!$LC" />
        <Key v="D" t="String" n="S" />
        <Key v="Ultimátní" t="String" n="!P" />
        <Key v="Zkamenělý" t="String" n="%Name" />
        <Key v="Petrified" t="String" n="X" />
        <Key v="Dhrs" t="String" n="Dur" />
        <Key v="Earth" t="String" n="Src" />
        <Key v="1" t="Int32" n="Rp" />
        <Key v="last" t="String" n="Stck" />
        <Key v="1" t="Int32" n="Ot" />
      </Data>
      <Data n="X20207122161586">
        <Key v="1550,-2618.71" t="Vector2" n="!$P" />
        <Key v="DE" t="String" n="K" />
        <Key v="20207137392231" t="String" n="!$LC" />
        <Key v="D" t="String" n="S" />
        <Key v="Základní" t="String" n="!P" />
        <Key v="Prochladnutí" t="String" n="%Name" />
        <Key v="Chill" t="String" n="X" />
        <Key v="Dhrs" t="String" n="Dur" />
        <Key v="Nature,Water,Air" t="String" n="Src" />
        <Key v="12" t="Int32" n="!$C" />
        <Key v="stack" t="String" n="Stck" />
      </Data>
      <Data n="X20207122209494">
        <Key v="1860,-2618.71" t="Vector2" n="!$P" />
        <Key v="DE" t="String" n="K" />
        <Key v="20207137393732" t="String" n="!$LC" />
        <Key v="D" t="String" n="S" />
        <Key v="Základní" t="String" n="!P" />
        <Key v="Přehřátí" t="String" n="%Name" />
        <Key v="Overheat" t="String" n="X" />
        <Key v="Dhrs" t="String" n="Dur" />
        <Key v="Nature,Fire,Earth" t="String" n="Src" />
        <Key v="12" t="Int32" n="!$C" />
        <Key v="stack" t="String" n="Stck" />
      </Data>
      <Data n="X20207122236084">
        <Key v="1240,-2618.71" t="Vector2" n="!$P" />
        <Key v="DE" t="String" n="K" />
        <Key v="20207137391634" t="String" n="!$LC" />
        <Key v="D" t="String" n="S" />
        <Key v="Základní" t="String" n="!P" />
        <Key v="Popálení" t="String" n="%Name" />
        <Key v="Scorch" t="String" n="X" />
        <Key v="Dhrs" t="String" n="Dur" />
        <Key v="Body,Fire,Earth" t="String" n="Src" />
        <Key v="13" t="Int32" n="!$C" />
        <Key v="stack" t="String" n="Stck" />
      </Data>
      <Data n="X20207122292254">
        <Key v="620,-2618.71" t="Vector2" n="!$P" />
        <Key v="DE" t="String" n="K" />
        <Key v="20207137390458" t="String" n="!$LC" />
        <Key v="D" t="String" n="S" />
        <Key v="Základní" t="String" n="!P" />
        <Key v="Omrznutí" t="String" n="%Name" />
        <Key v="Frostbite" t="String" n="X" />
        <Key v="Dhrs" t="String" n="Dur" />
        <Key v="Body,Water,Air" t="String" n="Src" />
        <Key v="13" t="Int32" n="!$C" />
        <Key v="stack" t="String" n="Stck" />
      </Data>
      <Data n="X20207135538815">
        <Key v="310,-2618.71" t="Vector2" n="!$P" />
        <Key v="DE" t="String" n="K" />
        <Key v="20207212093333" t="String" n="!$LC" />
        <Key v="D" t="String" n="S" />
        <Key v="Základní" t="String" n="!P" />
        <Key v="Omezení" t="String" n="%Name" />
        <Key v="Restraint" t="String" n="X" />
        <Key v="Dte" t="String" n="Dur" />
        <Key v="Sila" t="String" n="Src" />
        <Key v="7" t="Int32" n="!$C" />
        <Key v="stack" t="String" n="Stck" />
      </Data>
      <Data n="X20207135649500">
        <Key v="930,-2618.71" t="Vector2" n="!$P" />
        <Key v="DE" t="String" n="K" />
        <Key v="20207137391050" t="String" n="!$LC" />
        <Key v="D" t="String" n="S" />
        <Key v="Základní" t="String" n="!P" />
        <Key v="Otupělost" t="String" n="%Name" />
        <Key v="Lethargy" t="String" n="X" />
        <Key v="Dhrs" t="String" n="Dur" />
        <Key v="Mind,Water,Earth" t="String" n="Src" />
        <Key v="12" t="Int32" n="!$C" />
        <Key v="stack" t="String" n="Stck" />
      </Data>
      <Data n="X20207135677578">
        <Key v="0,-2618.71" t="Vector2" n="!$P" />
        <Key v="DE" t="String" n="K" />
        <Key v="20207137389140" t="String" n="!$LC" />
        <Key v="D" t="String" n="S" />
        <Key v="Základní" t="String" n="!P" />
        <Key v="Neklid" t="String" n="%Name" />
        <Key v="Unrest" t="String" n="X" />
        <Key v="Dhrs" t="String" n="Dur" />
        <Key v="Mind,Fire,Air" t="String" n="Src" />
        <Key v="13" t="Int32" n="!$C" />
        <Key v="stack" t="String" n="Stck" />
      </Data>
      <Data n="X20207122660084">
        <Key v="2480,-2618.71" t="Vector2" n="!$P" />
        <Key v="DE" t="String" n="K" />
        <Key v="20207212092490" t="String" n="!$LC" />
        <Key v="D" t="String" n="S" />
        <Key v="Základní" t="String" n="!P" />
        <Key v="Vrávorání" t="String" n="%Name" />
        <Key v="Stagger" t="String" n="X" />
        <Key v="Dte" t="String" n="Dur" />
        <Key v="Obratnost" t="String" n="Src" />
        <Key v="7" t="Int32" n="!$C" />
        <Key v="stack" t="String" n="Stck" />
      </Data>
      <Data n="X20207136231804">
        <Key v="2790,-2618.71" t="Vector2" n="!$P" />
        <Key v="DE" t="String" n="K" />
        <Key v="20207137396138" t="String" n="!$LC" />
        <Key v="D" t="String" n="S" />
        <Key v="Základní" t="String" n="!P" />
        <Key v="Vztek" t="String" n="%Name" />
        <Key v="Anger" t="String" n="X" />
        <Key v="Dhrs" t="String" n="Dur" />
        <Key v="Spirit,Fire,Air" t="String" n="Src" />
        <Key v="13" t="Int32" n="!$C" />
        <Key v="stack" t="String" n="Stck" />
      </Data>
      <Data n="X20207136324740">
        <Key v="2170,-2618.71" t="Vector2" n="!$P" />
        <Key v="DE" t="String" n="K" />
        <Key v="20207137394341" t="String" n="!$LC" />
        <Key v="D" t="String" n="S" />
        <Key v="Základní" t="String" n="!P" />
        <Key v="Strach" t="String" n="%Name" />
        <Key v="Fear" t="String" n="X" />
        <Key v="Dhrs" t="String" n="Dur" />
        <Key v="Spirit,Water,Earth" t="String" n="Src" />
        <Key v="13" t="Int32" n="!$C" />
        <Key v="stack" t="String" n="Stck" />
      </Data>
      <Data n="X20207127065953">
        <Key v="310,-2874.93" t="Vector2" n="!$P" />
        <Key v="DP" t="String" n="K" />
        <Key v="20207127080032" t="String" n="!$LC" />
        <Key v="Slabé vyřazení z boje" t="String" n="%Name" />
        <Key v="WeakDisable" t="String" n="X" />
        <Key v="8" t="Int32" n="!$C" />
      </Data>
      <Data n="X20207135752198">
        <Key v="620,-2874.93" t="Vector2" n="!$P" />
        <Key v="DP" t="String" n="K" />
        <Key v="20207135754687" t="String" n="!$LC" />
        <Key v="Vyřazení z boje" t="String" n="%Name" />
        <Key v="NormDisable" t="String" n="X" />
        <Key v="11" t="Int32" n="!$C" />
      </Data>
      <Data n="X20207135779000">
        <Key v="0,-2874.93" t="Vector2" n="!$P" />
        <Key v="DP" t="String" n="K" />
        <Key v="20207135782553" t="String" n="!$LC" />
        <Key v="Silné vyřazení z boje" t="String" n="%Name" />
        <Key v="StrongDisable" t="String" n="X" />
        <Key v="18" t="Int32" n="!$C" />
      </Data>
      <Data n="X20205484658514">
        <Key v="620,-2966.95" t="Vector2" n="!$P" />
        <Key v="DP" t="String" n="K" />
        <Key v="20205578239501" t="String" n="!$LC" />
        <Key v="Base" t="String" n="!P" />
        <Key v="Human" t="String" n="X" />
        <Key v="Člověk" t="String" n="%Name" />
        <Key v="26" t="Int32" n="!$C" />
      </Data>
      <Data n="X20205502628391">
        <Key v="4030,-2966.95" t="Vector2" n="!$P" />
        <Key v="DP" t="String" n="K" />
        <Key v="20205578084039" t="String" n="!$LC" />
        <Key v="Base" t="String" n="X" />
        <Key v="Základní" t="String" n="%Name" />
        <Key v="Base" t="String" n="!P" />
        <Key v="18" t="Int32" n="!$C" />
      </Data>
      <Data n="X20205484687927">
        <Key v="2790,-2966.95" t="Vector2" n="!$P" />
        <Key v="DP" t="String" n="K" />
        <Key v="20205578085857" t="String" n="!$LC" />
        <Key v="Base" t="String" n="!P" />
        <Key v="Male" t="String" n="X" />
        <Key v="Muž" t="String" n="%Name" />
      </Data>
      <Data n="X20205484691667">
        <Key v="4340,-2966.95" t="Vector2" n="!$P" />
        <Key v="DP" t="String" n="K" />
        <Key v="20205578086404" t="String" n="!$LC" />
        <Key v="Base" t="String" n="!P" />
        <Key v="Female" t="String" n="X" />
        <Key v="Žena" t="String" n="%Name" />
        <Key v="27" t="Int32" n="!$C" />
      </Data>
      <Data n="X20206565805031">
        <Key v="1550,-2966.95" t="Vector2" n="!$P" />
        <Key v="DP" t="String" n="K" />
        <Key v="20206565805861" t="String" n="!$LC" />
        <Key v="Base" t="String" n="!P" />
        <Key v="Elf" t="String" n="X" />
        <Key v="Elf" t="String" n="%Name" />
        <Key v="25" t="Int32" n="!$C" />
      </Data>
      <Data n="X20206565829747">
        <Key v="3410,-2966.95" t="Vector2" n="!$P" />
        <Key v="DP" t="String" n="K" />
        <Key v="20206565832450" t="String" n="!$LC" />
        <Key v="Base" t="String" n="!P" />
        <Key v="DarkElf" t="String" n="X" />
        <Key v="Temný Elf" t="String" n="%Name" />
      </Data>
      <Data n="X20206565825265">
        <Key v="3100,-2966.95" t="Vector2" n="!$P" />
        <Key v="DP" t="String" n="K" />
        <Key v="20206565826845" t="String" n="!$LC" />
        <Key v="Base" t="String" n="!P" />
        <Key v="Halfling" t="String" n="X" />
        <Key v="Půlčík" t="String" n="%Name" />
      </Data>
      <Data n="X20206565801594">
        <Key v="1240,-2966.95" t="Vector2" n="!$P" />
        <Key v="DP" t="String" n="K" />
        <Key v="20206565803383" t="String" n="!$LC" />
        <Key v="Base" t="String" n="!P" />
        <Key v="Wildling" t="String" n="X" />
        <Key v="Divoch" t="String" n="%Name" />
        <Key v="25" t="Int32" n="!$C" />
      </Data>
      <Data n="X20206402135627">
        <Key v="3720,-2966.95" t="Vector2" n="!$P" />
        <Key v="DP" t="String" n="K" />
        <Key v="20206402137333" t="String" n="!$LC" />
        <Key v="Base" t="String" n="!P" />
        <Key v="Dwarf" t="String" n="X" />
        <Key v="Trpaslík" t="String" n="%Name" />
        <Key v="27" t="Int32" n="!$C" />
      </Data>
      <Data n="X20206394576682">
        <Key v="1860,-2966.95" t="Vector2" n="!$P" />
        <Key v="DP" t="String" n="K" />
        <Key v="20206394580949" t="String" n="!$LC" />
        <Key v="Base" t="String" n="!P" />
        <Key v="Gnome" t="String" n="X" />
        <Key v="Gnóm" t="String" n="%Name" />
        <Key v="27" t="Int32" n="!$C" />
      </Data>
      <Data n="X20207190079062">
        <Key v="0,-2966.95" t="Vector2" n="!$P" />
        <Key v="DP" t="String" n="K" />
        <Key v="20207190082882" t="String" n="!$LC" />
        <Key v="Base" t="String" n="!P" />
        <Key v="Warrior" t="String" n="X" />
        <Key v="Bojovník" t="String" n="%Name" />
        <Key v="1" t="Int32" n="!$C" />
      </Data>
      <Data n="X20207190088145">
        <Key v="930,-2966.95" t="Vector2" n="!$P" />
        <Key v="DP" t="String" n="K" />
        <Key v="20207190089634" t="String" n="!$LC" />
        <Key v="Base" t="String" n="!P" />
        <Key v="Rogue" t="String" n="X" />
        <Key v="Darebák" t="String" n="%Name" />
        <Key v="1" t="Int32" n="!$C" />
      </Data>
      <Data n="X20207190092645">
        <Key v="310,-2966.95" t="Vector2" n="!$P" />
        <Key v="DP" t="String" n="K" />
        <Key v="1" t="Int32" n="!$C" />
        <Key v="Base" t="String" n="!P" />
        <Key v="Wizard" t="String" n="X" />
        <Key v="Čaroděj" t="String" n="%Name" />
        <Key v="20207190098108" t="String" n="!$LC" />
      </Data>
      <Data n="X20207190098571">
        <Key v="2170,-2966.95" t="Vector2" n="!$P" />
        <Key v="DP" t="String" n="K" />
        <Key v="Base" t="String" n="!P" />
        <Key v="Ranger" t="String" n="X" />
        <Key v="Hraničář" t="String" n="%Name" />
        <Key v="20207190099914" t="String" n="!$LC" />
      </Data>
      <Data n="X20207190100301">
        <Key v="2480,-2966.95" t="Vector2" n="!$P" />
        <Key v="DP" t="String" n="K" />
        <Key v="Base" t="String" n="!P" />
        <Key v="Cleric" t="String" n="X" />
        <Key v="Klerik" t="String" n="%Name" />
        <Key v="20207190102458" t="String" n="!$LC" />
      </Data>
      <Data n="X20205502317058">
        <Key v="310,-3058.97" t="Vector2" n="!$P" />
        <Key v="DP" t="String" n="K" />
        <Key v="20205504158514" t="String" n="!$LC" />
        <Key v="Racial" t="String" n="!P" />
        <Key v="RPH1" t="String" n="X" />
        <Key v="Flexibilita" t="String" n="%Name" />
      </Data>
      <Data n="X20205554272755">
        <Key v="620,-3058.97" t="Vector2" n="!$P" />
        <Key v="DP" t="String" n="K" />
        <Key v="20205554275311" t="String" n="!$LC" />
        <Key v="Racial" t="String" n="!P" />
        <Key v="RPG1" t="String" n="X" />
        <Key v="Knihomol" t="String" n="%Name" />
        <Key v="17" t="Int32" n="!$C" />
      </Data>
      <Data n="X20205504146404">
        <Key v="1240,-3058.97" t="Vector2" n="!$P" />
        <Key v="DP" t="String" n="K" />
        <Key v="20205504154407" t="String" n="!$LC" />
        <Key v="Racial" t="String" n="!P" />
        <Key v="RPH2" t="String" n="X" />
        <Key v="Skvělý student" t="String" n="%Name" />
        <Key v="13" t="Int32" n="!$C" />
      </Data>
      <Data n="X20206394631508">
        <Key v="2790,-3058.97" t="Vector2" n="!$P" />
        <Key v="DP" t="String" n="K" />
        <Key v="20206394659579" t="String" n="!$LC" />
        <Key v="Zrohovatělá kůže" t="String" n="%Name" />
        <Key v="Racial" t="String" n="!P" />
        <Key v="RPG2" t="String" n="X" />
        <Key v="16" t="Int32" n="!$C" />
      </Data>
      <Data n="X20206394790170">
        <Key v="1550,-3058.97" t="Vector2" n="!$P" />
        <Key v="DP" t="String" n="K" />
        <Key v="20206395014794" t="String" n="!$LC" />
        <Key v="Vyšší ohnivá ochrana" t="String" n="%Name" />
        <Key v="Racial" t="String" n="!P" />
        <Key v="RPD2" t="String" n="X" />
        <Key v="16" t="Int32" n="!$C" />
      </Data>
      <Data n="X20206394824641">
        <Key v="2480,-3058.97" t="Vector2" n="!$P" />
        <Key v="DP" t="String" n="K" />
        <Key v="20206395024414" t="String" n="!$LC" />
        <Key v="Vyšší zemní ochrana" t="String" n="%Name" />
        <Key v="Racial" t="String" n="!P" />
        <Key v="RPW2" t="String" n="X" />
      </Data>
      <Data n="X20206394825558">
        <Key v="1860,-3058.97" t="Vector2" n="!$P" />
        <Key v="DP" t="String" n="K" />
        <Key v="20206395019285" t="String" n="!$LC" />
        <Key v="Vyšší vodní ochrana" t="String" n="%Name" />
        <Key v="Racial" t="String" n="!P" />
        <Key v="RPDE2" t="String" n="X" />
        <Key v="16" t="Int32" n="!$C" />
      </Data>
      <Data n="X20206394825679">
        <Key v="2170,-3058.97" t="Vector2" n="!$P" />
        <Key v="DP" t="String" n="K" />
        <Key v="20206395009910" t="String" n="!$LC" />
        <Key v="Vyšší vzdušná ochrana" t="String" n="%Name" />
        <Key v="Racial" t="String" n="!P" />
        <Key v="RPE2" t="String" n="X" />
        <Key v="16" t="Int32" n="!$C" />
      </Data>
      <Data n="X20206395223293">
        <Key v="930,-3058.97" t="Vector2" n="!$P" />
        <Key v="DP" t="String" n="K" />
        <Key v="20206395226050" t="String" n="!$LC" />
        <Key v="Racial" t="String" n="!P" />
        <Key v="RPD1" t="String" n="X" />
        <Key v="Rozený horník" t="String" n="%Name" />
        <Key v="14" t="Int32" n="!$C" />
      </Data>
      <Data n="X20206402293587">
        <Key v="0,-3058.97" t="Vector2" n="!$P" />
        <Key v="DP" t="String" n="K" />
        <Key v="20206402295927" t="String" n="!$LC" />
        <Key v="Dokonalé vidění" t="String" n="%Name" />
        <Key v="Racial" t="String" n="!P" />
        <Key v="RPD3" t="String" n="X" />
        <Key v="4" t="Int32" n="!$C" />
      </Data>
      <Data n="X20206395025698">
        <Key v="1240,-3150.99" t="Vector2" n="!$P" />
        <Key v="DP" t="String" n="K" />
        <Key v="20206402336199" t="String" n="!$LC" />
        <Key v="Tepelná ochrana" t="String" n="%Name" />
        <Key v="Racial - Uni" t="String" n="!P" />
        <Key v="RPU1" t="String" n="X" />
        <Key v="5" t="Int32" n="!$C" />
      </Data>
      <Data n="X20206395059561">
        <Key v="620,-3150.99" t="Vector2" n="!$P" />
        <Key v="DP" t="String" n="K" />
        <Key v="20206402325532" t="String" n="!$LC" />
        <Key v="Ledová ochrana" t="String" n="%Name" />
        <Key v="Racial - Uni" t="String" n="!P" />
        <Key v="RPU2" t="String" n="X" />
        <Key v="5" t="Int32" n="!$C" />
      </Data>
      <Data n="X20206395059819">
        <Key v="1550,-3150.99" t="Vector2" n="!$P" />
        <Key v="DP" t="String" n="K" />
        <Key v="20206402328384" t="String" n="!$LC" />
        <Key v="Toxická ochrana" t="String" n="%Name" />
        <Key v="Racial - Uni" t="String" n="!P" />
        <Key v="RPU4" t="String" n="X" />
        <Key v="5" t="Int32" n="!$C" />
      </Data>
      <Data n="X20206395059919">
        <Key v="0,-3150.99" t="Vector2" n="!$P" />
        <Key v="DP" t="String" n="K" />
        <Key v="20206402323288" t="String" n="!$LC" />
        <Key v="Energetická ochrana" t="String" n="%Name" />
        <Key v="Racial - Uni" t="String" n="!P" />
        <Key v="RPU3" t="String" n="X" />
        <Key v="5" t="Int32" n="!$C" />
      </Data>
      <Data n="X20206395073990">
        <Key v="930,-3150.99" t="Vector2" n="!$P" />
        <Key v="DP" t="String" n="K" />
        <Key v="20206402100351" t="String" n="!$LC" />
        <Key v="Lepší vidění" t="String" n="%Name" />
        <Key v="Racial - Uni" t="String" n="!P" />
        <Key v="RPU6" t="String" n="X" />
        <Key v="7" t="Int32" n="!$C" />
      </Data>
      <Data n="X20206395180560">
        <Key v="310,-3150.99" t="Vector2" n="!$P" />
        <Key v="DP" t="String" n="K" />
        <Key v="20206395182571" t="String" n="!$LC" />
        <Key v="Fyzická ochrana" t="String" n="%Name" />
        <Key v="Racial - Uni" t="String" n="!P" />
        <Key v="RPU5" t="String" n="X" />
        <Key v="5" t="Int32" n="!$C" />
      </Data>
      <Data n="X20207283191733">
        <Key v="0,-3243.01" t="Vector2" n="!$P" />
        <Key v="DS" t="String" n="K" />
        <Key v="20207283195319" t="String" n="!$LC" />
        <Key v="Ohnivá sřela" t="String" n="%Name" />
        <Key v="Z_Oh_02" t="String" n="X" />
        <Key v="Oheň" t="String" n="!P" />
      </Data>
      <Data n="X20207088688918">
        <Key v="620,-3360.64" t="Vector2" n="!$P" />
        <Key v="DS" t="String" n="K" />
        <Key v="20207088720141" t="String" n="!$LC" />
        <Key v="Vodní sřela" t="String" n="%Name" />
        <Key v="Z_Vo_01" t="String" n="X" />
        <Key v="Voda" t="String" n="!P" />
        <Key v="30" t="Int32" n="!$C" />
      </Data>
      <Data n="X20207121510238">
        <Key v="310,-3360.64" t="Vector2" n="!$P" />
        <Key v="DS" t="String" n="K" />
        <Key v="20207121511918" t="String" n="!$LC" />
        <Key v="Přičarování vody" t="String" n="%Name" />
        <Key v="Z_Vo_02" t="String" n="X" />
        <Key v="Voda" t="String" n="!P" />
        <Key v="19" t="Int32" n="!$C" />
      </Data>
      <Data n="X20207122029779">
        <Key v="0,-3360.64" t="Vector2" n="!$P" />
        <Key v="DS" t="String" n="K" />
        <Key v="20207122385765" t="String" n="!$LC" />
        <Key v="Námraza" t="String" n="%Name" />
        <Key v="Z_Vo_03" t="String" n="X" />
        <Key v="Voda" t="String" n="!P" />
        <Key v="20" t="Int32" n="!$C" />
        <Key v="1" t="Int32" n="Ch" />
      </Data>
      <Data n="X20207207796368">
        <Key v="620,-3478.27" t="Vector2" n="!$P" />
        <Key v="DS" t="String" n="K" />
        <Key v="20208073112505" t="String" n="!$LC" />
        <Key v="Zrychlení" t="String" n="%Name" />
        <Key v="Z_Vz_02" t="String" n="X" />
        <Key v="Vzduch" t="String" n="!P" />
        <Key v="10" t="Int32" n="!$C" />
        <Key v="1" t="Int32" n="Ch" />
      </Data>
      <Data n="X20207208191363">
        <Key v="310,-3478.27" t="Vector2" n="!$P" />
        <Key v="DS" t="String" n="K" />
        <Key v="20207208197564" t="String" n="!$LC" />
        <Key v="Tlakový úder" t="String" n="%Name" />
        <Key v="Z_Vz_01" t="String" n="X" />
        <Key v="Vzduch" t="String" n="!P" />
        <Key v="18" t="Int32" n="!$C" />
      </Data>
      <Data n="X20207209102396">
        <Key v="0,-3478.27" t="Vector2" n="!$P" />
        <Key v="DS" t="String" n="K" />
        <Key v="20207209104606" t="String" n="!$LC" />
        <Key v="Lehká chůze" t="String" n="%Name" />
        <Key v="Z_Vz_03" t="String" n="X" />
        <Key v="Vzduch" t="String" n="!P" />
        <Key v="8" t="Int32" n="!$C" />
      </Data>
      <Data n="X20207126472531">
        <Key v="620,-3595.9" t="Vector2" n="!$P" />
        <Key v="DS" t="String" n="K" />
        <Key v="20207126474399" t="String" n="!$LC" />
        <Key v="Odkrytí" t="String" n="%Name" />
        <Key v="Z_Ze_02" t="String" n="X" />
        <Key v="Země" t="String" n="!P" />
        <Key v="17" t="Int32" n="!$C" />
      </Data>
      <Data n="X20207122502621">
        <Key v="310,-3595.9" t="Vector2" n="!$P" />
        <Key v="DS" t="String" n="K" />
        <Key v="20207122506349" t="String" n="!$LC" />
        <Key v="Kamínky" t="String" n="%Name" />
        <Key v="Z_Ze_01" t="String" n="X" />
        <Key v="Země" t="String" n="!P" />
        <Key v="21" t="Int32" n="!$C" />
      </Data>
      <Data n="X20207122724903">
        <Key v="0,-3595.9" t="Vector2" n="!$P" />
        <Key v="DS" t="String" n="K" />
        <Key v="20207122726500" t="String" n="!$LC" />
        <Key v="Kamenná kůže" t="String" n="%Name" />
        <Key v="Z_Ze_03" t="String" n="X" />
        <Key v="Země" t="String" n="!P" />
        <Key v="19" t="Int32" n="!$C" />
      </Data>
      <Data n="X20207120546517">
        <Key v="2170,-3713.53" t="Vector2" n="!$P" />
        <Key v="HE" t="String" n="K" />
        <Key v="20207121331790" t="String" n="!$LC" />
        <Key v="Louže" t="String" n="%Name" />
        <Key v="Base" t="String" n="!P" />
        <Key v="Puddle" t="String" n="X" />
      </Data>
      <Data n="X20207120563040">
        <Key v="620,-3713.53" t="Vector2" n="!$P" />
        <Key v="HE" t="String" n="K" />
        <Key v="20207121343576" t="String" n="!$LC" />
        <Key v="Hlína" t="String" n="%Name" />
        <Key v="Base" t="String" n="!P" />
        <Key v="Dirt" t="String" n="X" />
      </Data>
      <Data n="X20207120567302">
        <Key v="0,-3713.53" t="Vector2" n="!$P" />
        <Key v="HE" t="String" n="K" />
        <Key v="20207122762923" t="String" n="!$LC" />
        <Key v="Bahno" t="String" n="%Name" />
        <Key v="Base" t="String" n="!P" />
        <Key v="Mud" t="String" n="X" />
      </Data>
      <Data n="X20207120570029">
        <Key v="1860,-3713.53" t="Vector2" n="!$P" />
        <Key v="HE" t="String" n="K" />
        <Key v="20207121330873" t="String" n="!$LC" />
        <Key v="Led" t="String" n="%Name" />
        <Key v="Base" t="String" n="!P" />
        <Key v="Ice" t="String" n="X" />
      </Data>
      <Data n="X20207120571701">
        <Key v="2790,-3713.53" t="Vector2" n="!$P" />
        <Key v="HE" t="String" n="K" />
        <Key v="20207121340127" t="String" n="!$LC" />
        <Key v="Olej" t="String" n="%Name" />
        <Key v="Base" t="String" n="!P" />
        <Key v="Oil" t="String" n="X" />
      </Data>
      <Data n="X20207120573703">
        <Key v="310,-3713.53" t="Vector2" n="!$P" />
        <Key v="HE" t="String" n="K" />
        <Key v="20207121344802" t="String" n="!$LC" />
        <Key v="Černý prach" t="String" n="%Name" />
        <Key v="Base" t="String" n="!P" />
        <Key v="Powder" t="String" n="X" />
      </Data>
      <Data n="X20207120577123">
        <Key v="1240,-3713.53" t="Vector2" n="!$P" />
        <Key v="HE" t="String" n="K" />
        <Key v="20207121342199" t="String" n="!$LC" />
        <Key v="Kyselina" t="String" n="%Name" />
        <Key v="Base" t="String" n="!P" />
        <Key v="Acid" t="String" n="X" />
      </Data>
      <Data n="X20207120579487">
        <Key v="2480,-3713.53" t="Vector2" n="!$P" />
        <Key v="HE" t="String" n="K" />
        <Key v="20207121339255" t="String" n="!$LC" />
        <Key v="Oheň" t="String" n="%Name" />
        <Key v="Base" t="String" n="!P" />
        <Key v="Blaze" t="String" n="X" />
      </Data>
      <Data n="X20207120582674">
        <Key v="1550,-3713.53" t="Vector2" n="!$P" />
        <Key v="HE" t="String" n="K" />
        <Key v="20207121330139" t="String" n="!$LC" />
        <Key v="Láva" t="String" n="%Name" />
        <Key v="Base" t="String" n="!P" />
        <Key v="Lava" t="String" n="X" />
      </Data>
      <Data n="X20207120584559">
        <Key v="930,-3713.53" t="Vector2" n="!$P" />
        <Key v="HE" t="String" n="K" />
        <Key v="20207121342904" t="String" n="!$LC" />
        <Key v="Kouř" t="String" n="%Name" />
        <Key v="Base" t="String" n="!P" />
        <Key v="Smoke" t="String" n="X" />
      </Data>
      <Data n="X20207120591127">
        <Key v="3100,-3713.53" t="Vector2" n="!$P" />
        <Key v="HE" t="String" n="K" />
        <Key v="20207121340836" t="String" n="!$LC" />
        <Key v="Plyn" t="String" n="%Name" />
        <Key v="Base" t="String" n="!P" />
        <Key v="Gas" t="String" n="X" />
      </Data>
    </Data>
  </Data>
</DataRoot>