﻿<?xml version="1.0" encoding="utf-8"?>
<DataRoot n="X">
  <Data n="20205339297389">
    <Key v="-486,-65" t="Vector2" n="!$MP" />
    <Key v="1,1,1" t="Vector3" n="!$MZ" />
    <Data n="$Elems">
      <Data n="20205485521551e">
        <Key v="20205484483351" t="String" n="$T" />
        <Key v="700,50" t="Vector2" n="!$P" />
        <Key v="sa3" t="String" n="X" />
      </Data>
      <Data n="20207236133617e">
        <Key v="20205484483351" t="String" n="$T" />
        <Key v="950,50" t="Vector2" n="!$P" />
        <Key v="sa1" t="String" n="X" />
      </Data>
      <Data n="20207236137983e">
        <Key v="20205344030099" t="String" n="$T" />
        <Key v="200,50" t="Vector2" n="!$P" />
        <Key v="add" t="String" n="Mod" />
        <Key v="1" t="Decimal" n="Val" />
        <Key v="1" t="String" n="!UV" />
        <Key v="0" t="Decimal" n="Var" />
      </Data>
      <Data n="20207523138023e">
        <Key v="20205344030099" t="String" n="$T" />
        <Key v="450,50" t="Vector2" n="!$P" />
        <Key v="add" t="String" n="Mod" />
        <Key v="1" t="Decimal" n="Val" />
        <Key v="0" t="String" n="!UV" />
      </Data>
      <Data n="20205484624310e">
        <Key v="20205344030099" t="String" n="$T" />
        <Key v="450,-100" t="Vector2" n="!$P" />
        <Key v="add" t="String" n="Mod" />
        <Key v="1" t="Decimal" n="Val" />
        <Key v="X20205337269344" t="String" n="Att" />
        <Key v="1" t="Int32" n="!K" />
        <Key v="0" t="String" n="!UV" />
      </Data>
      <Data n="20205484624464e">
        <Key v="20205344030099" t="String" n="$T" />
        <Key v="700,-100" t="Vector2" n="!$P" />
        <Key v="add" t="String" n="Mod" />
        <Key v="-5" t="Decimal" n="Val" />
      </Data>
      <Data n="20205484625611e">
        <Key v="20205484483351" t="String" n="$T" />
        <Key v="950,-100" t="Vector2" n="!$P" />
        <Key v="sa0" t="String" n="X" />
      </Data>
      <Data n="20207236128475e">
        <Key v="20205410728894" t="String" n="$T" />
        <Key v="200,-100" t="Vector2" n="!$P" />
        <Key v="1" t="Int32" n="!IV" />
        <Key v="0" t="Int32" n="V" />
      </Data>
    </Data>
    <Data n="$Conns">
      <Data n="20207236134726c">
        <Key v="20205485521551e" t="String" n="$S" />
        <Key v="20207236133617e" t="String" n="$E" />
      </Data>
      <Data n="20205484624952c">
        <Key v="20205484624310e" t="String" n="$S" />
        <Key v="20205484624464e" t="String" n="$E" />
      </Data>
      <Data n="20205484626053c">
        <Key v="20205484624464e" t="String" n="$S" />
        <Key v="20205484625611e" t="String" n="$E" />
      </Data>
      <Data n="20207236129793c">
        <Key v="20207236128475e" t="String" n="$E" />
      </Data>
      <Data n="20207236130360c">
        <Key v="20207236128475e" t="String" n="$S" />
        <Key v="20205484624310e" t="String" n="$E" />
      </Data>
      <Data n="20207236142675c">
        <Key v="20207236137983e" t="String" n="$E" />
      </Data>
      <Data n="20207523138390c">
        <Key v="20207236137983e" t="String" n="$S" />
        <Key v="20207523138023e" t="String" n="$E" />
      </Data>
      <Data n="20207523138645c">
        <Key v="20207523138023e" t="String" n="$S" />
        <Key v="20205485521551e" t="String" n="$E" />
      </Data>
    </Data>
  </Data>
</DataRoot>