﻿<?xml version="1.0" encoding="utf-8"?>
<DataRoot n="X">
  <Data n="20206395073990">
    <Key v="-440,119" t="Vector2" n="!$MP" />
    <Key v="0.9,0.9,0.9" t="Vector3" n="!$MZ" />
    <Data n="$Elems">
      <Data n="20206395112077e">
        <Key v="20205484464552" t="String" n="$T" />
        <Key v="150,100" t="Vector2" n="!$P" />
        <Key v="1" t="Int32" n="!IT" />
        <Key v="CostAction" t="String" n="Trig" />
      </Data>
      <Data n="20206394704400e">
        <Key v="20205410728894" t="String" n="$T" />
        <Key v="700,0" t="Vector2" n="!$P" />
        <Key v="vidi" t="String" n="!!Att" />
        <Key v="X20205339778431" t="String" n="Att" />
      </Data>
      <Data n="20206394704554e">
        <Key v="20205410728894" t="String" n="$T" />
        <Key v="950,0" t="Vector2" n="!$P" />
        <Key v="1" t="Int32" n="!IC" />
        <Key v="Tc" t="String" n="Typ" />
      </Data>
      <Data n="20206394705768e">
        <Key v="20205344030099" t="String" n="$T" />
        <Key v="1200,0" t="Vector2" n="!$P" />
        <Key v="add" t="String" n="Mod" />
        <Key v="1" t="Decimal" n="Val" />
      </Data>
      <Data n="20206395120705e">
        <Key v="20205484464552" t="String" n="$T" />
        <Key v="450,0" t="Vector2" n="!$P" />
        <Key v="PartialLight" t="String" n="Cond" />
      </Data>
      <Data n="20206402111418e">
        <Key v="20205484464552" t="String" n="$T" />
        <Key v="150,0" t="Vector2" n="!$P" />
        <Key v="1" t="Int32" n="!IT" />
        <Key v="CostAttack" t="String" n="Trig" />
      </Data>
      <Data n="20206402111714e">
        <Key v="20205484464552" t="String" n="$T" />
        <Key v="150,-100" t="Vector2" n="!$P" />
        <Key v="1" t="Int32" n="!IT" />
        <Key v="CostDefense" t="String" n="Trig" />
      </Data>
    </Data>
    <Data n="$Conns">
      <Data n="20206395125872c">
        <Key v="20206395120705e" t="String" n="$S" />
        <Key v="20206394704400e" t="String" n="$E" />
      </Data>
      <Data n="20206394709179c">
        <Key v="20206394704400e" t="String" n="$S" />
        <Key v="20206394704554e" t="String" n="$E" />
      </Data>
      <Data n="20206394709884c">
        <Key v="20206394704554e" t="String" n="$S" />
        <Key v="20206394705768e" t="String" n="$E" />
      </Data>
      <Data n="20206395122061c">
        <Key v="20206395112077e" t="String" n="$S" />
        <Key v="20206395120705e" t="String" n="$E" />
      </Data>
      <Data n="20206395124717c">
        <Key v="20206395112077e" t="String" n="$E" />
      </Data>
      <Data n="20206402112157c">
        <Key v="20206402111418e" t="String" n="$E" />
      </Data>
      <Data n="20206402112361c">
        <Key v="20206402111714e" t="String" n="$E" />
      </Data>
      <Data n="20206402112553c">
        <Key v="20206402111418e" t="String" n="$S" />
        <Key v="20206395120705e" t="String" n="$E" />
      </Data>
      <Data n="20206402112749c">
        <Key v="20206402111714e" t="String" n="$S" />
        <Key v="20206395120705e" t="String" n="$E" />
      </Data>
    </Data>
  </Data>
</DataRoot>