﻿<?xml version="1.0" encoding="utf-8"?>
<DataRoot n="X">
  <Data n="20207121171509">
    <Data n="$Elems">
      <Data n="20207135465981e">
        <Key v="20205502245113" t="String" n="$T" />
        <Key v="200,50" t="Vector2" n="!$P" />
        <Key v="DP" t="String" n="Typ" />
        <Key v="vyřaz" t="String" n="!!Eff" />
        <Key v="X20207135779000" t="String" n="Eff" />
      </Data>
      <Data n="20207218710890e">
        <Key v="20205484483351" t="String" n="$T" />
        <Key v="450,50" t="Vector2" n="!$P" />
        <Key v="cg2" t="String" n="!BA" />
        <Key v="usp" t="String" n="!!Eff" />
        <Key v="X20207121171509" t="String" n="Eff" />
      </Data>
      <Data n="20207135846397e">
        <Key v="20205484483351" t="String" n="$T" />
        <Key v="200,-50" t="Vector2" n="!$P" />
        <Key v="cg1" t="String" n="!BA" />
        <Key v="EndCond" t="String" n="Act" />
        <Key v="EDmg" t="String" n="EC" />
      </Data>
      <Data n="20207209406428e">
        <Key v="20205484483351" t="String" n="$T" />
        <Key v="450,-50" t="Vector2" n="!$P" />
        <Key v="cg1" t="String" n="!BA" />
        <Key v="EndCond" t="String" n="Act" />
        <Key v="EWld" t="String" n="EC" />
      </Data>
      <Data n="20207136131400e">
        <Key v="20205502245113" t="String" n="$T" />
        <Key v="450,-200" t="Vector2" n="!$P" />
        <Key v="DE" t="String" n="Typ" />
        <Key v="Cre" t="String" n="Act" />
        <Key v="vy" t="String" n="!!Eff" />
        <Key v="X20207136111503" t="String" n="Eff" />
      </Data>
      <Data n="20207136143927e">
        <Key v="20205484464552" t="String" n="$T" />
        <Key v="200,-200" t="Vector2" n="!$P" />
        <Key v="1" t="Int32" n="!IT" />
        <Key v="Apply" t="String" n="Trig" />
      </Data>
      <Data n="20207136213980e">
        <Key v="20205484464552" t="String" n="$T" />
        <Key v="200,-300" t="Vector2" n="!$P" />
        <Key v="1" t="Int32" n="!IT" />
        <Key v="RoundStart" t="String" n="Trig" />
      </Data>
      <Data n="20207136218384e">
        <Key v="20205484483351" t="String" n="$T" />
        <Key v="450,-300" t="Vector2" n="!$P" />
        <Key v="cg1" t="String" n="!BA" />
        <Key v="Rest" t="String" n="Act" />
      </Data>
    </Data>
    <Data n="$Conns">
      <Data n="20207135466552c">
        <Key v="20207135465981e" t="String" n="$E" />
      </Data>
      <Data n="20207136138815c">
        <Key v="20207135846397e" t="String" n="$E" />
      </Data>
      <Data n="20207136146705c">
        <Key v="20207136143927e" t="String" n="$S" />
        <Key v="20207136131400e" t="String" n="$E" />
      </Data>
      <Data n="20207136145938c">
        <Key v="20207136143927e" t="String" n="$E" />
      </Data>
      <Data n="20207136214314c">
        <Key v="20207136213980e" t="String" n="$E" />
      </Data>
      <Data n="20207136218760c">
        <Key v="20207136213980e" t="String" n="$S" />
        <Key v="20207136218384e" t="String" n="$E" />
      </Data>
      <Data n="20207209406779c">
        <Key v="20207135846397e" t="String" n="$S" />
        <Key v="20207209406428e" t="String" n="$E" />
      </Data>
      <Data n="20207218713113c">
        <Key v="20207135465981e" t="String" n="$S" />
        <Key v="20207218710890e" t="String" n="$E" />
      </Data>
    </Data>
  </Data>
</DataRoot>