﻿<?xml version="1.0" encoding="utf-8"?>
<DataRoot n="X">
  <Data n="20205339561028">
    <Key v="-692,45" t="Vector2" n="!$MP" />
    <Key v="1,1,1" t="Vector3" n="!$MZ" />
    <Data n="$Elems">
      <Data n="20205533794225e">
        <Key v="20205344030099" t="String" n="$T" />
        <Key v="450,100" t="Vector2" n="!$P" />
        <Key v="add" t="String" n="Mod" />
        <Key v="1" t="Int32" n="!UV" />
        <Key v="0" t="Decimal" n="Var" />
        <Key v="1" t="Decimal" n="Val" />
      </Data>
      <Data n="20205534046355e">
        <Key v="20205484464552" t="String" n="$T" />
        <Key v="200,100" t="Vector2" n="!$P" />
        <Key v="Melee" t="String" n="Cond" />
      </Data>
      <Data n="20205535117616e">
        <Key v="20205344030099" t="String" n="$T" />
        <Key v="950,100" t="Vector2" n="!$P" />
        <Key v="mod" t="String" n="Mod" />
        <Key v="1" t="Int32" n="!UV" />
        <Key v="1" t="Decimal" n="Var" />
        <Key v="-0.1" t="Decimal" n="Val" />
      </Data>
      <Data n="20205535494960e">
        <Key v="20205344030099" t="String" n="$T" />
        <Key v="700,100" t="Vector2" n="!$P" />
        <Key v="mod" t="String" n="Mod" />
        <Key v="1" t="Int32" n="!UV" />
        <Key v="0" t="Decimal" n="Var" />
        <Key v="0.05" t="Decimal" n="Val" />
      </Data>
      <Data n="20206447859210e">
        <Key v="20205484483351" t="String" n="$T" />
        <Key v="1200,100" t="Vector2" n="!$P" />
        <Key v="sa1" t="String" n="X" />
      </Data>
      <Data n="20205533797031e">
        <Key v="20205410728894" t="String" n="$T" />
        <Key v="200,-50" t="Vector2" n="!$P" />
        <Key v="1" t="Int32" n="!IV" />
        <Key v="0" t="Int32" n="V" />
      </Data>
      <Data n="20205533800267e">
        <Key v="20205344030099" t="String" n="$T" />
        <Key v="450,-50" t="Vector2" n="!$P" />
        <Key v="add" t="String" n="Mod" />
        <Key v="X20205337269344" t="String" n="Att" />
        <Key v="1" t="Decimal" n="Val" />
        <Key v="1" t="Int32" n="!K" />
        <Key v="0" t="String" n="!UV" />
      </Data>
      <Data n="20205533803724e">
        <Key v="20205344030099" t="String" n="$T" />
        <Key v="700,-50" t="Vector2" n="!$P" />
        <Key v="add" t="String" n="Mod" />
        <Key v="-15" t="Decimal" n="Val" />
      </Data>
      <Data n="20205533805959e">
        <Key v="20205484483351" t="String" n="$T" />
        <Key v="950,-50" t="Vector2" n="!$P" />
        <Key v="sa0" t="String" n="X" />
      </Data>
      <Data n="20205535111268e">
        <Key v="20205410728894" t="String" n="$T" />
        <Key v="200,-200" t="Vector2" n="!$P" />
        <Key v="1" t="Int32" n="!IV" />
        <Key v="1" t="Int32" n="V" />
      </Data>
      <Data n="20205535111873e">
        <Key v="20205344030099" t="String" n="$T" />
        <Key v="450,-200" t="Vector2" n="!$P" />
        <Key v="add" t="String" n="Mod" />
        <Key v="X20205337269344" t="String" n="Att" />
        <Key v="-1" t="Decimal" n="Val" />
        <Key v="1" t="Int32" n="!K" />
        <Key v="0" t="String" n="!UV" />
      </Data>
      <Data n="20205535113249e">
        <Key v="20205344030099" t="String" n="$T" />
        <Key v="700,-200" t="Vector2" n="!$P" />
        <Key v="add" t="String" n="Mod" />
        <Key v="5" t="Decimal" n="Val" />
      </Data>
      <Data n="20205535114359e">
        <Key v="20205484483351" t="String" n="$T" />
        <Key v="950,-200" t="Vector2" n="!$P" />
        <Key v="sa0" t="String" n="X" />
      </Data>
    </Data>
    <Data n="$Conns">
      <Data n="20205533797035c">
        <Key v="20205533797031e" t="String" n="$E" />
      </Data>
      <Data n="20205533800272c">
        <Key v="20205533797031e" t="String" n="$S" />
        <Key v="20205533800267e" t="String" n="$E" />
      </Data>
      <Data n="20205533803728c">
        <Key v="20205533800267e" t="String" n="$S" />
        <Key v="20205533803724e" t="String" n="$E" />
      </Data>
      <Data n="20205533806372c">
        <Key v="20205533803724e" t="String" n="$S" />
        <Key v="20205533805959e" t="String" n="$E" />
      </Data>
      <Data n="20205534051125c">
        <Key v="20205534046355e" t="String" n="$E" />
      </Data>
      <Data n="20205534051338c">
        <Key v="20205534046355e" t="String" n="$S" />
        <Key v="20205533794225e" t="String" n="$E" />
      </Data>
      <Data n="20205535111698c">
        <Key v="20205535111268e" t="String" n="$E" />
      </Data>
      <Data n="20205535112862c">
        <Key v="20205535111268e" t="String" n="$S" />
        <Key v="20205535111873e" t="String" n="$E" />
      </Data>
      <Data n="20205535113254c">
        <Key v="20205535111873e" t="String" n="$S" />
        <Key v="20205535113249e" t="String" n="$E" />
      </Data>
      <Data n="20205535115293c">
        <Key v="20205535113249e" t="String" n="$S" />
        <Key v="20205535114359e" t="String" n="$E" />
      </Data>
      <Data n="20205535495831c">
        <Key v="20205533794225e" t="String" n="$S" />
        <Key v="20205535494960e" t="String" n="$E" />
      </Data>
      <Data n="20205535496227c">
        <Key v="20205535494960e" t="String" n="$S" />
        <Key v="20205535117616e" t="String" n="$E" />
      </Data>
      <Data n="20206447859214c">
        <Key v="20205535117616e" t="String" n="$S" />
        <Key v="20206447859210e" t="String" n="$E" />
      </Data>
    </Data>
  </Data>
</DataRoot>