﻿<?xml version="1.0" encoding="utf-8"?>
<DataRoot n="X">
  <Data n="20205502628391">
    <Key v="-380,-25" t="Vector2" n="!$MP" />
    <Key v="1,1,1" t="Vector3" n="!$MZ" />
    <Data n="$Elems">
      <Data n="20205552429563e">
        <Key v="20205410728894" t="String" n="$T" />
        <Key v="200,400" t="Vector2" n="!$P" />
        <Key v="1" t="Int32" n="BO" />
        <Key v="dete" t="String" n="!!Att" />
        <Key v="X20205339772638" t="String" n="Att" />
      </Data>
      <Data n="20205552430272e">
        <Key v="20205344030099" t="String" n="$T" />
        <Key v="700,400" t="Vector2" n="!$P" />
        <Key v="add" t="String" n="Mod" />
        <Key v="3" t="Decimal" n="Val" />
        <Key v="0" t="String" n="!UV" />
      </Data>
      <Data n="20205552417670e">
        <Key v="20205410728894" t="String" n="$T" />
        <Key v="200,250" t="Vector2" n="!$P" />
        <Key v="1" t="Int32" n="BO" />
        <Key v="dete" t="String" n="!!Att" />
        <Key v="X20205339760982" t="String" n="Att" />
      </Data>
      <Data n="20205552422887e">
        <Key v="20205344030099" t="String" n="$T" />
        <Key v="700,250" t="Vector2" n="!$P" />
        <Key v="add" t="String" n="Mod" />
        <Key v="5" t="Decimal" n="Val" />
        <Key v="0" t="String" n="!UV" />
      </Data>
      <Data n="20205552502534e">
        <Key v="20205484464552" t="String" n="$T" />
        <Key v="450,150" t="Vector2" n="!$P" />
        <Key v="Crouch" t="String" n="Cond" />
      </Data>
      <Data n="20205552504920e">
        <Key v="20205344030099" t="String" n="$T" />
        <Key v="700,150" t="Vector2" n="!$P" />
        <Key v="add" t="String" n="Mod" />
        <Key v="-1" t="Decimal" n="Val" />
        <Key v="0" t="String" n="!UV" />
      </Data>
      <Data n="20205552429213e">
        <Key v="20205410728894" t="String" n="$T" />
        <Key v="200,0" t="Vector2" n="!$P" />
        <Key v="1" t="Int32" n="BO" />
        <Key v="dete" t="String" n="!!Att" />
        <Key v="X20205339763247" t="String" n="Att" />
      </Data>
      <Data n="20205552447083e">
        <Key v="20205484464552" t="String" n="$T" />
        <Key v="450,0" t="Vector2" n="!$P" />
        <Key v="Walk" t="String" n="Cond" />
      </Data>
      <Data n="20205552451440e">
        <Key v="20205344030099" t="String" n="$T" />
        <Key v="700,0" t="Vector2" n="!$P" />
        <Key v="add" t="String" n="Mod" />
        <Key v="3" t="Decimal" n="Val" />
        <Key v="0" t="String" n="!UV" />
      </Data>
      <Data n="20206585579563e">
        <Key v="20205484464552" t="String" n="$T" />
        <Key v="450,-100" t="Vector2" n="!$P" />
        <Key v="Run" t="String" n="Cond" />
      </Data>
      <Data n="20206585580351e">
        <Key v="20205344030099" t="String" n="$T" />
        <Key v="700,-100" t="Vector2" n="!$P" />
        <Key v="add" t="String" n="Mod" />
        <Key v="4" t="Decimal" n="Val" />
        <Key v="0" t="String" n="!UV" />
      </Data>
      <Data n="20205552429976e">
        <Key v="20205344030099" t="String" n="$T" />
        <Key v="700,-200" t="Vector2" n="!$P" />
        <Key v="add" t="String" n="Mod" />
        <Key v="-1" t="Decimal" n="Val" />
      </Data>
      <Data n="20205552446336e">
        <Key v="20205484464552" t="String" n="$T" />
        <Key v="450,-200" t="Vector2" n="!$P" />
        <Key v="Crouch" t="String" n="Cond" />
      </Data>
      <Data n="20207190009885e">
        <Key v="20205502245113" t="String" n="$T" />
        <Key v="200,-350" t="Vector2" n="!$P" />
        <Key v="SL" t="String" n="Typ" />
        <Key v="Wait" t="String" n="X" />
      </Data>
      <Data n="20207190013859e">
        <Key v="20205502245113" t="String" n="$T" />
        <Key v="450,-350" t="Vector2" n="!$P" />
        <Key v="SL" t="String" n="Typ" />
        <Key v="Rest" t="String" n="X" />
      </Data>
      <Data n="20207213756364e">
        <Key v="20205502245113" t="String" n="$T" />
        <Key v="700,-350" t="Vector2" n="!$P" />
        <Key v="SL" t="String" n="Typ" />
        <Key v="Move" t="String" n="X" />
      </Data>
      <Data n="20207190014435e">
        <Key v="20205502245113" t="String" n="$T" />
        <Key v="150,-450" t="Vector2" n="!$P" />
        <Key v="SL" t="String" n="Typ" />
        <Key v="React" t="String" n="X" />
      </Data>
      <Data n="20207190018980e">
        <Key v="20205502245113" t="String" n="$T" />
        <Key v="400,-450" t="Vector2" n="!$P" />
        <Key v="SL" t="String" n="Typ" />
        <Key v="Detect" t="String" n="X" />
      </Data>
      <Data n="20207210287911e">
        <Key v="20205502245113" t="String" n="$T" />
        <Key v="650,-450" t="Vector2" n="!$P" />
        <Key v="SL" t="String" n="Typ" />
        <Key v="Regen" t="String" n="X" />
      </Data>
      <Data n="20207213748482e">
        <Key v="20205502245113" t="String" n="$T" />
        <Key v="900,-450" t="Vector2" n="!$P" />
        <Key v="SL" t="String" n="Typ" />
        <Key v="Stealth" t="String" n="X" />
      </Data>
    </Data>
    <Data n="$Conns">
      <Data n="20205552422349c">
        <Key v="20205552417670e" t="String" n="$E" />
      </Data>
      <Data n="20205552422891c">
        <Key v="20205552417670e" t="String" n="$S" />
        <Key v="20205552422887e" t="String" n="$E" />
      </Data>
      <Data n="20205552430664c">
        <Key v="20205552429563e" t="String" n="$S" />
        <Key v="20205552430272e" t="String" n="$E" />
      </Data>
      <Data n="20205552431140c">
        <Key v="20205552429213e" t="String" n="$E" />
      </Data>
      <Data n="20205552431327c">
        <Key v="20205552429563e" t="String" n="$E" />
      </Data>
      <Data n="20205552449464c">
        <Key v="20205552446336e" t="String" n="$S" />
        <Key v="20205552429976e" t="String" n="$E" />
      </Data>
      <Data n="20205552451907c">
        <Key v="20205552447083e" t="String" n="$S" />
        <Key v="20205552451440e" t="String" n="$E" />
      </Data>
      <Data n="20206585580701c">
        <Key v="20206585579563e" t="String" n="$S" />
        <Key v="20206585580351e" t="String" n="$E" />
      </Data>
      <Data n="20206565894966c">
        <Key v="20205552429213e" t="String" n="$S" />
        <Key v="20205552446336e" t="String" n="$E" />
      </Data>
      <Data n="20206565894724c">
        <Key v="20205552429213e" t="String" n="$S" />
        <Key v="20205552447083e" t="String" n="$E" />
      </Data>
      <Data n="20205552505353c">
        <Key v="20205552502534e" t="String" n="$S" />
        <Key v="20205552504920e" t="String" n="$E" />
      </Data>
      <Data n="20206565891709c">
        <Key v="20205552417670e" t="String" n="$S" />
        <Key v="20205552502534e" t="String" n="$E" />
      </Data>
      <Data n="20206585583024c">
        <Key v="20205552429213e" t="String" n="$S" />
        <Key v="20206585579563e" t="String" n="$E" />
      </Data>
      <Data n="20207190009889c">
        <Key v="20207190009885e" t="String" n="$E" />
      </Data>
      <Data n="20207190014251c">
        <Key v="20207190009885e" t="String" n="$S" />
        <Key v="20207190013859e" t="String" n="$E" />
      </Data>
      <Data n="20207213755142c">
        <Key v="20207190014435e" t="String" n="$E" />
      </Data>
      <Data n="20207190019593c">
        <Key v="20207190014435e" t="String" n="$S" />
        <Key v="20207190018980e" t="String" n="$E" />
      </Data>
      <Data n="20207210288457c">
        <Key v="20207190018980e" t="String" n="$S" />
        <Key v="20207210287911e" t="String" n="$E" />
      </Data>
      <Data n="20207213748974c">
        <Key v="20207210287911e" t="String" n="$S" />
        <Key v="20207213748482e" t="String" n="$E" />
      </Data>
      <Data n="20207213756814c">
        <Key v="20207190013859e" t="String" n="$S" />
        <Key v="20207213756364e" t="String" n="$E" />
      </Data>
    </Data>
  </Data>
</DataRoot>