﻿<?xml version="1.0" encoding="utf-8"?>
<DataRoot n="X">
  <Data n="20205337445028">
    <Key v="-548,23" t="Vector2" n="!$MP" />
    <Key v="1,1,1" t="Vector3" n="!$MZ" />
    <Data n="$Elems">
      <Data n="20205464094055e">
        <Key v="20205344030099" t="String" n="$T" />
        <Key v="200,50" t="Vector2" n="!$P" />
        <Key v="add" t="String" n="Mod" />
        <Key v="0.4" t="Decimal" n="Val" />
        <Key v="X20205337377236" t="String" n="Att" />
        <Key v="1" t="Int32" n="!K" />
        <Key v="0" t="String" n="!UV" />
      </Data>
      <Data n="20205464094180e">
        <Key v="20205344030099" t="String" n="$T" />
        <Key v="450,50" t="Vector2" n="!$P" />
        <Key v="add" t="String" n="Mod" />
        <Key v="0.2" t="Decimal" n="Val" />
        <Key v="X20205337380698" t="String" n="Att" />
        <Key v="1" t="Int32" n="!K" />
        <Key v="0" t="String" n="!UV" />
      </Data>
      <Data n="20205464094255e">
        <Key v="20205344030099" t="String" n="$T" />
        <Key v="700,50" t="Vector2" n="!$P" />
        <Key v="add" t="String" n="Mod" />
        <Key v="8" t="Decimal" n="Val" />
      </Data>
      <Data n="20205491644453e">
        <Key v="20205484483351" t="String" n="$T" />
        <Key v="1250,50" t="Vector2" n="!$P" />
        <Key v="sa1" t="String" n="X" />
      </Data>
      <Data n="20205464095748e">
        <Key v="20205344030099" t="String" n="$T" />
        <Key v="950,50" t="Vector2" n="!$P" />
        <Key v="mod" t="String" n="Mod" />
        <Key v="0.25" t="Decimal" n="Val" />
        <Key v="0" t="String" n="!UV" />
        <Key v="1" t="Int32" n="PL" />
      </Data>
      <Data n="20205554322910e">
        <Key v="20205484483351" t="String" n="$T" />
        <Key v="450,-100" t="Vector2" n="!$P" />
        <Key v="sa3" t="String" n="X" />
      </Data>
      <Data n="20205554314836e">
        <Key v="20205484483351" t="String" n="$T" />
        <Key v="200,-100" t="Vector2" n="!$P" />
        <Key v="sa5" t="String" n="X" />
      </Data>
    </Data>
    <Data n="$Conns">
      <Data n="20205464096454c">
        <Key v="20205464094055e" t="String" n="$E" />
      </Data>
      <Data n="20205464096624c">
        <Key v="20205464094055e" t="String" n="$S" />
        <Key v="20205464094180e" t="String" n="$E" />
      </Data>
      <Data n="20205464096812c">
        <Key v="20205464094180e" t="String" n="$S" />
        <Key v="20205464094255e" t="String" n="$E" />
      </Data>
      <Data n="20205503027319c">
        <Key v="20205464094255e" t="String" n="$S" />
        <Key v="20205464095748e" t="String" n="$E" />
      </Data>
      <Data n="20205491645183c">
        <Key v="20205464095748e" t="String" n="$S" />
        <Key v="20205491644453e" t="String" n="$E" />
      </Data>
      <Data n="20205554322914c">
        <Key v="20205554314836e" t="String" n="$S" />
        <Key v="20205554322910e" t="String" n="$E" />
      </Data>
      <Data n="20205554319194c">
        <Key v="20205554314836e" t="String" n="$E" />
      </Data>
    </Data>
  </Data>
</DataRoot>