﻿<?xml version="1.0" encoding="utf-8"?>
<DataRoot n="X">
  <Data n="20207088688918">
    <Data n="$Elems">
      <Data n="20207121455644e">
        <Key v="20205410801114" t="String" n="$T" />
        <Key v="300,550" t="Vector2" n="!$P" />
      </Data>
      <Data n="20207091437219e">
        <Key v="20207091356882" t="String" n="$T" />
        <Key v="200,200" t="Vector2" n="!$P" />
        <Key v="Water" t="String" n="Cst" />
        <Key v="1" t="Int32" n="Val" />
      </Data>
      <Data n="20207091558625e">
        <Key v="20207091356882" t="String" n="$T" />
        <Key v="450,200" t="Vector2" n="!$P" />
        <Key v="AB" t="String" n="Cst" />
        <Key v="5" t="Int32" n="Val" />
      </Data>
      <Data n="20207091566206e">
        <Key v="20207091356882" t="String" n="$T" />
        <Key v="700,200" t="Vector2" n="!$P" />
        <Key v="Mana" t="String" n="Cst" />
        <Key v="1" t="Int32" n="!IV" />
        <Key v="4" t="Int32" n="Inx" />
      </Data>
      <Data n="20207088737777e">
        <Key v="20205484464552" t="String" n="$T" />
        <Key v="200,100" t="Vector2" n="!$P" />
        <Key v="Battle" t="String" n="Cond" />
      </Data>
      <Data n="20207119693022e">
        <Key v="20207116075055" t="String" n="$T" />
        <Key v="500,100" t="Vector2" n="!$P" />
        <Key v="Weapon" t="String" n="DmgT" />
        <Key v="1" t="Int32" n="!IsD" />
        <Key v="3" t="Int32" n="Dice" />
        <Key v="1" t="Int32" n="Pent" />
        <Key v="3" t="Int32" n="DTyp" />
        <Key v="Enemy,Obj,Hex" t="String" n="Trg" />
        <Key v="1" t="Int32" n="IsP" />
        <Key v="0" t="Int32" n="Bns" />
        <Key v="8" t="Int32" n="MaxRng" />
        <Key v="1" t="Int32" n="MinRng" />
        <Key v="1" t="Int32" n="Mss" />
        <Key v="Hx1" t="String" n="Area" />
      </Data>
      <Data n="20207088757144e">
        <Key v="20205502245113" t="String" n="$T" />
        <Key v="1400,100" t="Vector2" n="!$P" />
        <Key v="DE" t="String" n="Typ" />
        <Key v="2" t="Int32" n="PI" />
        <Key v="Cre" t="String" n="Act" />
        <Key v="X20207088763520" t="String" n="Eff" />
      </Data>
      <Data n="20207121287985e">
        <Key v="20205484483351" t="String" n="$T" />
        <Key v="1700,100" t="Vector2" n="!$P" />
        <Key v="Snuff" t="String" n="Act" />
        <Key v="cg1" t="String" n="!BA" />
      </Data>
      <Data n="20207121388723e">
        <Key v="20205502245113" t="String" n="$T" />
        <Key v="2300,100" t="Vector2" n="!$P" />
        <Key v="HE" t="String" n="Typ" />
        <Key v="Rem" t="String" n="Act" />
        <Key v="X20207120546517" t="String" n="Eff" />
      </Data>
      <Data n="20207121395488e">
        <Key v="20207116075055" t="String" n="$T" />
        <Key v="2000,100" t="Vector2" n="!$P" />
        <Key v="Hx1" t="String" n="Area" />
      </Data>
      <Data n="20207120407358e">
        <Key v="20205484464552" t="String" n="$T" />
        <Key v="800,0" t="Vector2" n="!$P" />
        <Key v="Hex-Empty" t="String" n="Cond" />
      </Data>
      <Data n="20207120417846e">
        <Key v="20205502245113" t="String" n="$T" />
        <Key v="1050,0" t="Vector2" n="!$P" />
        <Key v="HE" t="String" n="Typ" />
        <Key v="Cre" t="String" n="Act" />
        <Key v="X20207120546517" t="String" n="Eff" />
        <Key v="3" t="Int32" n="PI" />
      </Data>
      <Data n="20207121004788e">
        <Key v="20205502245113" t="String" n="$T" />
        <Key v="850,-200" t="Vector2" n="!$P" />
        <Key v="DE" t="String" n="Typ" />
        <Key v="Rem" t="String" n="Act" />
        <Key v="X20207121171509" t="String" n="Eff" />
      </Data>
      <Data n="20207121235077e">
        <Key v="20207116075055" t="String" n="$T" />
        <Key v="500,-200" t="Vector2" n="!$P" />
        <Key v="Ally,Party" t="String" n="Trg" />
        <Key v="8" t="Int32" n="MaxRng" />
        <Key v="1" t="Int32" n="MinRng" />
        <Key v="Hx1" t="String" n="Area" />
      </Data>
      <Data n="20207091610265e">
        <Key v="20205410728894" t="String" n="$T" />
        <Key v="200,-400" t="Vector2" n="!$P" />
        <Key v="1" t="Int32" n="!IV" />
        <Key v="0" t="Int32" n="V" />
      </Data>
      <Data n="20207091632497e">
        <Key v="20205344030099" t="String" n="$T" />
        <Key v="450,-400" t="Vector2" n="!$P" />
        <Key v="add" t="String" n="Mod" />
        <Key v="0.34" t="Decimal" n="Val" />
        <Key v="2" t="String" n="!UV" />
        <Key v="Water" t="String" n="Key" />
      </Data>
      <Data n="20207091653662e">
        <Key v="20205484483351" t="String" n="$T" />
        <Key v="700,-400" t="Vector2" n="!$P" />
        <Key v="sa1" t="String" n="X" />
      </Data>
      <Data n="20207091625404e">
        <Key v="20205410728894" t="String" n="$T" />
        <Key v="200,-550" t="Vector2" n="!$P" />
        <Key v="1" t="Int32" n="!IV" />
        <Key v="1" t="Int32" n="V" />
      </Data>
      <Data n="20207091638369e">
        <Key v="20205344030099" t="String" n="$T" />
        <Key v="700,-550" t="Vector2" n="!$P" />
        <Key v="add" t="String" n="Mod" />
        <Key v="1" t="Decimal" n="Val" />
        <Key v="2" t="String" n="!UV" />
        <Key v="Water" t="String" n="Key" />
      </Data>
      <Data n="20207091657444e">
        <Key v="20205344030099" t="String" n="$T" />
        <Key v="450,-550" t="Vector2" n="!$P" />
        <Key v="add" t="String" n="Mod" />
        <Key v="20" t="Decimal" n="Val" />
        <Key v="0" t="String" n="!UV" />
      </Data>
      <Data n="20207091629958e">
        <Key v="20205410728894" t="String" n="$T" />
        <Key v="200,-700" t="Vector2" n="!$P" />
        <Key v="1" t="Int32" n="!IV" />
        <Key v="2" t="Int32" n="V" />
      </Data>
      <Data n="20207122633369e">
        <Key v="20205344030099" t="String" n="$T" />
        <Key v="700,-700" t="Vector2" n="!$P" />
        <Key v="add" t="String" n="Mod" />
        <Key v="1" t="Decimal" n="Val" />
        <Key v="2" t="String" n="!UV" />
        <Key v="Water" t="String" n="Key" />
      </Data>
      <Data n="20207091662770e">
        <Key v="20205344030099" t="String" n="$T" />
        <Key v="450,-700" t="Vector2" n="!$P" />
        <Key v="add" t="String" n="Mod" />
        <Key v="1" t="Decimal" n="Val" />
        <Key v="0" t="String" n="!UV" />
      </Data>
      <Data n="20207120890451e">
        <Key v="20205410728894" t="String" n="$T" />
        <Key v="200,-850" t="Vector2" n="!$P" />
        <Key v="1" t="Int32" n="!IV" />
        <Key v="3" t="Int32" n="V" />
      </Data>
      <Data n="20207120890763e">
        <Key v="20205344030099" t="String" n="$T" />
        <Key v="450,-850" t="Vector2" n="!$P" />
        <Key v="set" t="String" n="Mod" />
        <Key v="1" t="Decimal" n="Val" />
        <Key v="0" t="String" n="!UV" />
      </Data>
      <Data n="20207121707923e">
        <Key v="20205410728894" t="String" n="$T" />
        <Key v="200,-1000" t="Vector2" n="!$P" />
        <Key v="1" t="Int32" n="!IV" />
        <Key v="4" t="Int32" n="V" />
      </Data>
      <Data n="20207121710200e">
        <Key v="20205344030099" t="String" n="$T" />
        <Key v="450,-1000" t="Vector2" n="!$P" />
        <Key v="add" t="String" n="Mod" />
        <Key v="5" t="Decimal" n="Val" />
        <Key v="0" t="String" n="!UV" />
      </Data>
      <Data n="20207121717339e">
        <Key v="20205484464552" t="String" n="$T" />
        <Key v="700,-1000" t="Vector2" n="!$P" />
        <Key v="Self-Puddle" t="String" n="Cond" />
      </Data>
      <Data n="20207121721939e">
        <Key v="20205344030099" t="String" n="$T" />
        <Key v="950,-1000" t="Vector2" n="!$P" />
        <Key v="mod" t="String" n="Mod" />
        <Key v="-0.6" t="Decimal" n="Val" />
        <Key v="0" t="String" n="!UV" />
      </Data>
      <Data n="20207121726160e">
        <Key v="20205484483351" t="String" n="$T" />
        <Key v="1200,-1000" t="Vector2" n="!$P" />
        <Key v="sa1" t="String" n="X" />
      </Data>
    </Data>
    <Data n="$Conns">
      <Data n="20207119871231c">
        <Key v="20207119693022e" t="String" n="$S" />
        <Key v="20207088757144e" t="String" n="$E" />
      </Data>
      <Data n="20207088738278c">
        <Key v="20207088737777e" t="String" n="$E" />
      </Data>
      <Data n="20207091437698c">
        <Key v="20207091437219e" t="String" n="$E" />
      </Data>
      <Data n="20207091565010c">
        <Key v="20207091437219e" t="String" n="$S" />
        <Key v="20207091558625e" t="String" n="$E" />
      </Data>
      <Data n="20207091566210c">
        <Key v="20207091558625e" t="String" n="$S" />
        <Key v="20207091566206e" t="String" n="$E" />
      </Data>
      <Data n="20207091612372c">
        <Key v="20207091610265e" t="String" n="$E" />
      </Data>
      <Data n="20207091628982c">
        <Key v="20207091625404e" t="String" n="$E" />
      </Data>
      <Data n="20207091631188c">
        <Key v="20207091629958e" t="String" n="$E" />
      </Data>
      <Data n="20207091632502c">
        <Key v="20207091610265e" t="String" n="$S" />
        <Key v="20207091632497e" t="String" n="$E" />
      </Data>
      <Data n="20207122630195c">
        <Key v="20207091625404e" t="String" n="$S" />
        <Key v="20207091657444e" t="String" n="$E" />
      </Data>
      <Data n="20207122633711c">
        <Key v="20207091662770e" t="String" n="$S" />
        <Key v="20207122633369e" t="String" n="$E" />
      </Data>
      <Data n="20207091653666c">
        <Key v="20207091632497e" t="String" n="$S" />
        <Key v="20207091653662e" t="String" n="$E" />
      </Data>
      <Data n="20207091662774c">
        <Key v="20207091629958e" t="String" n="$S" />
        <Key v="20207091662770e" t="String" n="$E" />
      </Data>
      <Data n="20207122464013c">
        <Key v="20207121004788e" t="String" n="$S" />
        <Key v="20207088757144e" t="String" n="$E" />
        <Data n="!Node">
          <Key v="1200,-230" t="Vector2" n="0" />
        </Data>
      </Data>
      <Data n="20207120390539c">
        <Key v="20207088737777e" t="String" n="$S" />
        <Key v="20207119693022e" t="String" n="$E" />
      </Data>
      <Data n="20207120418439c">
        <Key v="20207120407358e" t="String" n="$S" />
        <Key v="20207120417846e" t="String" n="$E" />
      </Data>
      <Data n="20207120891189c">
        <Key v="20207120890451e" t="String" n="$S" />
        <Key v="20207120890763e" t="String" n="$E" />
      </Data>
      <Data n="20207120891718c">
        <Key v="20207120890451e" t="String" n="$E" />
      </Data>
      <Data n="20207121280654c">
        <Key v="20207119693022e" t="String" n="$S" />
        <Key v="20207120407358e" t="String" n="$E" />
      </Data>
      <Data n="20207121287990c">
        <Key v="20207088757144e" t="String" n="$S" />
        <Key v="20207121287985e" t="String" n="$E" />
      </Data>
      <Data n="20207121277243c">
        <Key v="20207121235077e" t="String" n="$S" />
        <Key v="20207121004788e" t="String" n="$E" />
      </Data>
      <Data n="20207121402314c">
        <Key v="20207121287985e" t="String" n="$S" />
        <Key v="20207121395488e" t="String" n="$E" />
      </Data>
      <Data n="20207121402648c">
        <Key v="20207121395488e" t="String" n="$S" />
        <Key v="20207121388723e" t="String" n="$E" />
      </Data>
      <Data n="20207121456299c">
        <Key v="20207121455644e" t="String" n="$E" />
      </Data>
      <Data n="20207121708532c">
        <Key v="20207121707923e" t="String" n="$E" />
      </Data>
      <Data n="20207121710725c">
        <Key v="20207121707923e" t="String" n="$S" />
        <Key v="20207121710200e" t="String" n="$E" />
      </Data>
      <Data n="20207121718820c">
        <Key v="20207121710200e" t="String" n="$S" />
        <Key v="20207121717339e" t="String" n="$E" />
      </Data>
      <Data n="20207121721944c">
        <Key v="20207121717339e" t="String" n="$S" />
        <Key v="20207121721939e" t="String" n="$E" />
      </Data>
      <Data n="20207121726585c">
        <Key v="20207121721939e" t="String" n="$S" />
        <Key v="20207121726160e" t="String" n="$E" />
      </Data>
      <Data n="20207122629599c">
        <Key v="20207091657444e" t="String" n="$S" />
        <Key v="20207091638369e" t="String" n="$E" />
      </Data>
      <Data n="20207127286316c">
        <Key v="20207088737777e" t="String" n="$S" />
        <Key v="20207121235077e" t="String" n="$E" />
      </Data>
    </Data>
  </Data>
</DataRoot>