﻿<?xml version="1.0" encoding="utf-8"?>
<DataRoot n="X">
  <Data n="20205504146404">
    <Key v="-582,332" t="Vector2" n="!$MP" />
    <Key v="1,1,1" t="Vector3" n="!$MZ" />
    <Data n="$Elems">
      <Data n="20205504159715e">
        <Key v="20205344030099" t="String" n="$T" />
        <Key v="1100,100" t="Vector2" n="!$P" />
        <Key v="add" t="String" n="Mod" />
        <Key v="1" t="Decimal" n="Val" />
        <Key v="1" t="Int32" n="!UV" />
        <Key v="0" t="Decimal" n="Var" />
      </Data>
      <Data n="20205504162843e">
        <Key v="20205410728894" t="String" n="$T" />
        <Key v="600,100" t="Vector2" n="!$P" />
        <Key v="dov" t="String" n="!!Att" />
        <Key v="X20205337450350" t="String" n="Att" />
      </Data>
      <Data n="20205515709125e">
        <Key v="20205484464552" t="String" n="$T" />
        <Key v="150,-50" t="Vector2" n="!$P" />
        <Key v="1" t="Int32" n="!IT" />
        <Key v="GainVital" t="String" n="Trig" />
      </Data>
      <Data n="20205515709450e">
        <Key v="20205410728894" t="String" n="$T" />
        <Key v="600,-50" t="Vector2" n="!$P" />
        <Key v="zku" t="String" n="!!Att" />
        <Key v="X20205337419919" t="String" n="Att" />
      </Data>
      <Data n="20205515709750e">
        <Key v="20205410728894" t="String" n="$T" />
        <Key v="850,-50" t="Vector2" n="!$P" />
        <Key v="1" t="Int32" n="!IC" />
        <Key v="Tc" t="String" n="Typ" />
      </Data>
      <Data n="20205515712553e">
        <Key v="20205344030099" t="String" n="$T" />
        <Key v="1100,-50" t="Vector2" n="!$P" />
        <Key v="mod" t="String" n="Mod" />
        <Key v="1" t="Decimal" n="Val" />
        <Key v="1" t="Int32" n="!UV" />
        <Key v="1" t="Decimal" n="Var" />
      </Data>
      <Data n="20205515813935e">
        <Key v="20205484464552" t="String" n="$T" />
        <Key v="350,-50" t="Vector2" n="!$P" />
        <Key v="Reading" t="String" n="Cond" />
      </Data>
      <Data n="20205840106972e">
        <Key v="20205410728894" t="String" n="$T" />
        <Key v="200,-200" t="Vector2" n="!$P" />
        <Key v="1" t="Int32" n="!IV" />
        <Key v="0" t="Int32" n="V" />
      </Data>
      <Data n="20205840112622e">
        <Key v="20205344030099" t="String" n="$T" />
        <Key v="450,-200" t="Vector2" n="!$P" />
        <Key v="add" t="String" n="Mod" />
        <Key v="4" t="Decimal" n="Val" />
      </Data>
      <Data n="20205840109624e">
        <Key v="20205410728894" t="String" n="$T" />
        <Key v="200,-300" t="Vector2" n="!$P" />
        <Key v="1" t="Int32" n="!IV" />
        <Key v="1" t="Int32" n="V" />
      </Data>
      <Data n="20205840113160e">
        <Key v="20205344030099" t="String" n="$T" />
        <Key v="450,-300" t="Vector2" n="!$P" />
        <Key v="add" t="String" n="Mod" />
        <Key v="0.25" t="Decimal" n="Val" />
        <Key v="0" t="String" n="!UV" />
      </Data>
      <Data n="20205554515487e">
        <Key v="20205410801114" t="String" n="$T" />
        <Key v="250,-450" t="Vector2" n="!$P" />
        <Key v="Za každou úroveň získává navíc" t="String" n="%Txt" />
      </Data>
      <Data n="20205554525066e">
        <Key v="20205410801114" t="String" n="$T" />
        <Key v="200,-550" t="Vector2" n="!$P" />
        <Key v="Za učení z knih má bonus" t="String" n="%Txt" />
      </Data>
    </Data>
    <Data n="$Conns">
      <Data n="20205515816934c">
        <Key v="20205515813935e" t="String" n="$S" />
        <Key v="20205515709450e" t="String" n="$E" />
      </Data>
      <Data n="20205504205142c">
        <Key v="20205504162843e" t="String" n="$E" />
        <Data n="!Node">
          <Key v="250,70" t="Vector2" n="0" />
        </Data>
      </Data>
      <Data n="20205515702094c">
        <Key v="20205504162843e" t="String" n="$S" />
        <Key v="20205504159715e" t="String" n="$E" />
      </Data>
      <Data n="20205515710343c">
        <Key v="20205515709450e" t="String" n="$S" />
        <Key v="20205515709750e" t="String" n="$E" />
      </Data>
      <Data n="20205515712874c">
        <Key v="20205515709750e" t="String" n="$S" />
        <Key v="20205515712553e" t="String" n="$E" />
      </Data>
      <Data n="20205515715693c">
        <Key v="20205515709125e" t="String" n="$E" />
      </Data>
      <Data n="20205515816375c">
        <Key v="20205515709125e" t="String" n="$S" />
        <Key v="20205515813935e" t="String" n="$E" />
      </Data>
      <Data n="20205554515900c">
        <Key v="20205554515487e" t="String" n="$E" />
        <Data n="!Node">
          <Key v="50,-480" t="Vector2" n="0" />
        </Data>
      </Data>
      <Data n="20205840130208c">
        <Key v="20205554525066e" t="String" n="$E" />
        <Data n="!Node" />
      </Data>
      <Data n="20205840111155c">
        <Key v="20205840106972e" t="String" n="$E" />
      </Data>
      <Data n="20205840111576c">
        <Key v="20205840109624e" t="String" n="$E" />
      </Data>
      <Data n="20205840112626c">
        <Key v="20205840106972e" t="String" n="$S" />
        <Key v="20205840112622e" t="String" n="$E" />
      </Data>
      <Data n="20205840113561c">
        <Key v="20205840109624e" t="String" n="$S" />
        <Key v="20205840113160e" t="String" n="$E" />
      </Data>
    </Data>
  </Data>
</DataRoot>