﻿<?xml version="1.0" encoding="utf-8"?>
<DataRoot n="X">
  <Data n="20205554272755">
    <Key v="-621,248" t="Vector2" n="!$MP" />
    <Key v="0.9,0.9,0.9" t="Vector3" n="!$MZ" />
    <Data n="$Elems">
      <Data n="20205554359691e">
        <Key v="20205484464552" t="String" n="$T" />
        <Key v="200,100" t="Vector2" n="!$P" />
        <Key v="1" t="Int32" n="!IT" />
        <Key v="CostAction" t="String" n="Trig" />
      </Data>
      <Data n="20205554373015e">
        <Key v="20205484464552" t="String" n="$T" />
        <Key v="400,100" t="Vector2" n="!$P" />
        <Key v="Reading" t="String" n="Cond" />
      </Data>
      <Data n="20205554374867e">
        <Key v="20205410728894" t="String" n="$T" />
        <Key v="650,100" t="Vector2" n="!$P" />
        <Key v="hod" t="String" n="!!Att" />
        <Key v="X20205339294224" t="String" n="Att" />
      </Data>
      <Data n="20205554400676e">
        <Key v="20205344030099" t="String" n="$T" />
        <Key v="1150,100" t="Vector2" n="!$P" />
        <Key v="mod" t="String" n="Mod" />
        <Key v="1" t="Decimal" n="Val" />
        <Key v="1" t="Int32" n="!UV" />
        <Key v="1" t="Decimal" n="Var" />
      </Data>
      <Data n="20205554407315e">
        <Key v="20205410728894" t="String" n="$T" />
        <Key v="900,100" t="Vector2" n="!$P" />
        <Key v="1" t="Int32" n="!IC" />
        <Key v="Tc" t="String" n="Typ" />
      </Data>
      <Data n="20205554281666e">
        <Key v="20205484464552" t="String" n="$T" />
        <Key v="200,-50" t="Vector2" n="!$P" />
        <Key v="1" t="Int32" n="!IT" />
        <Key v="CalcAction" t="String" n="Trig" />
      </Data>
      <Data n="20205554284001e">
        <Key v="20205484464552" t="String" n="$T" />
        <Key v="400,-50" t="Vector2" n="!$P" />
        <Key v="Reading Finished" t="String" n="Cond" />
      </Data>
      <Data n="20205554291896e">
        <Key v="20205410728894" t="String" n="$T" />
        <Key v="900,-50" t="Vector2" n="!$P" />
        <Key v="nad" t="String" n="!!Att" />
        <Key v="X20205337435024" t="String" n="Att" />
      </Data>
      <Data n="20205554288893e">
        <Key v="20205410728894" t="String" n="$T" />
        <Key v="650,-50" t="Vector2" n="!$P" />
        <Key v="1" t="Int32" n="!IC" />
        <Key v="Ta" t="String" n="Typ" />
      </Data>
      <Data n="20205554303301e">
        <Key v="20205344030099" t="String" n="$T" />
        <Key v="1150,-50" t="Vector2" n="!$P" />
        <Key v="add" t="String" n="Mod" />
        <Key v="1" t="Decimal" n="Val" />
        <Key v="1" t="Int32" n="!UV" />
        <Key v="0" t="Decimal" n="Var" />
      </Data>
      <Data n="20205555589217e">
        <Key v="20205410728894" t="String" n="$T" />
        <Key v="200,-200" t="Vector2" n="!$P" />
        <Key v="1" t="Int32" n="!IV" />
        <Key v="0" t="Int32" n="V" />
      </Data>
      <Data n="20205555698564e">
        <Key v="20205344030099" t="String" n="$T" />
        <Key v="450,-200" t="Vector2" n="!$P" />
        <Key v="add" t="String" n="Mod" />
        <Key v="1" t="Decimal" n="Val" />
        <Key v="2" t="String" n="!UV" />
        <Key v="Dif" t="String" n="Key" />
      </Data>
      <Data n="20207811031639e">
        <Key v="20205410728894" t="String" n="$T" />
        <Key v="900,-200" t="Vector2" n="!$P" />
        <Key v="dov" t="String" n="!!Att" />
        <Key v="X20205337450350" t="String" n="Att" />
      </Data>
      <Data n="20207811051615e">
        <Key v="20205344030099" t="String" n="$T" />
        <Key v="1150,-200" t="Vector2" n="!$P" />
        <Key v="add" t="String" n="Mod" />
        <Key v="1" t="Decimal" n="Val" />
        <Key v="1" t="Int32" n="!UV" />
        <Key v="2" t="Decimal" n="Var" />
      </Data>
      <Data n="20205555589329e">
        <Key v="20205410728894" t="String" n="$T" />
        <Key v="200,-350" t="Vector2" n="!$P" />
        <Key v="1" t="Int32" n="!IV" />
        <Key v="1" t="Int32" n="V" />
      </Data>
      <Data n="20205555605660e">
        <Key v="20205344030099" t="String" n="$T" />
        <Key v="450,-350" t="Vector2" n="!$P" />
        <Key v="add" t="String" n="Mod" />
        <Key v="0.5" t="Decimal" n="Val" />
      </Data>
      <Data n="20207811048521e">
        <Key v="20205410728894" t="String" n="$T" />
        <Key v="200,-450" t="Vector2" n="!$P" />
        <Key v="1" t="Int32" n="!IV" />
        <Key v="2" t="Int32" n="V" />
      </Data>
      <Data n="20207811049392e">
        <Key v="20205344030099" t="String" n="$T" />
        <Key v="450,-450" t="Vector2" n="!$P" />
        <Key v="add" t="String" n="Mod" />
        <Key v="1" t="Decimal" n="Val" />
        <Key v="0" t="String" n="!UV" />
      </Data>
      <Data n="20205554432007e">
        <Key v="20205410801114" t="String" n="$T" />
        <Key v="700,-550" t="Vector2" n="!$P" />
        <Key v="Po &lt;b&gt;dočtení knihy&lt;/b&gt; získá" t="String" n="%Txt" />
        <Key v="&#xA;&lt;b&gt;&lt;/b&gt;" t="String" n="%Txt2" />
      </Data>
      <Data n="20205554485712e">
        <Key v="20205410801114" t="String" n="$T" />
        <Key v="150,-550" t="Vector2" n="!$P" />
        <Key v="Při &lt;b&gt;čtení knih&lt;/b&gt; má" t="String" n="%Txt" />
        <Key v="." t="String" n="%Txt2" />
      </Data>
      <Data n="20207811025888e">
        <Key v="20205410801114" t="String" n="$T" />
        <Key v="1250,-550" t="Vector2" n="!$P" />
        <Key v="a&lt;b&gt;&lt;/b&gt;" t="String" n="%Txt" />
        <Key v="rovné &lt;b&gt;složitosti&lt;/b&gt; knihy." t="String" n="%Txt2" />
      </Data>
    </Data>
    <Data n="$Conns">
      <Data n="20205554283668c">
        <Key v="20205554281666e" t="String" n="$E" />
      </Data>
      <Data n="20205554284664c">
        <Key v="20205554281666e" t="String" n="$S" />
        <Key v="20205554284001e" t="String" n="$E" />
      </Data>
      <Data n="20207811041990c">
        <Key v="20205554288893e" t="String" n="$S" />
        <Key v="20207811031639e" t="String" n="$E" />
      </Data>
      <Data n="20207811037474c">
        <Key v="20205554284001e" t="String" n="$S" />
        <Key v="20205554288893e" t="String" n="$E" />
      </Data>
      <Data n="20207811042632c">
        <Key v="20205554291896e" t="String" n="$S" />
        <Key v="20205554303301e" t="String" n="$E" />
      </Data>
      <Data n="20205554362798c">
        <Key v="20205554359691e" t="String" n="$E" />
      </Data>
      <Data n="20205554373424c">
        <Key v="20205554359691e" t="String" n="$S" />
        <Key v="20205554373015e" t="String" n="$E" />
      </Data>
      <Data n="20205554375171c">
        <Key v="20205554373015e" t="String" n="$S" />
        <Key v="20205554374867e" t="String" n="$E" />
      </Data>
      <Data n="20205554407737c">
        <Key v="20205554374867e" t="String" n="$S" />
        <Key v="20205554407315e" t="String" n="$E" />
      </Data>
      <Data n="20205554407941c">
        <Key v="20205554407315e" t="String" n="$S" />
        <Key v="20205554400676e" t="String" n="$E" />
      </Data>
      <Data n="20205554494586c">
        <Key v="20205554485712e" t="String" n="$E" />
      </Data>
      <Data n="20205554495316c">
        <Key v="20205554485712e" t="String" n="$S" />
        <Key v="20205554432007e" t="String" n="$E" />
      </Data>
      <Data n="20205555593754c">
        <Key v="20205555589217e" t="String" n="$E" />
      </Data>
      <Data n="20205555594071c">
        <Key v="20205555589329e" t="String" n="$E" />
      </Data>
      <Data n="20206416881715c">
        <Key v="20205555589217e" t="String" n="$S" />
        <Key v="20205555698564e" t="String" n="$E" />
      </Data>
      <Data n="20205555606719c">
        <Key v="20205555589329e" t="String" n="$S" />
        <Key v="20205555605660e" t="String" n="$E" />
      </Data>
      <Data n="20207811026356c">
        <Key v="20205554432007e" t="String" n="$S" />
        <Key v="20207811025888e" t="String" n="$E" />
      </Data>
      <Data n="20207811049776c">
        <Key v="20207811048521e" t="String" n="$S" />
        <Key v="20207811049392e" t="String" n="$E" />
      </Data>
      <Data n="20207811041723c">
        <Key v="20205554288893e" t="String" n="$S" />
        <Key v="20205554291896e" t="String" n="$E" />
      </Data>
      <Data n="20207811052478c">
        <Key v="20207811031639e" t="String" n="$S" />
        <Key v="20207811051615e" t="String" n="$E" />
      </Data>
    </Data>
  </Data>
</DataRoot>