﻿<?xml version="1.0" encoding="utf-8"?>
<DataRoot n="X">
  <Data n="20205339204564">
    <Key v="-448,26" t="Vector2" n="!$MP" />
    <Key v="1,1,1" t="Vector3" n="!$MZ" />
    <Data n="$Elems">
      <Data n="20205535515686e">
        <Key v="20205344030099" t="String" n="$T" />
        <Key v="400,100" t="Vector2" n="!$P" />
        <Key v="add" t="String" n="Mod" />
        <Key v="0.05" t="Decimal" n="Val" />
        <Key v="1" t="Int32" n="!UV" />
        <Key v="0" t="Decimal" n="Var" />
      </Data>
      <Data n="20205535541433e">
        <Key v="20205344030099" t="String" n="$T" />
        <Key v="150,100" t="Vector2" n="!$P" />
        <Key v="add" t="String" n="Mod" />
        <Key v="0.5" t="Decimal" n="Val" />
      </Data>
      <Data n="20205535516244e">
        <Key v="20205410728894" t="String" n="$T" />
        <Key v="150,-100" t="Vector2" n="!$P" />
        <Key v="1" t="Int32" n="!IV" />
        <Key v="0" t="Int32" n="V" />
      </Data>
      <Data n="20205535516432e">
        <Key v="20205344030099" t="String" n="$T" />
        <Key v="400,-100" t="Vector2" n="!$P" />
        <Key v="add" t="String" n="Mod" />
        <Key v="1" t="Decimal" n="Val" />
        <Key v="X20205337370397" t="String" n="Att" />
        <Key v="1" t="Int32" n="!K" />
        <Key v="0" t="String" n="!UV" />
      </Data>
      <Data n="20205535516511e">
        <Key v="20205344030099" t="String" n="$T" />
        <Key v="650,-100" t="Vector2" n="!$P" />
        <Key v="add" t="String" n="Mod" />
        <Key v="-15" t="Decimal" n="Val" />
      </Data>
      <Data n="20205535516824e">
        <Key v="20205484483351" t="String" n="$T" />
        <Key v="900,-100" t="Vector2" n="!$P" />
        <Key v="sa0" t="String" n="X" />
      </Data>
    </Data>
    <Data n="$Conns">
      <Data n="20205535543564c">
        <Key v="20205535541433e" t="String" n="$S" />
        <Key v="20205535515686e" t="String" n="$E" />
      </Data>
      <Data n="20205535528626c">
        <Key v="20205535516244e" t="String" n="$E" />
      </Data>
      <Data n="20205535542626c">
        <Key v="20205535541433e" t="String" n="$E" />
      </Data>
      <Data n="20205535548927c">
        <Key v="20205535516244e" t="String" n="$S" />
        <Key v="20205535516432e" t="String" n="$E" />
      </Data>
      <Data n="20205535550036c">
        <Key v="20205535516432e" t="String" n="$S" />
        <Key v="20205535516511e" t="String" n="$E" />
      </Data>
      <Data n="20205535550420c">
        <Key v="20205535516511e" t="String" n="$S" />
        <Key v="20205535516824e" t="String" n="$E" />
      </Data>
    </Data>
  </Data>
</DataRoot>