﻿<?xml version="1.0" encoding="utf-8"?>
<DataRoot n="X">
  <Data n="20205502317058">
    <Key v="-640,-24" t="Vector2" n="!$MP" />
    <Key v="1.1,1.1,1.1" t="Vector3" n="!$MZ" />
    <Data n="$Elems">
      <Data n="20205502345161e">
        <Key v="20205410728894" t="String" n="$T" />
        <Key v="500,300" t="Vector2" n="!$P" />
        <Key v="sí" t="String" n="!!Att" />
        <Key v="X20205337269344" t="String" n="Att" />
        <Key v="1" t="Int32" n="BO" />
      </Data>
      <Data n="20205502347080e">
        <Key v="20205344030099" t="String" n="$T" />
        <Key v="750,300" t="Vector2" n="!$P" />
        <Key v="add" t="String" n="Mod" />
        <Key v="1" t="Int32" n="!UV" />
        <Key v="0" t="Decimal" n="Var" />
        <Key v="1" t="Decimal" n="Val" />
      </Data>
      <Data n="20205502343622e">
        <Key v="20205410728894" t="String" n="$T" />
        <Key v="500,200" t="Vector2" n="!$P" />
        <Key v="obr" t="String" n="!!Att" />
        <Key v="X20205337370397" t="String" n="Att" />
        <Key v="1" t="Int32" n="BO" />
      </Data>
      <Data n="20205515760965e">
        <Key v="20205344030099" t="String" n="$T" />
        <Key v="750,200" t="Vector2" n="!$P" />
        <Key v="add" t="String" n="Mod" />
        <Key v="1" t="Int32" n="!UV" />
        <Key v="0" t="Decimal" n="Var" />
        <Key v="1" t="Decimal" n="Val" />
      </Data>
      <Data n="20205502344565e">
        <Key v="20205410728894" t="String" n="$T" />
        <Key v="500,100" t="Vector2" n="!$P" />
        <Key v="odo" t="String" n="!!Att" />
        <Key v="X20205337374305" t="String" n="Att" />
        <Key v="1" t="Int32" n="BO" />
      </Data>
      <Data n="20205515761265e">
        <Key v="20205344030099" t="String" n="$T" />
        <Key v="750,100" t="Vector2" n="!$P" />
        <Key v="add" t="String" n="Mod" />
        <Key v="1" t="Int32" n="!UV" />
        <Key v="0" t="Decimal" n="Var" />
        <Key v="1" t="Decimal" n="Val" />
      </Data>
      <Data n="20205515741165e">
        <Key v="20205410728894" t="String" n="$T" />
        <Key v="200,50" t="Vector2" n="!$P" />
        <Key v="1" t="Int32" n="!IC" />
        <Key v="Tm" t="String" n="Typ" />
      </Data>
      <Data n="20205515761645e">
        <Key v="20205344030099" t="String" n="$T" />
        <Key v="750,0" t="Vector2" n="!$P" />
        <Key v="add" t="String" n="Mod" />
        <Key v="1" t="Int32" n="!UV" />
        <Key v="0" t="Decimal" n="Var" />
        <Key v="1" t="Decimal" n="Val" />
      </Data>
      <Data n="20205502344878e">
        <Key v="20205410728894" t="String" n="$T" />
        <Key v="500,0" t="Vector2" n="!$P" />
        <Key v="int" t="String" n="!!Att" />
        <Key v="X20205337377236" t="String" n="Att" />
        <Key v="1" t="Int32" n="BO" />
      </Data>
      <Data n="20205515761949e">
        <Key v="20205344030099" t="String" n="$T" />
        <Key v="750,-100" t="Vector2" n="!$P" />
        <Key v="add" t="String" n="Mod" />
        <Key v="1" t="Int32" n="!UV" />
        <Key v="0" t="Decimal" n="Var" />
        <Key v="1" t="Decimal" n="Val" />
      </Data>
      <Data n="20205502345495e">
        <Key v="20205410728894" t="String" n="$T" />
        <Key v="500,-100" t="Vector2" n="!$P" />
        <Key v="oso" t="String" n="!!Att" />
        <Key v="X20205337380698" t="String" n="Att" />
        <Key v="1" t="Int32" n="BO" />
      </Data>
      <Data n="20205515051436e">
        <Key v="20205410728894" t="String" n="$T" />
        <Key v="200,-300" t="Vector2" n="!$P" />
        <Key v="1" t="Int32" n="!IV" />
        <Key v="0" t="Int32" n="V" />
      </Data>
      <Data n="20205515056632e">
        <Key v="20205344030099" t="String" n="$T" />
        <Key v="450,-300" t="Vector2" n="!$P" />
        <Key v="add" t="String" n="Mod" />
        <Key v="3" t="Decimal" n="Val" />
      </Data>
    </Data>
    <Data n="$Conns">
      <Data n="20205515742387c">
        <Key v="20205515741165e" t="String" n="$E" />
      </Data>
      <Data n="20205515743333c">
        <Key v="20205515741165e" t="String" n="$S" />
        <Key v="20205502345161e" t="String" n="$E" />
      </Data>
      <Data n="20205515743571c">
        <Key v="20205515741165e" t="String" n="$S" />
        <Key v="20205502343622e" t="String" n="$E" />
      </Data>
      <Data n="20205515743771c">
        <Key v="20205515741165e" t="String" n="$S" />
        <Key v="20205502344565e" t="String" n="$E" />
      </Data>
      <Data n="20205515743921c">
        <Key v="20205515741165e" t="String" n="$S" />
        <Key v="20205502344878e" t="String" n="$E" />
      </Data>
      <Data n="20205502348898c">
        <Key v="20205502345161e" t="String" n="$S" />
        <Key v="20205502347080e" t="String" n="$E" />
      </Data>
      <Data n="20205515762825c">
        <Key v="20205502343622e" t="String" n="$S" />
        <Key v="20205515760965e" t="String" n="$E" />
      </Data>
      <Data n="20205515762654c">
        <Key v="20205502344565e" t="String" n="$S" />
        <Key v="20205515761265e" t="String" n="$E" />
      </Data>
      <Data n="20205515762479c">
        <Key v="20205502344878e" t="String" n="$S" />
        <Key v="20205515761645e" t="String" n="$E" />
      </Data>
      <Data n="20205515762316c">
        <Key v="20205502345495e" t="String" n="$S" />
        <Key v="20205515761949e" t="String" n="$E" />
      </Data>
      <Data n="20205515053759c">
        <Key v="20205515051436e" t="String" n="$E" />
      </Data>
      <Data n="20205515057233c">
        <Key v="20205515051436e" t="String" n="$S" />
        <Key v="20205515056632e" t="String" n="$E" />
      </Data>
      <Data n="20205515744097c">
        <Key v="20205515741165e" t="String" n="$S" />
        <Key v="20205502345495e" t="String" n="$E" />
      </Data>
    </Data>
  </Data>
</DataRoot>