﻿<?xml version="1.0" encoding="utf-8"?>
<DataRoot n="">
  <Data n="_ROOTS">
    <Key v="20206514582392" t="String" n="!$LC" />
    <Data n="$Elems">
      <Data n="E20157576778873">
        <Key v="20206514582392" t="String" n="!$LC" />
        <Key v="Belif_q_cas" t="String" n="EN" />
        <Key v="Manto" t="String" n="L" />
        <Key v="0" t="Int32" n="OldID" />
      </Data>
      <Data n="E20157597530139">
        <Key v="20206514582392" t="String" n="!$LC" />
        <Key v="Zeis_prepadeni" t="String" n="EN" />
        <Key v="Mapa" t="String" n="L" />
        <Key v="1" t="Int32" n="OldID" />
      </Data>
      <Data n="E20158518155481">
        <Key v="20206514582392" t="String" n="!$LC" />
        <Key v="Navýšení bezpečnosti domu 1.0" t="String" n="EN" />
        <Key v="Manto" t="String" n="L" />
        <Key v="Manto_udalosti_start" t="String" n="EG" />
        <Key v="2" t="Int32" n="OldID" />
      </Data>
      <Data n="E20158518212535">
        <Key v="20206514582392" t="String" n="!$LC" />
        <Key v="Navýšení bezpečnosti domu 2" t="String" n="EN" />
        <Key v="Manto" t="String" n="L" />
        <Key v="Manto_udalosti_start" t="String" n="EG" />
        <Key v="3" t="Int32" n="OldID" />
      </Data>
      <Data n="E20158654672390">
        <Key v="20206514582392" t="String" n="!$LC" />
        <Key v="Navýšení bezpečnosti domu 1.1" t="String" n="EN" />
        <Key v="Manto" t="String" n="L" />
        <Key v="Manto_udalosti_start" t="String" n="EG" />
        <Key v="4" t="Int32" n="OldID" />
      </Data>
      <Data n="E20158654758955">
        <Key v="20206514582392" t="String" n="!$LC" />
        <Key v="Inomos jde do hospody" t="String" n="EN" />
        <Key v="Manto" t="String" n="L" />
        <Key v="Manto_udalosti_start" t="String" n="EG" />
        <Key v="5" t="Int32" n="OldID" />
      </Data>
      <Data n="E20161602645998">
        <Key v="20206514582392" t="String" n="!$LC" />
        <Key v="Belif_q_start_ztraceni_dobytku" t="String" n="EN" />
        <Key v="Manto" t="String" n="L" />
        <Key v="Manto_udalosti_start" t="String" n="EG" />
        <Key v="6" t="Int32" n="OldID" />
      </Data>
      <Data n="E20161630307873">
        <Key v="20206514582392" t="String" n="!$LC" />
        <Key v="Iaia_vyroba_jedu" t="String" n="EN" />
        <Key v="Manto" t="String" n="L" />
        <Key v="Niominina alchymistická laboratoř" t="String" n="!P" />
        <Key v="7" t="Int32" n="OldID" />
      </Data>
      <Data n="E20162628776990">
        <Key v="20206514582392" t="String" n="!$LC" />
        <Key v="Ne před Niome" t="String" n="EN" />
        <Key v="Manto" t="String" n="L" />
        <Key v="Niominina alchymistická laboratoř" t="String" n="!P" />
        <Key v="8" t="Int32" n="OldID" />
      </Data>
      <Data n="E20162967414766">
        <Key v="20206514582392" t="String" n="!$LC" />
        <Key v="Onot_q_cas" t="String" n="EN" />
        <Key v="Manto" t="String" n="L" />
        <Key v="Hospoda &quot;U mostu&quot;" t="String" n="!P" />
        <Key v="9" t="Int32" n="OldID" />
      </Data>
      <Data n="E20168991524260">
        <Key v="20206514582392" t="String" n="!$LC" />
        <Key v="1" t="Int32" n="A" />
        <Key v="Aktivni_predmet_Podpalubi_A_T_01" t="String" n="EN" />
        <Key v="Podpalubí" t="String" n="L" />
        <Key v="10" t="Int32" n="OldID" />
      </Data>
      <Data n="E20177241092225">
        <Key v="20206514582392" t="String" n="!$LC" />
        <Key v="Derwin_interakce" t="String" n="EN" />
        <Key v="Condra" t="String" n="L" />
        <Key v="Skupiny - Hardon" t="String" n="!P" />
        <Key v="Condra_hlidane_oblasti" t="String" n="EG" />
        <Key v="11" t="Int32" n="OldID" />
      </Data>
      <Data n="E20177575835915">
        <Key v="20206514582392" t="String" n="!$LC" />
        <Key v="Bazina_02_spawn" t="String" n="EN" />
        <Key v="Condra" t="String" n="L" />
        <Key v="Spawn" t="String" n="!P" />
        <Key v="Condra_rostliny_spawn" t="String" n="EG" />
        <Key v="12" t="Int32" n="OldID" />
      </Data>
      <Data n="E20177576568075">
        <Key v="20206514582392" t="String" n="!$LC" />
        <Key v="Bazina_03_spawn" t="String" n="EN" />
        <Key v="Condra" t="String" n="L" />
        <Key v="Spawn" t="String" n="!P" />
        <Key v="Condra_rostliny_spawn" t="String" n="EG" />
        <Key v="13" t="Int32" n="OldID" />
      </Data>
      <Data n="E20177241617587">
        <Key v="20206514582392" t="String" n="!$LC" />
        <Key v="Crabby&amp;Shar_interakce" t="String" n="EN" />
        <Key v="Condra" t="String" n="L" />
        <Key v="Skupiny - Hardon" t="String" n="!P" />
        <Key v="Condra_hlidane_oblasti" t="String" n="EG" />
        <Key v="14" t="Int32" n="OldID" />
      </Data>
      <Data n="E20177241766087">
        <Key v="20206514582392" t="String" n="!$LC" />
        <Key v="Treason_interakce" t="String" n="EN" />
        <Key v="Condra" t="String" n="L" />
        <Key v="Skupiny - Hardon" t="String" n="!P" />
        <Key v="Condra_hlidane_oblasti" t="String" n="EG" />
        <Key v="15" t="Int32" n="OldID" />
      </Data>
      <Data n="E20177241809853">
        <Key v="20206514582392" t="String" n="!$LC" />
        <Key v="Cross_interakce" t="String" n="EN" />
        <Key v="Condra" t="String" n="L" />
        <Key v="Skupiny - Spravedlivý muž" t="String" n="!P" />
        <Key v="Condra_hlidane_oblasti" t="String" n="EG" />
        <Key v="16" t="Int32" n="OldID" />
      </Data>
      <Data n="E20177415344575">
        <Key v="20206514582392" t="String" n="!$LC" />
        <Key v="Pole_swapn" t="String" n="EN" />
        <Key v="Condra" t="String" n="L" />
        <Key v="Spawn" t="String" n="!P" />
        <Key v="Condra_rostliny_spawn" t="String" n="EG" />
        <Key v="17" t="Int32" n="OldID" />
      </Data>
      <Data n="E20177434337421">
        <Key v="20206514582392" t="String" n="!$LC" />
        <Key v="1" t="Int32" n="A" />
        <Key v="Spawnuti_rostlin_CONDRA" t="String" n="EN" />
        <Key v="Condra" t="String" n="L" />
        <Key v="Spawn" t="String" n="!P" />
        <Key v="18" t="Int32" n="OldID" />
      </Data>
      <Data n="E20177575831078">
        <Key v="20206514582392" t="String" n="!$LC" />
        <Key v="Bazina_02_spawn" t="String" n="EN" />
        <Key v="Condra" t="String" n="L" />
        <Key v="Spawn" t="String" n="!P" />
        <Key v="Condra_rostliny_spawn" t="String" n="EG" />
        <Key v="19" t="Int32" n="OldID" />
      </Data>
      <Data n="E20177743022894">
        <Key v="20206514582392" t="String" n="!$LC" />
        <Key v="alchymistova_zahradka_swapn" t="String" n="EN" />
        <Key v="Condra" t="String" n="L" />
        <Key v="Spawn" t="String" n="!P" />
        <Key v="Condra_rostliny_spawn" t="String" n="EG" />
        <Key v="20" t="Int32" n="OldID" />
      </Data>
      <Data n="E20178540141717">
        <Key v="20206514582392" t="String" n="!$LC" />
        <Key v="Condra_kovarna_pristup_24" t="String" n="EN" />
        <Key v="Condra" t="String" n="L" />
        <Key v="C7 - Kovárna" t="String" n="!P" />
        <Key v="21" t="Int32" n="OldID" />
      </Data>
      <Data n="E20178580675193">
        <Key v="20206514582392" t="String" n="!$LC" />
        <Key v="Condra_neco_za_neco_odmena" t="String" n="EN" />
        <Key v="Condra" t="String" n="L" />
        <Key v="C7 - Kovárna" t="String" n="!P" />
        <Key v="22" t="Int32" n="OldID" />
      </Data>
      <Data n="E20178581156764">
        <Key v="20206514582392" t="String" n="!$LC" />
        <Key v="Condra_neco_za_neco_ruda_20" t="String" n="EN" />
        <Key v="Condra" t="String" n="L" />
        <Key v="C7 - Kovárna" t="String" n="!P" />
        <Key v="23" t="Int32" n="OldID" />
      </Data>
      <Data n="E20178581179396">
        <Key v="20206514582392" t="String" n="!$LC" />
        <Key v="Condra_neco_za_neco_ruda_30" t="String" n="EN" />
        <Key v="Condra" t="String" n="L" />
        <Key v="C7 - Kovárna" t="String" n="!P" />
        <Key v="24" t="Int32" n="OldID" />
      </Data>
      <Data n="E20181044303816">
        <Key v="20206514582392" t="String" n="!$LC" />
        <Key v="Piratska_pracka_odpocet" t="String" n="EN" />
        <Key v="Condra" t="String" n="L" />
        <Key v="C10 - Loď - Zabijákův Dublon" t="String" n="!P" />
        <Key v="25" t="Int32" n="OldID" />
      </Data>
      <Data n="E20182774041899">
        <Key v="20206514582392" t="String" n="!$LC" />
        <Key v="Treason_interakce_vstup_povolen" t="String" n="EN" />
        <Key v="Condra" t="String" n="L" />
        <Key v="Skupiny - Hardon" t="String" n="!P" />
        <Key v="26" t="Int32" n="OldID" />
      </Data>
      <Data n="E20182798448152">
        <Key v="20206514582392" t="String" n="!$LC" />
        <Key v="Cross_vstup_povolen" t="String" n="EN" />
        <Key v="Condra" t="String" n="L" />
        <Key v="Skupiny - Spravedlivý muž" t="String" n="!P" />
        <Key v="27" t="Int32" n="OldID" />
      </Data>
      <Data n="E20186379188613">
        <Key v="20206514582392" t="String" n="!$LC" />
        <Key v="Howler_hlidka_preruseni" t="String" n="EN" />
        <Key v="Condra" t="String" n="L" />
        <Key v="Skupiny - Spravedlivý muž" t="String" n="!P" />
        <Key v="28" t="Int32" n="OldID" />
      </Data>
      <Data n="E20182820169038">
        <Key v="20206514582392" t="String" n="!$LC" />
        <Key v="Crabby&amp;Shar_vstup_povolen" t="String" n="EN" />
        <Key v="Condra" t="String" n="L" />
        <Key v="Skupiny - Hardon" t="String" n="!P" />
        <Key v="29" t="Int32" n="OldID" />
      </Data>
      <Data n="E20186492400507">
        <Key v="20206514582392" t="String" n="!$LC" />
        <Key v="Condra_pruchod_na_farmu" t="String" n="EN" />
        <Key v="Condra" t="String" n="L" />
        <Key v="Skupiny - Lishak" t="String" n="!P" />
        <Key v="Condra_hlidane_oblasti" t="String" n="EG" />
        <Key v="30" t="Int32" n="OldID" />
      </Data>
      <Data n="E20182826229453">
        <Key v="20206514582392" t="String" n="!$LC" />
        <Key v="1" t="Int32" n="A" />
        <Key v="Spawnuti_rostlin_Jeskyne_stinu" t="String" n="EN" />
        <Key v="Mantský lesík" t="String" n="L" />
        <Key v="Jeskyně stínů" t="String" n="!P" />
        <Key v="31" t="Int32" n="OldID" />
      </Data>
      <Data n="E20182826229845">
        <Key v="20206514582392" t="String" n="!$LC" />
        <Key v="Jeskyne_stinu_rostliny_spawn" t="String" n="EN" />
        <Key v="Mantský lesík" t="String" n="L" />
        <Key v="Jeskyně stínů" t="String" n="!P" />
        <Key v="32" t="Int32" n="OldID" />
      </Data>
      <Data n="E20186019223538">
        <Key v="20206514582392" t="String" n="!$LC" />
        <Key v="Ghostly_interakce" t="String" n="EN" />
        <Key v="Condra" t="String" n="L" />
        <Key v="Skupiny - Spravedlivý muž" t="String" n="!P" />
        <Key v="Condra_hlidane_oblasti" t="String" n="EG" />
        <Key v="33" t="Int32" n="OldID" />
      </Data>
      <Data n="E20186378367362">
        <Key v="20206514582392" t="String" n="!$LC" />
        <Key v="Howler_hlidka" t="String" n="EN" />
        <Key v="Condra" t="String" n="L" />
        <Key v="Skupiny - Spravedlivý muž" t="String" n="!P" />
        <Key v="Condra_hlidane_oblasti" t="String" n="EG" />
        <Key v="34" t="Int32" n="OldID" />
      </Data>
      <Data n="E20186492804762">
        <Key v="20206514582392" t="String" n="!$LC" />
        <Key v="Condra_bedny_farma" t="String" n="EN" />
        <Key v="Condra" t="String" n="L" />
        <Key v="Skupiny - Lishak" t="String" n="!P" />
        <Key v="Condra_hlidane_oblasti" t="String" n="EG" />
        <Key v="35" t="Int32" n="OldID" />
      </Data>
      <Data n="E20186492805350">
        <Key v="20206514582392" t="String" n="!$LC" />
        <Key v="Condra_skladiste_farma" t="String" n="EN" />
        <Key v="Condra" t="String" n="L" />
        <Key v="Skupiny - Lishak" t="String" n="!P" />
        <Key v="Condra_hlidane_oblasti" t="String" n="EG" />
        <Key v="36" t="Int32" n="OldID" />
      </Data>
      <Data n="E20186515527324">
        <Key v="20206514582392" t="String" n="!$LC" />
        <Key v="Merry_hlidka" t="String" n="EN" />
        <Key v="Condra" t="String" n="L" />
        <Key v="Skupiny - Spravedlivý muž" t="String" n="!P" />
        <Key v="Condra_hlidane_oblasti" t="String" n="EG" />
        <Key v="37" t="Int32" n="OldID" />
      </Data>
      <Data n="E20186515799885">
        <Key v="20206514582392" t="String" n="!$LC" />
        <Key v="Condra_The_Wall_hlidka" t="String" n="EN" />
        <Key v="Condra" t="String" n="L" />
        <Key v="Skupiny - Lishak" t="String" n="!P" />
        <Key v="Condra_hlidane_oblasti" t="String" n="EG" />
        <Key v="38" t="Int32" n="OldID" />
      </Data>
      <Data n="E20186516237240">
        <Key v="20206514582392" t="String" n="!$LC" />
        <Key v="Condra_Bashed_hlidka" t="String" n="EN" />
        <Key v="Condra" t="String" n="L" />
        <Key v="Skupiny - Lishak" t="String" n="!P" />
        <Key v="Condra_hlidane_oblasti" t="String" n="EG" />
        <Key v="39" t="Int32" n="OldID" />
      </Data>
      <Data n="E20186517287254">
        <Key v="20206514582392" t="String" n="!$LC" />
        <Key v="Condra_Seafarer_hlidka" t="String" n="EN" />
        <Key v="Condra" t="String" n="L" />
        <Key v="Skupiny - Lishak" t="String" n="!P" />
        <Key v="Condra_hlidane_oblasti" t="String" n="EG" />
        <Key v="40" t="Int32" n="OldID" />
      </Data>
      <Data n="E20187308237165">
        <Key v="20206514582392" t="String" n="!$LC" />
        <Key v="MJ_hlidani_sarkofag_neznameho_vladce" t="String" n="EN" />
        <Key v="Condra" t="String" n="L" />
        <Key v="Medvědí jeskyně" t="String" n="!P" />
        <Key v="Medvedi_jeskyne_events" t="String" n="EG" />
        <Key v="41" t="Int32" n="OldID" />
      </Data>
      <Data n="E20187308783023">
        <Key v="20206514582392" t="String" n="!$LC" />
        <Key v="1" t="Int32" n="A" />
        <Key v="Medvedi_jeskyne_aktivace_lokace" t="String" n="EN" />
        <Key v="Condra" t="String" n="L" />
        <Key v="Medvědí jeskyně" t="String" n="!P" />
        <Key v="42" t="Int32" n="OldID" />
      </Data>
      <Data n="E20187357051633">
        <Key v="20206514582392" t="String" n="!$LC" />
        <Key v="1" t="Int32" n="A" />
        <Key v="Manto_aktivace_start" t="String" n="EN" />
        <Key v="Manto" t="String" n="L" />
        <Key v="43" t="Int32" n="OldID" />
      </Data>
      <Data n="E20187357136036">
        <Key v="20206514582392" t="String" n="!$LC" />
        <Key v="1" t="Int32" n="A" />
        <Key v="Condra_aktivace_start" t="String" n="EN" />
        <Key v="Condra" t="String" n="L" />
        <Key v="44" t="Int32" n="OldID" />
      </Data>
      <Data n="E20187380551667">
        <Key v="20206514582392" t="String" n="!$LC" />
        <Key v="Spawn_rostliny_MJ" t="String" n="EN" />
        <Key v="Condra" t="String" n="L" />
        <Key v="Medvědí jeskyně" t="String" n="!P" />
        <Key v="Medvedi_jeskyne_events" t="String" n="EG" />
        <Key v="45" t="Int32" n="OldID" />
      </Data>
      <Data n="E20187403844171">
        <Key v="20206514582392" t="String" n="!$LC" />
        <Key v="Condra_MJ_strazeni_bedny_01" t="String" n="EN" />
        <Key v="Condra" t="String" n="L" />
        <Key v="Medvědí jeskyně" t="String" n="!P" />
        <Key v="Medvedi_jeskyne_events" t="String" n="EG" />
        <Key v="46" t="Int32" n="OldID" />
      </Data>
      <Data n="E20187861182174">
        <Key v="20206514582392" t="String" n="!$LC" />
        <Key v="Spawn_jednotlive_rostliny_MJ_01" t="String" n="EN" />
        <Key v="Condra" t="String" n="L" />
        <Key v="Medvědí jeskyně" t="String" n="!P" />
        <Key v="Medvedi_jeskyne_events" t="String" n="EG" />
        <Key v="47" t="Int32" n="OldID" />
      </Data>
      <Data n="E20187861249701">
        <Key v="20206514582392" t="String" n="!$LC" />
        <Key v="Spawn_jednotlive_rostliny_MJ_02" t="String" n="EN" />
        <Key v="Condra" t="String" n="L" />
        <Key v="Medvědí jeskyně" t="String" n="!P" />
        <Key v="Medvedi_jeskyne_events" t="String" n="EG" />
        <Key v="48" t="Int32" n="OldID" />
      </Data>
      <Data n="E20187908481309">
        <Key v="20206514582392" t="String" n="!$LC" />
        <Key v="1" t="Int32" n="A" />
        <Key v="OGP_Tajny_tunel_start" t="String" n="EN" />
        <Key v="Okolí gobliní pevnosti" t="String" n="L" />
        <Key v="Tajný tunel" t="String" n="!P" />
        <Key v="49" t="Int32" n="OldID" />
      </Data>
      <Data n="E20187908482268">
        <Key v="20206514582392" t="String" n="!$LC" />
        <Key v="OGP_spawn_rostlin" t="String" n="EN" />
        <Key v="Okolí gobliní pevnosti" t="String" n="L" />
        <Key v="Tajný tunel" t="String" n="!P" />
        <Key v="OGP_tajny_tunel_udalosti" t="String" n="EG" />
        <Key v="50" t="Int32" n="OldID" />
      </Data>
      <Data n="E20187956065755">
        <Key v="20206514582392" t="String" n="!$LC" />
        <Key v="C_přesun_k_Lishakovi_aktivace_The_Wall" t="String" n="EN" />
        <Key v="Condra" t="String" n="L" />
        <Key v="Skupiny - Lishak" t="String" n="!P" />
        <Key v="51" t="Int32" n="OldID" />
      </Data>
      <Data n="E20187956163629">
        <Key v="20206514582392" t="String" n="!$LC" />
        <Key v="C_přesun_k_Lishakovi_deaktivace_The_Wall" t="String" n="EN" />
        <Key v="Condra" t="String" n="L" />
        <Key v="Skupiny - Lishak" t="String" n="!P" />
        <Key v="52" t="Int32" n="OldID" />
      </Data>
      <Data n="E20188222444180">
        <Key v="20206514582392" t="String" n="!$LC" />
        <Key v="C_přesun_k_Hardonovi_aktivace_Hook" t="String" n="EN" />
        <Key v="Condra" t="String" n="L" />
        <Key v="Skupiny - Hardon" t="String" n="!P" />
        <Key v="53" t="Int32" n="OldID" />
      </Data>
      <Data n="E20188222467583">
        <Key v="20206514582392" t="String" n="!$LC" />
        <Key v="C_přesun_k_Hardonovi_deaktivace_Hook" t="String" n="EN" />
        <Key v="Condra" t="String" n="L" />
        <Key v="Skupiny - Hardon" t="String" n="!P" />
        <Key v="54" t="Int32" n="OldID" />
      </Data>
      <Data n="E20188487256746">
        <Key v="20206514582392" t="String" n="!$LC" />
        <Key v="Spawn_horniny_MJ" t="String" n="EN" />
        <Key v="Condra" t="String" n="L" />
        <Key v="Medvědí jeskyně" t="String" n="!P" />
        <Key v="Medvedi_jeskyne_events" t="String" n="EG" />
        <Key v="55" t="Int32" n="OldID" />
      </Data>
      <Data n="E20193640341112">
        <Key v="20206514582392" t="String" n="!$LC" />
        <Key v="1" t="Int32" n="A" />
        <Key v="Spawnuti_rostlin_Manto" t="String" n="EN" />
        <Key v="Manto" t="String" n="L" />
        <Key v="Spawn" t="String" n="!P" />
        <Key v="56" t="Int32" n="OldID" />
      </Data>
      <Data n="E20193640386534">
        <Key v="20206514582392" t="String" n="!$LC" />
        <Key v="Manto_rostliny" t="String" n="EN" />
        <Key v="Manto" t="String" n="L" />
        <Key v="Spawn" t="String" n="!P" />
        <Key v="Manto_rostliny_spawn" t="String" n="EG" />
        <Key v="57" t="Int32" n="OldID" />
      </Data>
    </Data>
  </Data>
</DataRoot>