﻿<?xml version="1.0" encoding="utf-8"?>
<DataRoot n="E">
  <Data n="20193640341112">
    <Data n="$Elems">
      <Data n="20206514582405e">
        <Key v="300,100" t="Vector2" n="!$P" />
        <Key v="20206353320369" t="String" n="$T" />
        <Key v="CkP" t="String" n="GT" />
        <Key v="Manto_Start" t="String" n="Z" />
      </Data>
      <Data n="20206514582406e">
        <Key v="300,-100" t="Vector2" n="!$P" />
        <Key v="20206353096456" t="String" n="$T" />
        <Key v="CkE" t="String" n="GT" />
        <Key v="SaSG" t="String" n="T" />
        <Key v="Manto_rostliny_spawn" t="String" n="Grp" />
      </Data>
      <Data n="20206514582407e">
        <Key v="650,-100" t="Vector2" n="!$P" />
        <Key v="20206353096456" t="String" n="$T" />
        <Key v="CkE" t="String" n="GT" />
        <Key v="SaD" t="String" n="T" />
        <Key v="E20193640341112" t="String" n="Ev" />
      </Data>
    </Data>
    <Data n="$Conns">
      <Data n="20206514582405c">
        <Key v="20206514582405e" t="String" n="$E" />
      </Data>
      <Data n="20206514582406c">
        <Key v="20206514582406e" t="String" n="$E" />
      </Data>
      <Data n="20206514582407c">
        <Key v="20206514582407e" t="String" n="$E" />
        <Key v="20206514582406e" t="String" n="$S" />
      </Data>
    </Data>
  </Data>
</DataRoot>