﻿<?xml version="1.0" encoding="utf-8"?>
<DataRoot n="E">
  <Data n="20177434337421">
    <Data n="$Elems">
      <Data n="20206514582400e">
        <Key v="300,100" t="Vector2" n="!$P" />
        <Key v="20206353320369" t="String" n="$T" />
        <Key v="CkP" t="String" n="GT" />
        <Key v="Condra_exit_lod" t="String" n="Z" />
      </Data>
      <Data n="20206514582401e">
        <Key v="300,-100" t="Vector2" n="!$P" />
        <Key v="20206353096456" t="String" n="$T" />
        <Key v="CkE" t="String" n="GT" />
        <Key v="SaSG" t="String" n="T" />
        <Key v="Condra_rostliny_spawn" t="String" n="Grp" />
      </Data>
      <Data n="20206514582402e">
        <Key v="650,-100" t="Vector2" n="!$P" />
        <Key v="20206353096456" t="String" n="$T" />
        <Key v="CkE" t="String" n="GT" />
        <Key v="SaD" t="String" n="T" />
        <Key v="E20177434337421" t="String" n="Ev" />
      </Data>
    </Data>
    <Data n="$Conns">
      <Data n="20206514582400c">
        <Key v="20206514582400e" t="String" n="$E" />
      </Data>
      <Data n="20206514582401c">
        <Key v="20206514582401e" t="String" n="$E" />
      </Data>
      <Data n="20206514582402c">
        <Key v="20206514582402e" t="String" n="$E" />
        <Key v="20206514582401e" t="String" n="$S" />
      </Data>
    </Data>
  </Data>
</DataRoot>