﻿<?xml version="1.0" encoding="utf-8"?>
<DataRoot n="E">
  <Data n="20181044303816">
    <Data n="$Elems">
      <Data n="20206514582401e">
        <Key v="300,100" t="Vector2" n="!$P" />
        <Key v="20206353320369" t="String" n="$T" />
        <Key v="CkT" t="String" n="GT" />
        <Key v="StA" t="String" n="T" />
        <Key v="24" t="String" n="Ho" />
      </Data>
      <Data n="20206514582402e">
        <Key v="300,-100" t="Vector2" n="!$P" />
        <Key v="_EFunc" t="String" n="$T" />
        <Key v="G0" t="String" n="GT" />
        <Key v="Piratska_pracka_dusledky" t="String" n="Var" />
      </Data>
    </Data>
    <Data n="$Conns">
      <Data n="20206514582401c">
        <Key v="20206514582401e" t="String" n="$E" />
      </Data>
      <Data n="20206514582402c">
        <Key v="20206514582402e" t="String" n="$E" />
      </Data>
    </Data>
  </Data>
</DataRoot>