﻿<?xml version="1.0" encoding="utf-8"?>
<DataRoot n="E">
  <Data n="20177241617587">
    <Data n="$Elems">
      <Data n="20206514582400e">
        <Key v="300,100" t="Vector2" n="!$P" />
        <Key v="20206353320369" t="String" n="$T" />
        <Key v="CkP" t="String" n="GT" />
        <Key v="Crabby&amp;Shar_Bait_interaction" t="String" n="Z" />
      </Data>
      <Data n="20206514582401e">
        <Key v="300,-100" t="Vector2" n="!$P" />
        <Key v="20206353096456" t="String" n="$T" />
        <Key v="CkD" t="String" n="GT" />
        <Key v="D20177011283460" t="String" n="Dlg" />
      </Data>
    </Data>
    <Data n="$Conns">
      <Data n="20206514582400c">
        <Key v="20206514582400e" t="String" n="$E" />
      </Data>
      <Data n="20206514582401c">
        <Key v="20206514582401e" t="String" n="$E" />
      </Data>
    </Data>
  </Data>
</DataRoot>