﻿<?xml version="1.0" encoding="utf-8"?>
<DataRoot n="">
  <Data n="!MAP">
    <Data n="_ROOTS">
      <Key v="-461,386" t="Vector2" n="!$MP" />
      <Key v="0.6,0.6,0.6" t="Vector3" n="!$MZ" />
    </Data>
    <Data n="C20187931772169">
      <Key v="-354,167" t="Vector2" n="!$MP" />
      <Key v="0.8,0.8,0.8" t="Vector3" n="!$MZ" />
    </Data>
    <Data n="C20187379701042">
      <Key v="-401,-29" t="Vector2" n="!$MP" />
      <Key v="1,1,1" t="Vector3" n="!$MZ" />
    </Data>
    <Data n="C20173156771365">
      <Key v="-363,117" t="Vector2" n="!$MP" />
      <Key v="0.8,0.8,0.8" t="Vector3" n="!$MZ" />
    </Data>
    <Data n="C20173325079032">
      <Key v="-280,89" t="Vector2" n="!$MP" />
      <Key v="1,1,1" t="Vector3" n="!$MZ" />
    </Data>
    <Data n="C20173158063617">
      <Key v="-87,111" t="Vector2" n="!$MP" />
      <Key v="1,1,1" t="Vector3" n="!$MZ" />
    </Data>
    <Data n="C20172874345336">
      <Key v="-410,162" t="Vector2" n="!$MP" />
      <Key v="0.8,0.8,0.8" t="Vector3" n="!$MZ" />
    </Data>
    <Data n="C20173326022890">
      <Key v="-389,98" t="Vector2" n="!$MP" />
      <Key v="1,1,1" t="Vector3" n="!$MZ" />
    </Data>
    <Data n="C20173325543621">
      <Key v="-312,204" t="Vector2" n="!$MP" />
      <Key v="1,1,1" t="Vector3" n="!$MZ" />
    </Data>
    <Data n="C20173326061342">
      <Key v="-368,39" t="Vector2" n="!$MP" />
      <Key v="1,1,1" t="Vector3" n="!$MZ" />
    </Data>
    <Data n="C20173157060900">
      <Key v="-358,9" t="Vector2" n="!$MP" />
      <Key v="0.9,0.9,0.9" t="Vector3" n="!$MZ" />
    </Data>
    <Data n="C20172629397102">
      <Key v="-484,5" t="Vector2" n="!$MP" />
      <Key v="1,1,1" t="Vector3" n="!$MZ" />
    </Data>
    <Data n="C20173157006069">
      <Key v="-197,51" t="Vector2" n="!$MP" />
      <Key v="1,1,1" t="Vector3" n="!$MZ" />
    </Data>
    <Data n="C20172651582431">
      <Key v="-111,39" t="Vector2" n="!$MP" />
      <Key v="0.5,0.5,0.5" t="Vector3" n="!$MZ" />
    </Data>
    <Data n="C20173158156499">
      <Key v="-482,351" t="Vector2" n="!$MP" />
      <Key v="0.6,0.6,0.6" t="Vector3" n="!$MZ" />
    </Data>
    <Data n="C20173157536554">
      <Key v="-238,609" t="Vector2" n="!$MP" />
      <Key v="0.8,0.8,0.8" t="Vector3" n="!$MZ" />
    </Data>
    <Data n="C20177743044883">
      <Key v="-494,220" t="Vector2" n="!$MP" />
      <Key v="0.7,0.7,0.7" t="Vector3" n="!$MZ" />
    </Data>
    <Data n="C20187379690033">
      <Key v="-419,165" t="Vector2" n="!$MP" />
      <Key v="0.8,0.8,0.8" t="Vector3" n="!$MZ" />
    </Data>
    <Data n="C20177023780837">
      <Key v="-311,399" t="Vector2" n="!$MP" />
      <Key v="0.6,0.6,0.6" t="Vector3" n="!$MZ" />
    </Data>
    <Data n="C20193637086289">
      <Key v="-151,398" t="Vector2" n="!$MP" />
      <Key v="0.6,0.6,0.6" t="Vector3" n="!$MZ" />
    </Data>
    <Data n="C20187379708206">
      <Key v="-394,216" t="Vector2" n="!$MP" />
      <Key v="0.8,0.8,0.8" t="Vector3" n="!$MZ" />
    </Data>
    <Data n="C20187379689726">
      <Key v="-370,195" t="Vector2" n="!$MP" />
      <Key v="0.7,0.7,0.7" t="Vector3" n="!$MZ" />
    </Data>
    <Data n="C20187379690450">
      <Key v="-286,-5" t="Vector2" n="!$MP" />
      <Key v="0.6,0.6,0.6" t="Vector3" n="!$MZ" />
    </Data>
    <Data n="C20187404720360">
      <Key v="-633,590" t="Vector2" n="!$MP" />
      <Key v="1.1,1.1,1.1" t="Vector3" n="!$MZ" />
    </Data>
    <Data n="C20177574410331">
      <Key v="-332,291" t="Vector2" n="!$MP" />
      <Key v="0.4,0.4,0.4" t="Vector3" n="!$MZ" />
    </Data>
    <Data n="C20177574468772">
      <Key v="-346,339" t="Vector2" n="!$MP" />
      <Key v="0.4,0.4,0.4" t="Vector3" n="!$MZ" />
    </Data>
    <Data n="C20193636613034">
      <Key v="-249,14" t="Vector2" n="!$MP" />
      <Key v="0.6,0.6,0.6" t="Vector3" n="!$MZ" />
    </Data>
    <Data n="C20177430669955">
      <Key v="-339,115" t="Vector2" n="!$MP" />
      <Key v="1,1,1" t="Vector3" n="!$MZ" />
    </Data>
    <Data n="C20177576475481">
      <Key v="-355,203" t="Vector2" n="!$MP" />
      <Key v="0.6,0.6,0.6" t="Vector3" n="!$MZ" />
    </Data>
    <Data n="C20187528700462">
      <Key v="-386,502" t="Vector2" n="!$MP" />
      <Key v="0.8,0.8,0.8" t="Vector3" n="!$MZ" />
    </Data>
    <Data n="C20187380090856">
      <Key v="-342,85" t="Vector2" n="!$MP" />
      <Key v="0.8,0.8,0.8" t="Vector3" n="!$MZ" />
    </Data>
    <Data n="C20177575011261">
      <Key v="-572,671" t="Vector2" n="!$MP" />
      <Key v="0.7,0.7,0.7" t="Vector3" n="!$MZ" />
    </Data>
    <Data n="C20177574770826">
      <Key v="-670,301" t="Vector2" n="!$MP" />
      <Key v="0.7,0.7,0.7" t="Vector3" n="!$MZ" />
    </Data>
    <Data n="C20177574720851">
      <Key v="-440,662" t="Vector2" n="!$MP" />
      <Key v="0.6,0.6,0.6" t="Vector3" n="!$MZ" />
    </Data>
    <Data n="C20193637007327">
      <Key v="-322,488" t="Vector2" n="!$MP" />
      <Key v="0.7,0.7,0.7" t="Vector3" n="!$MZ" />
    </Data>
    <Data n="C20177574363930">
      <Key v="-456,431" t="Vector2" n="!$MP" />
      <Key v="0.5,0.5,0.5" t="Vector3" n="!$MZ" />
    </Data>
    <Data n="C20177574819258">
      <Key v="-469,750" t="Vector2" n="!$MP" />
      <Key v="0.7,0.7,0.7" t="Vector3" n="!$MZ" />
    </Data>
    <Data n="C20177574856006">
      <Key v="-576,1188" t="Vector2" n="!$MP" />
      <Key v="0.8,0.8,0.8" t="Vector3" n="!$MZ" />
    </Data>
    <Data n="C20177574888842">
      <Key v="-245,741" t="Vector2" n="!$MP" />
      <Key v="0.5,0.5,0.5" t="Vector3" n="!$MZ" />
    </Data>
    <Data n="C20177574663115">
      <Key v="-387,1240" t="Vector2" n="!$MP" />
      <Key v="0.6,0.6,0.6" t="Vector3" n="!$MZ" />
    </Data>
    <Data n="C20177574800196">
      <Key v="-365,1347" t="Vector2" n="!$MP" />
      <Key v="0.6,0.6,0.6" t="Vector3" n="!$MZ" />
    </Data>
    <Data n="C20177574565207">
      <Key v="-609,1022" t="Vector2" n="!$MP" />
      <Key v="0.7,0.7,0.7" t="Vector3" n="!$MZ" />
    </Data>
    <Data n="C20177573375789">
      <Key v="-592,291" t="Vector2" n="!$MP" />
      <Key v="0.8,0.8,0.8" t="Vector3" n="!$MZ" />
    </Data>
    <Data n="C20177575042053">
      <Key v="-762,1406" t="Vector2" n="!$MP" />
      <Key v="0.8,0.8,0.8" t="Vector3" n="!$MZ" />
    </Data>
    <Data n="C20177574288855">
      <Key v="-747,24" t="Vector2" n="!$MP" />
      <Key v="0.6,0.6,0.6" t="Vector3" n="!$MZ" />
    </Data>
    <Data n="C20177574636963">
      <Key v="-539,899" t="Vector2" n="!$MP" />
      <Key v="0.6,0.6,0.6" t="Vector3" n="!$MZ" />
    </Data>
    <Data n="C20177575068359">
      <Key v="-357,1198" t="Vector2" n="!$MP" />
      <Key v="0.6,0.6,0.6" t="Vector3" n="!$MZ" />
    </Data>
    <Data n="C20177574317641">
      <Key v="-401,1335" t="Vector2" n="!$MP" />
      <Key v="0.6,0.6,0.6" t="Vector3" n="!$MZ" />
    </Data>
    <Data n="C20188388772192">
      <Key v="-543,292" t="Vector2" n="!$MP" />
      <Key v="0.7,0.7,0.7" t="Vector3" n="!$MZ" />
    </Data>
    <Data n="C20188388831980">
      <Key v="-532,289" t="Vector2" n="!$MP" />
      <Key v="0.8,0.8,0.8" t="Vector3" n="!$MZ" />
    </Data>
    <Data n="C20188388842147">
      <Key v="-433,643" t="Vector2" n="!$MP" />
      <Key v="0.6,0.6,0.6" t="Vector3" n="!$MZ" />
    </Data>
    <Data n="C20188388894562">
      <Key v="-465,417" t="Vector2" n="!$MP" />
      <Key v="0.7,0.7,0.7" t="Vector3" n="!$MZ" />
    </Data>
    <Data n="C20188389023365">
      <Key v="-202,476" t="Vector2" n="!$MP" />
      <Key v="0.7,0.7,0.7" t="Vector3" n="!$MZ" />
    </Data>
    <Data n="C20177023729899">
      <Key v="-361,527" t="Vector2" n="!$MP" />
      <Key v="0.8,0.8,0.8" t="Vector3" n="!$MZ" />
    </Data>
    <Data n="C20177023780983">
      <Key v="-328,484" t="Vector2" n="!$MP" />
      <Key v="0.6,0.6,0.6" t="Vector3" n="!$MZ" />
    </Data>
    <Data n="C20177023549510">
      <Key v="-479,268" t="Vector2" n="!$MP" />
      <Key v="1,1,1" t="Vector3" n="!$MZ" />
    </Data>
    <Data n="C20177023625849">
      <Key v="-435,77" t="Vector2" n="!$MP" />
      <Key v="0.8,0.8,0.8" t="Vector3" n="!$MZ" />
    </Data>
    <Data n="C20177023628605">
      <Key v="-477,640" t="Vector2" n="!$MP" />
      <Key v="0.9,0.9,0.9" t="Vector3" n="!$MZ" />
    </Data>
    <Data n="C20173326680396">
      <Key v="-281,166" t="Vector2" n="!$MP" />
      <Key v="0.7,0.7,0.7" t="Vector3" n="!$MZ" />
    </Data>
    <Data n="C20176735275075">
      <Key v="-419,50" t="Vector2" n="!$MP" />
      <Key v="0.8,0.8,0.8" t="Vector3" n="!$MZ" />
    </Data>
    <Data n="C20187528700900">
      <Key v="-387,332" t="Vector2" n="!$MP" />
      <Key v="0.9,0.9,0.9" t="Vector3" n="!$MZ" />
    </Data>
    <Data n="C20209734035529">
      <Key v="-136,110" t="Vector2" n="!$MP" />
      <Key v="1,1,1" t="Vector3" n="!$MZ" />
    </Data>
    <Data n="C20209734033331">
      <Key v="-134,72" t="Vector2" n="!$MP" />
      <Key v="1,1,1" t="Vector3" n="!$MZ" />
    </Data>
    <Data n="C20185963119494">
      <Key v="0,0" t="Vector2" n="!$MP" />
      <Key v="1,1,1" t="Vector3" n="!$MZ" />
    </Data>
    <Data n="C20187931697178">
      <Key v="-307,165" t="Vector2" n="!$MP" />
      <Key v="1,1,1" t="Vector3" n="!$MZ" />
    </Data>
    <Data n="C20209952200511">
      <Key v="-377,61" t="Vector2" n="!$MP" />
      <Key v="1,1,1" t="Vector3" n="!$MZ" />
    </Data>
  </Data>
</DataRoot>