﻿<?xml version="1.0" encoding="utf-8"?>
<DataRoot n="C">
  <Data n="20173326680396">
    <Data n="$Elems">
      <Data n="20206446810382e">
        <Key v="350,250" t="Vector2" n="!$P" />
        <Key v="20205847042741" t="String" n="$T" />
        <Key v="2" t="Decimal" n="MaxC" />
        <Key v="Ir0" t="String" n="MinR" />
        <Key v="1" t="Decimal" n="MinC" />
        <Key v="D4" t="String" n="Dur" />
        <Key v="TUse" t="String" n="Typ" />
        <Key v="TCFDri,TCFPrp" t="String" n="Spec2" />
      </Data>
      <Data n="20206446810383e">
        <Key v="350,-50" t="Vector2" n="!$P" />
        <Key v="20205847042741" t="String" n="$T" />
        <Key v="Ir0" t="String" n="MinR" />
        <Key v="1" t="Decimal" n="MinC" />
        <Key v="TCFDri,TCFPrp" t="String" n="Spec2" />
        <Key v="D2" t="String" n="Dur" />
        <Key v="TUse" t="String" n="Typ" />
        <Key v="2" t="Decimal" n="MaxC" />
      </Data>
      <Data n="20206446810384e">
        <Key v="350,-300" t="Vector2" n="!$P" />
        <Key v="20205847042741" t="String" n="$T" />
        <Key v="Ir0" t="String" n="MinR" />
        <Key v="TCFPrp,TCFDri" t="String" n="Spec2" />
        <Key v="1" t="Decimal" n="MinC" />
        <Key v="D3" t="String" n="Dur" />
        <Key v="TUse" t="String" n="Typ" />
        <Key v="3" t="Decimal" n="MaxC" />
      </Data>
    </Data>
    <Data n="$Conns">
      <Data n="20206446810382c">
        <Key v="20206446810382e" t="String" n="$E" />
      </Data>
      <Data n="20206446810383c">
        <Key v="20206446810383e" t="String" n="$E" />
      </Data>
      <Data n="20206446810384c">
        <Key v="20206446810384e" t="String" n="$E" />
      </Data>
    </Data>
  </Data>
</DataRoot>