﻿<?xml version="1.0" encoding="utf-8"?>
<DataRoot n="C">
  <Data n="20188388894562">
    <Data n="$Elems">
      <Data n="20206446810403e">
        <Key v="300,250" t="Vector2" n="!$P" />
        <Key v="_EGate" t="String" n="$T" />
        <Key v="G2" t="String" n="GT" />
        <Key v="80" t="Decimal" n="Rng" />
      </Data>
      <Data n="20206446810404e">
        <Key v="700,250" t="Vector2" n="!$P" />
        <Key v="20205847042741" t="String" n="$T" />
        <Key v="TEqpW" t="String" n="Typ" />
        <Key v="Ir0" t="String" n="MinR" />
        <Key v="Ir1" t="String" n="MaxR" />
        <Key v="1" t="Decimal" n="MinC" />
        <Key v="Q0" t="String" n="MinQ" />
        <Key v="Q1" t="String" n="MaxQ" />
        <Key v="Bff2" t="String" n="MinI" />
        <Key v="Bff3" t="String" n="MaxI" />
        <Key v="D2" t="String" n="Dur" />
      </Data>
      <Data n="20206446810405e">
        <Key v="300,0" t="Vector2" n="!$P" />
        <Key v="_EGate" t="String" n="$T" />
        <Key v="G2" t="String" n="GT" />
        <Key v="80" t="Decimal" n="Rng" />
      </Data>
      <Data n="20206446810406e">
        <Key v="700,0" t="Vector2" n="!$P" />
        <Key v="20205847042741" t="String" n="$T" />
        <Key v="TEqpA" t="String" n="Typ" />
        <Key v="Ir0" t="String" n="MinR" />
        <Key v="Ir1" t="String" n="MaxR" />
        <Key v="1" t="Decimal" n="MinC" />
        <Key v="Q0" t="String" n="MinQ" />
        <Key v="Q1" t="String" n="MaxQ" />
        <Key v="Bff2" t="String" n="MinI" />
        <Key v="Bff3" t="String" n="MaxI" />
        <Key v="D2" t="String" n="Dur" />
      </Data>
      <Data n="20206446810407e">
        <Key v="300,-250" t="Vector2" n="!$P" />
        <Key v="_EGate" t="String" n="$T" />
        <Key v="G2" t="String" n="GT" />
        <Key v="80" t="Decimal" n="Rng" />
      </Data>
      <Data n="20206446810408e">
        <Key v="700,-250" t="Vector2" n="!$P" />
        <Key v="20205847042741" t="String" n="$T" />
        <Key v="TLoot" t="String" n="Typ" />
        <Key v="Ir0" t="String" n="MinR" />
        <Key v="Ir1" t="String" n="MaxR" />
        <Key v="1" t="Decimal" n="MinC" />
      </Data>
      <Data n="20206446810409e">
        <Key v="300,-500" t="Vector2" n="!$P" />
        <Key v="_EGate" t="String" n="$T" />
        <Key v="G2" t="String" n="GT" />
        <Key v="80" t="Decimal" n="Rng" />
      </Data>
      <Data n="20206446810410e">
        <Key v="700,-500" t="Vector2" n="!$P" />
        <Key v="20205847042741" t="String" n="$T" />
        <Key v="TUse" t="String" n="Typ" />
        <Key v="Ir0" t="String" n="MinR" />
        <Key v="Ir1" t="String" n="MaxR" />
        <Key v="1" t="Decimal" n="MinC" />
        <Key v="D2" t="String" n="Dur" />
      </Data>
      <Data n="20206446810411e">
        <Key v="300,-750" t="Vector2" n="!$P" />
        <Key v="_EGate" t="String" n="$T" />
        <Key v="G2" t="String" n="GT" />
        <Key v="80" t="Decimal" n="Rng" />
      </Data>
      <Data n="20206446810412e">
        <Key v="700,-750" t="Vector2" n="!$P" />
        <Key v="20205847042741" t="String" n="$T" />
        <Key v="Ir0" t="String" n="MinR" />
        <Key v="Ir1" t="String" n="MaxR" />
        <Key v="1" t="Decimal" n="MinC" />
        <Key v="TResc" t="String" n="Typ" />
      </Data>
      <Data n="20206446810413e">
        <Key v="300,-1000" t="Vector2" n="!$P" />
        <Key v="_EGate" t="String" n="$T" />
        <Key v="G2" t="String" n="GT" />
        <Key v="100" t="Decimal" n="Rng" />
      </Data>
      <Data n="20206446810414e">
        <Key v="700,-1000" t="Vector2" n="!$P" />
        <Key v="20205821755979" t="String" n="$T" />
        <Key v="I20157354355645" t="String" n="Itm" />
        <Key v="80" t="Decimal" n="MinC" />
        <Key v="Q1" t="String" n="MinQ" />
        <Key v="Bff2" t="String" n="MinI" />
        <Key v="D4" t="String" n="Dur" />
        <Key v="120" t="Decimal" n="MaxC" />
      </Data>
      <Data n="20206446810417e">
        <Key v="300,-1250" t="Vector2" n="!$P" />
        <Key v="_EGate" t="String" n="$T" />
        <Key v="G2" t="String" n="GT" />
        <Key v="100" t="Decimal" n="Rng" />
      </Data>
      <Data n="20206446810418e">
        <Key v="700,-1250" t="Vector2" n="!$P" />
        <Key v="20205821755979" t="String" n="$T" />
        <Key v="I20157375210590" t="String" n="Itm" />
        <Key v="4" t="Decimal" n="MinC" />
        <Key v="Q1" t="String" n="MinQ" />
        <Key v="Bff2" t="String" n="MinI" />
        <Key v="D4" t="String" n="Dur" />
        <Key v="8" t="Decimal" n="MaxC" />
      </Data>
    </Data>
    <Data n="$Conns">
      <Data n="20206446810403c">
        <Key v="20206446810403e" t="String" n="$E" />
      </Data>
      <Data n="20206446810404c">
        <Key v="20206446810404e" t="String" n="$E" />
        <Key v="20206446810403e" t="String" n="$S" />
      </Data>
      <Data n="20206446810405c">
        <Key v="20206446810405e" t="String" n="$E" />
      </Data>
      <Data n="20206446810406c">
        <Key v="20206446810406e" t="String" n="$E" />
        <Key v="20206446810405e" t="String" n="$S" />
      </Data>
      <Data n="20206446810407c">
        <Key v="20206446810407e" t="String" n="$E" />
      </Data>
      <Data n="20206446810408c">
        <Key v="20206446810408e" t="String" n="$E" />
        <Key v="20206446810407e" t="String" n="$S" />
      </Data>
      <Data n="20206446810409c">
        <Key v="20206446810409e" t="String" n="$E" />
      </Data>
      <Data n="20206446810410c">
        <Key v="20206446810410e" t="String" n="$E" />
        <Key v="20206446810409e" t="String" n="$S" />
      </Data>
      <Data n="20206446810411c">
        <Key v="20206446810411e" t="String" n="$E" />
      </Data>
      <Data n="20206446810412c">
        <Key v="20206446810412e" t="String" n="$E" />
        <Key v="20206446810411e" t="String" n="$S" />
      </Data>
      <Data n="20206446810413c">
        <Key v="20206446810413e" t="String" n="$E" />
      </Data>
      <Data n="20206446810414c">
        <Key v="20206446810414e" t="String" n="$E" />
        <Key v="20206446810413e" t="String" n="$S" />
      </Data>
      <Data n="20206446810417c">
        <Key v="20206446810417e" t="String" n="$E" />
      </Data>
      <Data n="20206446810418c">
        <Key v="20206446810418e" t="String" n="$E" />
        <Key v="20206446810417e" t="String" n="$S" />
      </Data>
    </Data>
  </Data>
</DataRoot>