﻿<?xml version="1.0" encoding="utf-8"?>
<DataRoot n="C">
  <Data n="20173157006069">
    <Data n="$Elems">
      <Data n="20206446810380e">
        <Key v="350,250" t="Vector2" n="!$P" />
        <Key v="20205821755979" t="String" n="$T" />
        <Key v="I20173156873751" t="String" n="Itm" />
        <Key v="4" t="Decimal" n="MinC" />
        <Key v="Q1" t="String" n="MinQ" />
        <Key v="8" t="Decimal" n="MaxC" />
        <Key v="Bff2" t="String" n="MinI" />
        <Key v="D4" t="String" n="Dur" />
      </Data>
      <Data n="20206446810381e">
        <Key v="300,0" t="Vector2" n="!$P" />
        <Key v="_EGate" t="String" n="$T" />
        <Key v="G2" t="String" n="GT" />
        <Key v="50" t="Decimal" n="Rng" />
      </Data>
      <Data n="20206446810382e">
        <Key v="700,0" t="Vector2" n="!$P" />
        <Key v="20205847042741" t="String" n="$T" />
        <Key v="TCFRaw" t="String" n="Spec2" />
        <Key v="Ir0" t="String" n="MinR" />
        <Key v="2" t="Decimal" n="MinC" />
        <Key v="D4" t="String" n="Dur" />
        <Key v="TUse" t="String" n="Typ" />
        <Key v="4" t="Decimal" n="MaxC" />
      </Data>
    </Data>
    <Data n="$Conns">
      <Data n="20206446810380c">
        <Key v="20206446810380e" t="String" n="$E" />
      </Data>
      <Data n="20206446810381c">
        <Key v="20206446810381e" t="String" n="$E" />
      </Data>
      <Data n="20206446810382c">
        <Key v="20206446810382e" t="String" n="$E" />
        <Key v="20206446810381e" t="String" n="$S" />
      </Data>
    </Data>
  </Data>
</DataRoot>