﻿<?xml version="1.0" encoding="utf-8"?>
<DataRoot n="C">
  <Data n="20177023729899">
    <Data n="$Elems">
      <Data n="20206446810383e">
        <Key v="350,250" t="Vector2" n="!$P" />
        <Key v="20205847042741" t="String" n="$T" />
        <Key v="TUse" t="String" n="Typ" />
        <Key v="Ir0" t="String" n="MinR" />
        <Key v="Ir2" t="String" n="MaxR" />
        <Key v="1" t="Decimal" n="MinC" />
        <Key v="D1" t="String" n="Dur" />
      </Data>
      <Data n="20206446810384e">
        <Key v="300,0" t="Vector2" n="!$P" />
        <Key v="_EGate" t="String" n="$T" />
        <Key v="G2" t="String" n="GT" />
        <Key v="50" t="Decimal" n="Rng" />
      </Data>
      <Data n="20206446810385e">
        <Key v="700,0" t="Vector2" n="!$P" />
        <Key v="20205847042741" t="String" n="$T" />
        <Key v="TUse" t="String" n="Typ" />
        <Key v="Ir0" t="String" n="MinR" />
        <Key v="Ir2" t="String" n="MaxR" />
        <Key v="1" t="Decimal" n="MinC" />
        <Key v="D1" t="String" n="Dur" />
      </Data>
      <Data n="20206446810386e">
        <Key v="300,-250" t="Vector2" n="!$P" />
        <Key v="_EGate" t="String" n="$T" />
        <Key v="G2" t="String" n="GT" />
        <Key v="25" t="Decimal" n="Rng" />
      </Data>
      <Data n="20206446810389e">
        <Key v="700,-250" t="Vector2" n="!$P" />
        <Key v="20205847042741" t="String" n="$T" />
        <Key v="TResc" t="String" n="Typ" />
        <Key v="Ir0" t="String" n="MinR" />
        <Key v="Ir2" t="String" n="MaxR" />
        <Key v="1" t="Decimal" n="MinC" />
      </Data>
      <Data n="20206446810390e">
        <Key v="300,-500" t="Vector2" n="!$P" />
        <Key v="_EGate" t="String" n="$T" />
        <Key v="G2" t="String" n="GT" />
        <Key v="50" t="Decimal" n="Rng" />
      </Data>
      <Data n="20206446810391e">
        <Key v="700,-500" t="Vector2" n="!$P" />
        <Key v="20205847042741" t="String" n="$T" />
        <Key v="TResc" t="String" n="Typ" />
        <Key v="Ir0" t="String" n="MinR" />
        <Key v="Ir2" t="String" n="MaxR" />
        <Key v="1" t="Decimal" n="MinC" />
      </Data>
      <Data n="20206446810392e">
        <Key v="300,-750" t="Vector2" n="!$P" />
        <Key v="_EGate" t="String" n="$T" />
        <Key v="G2" t="String" n="GT" />
        <Key v="10" t="Decimal" n="Rng" />
      </Data>
      <Data n="20206446810393e">
        <Key v="700,-750" t="Vector2" n="!$P" />
        <Key v="20205847042741" t="String" n="$T" />
        <Key v="TLoot" t="String" n="Typ" />
        <Key v="Ir0" t="String" n="MinR" />
        <Key v="Ir2" t="String" n="MaxR" />
        <Key v="1" t="Decimal" n="MinC" />
      </Data>
      <Data n="20206446810394e">
        <Key v="350,-1000" t="Vector2" n="!$P" />
        <Key v="20205847042741" t="String" n="$T" />
        <Key v="TUse" t="String" n="Typ" />
        <Key v="Ir0" t="String" n="MinR" />
        <Key v="Ir2" t="String" n="MaxR" />
        <Key v="1" t="Decimal" n="MinC" />
        <Key v="D2" t="String" n="Dur" />
      </Data>
      <Data n="20206446810395e">
        <Key v="350,-1250" t="Vector2" n="!$P" />
        <Key v="20205847042741" t="String" n="$T" />
        <Key v="TUse" t="String" n="Typ" />
        <Key v="Ir0" t="String" n="MinR" />
        <Key v="Ir2" t="String" n="MaxR" />
        <Key v="1" t="Decimal" n="MinC" />
        <Key v="D3" t="String" n="Dur" />
      </Data>
    </Data>
    <Data n="$Conns">
      <Data n="20206446810383c">
        <Key v="20206446810383e" t="String" n="$E" />
      </Data>
      <Data n="20206446810384c">
        <Key v="20206446810384e" t="String" n="$E" />
      </Data>
      <Data n="20206446810385c">
        <Key v="20206446810385e" t="String" n="$E" />
        <Key v="20206446810384e" t="String" n="$S" />
      </Data>
      <Data n="20206446810388c">
        <Key v="20206446810386e" t="String" n="$E" />
      </Data>
      <Data n="20206446810389c">
        <Key v="20206446810389e" t="String" n="$E" />
        <Key v="20206446810386e" t="String" n="$S" />
      </Data>
      <Data n="20206446810390c">
        <Key v="20206446810390e" t="String" n="$E" />
      </Data>
      <Data n="20206446810391c">
        <Key v="20206446810391e" t="String" n="$E" />
        <Key v="20206446810390e" t="String" n="$S" />
      </Data>
      <Data n="20206446810392c">
        <Key v="20206446810392e" t="String" n="$E" />
      </Data>
      <Data n="20206446810393c">
        <Key v="20206446810393e" t="String" n="$E" />
        <Key v="20206446810392e" t="String" n="$S" />
      </Data>
      <Data n="20206446810394c">
        <Key v="20206446810394e" t="String" n="$E" />
      </Data>
      <Data n="20206446810395c">
        <Key v="20206446810395e" t="String" n="$E" />
      </Data>
    </Data>
  </Data>
</DataRoot>