﻿<?xml version="1.0" encoding="utf-8"?>
<DataRoot n="C">
  <Data n="20177575011261">
    <Data n="$Elems">
      <Data n="20206446810396e">
        <Key v="300,250" t="Vector2" n="!$P" />
        <Key v="_EGate" t="String" n="$T" />
        <Key v="G2" t="String" n="GT" />
        <Key v="75" t="Decimal" n="Rng" />
      </Data>
      <Data n="20206446810397e">
        <Key v="700,250" t="Vector2" n="!$P" />
        <Key v="20205821755979" t="String" n="$T" />
        <Key v="I20167286265866" t="String" n="Itm" />
        <Key v="1" t="Decimal" n="MinC" />
        <Key v="Q1" t="String" n="MinQ" />
        <Key v="Bff2" t="String" n="MinI" />
        <Key v="D4" t="String" n="Dur" />
        <Key v="3" t="Decimal" n="MaxC" />
      </Data>
      <Data n="20206446810398e">
        <Key v="300,0" t="Vector2" n="!$P" />
        <Key v="_EGate" t="String" n="$T" />
        <Key v="G2" t="String" n="GT" />
        <Key v="75" t="Decimal" n="Rng" />
      </Data>
      <Data n="20206446810400e">
        <Key v="700,0" t="Vector2" n="!$P" />
        <Key v="20205821755979" t="String" n="$T" />
        <Key v="I20177530837683" t="String" n="Itm" />
        <Key v="1" t="Decimal" n="MinC" />
        <Key v="Q1" t="String" n="MinQ" />
        <Key v="Bff2" t="String" n="MinI" />
        <Key v="D4" t="String" n="Dur" />
        <Key v="3" t="Decimal" n="MaxC" />
      </Data>
      <Data n="20206446810401e">
        <Key v="300,-250" t="Vector2" n="!$P" />
        <Key v="_EGate" t="String" n="$T" />
        <Key v="G2" t="String" n="GT" />
        <Key v="75" t="Decimal" n="Rng" />
      </Data>
      <Data n="20206446810402e">
        <Key v="700,-250" t="Vector2" n="!$P" />
        <Key v="20205821755979" t="String" n="$T" />
        <Key v="I20177530849441" t="String" n="Itm" />
        <Key v="1" t="Decimal" n="MinC" />
        <Key v="Q1" t="String" n="MinQ" />
        <Key v="3" t="Decimal" n="MaxC" />
        <Key v="Bff2" t="String" n="MinI" />
        <Key v="D4" t="String" n="Dur" />
      </Data>
      <Data n="20206446810403e">
        <Key v="300,-500" t="Vector2" n="!$P" />
        <Key v="_EGate" t="String" n="$T" />
        <Key v="G2" t="String" n="GT" />
        <Key v="25" t="Decimal" n="Rng" />
      </Data>
      <Data n="20206446810404e">
        <Key v="700,-500" t="Vector2" n="!$P" />
        <Key v="20205821755979" t="String" n="$T" />
        <Key v="I20177241249541" t="String" n="Itm" />
        <Key v="1" t="Decimal" n="MinC" />
        <Key v="Q1" t="String" n="MinQ" />
        <Key v="Bff2" t="String" n="MinI" />
        <Key v="D4" t="String" n="Dur" />
      </Data>
      <Data n="20206446810405e">
        <Key v="300,-750" t="Vector2" n="!$P" />
        <Key v="_EGate" t="String" n="$T" />
        <Key v="G2" t="String" n="GT" />
        <Key v="25" t="Decimal" n="Rng" />
      </Data>
      <Data n="20206446810406e">
        <Key v="700,-750" t="Vector2" n="!$P" />
        <Key v="20205821755979" t="String" n="$T" />
        <Key v="I20177532242023" t="String" n="Itm" />
        <Key v="1" t="Decimal" n="MinC" />
        <Key v="Q1" t="String" n="MinQ" />
        <Key v="Bff2" t="String" n="MinI" />
        <Key v="D4" t="String" n="Dur" />
      </Data>
      <Data n="20206446810407e">
        <Key v="300,-1000" t="Vector2" n="!$P" />
        <Key v="_EGate" t="String" n="$T" />
        <Key v="G2" t="String" n="GT" />
        <Key v="50" t="Decimal" n="Rng" />
      </Data>
      <Data n="20206446810408e">
        <Key v="700,-1000" t="Vector2" n="!$P" />
        <Key v="20205821755979" t="String" n="$T" />
        <Key v="I20177532150292" t="String" n="Itm" />
        <Key v="1" t="Decimal" n="MinC" />
        <Key v="Q1" t="String" n="MinQ" />
        <Key v="2" t="Decimal" n="MaxC" />
        <Key v="Bff2" t="String" n="MinI" />
        <Key v="D4" t="String" n="Dur" />
      </Data>
      <Data n="20206446810409e">
        <Key v="300,-1250" t="Vector2" n="!$P" />
        <Key v="_EGate" t="String" n="$T" />
        <Key v="G2" t="String" n="GT" />
        <Key v="25" t="Decimal" n="Rng" />
      </Data>
      <Data n="20206446810410e">
        <Key v="700,-1250" t="Vector2" n="!$P" />
        <Key v="20205821755979" t="String" n="$T" />
        <Key v="I20177532223579" t="String" n="Itm" />
        <Key v="1" t="Decimal" n="MinC" />
        <Key v="Q1" t="String" n="MinQ" />
        <Key v="Bff2" t="String" n="MinI" />
        <Key v="D4" t="String" n="Dur" />
      </Data>
    </Data>
    <Data n="$Conns">
      <Data n="20206446810396c">
        <Key v="20206446810396e" t="String" n="$E" />
      </Data>
      <Data n="20206446810397c">
        <Key v="20206446810397e" t="String" n="$E" />
        <Key v="20206446810396e" t="String" n="$S" />
      </Data>
      <Data n="20206446810399c">
        <Key v="20206446810398e" t="String" n="$E" />
      </Data>
      <Data n="20206446810400c">
        <Key v="20206446810400e" t="String" n="$E" />
        <Key v="20206446810398e" t="String" n="$S" />
      </Data>
      <Data n="20206446810401c">
        <Key v="20206446810401e" t="String" n="$E" />
      </Data>
      <Data n="20206446810402c">
        <Key v="20206446810402e" t="String" n="$E" />
        <Key v="20206446810401e" t="String" n="$S" />
      </Data>
      <Data n="20206446810403c">
        <Key v="20206446810403e" t="String" n="$E" />
      </Data>
      <Data n="20206446810404c">
        <Key v="20206446810404e" t="String" n="$E" />
        <Key v="20206446810403e" t="String" n="$S" />
      </Data>
      <Data n="20206446810405c">
        <Key v="20206446810405e" t="String" n="$E" />
      </Data>
      <Data n="20206446810406c">
        <Key v="20206446810406e" t="String" n="$E" />
        <Key v="20206446810405e" t="String" n="$S" />
      </Data>
      <Data n="20206446810407c">
        <Key v="20206446810407e" t="String" n="$E" />
      </Data>
      <Data n="20206446810408c">
        <Key v="20206446810408e" t="String" n="$E" />
        <Key v="20206446810407e" t="String" n="$S" />
      </Data>
      <Data n="20206446810409c">
        <Key v="20206446810409e" t="String" n="$E" />
      </Data>
      <Data n="20206446810410c">
        <Key v="20206446810410e" t="String" n="$E" />
        <Key v="20206446810409e" t="String" n="$S" />
      </Data>
    </Data>
  </Data>
</DataRoot>