﻿<?xml version="1.0" encoding="utf-8"?>
<DataRoot n="C">
  <Data n="20173156771365">
    <Data n="$Elems">
      <Data n="20206446810380e">
        <Key v="350,250" t="Vector2" n="!$P" />
        <Key v="20205847042741" t="String" n="$T" />
        <Key v="Ir0" t="String" n="MinR" />
        <Key v="Ir0" t="String" n="MaxR" />
        <Key v="4" t="Decimal" n="MinC" />
        <Key v="D4" t="String" n="Dur" />
        <Key v="TUse" t="String" n="Typ" />
        <Key v="6" t="Decimal" n="MaxC" />
        <Key v="TCFRaw" t="String" n="Spec2" />
      </Data>
      <Data n="20209734380123e">
        <Key v="350,-100" t="Vector2" n="!$P" />
        <Key v="20205847042741" t="String" n="$T" />
        <Key v="Ir0" t="String" n="MinR" />
        <Key v="Ir0" t="String" n="MaxR" />
        <Key v="4" t="Decimal" n="MinC" />
        <Key v="D4" t="String" n="Dur" />
        <Key v="TUse" t="String" n="Typ" />
        <Key v="6" t="Decimal" n="MaxC" />
        <Key v="TCFPrp,TCFDri" t="String" n="Spec2" />
      </Data>
    </Data>
    <Data n="$Conns">
      <Data n="20206446810380c">
        <Key v="20206446810380e" t="String" n="$E" />
      </Data>
      <Data n="20209734380599c">
        <Key v="20209734380123e" t="String" n="$E" />
      </Data>
    </Data>
  </Data>
</DataRoot>