﻿<?xml version="1.0" encoding="utf-8"?>
<DataRoot n="C">
  <Data n="20173158063617">
    <Data n="$Elems">
      <Data n="20206446810381e">
        <Key v="350,250" t="Vector2" n="!$P" />
        <Key v="20205821755979" t="String" n="$T" />
        <Key v="I20173158004184" t="String" n="Itm" />
        <Key v="1" t="Decimal" n="MinC" />
        <Key v="Q1" t="String" n="MinQ" />
        <Key v="Bff2" t="String" n="MinI" />
        <Key v="D4" t="String" n="Dur" />
      </Data>
      <Data n="20206446810382e">
        <Key v="350,0" t="Vector2" n="!$P" />
        <Key v="20205821755979" t="String" n="$T" />
        <Key v="I20165177663410" t="String" n="Itm" />
        <Key v="1" t="Decimal" n="MinC" />
        <Key v="Q1" t="String" n="MinQ" />
        <Key v="Bff2" t="String" n="MinI" />
        <Key v="D4" t="String" n="Dur" />
      </Data>
      <Data n="20209734467834e">
        <Key v="20205821755979" t="String" n="$T" />
        <Key v="350,-250" t="Vector2" n="!$P" />
        <Key v="20" t="Decimal" n="MinC" />
        <Key v="Q1" t="String" n="MinQ" />
        <Key v="Bff2" t="String" n="MinI" />
        <Key v="D4" t="String" n="Dur" />
        <Key v="I20157354355645" t="String" n="Itm" />
        <Key v="30" t="Decimal" n="MaxC" />
      </Data>
    </Data>
    <Data n="$Conns">
      <Data n="20206446810381c">
        <Key v="20206446810381e" t="String" n="$E" />
      </Data>
      <Data n="20206446810382c">
        <Key v="20206446810382e" t="String" n="$E" />
      </Data>
      <Data n="20209734467838c">
        <Key v="20209734467834e" t="String" n="$E" />
      </Data>
    </Data>
  </Data>
</DataRoot>