﻿<?xml version="1.0" encoding="utf-8"?>
<DataRoot n="D">
  <Data n="20156449650147">
    <Data n="$Elems">
      <Data n="20156734678000e">
        <Key v="450,0" t="Vector2" n="!$P" />
        <Key v="_EGate" t="String" n="$T" />
        <Key v="G1" t="String" n="GT" />
        <Key v="1" t="Int32" n="T2" />
        <Key v="1" t="Decimal" n="Val" />
        <Key v="Belif_q_dobytek" t="String" n="Cnt" />
        <Key v="Oeg" t="String" n="O" />
      </Data>
      <Data n="20156736151144e">
        <Key v="750,0" t="Vector2" n="!$P" />
        <Key v="_EGate" t="String" n="$T" />
        <Key v="G1" t="String" n="GT" />
        <Key v="1" t="Int32" n="T2" />
        <Key v="0" t="Decimal" n="Val" />
        <Key v="Belif_q_dobytek_cas" t="String" n="Cnt" />
        <Key v="Oel" t="String" n="O" />
      </Data>
      <Data n="20162535776879e">
        <Key v="1050,0" t="Vector2" n="!$P" />
        <Key v="_EGate" t="String" n="$T" />
        <Key v="G0" t="String" n="GT" />
        <Key v="Belif_q_predana_odmena" t="String" n="Var" />
      </Data>
      <Data n="20156732584805e">
        <Key v="450,-2600" t="Vector2" n="!$P" />
        <Key v="_EGate" t="String" n="$T" />
        <Key v="G1" t="String" n="GT" />
        <Key v="1" t="Int32" n="T2" />
        <Key v="0" t="Decimal" n="Val" />
        <Key v="Belif_q_dobytek" t="String" n="Cnt" />
        <Key v="Oel" t="String" n="O" />
      </Data>
      <Data n="20156736380210e">
        <Key v="450,-5000" t="Vector2" n="!$P" />
        <Key v="_EGate" t="String" n="$T" />
        <Key v="G1" t="String" n="GT" />
        <Key v="1" t="Int32" n="T2" />
        <Key v="1" t="Decimal" n="Val" />
        <Key v="Belif_q_dobytek_cas" t="String" n="Cnt" />
        <Key v="Oe" t="String" n="O" />
      </Data>
      <Data n="20156736380211e">
        <Key v="450,-5200" t="Vector2" n="!$P" />
        <Key v="_EGate" t="String" n="$T" />
        <Key v="G1" t="String" n="GT" />
        <Key v="1" t="Int32" n="T2" />
        <Key v="2" t="Decimal" n="Val" />
        <Key v="Belif_q_dobytek_cas" t="String" n="Cnt" />
        <Key v="Oe" t="String" n="O" />
      </Data>
      <Data n="20156736481769e">
        <Key v="750,-5200" t="Vector2" n="!$P" />
        <Key v="_EGate" t="String" n="$T" />
        <Key v="G0" t="String" n="GT" />
        <Key v="Belif_q_vlkodlak" t="String" n="Var" />
      </Data>
      <Data n="20162536048462e">
        <Key v="1050,-5200" t="Vector2" n="!$P" />
        <Key v="_EGate" t="String" n="$T" />
        <Key v="G0" t="String" n="GT" />
        <Key v="Belif_q_predana_odmena" t="String" n="Var" />
      </Data>
      <Data n="20162941516740e">
        <Key v="1350,-5200" t="Vector2" n="!$P" />
        <Key v="_EGate" t="String" n="$T" />
        <Key v="G0" t="String" n="GT" />
        <Key v="Belif_q_fail_01" t="String" n="Var" />
      </Data>
      <Data n="20162941495951e">
        <Key v="1650,-5200" t="Vector2" n="!$P" />
        <Key v="_EFunc" t="String" n="$T" />
        <Key v="G0" t="String" n="GT" />
        <Key v="Belif_q_fail_01" t="String" n="Var" />
      </Data>
      <Data n="20162941525808e">
        <Key v="1950,-5200" t="Vector2" n="!$P" />
        <Key v="_EFunc" t="String" n="$T" />
        <Key v="G1" t="String" n="GT" />
        <Key v="1" t="Int32" n="T2" />
        <Key v="0" t="Decimal" n="Val" />
        <Key v="Belif_q_dobytek_cas" t="String" n="Cnt" />
        <Key v="Os" t="String" n="O" />
      </Data>
      <Data n="20156736534559e">
        <Key v="450,-5400" t="Vector2" n="!$P" />
        <Key v="_EGate" t="String" n="$T" />
        <Key v="G0" t="String" n="GT" />
        <Key v="1" t="Int32" n="Ex" />
        <Key v="Belif_q_vlkodlak" t="String" n="Var" />
      </Data>
      <Data n="20156736380212e">
        <Key v="750,-5400" t="Vector2" n="!$P" />
        <Key v="_EGate" t="String" n="$T" />
        <Key v="G1" t="String" n="GT" />
        <Key v="1" t="Int32" n="T2" />
        <Key v="2" t="Decimal" n="Val" />
        <Key v="Belif_q_dobytek_cas" t="String" n="Cnt" />
        <Key v="Oe" t="String" n="O" />
      </Data>
      <Data n="20162535719775e">
        <Key v="1050,-5400" t="Vector2" n="!$P" />
        <Key v="_EGate" t="String" n="$T" />
        <Key v="G0" t="String" n="GT" />
        <Key v="Belif_q_predana_odmena" t="String" n="Var" />
      </Data>
      <Data n="20162535618222e">
        <Key v="450,-5600" t="Vector2" n="!$P" />
        <Key v="_EGate" t="String" n="$T" />
        <Key v="G0" t="String" n="GT" />
        <Key v="1" t="Int32" n="Ex" />
        <Key v="Belif_q_vynucena_odmena" t="String" n="Var" />
      </Data>
      <Data n="20162535622275e">
        <Key v="750,-5600" t="Vector2" n="!$P" />
        <Key v="_EGate" t="String" n="$T" />
        <Key v="G0" t="String" n="GT" />
        <Key v="1" t="Int32" n="Ex" />
        <Key v="Belif_q_vlci" t="String" n="Var" />
      </Data>
      <Data n="20162535624714e">
        <Key v="1050,-5600" t="Vector2" n="!$P" />
        <Key v="_EGate" t="String" n="$T" />
        <Key v="G1" t="String" n="GT" />
        <Key v="1" t="Int32" n="T2" />
        <Key v="2" t="Decimal" n="Val" />
        <Key v="Belif_q_dobytek_cas" t="String" n="Cnt" />
        <Key v="Oe" t="String" n="O" />
      </Data>
      <Data n="20162535659179e">
        <Key v="1350,-5600" t="Vector2" n="!$P" />
        <Key v="_EGate" t="String" n="$T" />
        <Key v="G0" t="String" n="GT" />
        <Key v="Belif_q_vlkodlak" t="String" n="Var" />
      </Data>
      <Data n="20162536084937e">
        <Key v="1650,-5600" t="Vector2" n="!$P" />
        <Key v="_EFunc" t="String" n="$T" />
        <Key v="G0" t="String" n="GT" />
        <Key v="Belif_q_podvedeny" t="String" n="Var" />
      </Data>
      <Data n="20162535677372e">
        <Key v="450,-5800" t="Vector2" n="!$P" />
        <Key v="_EGate" t="String" n="$T" />
        <Key v="G0" t="String" n="GT" />
        <Key v="1" t="Int32" n="Ex" />
        <Key v="Belif_q_vlkodlak" t="String" n="Var" />
      </Data>
      <Data n="20162535680998e">
        <Key v="750,-5800" t="Vector2" n="!$P" />
        <Key v="_EGate" t="String" n="$T" />
        <Key v="G1" t="String" n="GT" />
        <Key v="1" t="Int32" n="T2" />
        <Key v="2" t="Decimal" n="Val" />
        <Key v="Belif_q_dobytek_cas" t="String" n="Cnt" />
        <Key v="Oe" t="String" n="O" />
      </Data>
      <Data n="20162535721627e">
        <Key v="1050,-5800" t="Vector2" n="!$P" />
        <Key v="_EGate" t="String" n="$T" />
        <Key v="G0" t="String" n="GT" />
        <Key v="1" t="Int32" n="Ex" />
        <Key v="Belif_q_predana_odmena" t="String" n="Var" />
      </Data>
      <Data n="20162536087581e">
        <Key v="1350,-5800" t="Vector2" n="!$P" />
        <Key v="_EGate" t="String" n="$T" />
        <Key v="G0" t="String" n="GT" />
        <Key v="Belif_q_podvedeny" t="String" n="Var" />
      </Data>
      <Data n="20162536091847e">
        <Key v="450,-6000" t="Vector2" n="!$P" />
        <Key v="_EGate" t="String" n="$T" />
        <Key v="G0" t="String" n="GT" />
        <Key v="1" t="Int32" n="Ex" />
        <Key v="Belif_q_vlkodlak" t="String" n="Var" />
      </Data>
      <Data n="20162536092277e">
        <Key v="750,-6000" t="Vector2" n="!$P" />
        <Key v="_EGate" t="String" n="$T" />
        <Key v="G1" t="String" n="GT" />
        <Key v="1" t="Int32" n="T2" />
        <Key v="2" t="Decimal" n="Val" />
        <Key v="Belif_q_dobytek_cas" t="String" n="Cnt" />
        <Key v="Oe" t="String" n="O" />
      </Data>
      <Data n="20162536093412e">
        <Key v="1050,-6000" t="Vector2" n="!$P" />
        <Key v="_EGate" t="String" n="$T" />
        <Key v="G0" t="String" n="GT" />
        <Key v="1" t="Int32" n="Ex" />
        <Key v="Belif_q_predana_odmena" t="String" n="Var" />
      </Data>
      <Data n="20162536094289e">
        <Key v="1350,-6000" t="Vector2" n="!$P" />
        <Key v="_EGate" t="String" n="$T" />
        <Key v="G0" t="String" n="GT" />
        <Key v="1" t="Int32" n="Ex" />
        <Key v="Belif_q_podvedeny" t="String" n="Var" />
      </Data>
      <Data n="20156732345942e">
        <Key v="1500,0" t="Vector2" n="!$P" />
        <Key v="20202866798502" t="String" n="$T" />
        <Key v="%M1" t="String" n="T" />
        <Key v="Ach, to jste vy. Tak jak to vypadá? Už jste vyřešili můj problém?" t="String" n="%X" />
      </Data>
      <Data n="20156449661278e">
        <Key v="900,-2600" t="Vector2" n="!$P" />
        <Key v="20202866798502" t="String" n="$T" />
        <Key v="Dobrý den přejem..." t="String" n="%X" />
      </Data>
      <Data n="20156736204951e">
        <Key v="900,-5000" t="Vector2" n="!$P" />
        <Key v="20202866798502" t="String" n="$T" />
        <Key v="%M1" t="String" n="T" />
        <Key v="Ještě neuběhl dostatečný čas, abych tomu opravdu uvěřil. Přijďte později." t="String" n="%X" />
      </Data>
      <Data n="20156736411280e">
        <Key v="2400,-5200" t="Vector2" n="!$P" />
        <Key v="20202866798502" t="String" n="$T" />
        <Key v="%M1" t="String" n="T" />
        <Key v="Bohužel se mi ztratily další ovce. Bude třeba abyste zjistili více..." t="String" n="%X" />
      </Data>
      <Data n="20156736486145e">
        <Key v="1500,-5400" t="Vector2" n="!$P" />
        <Key v="20202866798502" t="String" n="$T" />
        <Key v="%M1" t="String" n="T" />
        <Key v="Výborně, žádné další ovce se mi neztratili. Takže k vaší odměně." t="String" n="%X" />
      </Data>
      <Data n="20162535617257e">
        <Key v="2100,-5600" t="Vector2" n="!$P" />
        <Key v="20202866798502" t="String" n="$T" />
        <Key v="%M1" t="String" n="T" />
        <Key v="Vy darebáci. Nic jste nevyřešili a odměnu si vzali. Dobytek se mi ztrácí dál. K čertu s váma!!!" t="String" n="%X" />
      </Data>
      <Data n="20162535649428e">
        <Key v="1800,-5800" t="Vector2" n="!$P" />
        <Key v="20202866798502" t="String" n="$T" />
        <Key v="%M1" t="String" n="T" />
        <Key v="Výborně. Mé ovce jsou v bezpečí a vše díky Vám. Ještě jednou díky stateční zachránci." t="String" n="%X" />
      </Data>
      <Data n="20162536090235e">
        <Key v="1800,-6000" t="Vector2" n="!$P" />
        <Key v="20202866798502" t="String" n="$T" />
        <Key v="%M1" t="String" n="T" />
        <Key v="No, konečně. Ovce se mi už neztrácejí, alespoň jste si trochu napravili svou reputaci. Nicméně to jak jste mě podvedli máte stále u mě." t="String" n="%X" />
      </Data>
      <Data n="20156735302554e">
        <Key v="2100,0" t="Vector2" n="!$P" />
        <Key v="_EGate" t="String" n="$T" />
        <Key v="G0" t="String" n="GT" />
        <Key v="1" t="Int32" n="Ex" />
        <Key v="Belif_q_vlkodlak" t="String" n="Var" />
      </Data>
      <Data n="20156734832252e">
        <Key v="2400,0" t="Vector2" n="!$P" />
        <Key v="20202934699316" t="String" n="$T" />
        <Key v="Poreferovat o vlkodlakovi" t="String" n="%CX" />
      </Data>
      <Data n="20156736175655e">
        <Key v="2850,0" t="Vector2" n="!$P" />
        <Key v="_EFunc" t="String" n="$T" />
        <Key v="G1" t="String" n="GT" />
        <Key v="1" t="Int32" n="T2" />
        <Key v="1" t="Decimal" n="Val" />
        <Key v="Belif_q_dobytek_cas" t="String" n="Cnt" />
        <Key v="Os" t="String" n="O" />
      </Data>
      <Data n="20157576896935e">
        <Key v="3150,0" t="Vector2" n="!$P" />
        <Key v="20206371455404" t="String" n="$T" />
        <Key v="CkE" t="String" n="GT" />
        <Key v="SaS" t="String" n="T" />
        <Key v="E20157576778873" t="String" n="Ev" />
      </Data>
      <Data n="20156735307540e">
        <Key v="2100,-2200" t="Vector2" n="!$P" />
        <Key v="_EGate" t="String" n="$T" />
        <Key v="G0" t="String" n="GT" />
        <Key v="1" t="Int32" n="Ex" />
        <Key v="Belif_q_vlci" t="String" n="Var" />
      </Data>
      <Data n="20162941533586e">
        <Key v="2400,-2200" t="Vector2" n="!$P" />
        <Key v="_EGate" t="String" n="$T" />
        <Key v="G0" t="String" n="GT" />
        <Key v="Belif_q_fail_01" t="String" n="Var" />
      </Data>
      <Data n="20156734832486e">
        <Key v="2700,-2200" t="Vector2" n="!$P" />
        <Key v="20202934699316" t="String" n="$T" />
        <Key v="Poreferovat o vlcích" t="String" n="%CX" />
      </Data>
      <Data n="20162536013800e">
        <Key v="3150,-2200" t="Vector2" n="!$P" />
        <Key v="20206371455404" t="String" n="$T" />
        <Key v="CkE" t="String" n="GT" />
        <Key v="SaS" t="String" n="T" />
        <Key v="E20157576778873" t="String" n="Ev" />
      </Data>
      <Data n="20162536014298e">
        <Key v="3600,-2200" t="Vector2" n="!$P" />
        <Key v="_EFunc" t="String" n="$T" />
        <Key v="G1" t="String" n="GT" />
        <Key v="1" t="Int32" n="T2" />
        <Key v="1" t="Decimal" n="Val" />
        <Key v="Belif_q_dobytek_cas" t="String" n="Cnt" />
        <Key v="Os" t="String" n="O" />
      </Data>
      <Data n="20156734832683e">
        <Key v="2100,-2400" t="Vector2" n="!$P" />
        <Key v="20202934699316" t="String" n="$T" />
        <Key v="Negovat" t="String" n="%CX" />
        <Key v="MrE" t="String" n="Spc" />
      </Data>
      <Data n="20156711623398e">
        <Key v="1500,-2600" t="Vector2" n="!$P" />
        <Key v="20202866798502" t="String" n="$T" />
        <Key v="%M1" t="String" n="T" />
        <Key v="Jak pro koho, že? Já bych ho moc dobrým nenazýval..." t="String" n="%X" />
      </Data>
      <Data n="20156736546034e">
        <Key v="3000,-5200" t="Vector2" n="!$P" />
        <Key v="20202866798502" t="String" n="$T" />
        <Key v="Sakryš. To snad není možný, asi jsme něco přehlídli. Hele sorry Belife, samozřejmě to jdeme hned napravit." t="String" n="%X" />
      </Data>
      <Data n="20156735718876e">
        <Key v="2100,-5400" t="Vector2" n="!$P" />
        <Key v="20206495856812" t="String" n="$T" />
        <Key v="Ohledně odměny" t="String" n="!%Txt" />
      </Data>
      <Data n="20156734832253e">
        <Key v="3600,0" t="Vector2" n="!$P" />
        <Key v="20202866798502" t="String" n="$T" />
        <Key v="Budeš překvapen Belife, ale ano.  Za všechno moh strašlivej vlkodlak. A věř mi, když ti říkám, že ten už problémy vopravdu dělat nebude..." t="String" n="%X" />
      </Data>
      <Data n="20156734832487e">
        <Key v="4050,-2200" t="Vector2" n="!$P" />
        <Key v="20202866798502" t="String" n="$T" />
        <Key v="Ano. Problém by měl být vyřešen. Za všechno mohla smečka vlků z místních lesů." t="String" n="%X" />
      </Data>
      <Data n="20156734832684e">
        <Key v="2550,-2400" t="Vector2" n="!$P" />
        <Key v="20202866798502" t="String" n="$T" />
        <Key v="Bohužel, stále na tom pracujeme." t="String" n="%X" />
      </Data>
      <Data n="20156711722219e">
        <Key v="2100,-2600" t="Vector2" n="!$P" />
        <Key v="20202934699316" t="String" n="$T" />
        <Key v="Vyptávat se" t="String" n="%CX" />
      </Data>
      <Data n="20156711722402e">
        <Key v="2100,-4400" t="Vector2" n="!$P" />
        <Key v="20202934699316" t="String" n="$T" />
        <Key v="Vykašlat se na něho" t="String" n="%CX" />
        <Key v="MrE" t="String" n="Spc" />
      </Data>
      <Data n="20156714129007e">
        <Key v="2100,-4600" t="Vector2" n="!$P" />
        <Key v="_EGate" t="String" n="$T" />
        <Key v="G0" t="String" n="GT" />
        <Key v="1" t="Int32" n="Ex" />
        <Key v="Belif_q_info" t="String" n="Var" />
      </Data>
      <Data n="20156711722561e">
        <Key v="2400,-4600" t="Vector2" n="!$P" />
        <Key v="20202934699316" t="String" n="$T" />
        <Key v="Nabídnout pomoc" t="String" n="%CX" />
      </Data>
      <Data n="20162990598624e">
        <Key v="2700,-5400" t="Vector2" n="!$P" />
        <Key v="_EGate" t="String" n="$T" />
        <Key v="G0" t="String" n="GT" />
        <Key v="1" t="Int32" n="Ex" />
        <Key v="Belif_q_vlkodlak" t="String" n="Var" />
      </Data>
      <Data n="20162990602057e">
        <Key v="2700,-6400" t="Vector2" n="!$P" />
        <Key v="_EGate" t="String" n="$T" />
        <Key v="G0" t="String" n="GT" />
        <Key v="Belif_q_vlkodlak" t="String" n="Var" />
      </Data>
      <Data n="20156735022607e">
        <Key v="4200,0" t="Vector2" n="!$P" />
        <Key v="20202866798502" t="String" n="$T" />
        <Key v="%M1" t="String" n="T" />
        <Key v="Vlkodlak? Fakt? No to je strašný. Nicméně jsem rád, že jste mě toho trápení zbavili. Nyní počkáme jednu noc a pokud se nic nestane, dostanete svou odměnu." t="String" n="%X" />
      </Data>
      <Data n="20156735046433e">
        <Key v="4650,-2200" t="Vector2" n="!$P" />
        <Key v="20202866798502" t="String" n="$T" />
        <Key v="%M1" t="String" n="T" />
        <Key v="Smečka vlků říkáte. No doufám, že je opravdu po nich. Ne, že bych Vám nevěřil, ale počkáme jendu noc a pokud se nic zlého nepřihodí, dostanete svou odměnu." t="String" n="%X" />
      </Data>
      <Data n="20156711722220e">
        <Key v="2550,-2600" t="Vector2" n="!$P" />
        <Key v="20202866798502" t="String" n="$T" />
        <Key v="Proč tak nešťastně? Řekni nám co tě trápí, třeba ti dokážem pomoct." t="String" n="%X" />
      </Data>
      <Data n="20156711722403e">
        <Key v="2550,-4400" t="Vector2" n="!$P" />
        <Key v="20202866798502" t="String" n="$T" />
        <Key v="Pche, na tohle fakt nemáme chuť a ani čas..." t="String" n="%X" />
      </Data>
      <Data n="20156711722562e">
        <Key v="2850,-4600" t="Vector2" n="!$P" />
        <Key v="20202866798502" t="String" n="$T" />
        <Key v="Rozumím ti, už jsme slyšeli, že ti mizí dobytek. A víš co? Právě proto jsme tady. Přišli jsme ti nabídnout naší pomoc." t="String" n="%X" />
      </Data>
      <Data n="20162990579787e">
        <Key v="3150,-5400" t="Vector2" n="!$P" />
        <Key v="20206495856812" t="String" n="$T" />
        <Key v="Družina nezabila vlkodlaka, tudíš quest není stále vyřešen." t="String" n="!%Txt" />
      </Data>
      <Data n="20156735404132e">
        <Key v="4800,0" t="Vector2" n="!$P" />
        <Key v="20206495856812" t="String" n="$T" />
        <Key v="Reakce na změnu v podmínkách." t="String" n="!%Txt" />
      </Data>
      <Data n="20156712064965e">
        <Key v="3150,-2600" t="Vector2" n="!$P" />
        <Key v="20202866798502" t="String" n="$T" />
        <Key v="%M1" t="String" n="T" />
        <Key v="No jde o to, že před několika dny se mi začal ztrácet dobytek. Zkusil jsem jednu noc na něj dávat pozor, ale nakonec jsem utekl. Vám říkám, viděl jsem tam několik zlých párů žlutě žhnoucích očí a vzal nohy na ramena. Když jsem o tom vypravoval místním strážím, říkali, že je válka a že na to nemaj čas, ale pokud přijdu o všechen dobytek, nebudu už mít dalšího živobytí..." t="String" n="%X" />
      </Data>
      <Data n="20156712078735e">
        <Key v="3450,-4600" t="Vector2" n="!$P" />
        <Key v="20202866798502" t="String" n="$T" />
        <Key v="%M1" t="String" n="T" />
        <Key v="Vážně? Už jsem skoro nedoufal. Povím vám tedy všechno co vím. Jen doufám, že to bude co platné." t="String" n="%X" />
      </Data>
      <Data n="20156735795206e">
        <Key v="3750,-5400" t="Vector2" n="!$P" />
        <Key v="_EGate" t="String" n="$T" />
        <Key v="G1" t="String" n="GT" />
        <Key v="1" t="Int32" n="T2" />
        <Key v="2" t="Decimal" n="Val" />
        <Key v="Belif_q_dobytek" t="String" n="Cnt" />
        <Key v="Oe" t="String" n="O" />
      </Data>
      <Data n="20156735791968e">
        <Key v="3750,-6200" t="Vector2" n="!$P" />
        <Key v="_EGate" t="String" n="$T" />
        <Key v="G1" t="String" n="GT" />
        <Key v="1" t="Int32" n="T2" />
        <Key v="1" t="Decimal" n="Val" />
        <Key v="Belif_q_dobytek" t="String" n="Cnt" />
        <Key v="Oe" t="String" n="O" />
      </Data>
      <Data n="20156735407504e">
        <Key v="5400,0" t="Vector2" n="!$P" />
        <Key v="20202934699316" t="String" n="$T" />
        <Key v="Souhlasit" t="String" n="%CX" />
        <Key v="MrE" t="String" n="Spc" />
      </Data>
      <Data n="20156735407721e">
        <Key v="5400,-200" t="Vector2" n="!$P" />
        <Key v="20202934699316" t="String" n="$T" />
        <Key v="Oponovat" t="String" n="%CX" />
      </Data>
      <Data n="20156713142641e">
        <Key v="3750,-2600" t="Vector2" n="!$P" />
        <Key v="20202934699316" t="String" n="$T" />
        <Key v="Přijmout úkol" t="String" n="%CX" />
      </Data>
      <Data n="20162516782438e">
        <Key v="4200,-2600" t="Vector2" n="!$P" />
        <Key v="20206371455404" t="String" n="$T" />
        <Key v="CkQ" t="String" n="GT" />
        <Key v="Q20161602557153" t="String" n="Qs" />
      </Data>
      <Data n="20156713142806e">
        <Key v="3750,-2800" t="Vector2" n="!$P" />
        <Key v="20202934699316" t="String" n="$T" />
        <Key v="Nepřijmout úkol" t="String" n="%CX" />
      </Data>
      <Data n="20162514889948e">
        <Key v="4200,-2800" t="Vector2" n="!$P" />
        <Key v="_EFunc" t="String" n="$T" />
        <Key v="G1" t="String" n="GT" />
        <Key v="1" t="Int32" n="T2" />
        <Key v="0" t="Decimal" n="Val" />
        <Key v="Belif_q_dobytek" t="String" n="Cnt" />
        <Key v="Os" t="String" n="O" />
      </Data>
      <Data n="20156713540528e">
        <Key v="3750,-3000" t="Vector2" n="!$P" />
        <Key v="_EGate" t="String" n="$T" />
        <Key v="G0" t="String" n="GT" />
        <Key v="Belif_obchodovani" t="String" n="Var" />
      </Data>
      <Data n="20156713142947e">
        <Key v="4050,-3000" t="Vector2" n="!$P" />
        <Key v="20202934699316" t="String" n="$T" />
        <Key v="Ohledně odměny?" t="String" n="%CX" />
      </Data>
      <Data n="20156712096043e">
        <Key v="4050,-4600" t="Vector2" n="!$P" />
        <Key v="20202934699316" t="String" n="$T" />
        <Key v="Nechat ho pokračovat" t="String" n="%CX" />
      </Data>
      <Data n="20156712096205e">
        <Key v="4050,-4800" t="Vector2" n="!$P" />
        <Key v="20202934699316" t="String" n="$T" />
        <Key v="Nejprve se zeptat na odměnu" t="String" n="%CX" />
      </Data>
      <Data n="20156736091190e">
        <Key v="4200,-5400" t="Vector2" n="!$P" />
        <Key v="20206495856812" t="String" n="$T" />
        <Key v="Reakce dle počtu mrtvých ovcí." t="String" n="!%Txt" />
      </Data>
      <Data n="20162535696299e">
        <Key v="4200,-6200" t="Vector2" n="!$P" />
        <Key v="_EFunc" t="String" n="$T" />
        <Key v="G0" t="String" n="GT" />
        <Key v="Belif_q_predana_odmena" t="String" n="Var" />
      </Data>
      <Data n="20156735407505e">
        <Key v="5850,0" t="Vector2" n="!$P" />
        <Key v="20202866798502" t="String" n="$T" />
        <Key v="Dobrá tedy. Počkáme jednu noc a zítra přijdem." t="String" n="%X" />
      </Data>
      <Data n="20156735407722e">
        <Key v="5850,-200" t="Vector2" n="!$P" />
        <Key v="20202866798502" t="String" n="$T" />
        <Key v="Hele, tohle na nás nezkoušej. O žádném čekání nebyla řeč. Chceme naší odměnu hned." t="String" n="%X" />
      </Data>
      <Data n="20156713142642e">
        <Key v="4650,-2600" t="Vector2" n="!$P" />
        <Key v="20202866798502" t="String" n="$T" />
        <Key v="No Belife, zní to dost nebezpečně, ale my se jen tak něčeho nezaleknem a víš co? Hned se na to vrhnem." t="String" n="%X" />
      </Data>
      <Data n="20156713142807e">
        <Key v="4650,-2800" t="Vector2" n="!$P" />
        <Key v="20202866798502" t="String" n="$T" />
        <Key v="Ty čoveče, zní to dost nebezpečně. S tím nechcem mít nic společného." t="String" n="%X" />
      </Data>
      <Data n="20156713142948e">
        <Key v="4500,-3000" t="Vector2" n="!$P" />
        <Key v="20202866798502" t="String" n="$T" />
        <Key v="Ještě by nás zajímalo, co za tuhle nebezpečnou práci dostaneme?" t="String" n="%X" />
      </Data>
      <Data n="20156712096044e">
        <Key v="4500,-4600" t="Vector2" n="!$P" />
        <Key v="20202866798502" t="String" n="$T" />
        <Key v="Výborně. Jen spusť. Posloucháme." t="String" n="%X" />
      </Data>
      <Data n="20156712096206e">
        <Key v="4500,-4800" t="Vector2" n="!$P" />
        <Key v="20202866798502" t="String" n="$T" />
        <Key v="Né tak rychle. Než se nám tady rozpovídáš, tak by nás celkem zajímalo, co nám z toho kápne. Neradi pracujem zadara." t="String" n="%X" />
      </Data>
      <Data n="20156735834421e">
        <Key v="4800,-5400" t="Vector2" n="!$P" />
        <Key v="_EGate" t="String" n="$T" />
        <Key v="G1" t="String" n="GT" />
        <Key v="1" t="Int32" n="T2" />
        <Key v="5" t="Decimal" n="Val" />
        <Key v="Belif_q_dobytek_ovce" t="String" n="Cnt" />
        <Key v="Oeg" t="String" n="O" />
      </Data>
      <Data n="20156735834422e">
        <Key v="4800,-5600" t="Vector2" n="!$P" />
        <Key v="_EGate" t="String" n="$T" />
        <Key v="G1" t="String" n="GT" />
        <Key v="1" t="Int32" n="T2" />
        <Key v="4" t="Decimal" n="Val" />
        <Key v="Belif_q_dobytek_ovce" t="String" n="Cnt" />
        <Key v="Oel" t="String" n="O" />
      </Data>
      <Data n="20156735834423e">
        <Key v="5100,-5600" t="Vector2" n="!$P" />
        <Key v="_EGate" t="String" n="$T" />
        <Key v="G1" t="String" n="GT" />
        <Key v="1" t="Int32" n="T2" />
        <Key v="2" t="Decimal" n="Val" />
        <Key v="Belif_q_dobytek_ovce" t="String" n="Cnt" />
        <Key v="Oeg" t="String" n="O" />
      </Data>
      <Data n="20156735834424e">
        <Key v="4800,-5800" t="Vector2" n="!$P" />
        <Key v="_EGate" t="String" n="$T" />
        <Key v="G1" t="String" n="GT" />
        <Key v="1" t="Int32" n="T2" />
        <Key v="1" t="Decimal" n="Val" />
        <Key v="Belif_q_dobytek_ovce" t="String" n="Cnt" />
        <Key v="Oe" t="String" n="O" />
      </Data>
      <Data n="20156735834425e">
        <Key v="4800,-6000" t="Vector2" n="!$P" />
        <Key v="_EGate" t="String" n="$T" />
        <Key v="G1" t="String" n="GT" />
        <Key v="1" t="Int32" n="T2" />
        <Key v="0" t="Decimal" n="Val" />
        <Key v="Belif_q_dobytek_ovce" t="String" n="Cnt" />
        <Key v="Oe" t="String" n="O" />
      </Data>
      <Data n="20156735420904e">
        <Key v="6450,-200" t="Vector2" n="!$P" />
        <Key v="20202866798502" t="String" n="$T" />
        <Key v="%M1" t="String" n="T" />
        <Key v="No a to vám mám jako hned věřit? Musím si to nejdříve ověřit. Nebudu o tom dále diskutovat. Jestli chcete svojí odměnu, musíte počkat do zítra." t="String" n="%X" />
      </Data>
      <Data n="20156713203256e">
        <Key v="5250,-2600" t="Vector2" n="!$P" />
        <Key v="_EFunc" t="String" n="$T" />
        <Key v="G1" t="String" n="GT" />
        <Key v="1" t="Int32" n="T2" />
        <Key v="1" t="Decimal" n="Val" />
        <Key v="Belif_q_dobytek" t="String" n="Cnt" />
        <Key v="O+" t="String" n="O" />
      </Data>
      <Data n="20156713551645e">
        <Key v="5250,-2800" t="Vector2" n="!$P" />
        <Key v="20202866798502" t="String" n="$T" />
        <Key v="%M1" t="String" n="T" />
        <Key v="Tak táhněte k čertu." t="String" n="%X" />
      </Data>
      <Data n="20156713217340e">
        <Key v="5100,-3000" t="Vector2" n="!$P" />
        <Key v="20202866798502" t="String" n="$T" />
        <Key v="%M1" t="String" n="T" />
        <Key v="Ah, ano, ano... jistě. Nechte mě chvíli přemejšlet... Tož když vyřešíte můj problém dám vám 40 stříbrných + měďák, za každé zachráněné zvíře. Ale odměna se bude snižovat o 5 měďáků za každé ztracené zvíře. Souhlasíte?" t="String" n="%X" />
      </Data>
      <Data n="20156735889506e">
        <Key v="5250,-5400" t="Vector2" n="!$P" />
        <Key v="20202866798502" t="String" n="$T" />
        <Key v="%M1" t="String" n="T" />
        <Key v="No bohužel jsem přišel o &quot;5+&quot; ovcí. Snad to nějak zvládnu. Hlavně že je můj problém vyřešen. Zde vaše odměna. Samozřejme razantně snížena o mrtvé ovce tak, jak jsme se dohodli." t="String" n="%X" />
      </Data>
      <Data n="20156735832099e">
        <Key v="5550,-5600" t="Vector2" n="!$P" />
        <Key v="20202866798502" t="String" n="$T" />
        <Key v="%M1" t="String" n="T" />
        <Key v="Takže jsem přišel jen o pár ovcí (2-4). Se holt nedá nic dělat, hlavně že už nebudu přicházet o žádné další. Zde je vaše odměna, samozřejmě snížena o ztracené ovce tak, jak jsme se dohodli." t="String" n="%X" />
      </Data>
      <Data n="20156735831736e">
        <Key v="5250,-5800" t="Vector2" n="!$P" />
        <Key v="20202866798502" t="String" n="$T" />
        <Key v="%M1" t="String" n="T" />
        <Key v="Pouze jedna ovce byla zabita. To je opravdu báječné. Děkuji vám mockrát. Zde je vaše slíbená odmněna." t="String" n="%X" />
      </Data>
      <Data n="20156735809730e">
        <Key v="5250,-6000" t="Vector2" n="!$P" />
        <Key v="20202866798502" t="String" n="$T" />
        <Key v="%M1" t="String" n="T" />
        <Key v="Od našeho setkání jsem nepřišel ani o jednu ovci. To je neuvěřitelný. Tisíceré díky. Zde, odměna v plné výši. Ještě jednou díky moc..." t="String" n="%X" />
      </Data>
      <Data n="20156735610239e">
        <Key v="7050,-200" t="Vector2" n="!$P" />
        <Key v="_EGate" t="String" n="$T" />
        <Key v="G0" t="String" n="GT" />
        <Key v="1" t="Int32" n="Ex" />
        <Key v="Belif_q_vlkodlak" t="String" n="Var" />
      </Data>
      <Data n="20156735601970e">
        <Key v="7350,-200" t="Vector2" n="!$P" />
        <Key v="20202934699316" t="String" n="$T" />
        <Key v="Přesvědčit ho" t="String" n="%CX" />
        <Key v="RoP" t="String" n="Spc" />
        <Key v="L2" t="String" n="Lvl" />
      </Data>
      <Data n="20156735463193e">
        <Key v="7050,-1600" t="Vector2" n="!$P" />
        <Key v="20202934699316" t="String" n="$T" />
        <Key v="Podrobit se podmínkám" t="String" n="%CX" />
      </Data>
      <Data n="20156735463498e">
        <Key v="7050,-1800" t="Vector2" n="!$P" />
        <Key v="20202934699316" t="String" n="$T" />
        <Key v="Vyhrožovat" t="String" n="%CX" />
        <Key v="RoI" t="String" n="Spc" />
        <Key v="L1" t="String" n="Lvl" />
      </Data>
      <Data n="20156713531385e">
        <Key v="5700,-3000" t="Vector2" n="!$P" />
        <Key v="_EFunc" t="String" n="$T" />
        <Key v="G0" t="String" n="GT" />
        <Key v="Belif_obchodovani" t="String" n="Var" />
      </Data>
      <Data n="20156735601971e">
        <Key v="7800,-200" t="Vector2" n="!$P" />
        <Key v="20202866798502" t="String" n="$T" />
        <Key v="Jojo, tomu rozumíme, ale uznej přeci,  že je nad míru jasný, že za vše moh ten vlkodlak. A toho jsme přeci vodstranili. Těch zbylých pár vlků, kteří se pohybují na severu, se nikdy sami vod sebe takhle blízko k městu nepřiblíží. Věc je jasně hotová..." t="String" n="%X" />
      </Data>
      <Data n="20156735463499e">
        <Key v="7500,-1800" t="Vector2" n="!$P" />
        <Key v="20202866798502" t="String" n="$T" />
        <Key v="Tak poslouchej ty jeden páprdo, naval naší odměnu HNED, jinak můžeš přijít o něco cenějšího, než jen pár ovcí!" t="String" n="%X" />
      </Data>
      <Data n="20156713569852e">
        <Key v="6150,-3000" t="Vector2" n="!$P" />
        <Key v="20202934699316" t="String" n="$T" />
        <Key v="Souhlasit s podmínkamy a optat se na podrobnosti" t="String" n="%CX" />
      </Data>
      <Data n="20156713387346e">
        <Key v="6150,-3200" t="Vector2" n="!$P" />
        <Key v="20202934699316" t="String" n="$T" />
        <Key v="Pokusit se zařídit lepší podmínky" t="String" n="%CX" />
        <Key v="RoT" t="String" n="Spc" />
        <Key v="L2" t="String" n="Lvl" />
      </Data>
      <Data n="20156713387520e">
        <Key v="6150,-4200" t="Vector2" n="!$P" />
        <Key v="20202934699316" t="String" n="$T" />
        <Key v="Souhlasit a přijmout úkol" t="String" n="%CX" />
      </Data>
      <Data n="20162516801646e">
        <Key v="6600,-4200" t="Vector2" n="!$P" />
        <Key v="20206371455404" t="String" n="$T" />
        <Key v="CkQ" t="String" n="GT" />
        <Key v="Q20161602557153" t="String" n="Qs" />
      </Data>
      <Data n="20157525194876e">
        <Key v="8400,-200" t="Vector2" n="!$P" />
        <Key v="_EGate" t="String" n="$T" />
        <Key v="G1" t="String" n="GT" />
        <Key v="1" t="Int32" n="T2" />
        <Key v="2" t="Decimal" n="Val" />
        <Key v="XResult" t="String" n="Cnt" />
        <Key v="Oeg" t="String" n="O" />
      </Data>
      <Data n="20157525196473e">
        <Key v="8400,-1400" t="Vector2" n="!$P" />
        <Key v="_EGate" t="String" n="$T" />
        <Key v="G1" t="String" n="GT" />
        <Key v="1" t="Int32" n="T2" />
        <Key v="0" t="Decimal" n="Val" />
        <Key v="XResult" t="String" n="Cnt" />
        <Key v="Oeg" t="String" n="O" />
      </Data>
      <Data n="20157525190692e">
        <Key v="8100,-1800" t="Vector2" n="!$P" />
        <Key v="_EGate" t="String" n="$T" />
        <Key v="G1" t="String" n="GT" />
        <Key v="1" t="Int32" n="T2" />
        <Key v="2" t="Decimal" n="Val" />
        <Key v="XResult" t="String" n="Cnt" />
        <Key v="Oeg" t="String" n="O" />
      </Data>
      <Data n="20162535593979e">
        <Key v="8400,-1800" t="Vector2" n="!$P" />
        <Key v="_EFunc" t="String" n="$T" />
        <Key v="G0" t="String" n="GT" />
        <Key v="Belif_q_vynucena_odmena" t="String" n="Var" />
      </Data>
      <Data n="20157525192669e">
        <Key v="8100,-2000" t="Vector2" n="!$P" />
        <Key v="_EGate" t="String" n="$T" />
        <Key v="G1" t="String" n="GT" />
        <Key v="1" t="Int32" n="T2" />
        <Key v="0" t="Decimal" n="Val" />
        <Key v="XResult" t="String" n="Cnt" />
        <Key v="Oeg" t="String" n="O" />
      </Data>
      <Data n="20156713503634e">
        <Key v="6600,-3000" t="Vector2" n="!$P" />
        <Key v="20202866798502" t="String" n="$T" />
        <Key v="Tak teda jo, nabídku příjmáme. Ale ještě než si plácnem, pověz nám tedy všechno co víš." t="String" n="%X" />
      </Data>
      <Data n="20156713387347e">
        <Key v="6600,-3200" t="Vector2" n="!$P" />
        <Key v="20202866798502" t="String" n="$T" />
        <Key v="A hele ho. Koukám že nejsi jenom farmář, ale také obchodník. A toho bychom rádi využili. Co říkáš na to, nabídnout nám o něco lepší podmínky. Přeci jenom je to TVŮJ dobytek, TVÉ živobytí a při správné motivaci budeme schopni tenhle problém vyřešit co nejdřív, což se ti rozhodně vyplatí. Co říkáš?" t="String" n="%X" />
      </Data>
      <Data n="20156713387521e">
        <Key v="7050,-4200" t="Vector2" n="!$P" />
        <Key v="20202866798502" t="String" n="$T" />
        <Key v="Je vidět, že nejste jenom farmář, ale také obchodník. Vaše podmínky přijímáme a hned se na to vrhnem." t="String" n="%X" />
      </Data>
      <Data n="20156735649834e">
        <Key v="8850,-200" t="Vector2" n="!$P" />
        <Key v="20202866798502" t="String" n="$T" />
        <Key v="%M1" t="String" n="T" />
        <Key v="No, tak jo no. Asi máte pravdu. Zní to tak nějak rozumně. Dostanete tedy svoji odměnu hned, nicméně doufám, že se mě nesnažíte podvést." t="String" n="%X" />
      </Data>
      <Data n="20156735650053e">
        <Key v="8850,-1400" t="Vector2" n="!$P" />
        <Key v="20202866798502" t="String" n="$T" />
        <Key v="%M1" t="String" n="T" />
        <Key v="I když vše co říkáte dává smysl, stejně si to musím ověřit. Prosím pochopte to a přijďte zítra. Věřím, že vše bude v pořádku a já vám vaší odměnu rád předám." t="String" n="%X" />
      </Data>
      <Data n="20156735545424e">
        <Key v="8850,-1800" t="Vector2" n="!$P" />
        <Key v="20202866798502" t="String" n="$T" />
        <Key v="%M1" t="String" n="T" />
        <Key v="Okej, dobrá tedy. Nechci žádný další problémy. Dostanete svojí odměnu hned. Ale jestli mi kecáte, buďte si jisti, že se to všichni dozví." t="String" n="%X" />
      </Data>
      <Data n="20156735545605e">
        <Key v="8550,-2000" t="Vector2" n="!$P" />
        <Key v="20202866798502" t="String" n="$T" />
        <Key v="%M1" t="String" n="T" />
        <Key v="Bez mého živobytí stejně nemám co ztratit. Takže si dělejte co chcete, ale odměnu nedostanete dřív jak zejtra." t="String" n="%X" />
      </Data>
      <Data n="20157525068408e">
        <Key v="7200,-3200" t="Vector2" n="!$P" />
        <Key v="_EGate" t="String" n="$T" />
        <Key v="G1" t="String" n="GT" />
        <Key v="1" t="Int32" n="T2" />
        <Key v="2" t="Decimal" n="Val" />
        <Key v="XResult" t="String" n="Cnt" />
        <Key v="Oeg" t="String" n="O" />
      </Data>
      <Data n="20157525071684e">
        <Key v="7200,-3800" t="Vector2" n="!$P" />
        <Key v="_EGate" t="String" n="$T" />
        <Key v="G1" t="String" n="GT" />
        <Key v="1" t="Int32" n="T2" />
        <Key v="0" t="Decimal" n="Val" />
        <Key v="XResult" t="String" n="Cnt" />
        <Key v="Oeg" t="String" n="O" />
      </Data>
      <Data n="20156713397999e">
        <Key v="7650,-4200" t="Vector2" n="!$P" />
        <Key v="_EFunc" t="String" n="$T" />
        <Key v="G1" t="String" n="GT" />
        <Key v="1" t="Int32" n="T2" />
        <Key v="1" t="Decimal" n="Val" />
        <Key v="Belif_q_dobytek" t="String" n="Cnt" />
        <Key v="O+" t="String" n="O" />
      </Data>
      <Data n="20156713431697e">
        <Key v="7650,-3200" t="Vector2" n="!$P" />
        <Key v="20202866798502" t="String" n="$T" />
        <Key v="%M1" t="String" n="T" />
        <Key v="Dobrá tedy. Tak tedy svou nabídku trochu pozměním. Za každý zachráněný zvíře vám dám navíc 5 měďáků, ale za každý ztracený stříbrňák zaplatíte. Tak co? Teď budete dostatečně namotivováni?" t="String" n="%X" />
      </Data>
      <Data n="20156713431928e">
        <Key v="7650,-3800" t="Vector2" n="!$P" />
        <Key v="20202866798502" t="String" n="$T" />
        <Key v="%M1" t="String" n="T" />
        <Key v="Bohužel, za stávající situace si nemohu více dovolit. Tak co? Můžeme si teda plácnout?" t="String" n="%X" />
      </Data>
      <Data n="20156713591946e">
        <Key v="8250,-3200" t="Vector2" n="!$P" />
        <Key v="20202934699316" t="String" n="$T" />
        <Key v="Nevzít úkol" t="String" n="%CX" />
      </Data>
      <Data n="20156713592105e">
        <Key v="8250,-3400" t="Vector2" n="!$P" />
        <Key v="20202934699316" t="String" n="$T" />
        <Key v="Vzít raději předchozí nabídku" t="String" n="%CX" />
      </Data>
      <Data n="20156713592262e">
        <Key v="8250,-3600" t="Vector2" n="!$P" />
        <Key v="20202934699316" t="String" n="$T" />
        <Key v="Souhlasit s novou nabídkou" t="String" n="%CX" />
      </Data>
      <Data n="20156713503635e">
        <Key v="8250,-3800" t="Vector2" n="!$P" />
        <Key v="20202934699316" t="String" n="$T" />
        <Key v="Vzít nabídku" t="String" n="%CX" />
      </Data>
      <Data n="20156713503909e">
        <Key v="8250,-4000" t="Vector2" n="!$P" />
        <Key v="20202934699316" t="String" n="$T" />
        <Key v="Odmítnout nabídku" t="String" n="%CX" />
      </Data>
      <Data n="20156713591947e">
        <Key v="8700,-3200" t="Vector2" n="!$P" />
        <Key v="20202866798502" t="String" n="$T" />
        <Key v="No,ani tahle nabídka se nám moc nelíbí. Víš co? budeš si muset poradit sám." t="String" n="%X" />
      </Data>
      <Data n="20156713592106e">
        <Key v="8700,-3400" t="Vector2" n="!$P" />
        <Key v="20202866798502" t="String" n="$T" />
        <Key v="Nu, když tak nad tím přemýšlím, popravdě se nám více líbila předchozí nabídka. Ale ještě než si plácnem, pověz nám tedy vše co víš." t="String" n="%X" />
      </Data>
      <Data n="20156713592263e">
        <Key v="8700,-3600" t="Vector2" n="!$P" />
        <Key v="20202866798502" t="String" n="$T" />
        <Key v="No vidíš, to je mnohem zajímavější.  Ale ještě než si plácnem, pověz nám tedy všechno co víš." t="String" n="%X" />
      </Data>
      <Data n="20156713503910e">
        <Key v="8700,-4000" t="Vector2" n="!$P" />
        <Key v="20202866798502" t="String" n="$T" />
        <Key v="Ty Belife ta nabídka se nám moc nezdá. Víš co, poraď si sám..." t="String" n="%X" />
      </Data>
      <Data n="20156713687474e">
        <Key v="9300,-3600" t="Vector2" n="!$P" />
        <Key v="_EFunc" t="String" n="$T" />
        <Key v="G1" t="String" n="GT" />
        <Key v="1" t="Int32" n="T2" />
        <Key v="1" t="Decimal" n="Val" />
        <Key v="Belif_q_dobytek" t="String" n="Cnt" />
        <Key v="O+" t="String" n="O" />
      </Data>
    </Data>
    <Data n="$Conns">
      <Data n="20156734678000c">
        <Key v="20156734678000e" t="String" n="$E" />
      </Data>
      <Data n="20156736151144c">
        <Key v="20156736151144e" t="String" n="$E" />
        <Key v="20156734678000e" t="String" n="$S" />
      </Data>
      <Data n="20162535776879c">
        <Key v="20162535776879e" t="String" n="$E" />
        <Key v="20156736151144e" t="String" n="$S" />
      </Data>
      <Data n="20156732584805c">
        <Key v="20156732584805e" t="String" n="$E" />
      </Data>
      <Data n="20156736380210c">
        <Key v="20156736380210e" t="String" n="$E" />
      </Data>
      <Data n="20156736380211c">
        <Key v="20156736380211e" t="String" n="$E" />
      </Data>
      <Data n="20156736481769c">
        <Key v="20156736481769e" t="String" n="$E" />
        <Key v="20156736380211e" t="String" n="$S" />
      </Data>
      <Data n="20162536048462c">
        <Key v="20162536048462e" t="String" n="$E" />
        <Key v="20156736481769e" t="String" n="$S" />
      </Data>
      <Data n="20162941516740c">
        <Key v="20162941516740e" t="String" n="$E" />
        <Key v="20162536048462e" t="String" n="$S" />
      </Data>
      <Data n="20162941495951c">
        <Key v="20162941495951e" t="String" n="$E" />
        <Key v="20162941516740e" t="String" n="$S" />
      </Data>
      <Data n="20162941525808c">
        <Key v="20162941525808e" t="String" n="$E" />
        <Key v="20162941495951e" t="String" n="$S" />
      </Data>
      <Data n="20156736534559c">
        <Key v="20156736534559e" t="String" n="$E" />
      </Data>
      <Data n="20156736380212c">
        <Key v="20156736380212e" t="String" n="$E" />
        <Key v="20156736534559e" t="String" n="$S" />
      </Data>
      <Data n="20162535719775c">
        <Key v="20162535719775e" t="String" n="$E" />
        <Key v="20156736380212e" t="String" n="$S" />
      </Data>
      <Data n="20162535618222c">
        <Key v="20162535618222e" t="String" n="$E" />
      </Data>
      <Data n="20162535622275c">
        <Key v="20162535622275e" t="String" n="$E" />
        <Key v="20162535618222e" t="String" n="$S" />
      </Data>
      <Data n="20162535624714c">
        <Key v="20162535624714e" t="String" n="$E" />
        <Key v="20162535622275e" t="String" n="$S" />
      </Data>
      <Data n="20162535659179c">
        <Key v="20162535659179e" t="String" n="$E" />
        <Key v="20162535624714e" t="String" n="$S" />
      </Data>
      <Data n="20162536084937c">
        <Key v="20162536084937e" t="String" n="$E" />
        <Key v="20162535659179e" t="String" n="$S" />
      </Data>
      <Data n="20162535677372c">
        <Key v="20162535677372e" t="String" n="$E" />
      </Data>
      <Data n="20162535680998c">
        <Key v="20162535680998e" t="String" n="$E" />
        <Key v="20162535677372e" t="String" n="$S" />
      </Data>
      <Data n="20162535721627c">
        <Key v="20162535721627e" t="String" n="$E" />
        <Key v="20162535680998e" t="String" n="$S" />
      </Data>
      <Data n="20162536087581c">
        <Key v="20162536087581e" t="String" n="$E" />
        <Key v="20162535721627e" t="String" n="$S" />
      </Data>
      <Data n="20162536091847c">
        <Key v="20162536091847e" t="String" n="$E" />
      </Data>
      <Data n="20162536092277c">
        <Key v="20162536092277e" t="String" n="$E" />
        <Key v="20162536091847e" t="String" n="$S" />
      </Data>
      <Data n="20162536093412c">
        <Key v="20162536093412e" t="String" n="$E" />
        <Key v="20162536092277e" t="String" n="$S" />
      </Data>
      <Data n="20162536094289c">
        <Key v="20162536094289e" t="String" n="$E" />
        <Key v="20162536093412e" t="String" n="$S" />
      </Data>
      <Data n="20156732345942c">
        <Key v="20156732345942e" t="String" n="$E" />
        <Key v="20162535776879e" t="String" n="$S" />
      </Data>
      <Data n="20156449661278c">
        <Key v="20156449661278e" t="String" n="$E" />
        <Key v="20156732584805e" t="String" n="$S" />
      </Data>
      <Data n="20156736204951c">
        <Key v="20156736204951e" t="String" n="$E" />
        <Key v="20156736380210e" t="String" n="$S" />
      </Data>
      <Data n="20156736411280c">
        <Key v="20156736411280e" t="String" n="$E" />
        <Key v="20162941525808e" t="String" n="$S" />
      </Data>
      <Data n="20156736486145c">
        <Key v="20156736486145e" t="String" n="$E" />
        <Key v="20162535719775e" t="String" n="$S" />
      </Data>
      <Data n="20162535617257c">
        <Key v="20162535617257e" t="String" n="$E" />
        <Key v="20162536084937e" t="String" n="$S" />
      </Data>
      <Data n="20162535649428c">
        <Key v="20162535649428e" t="String" n="$E" />
        <Key v="20162536087581e" t="String" n="$S" />
      </Data>
      <Data n="20162536090235c">
        <Key v="20162536090235e" t="String" n="$E" />
        <Key v="20162536094289e" t="String" n="$S" />
      </Data>
      <Data n="20156735302554c">
        <Key v="20156735302554e" t="String" n="$E" />
        <Key v="20156732345942e" t="String" n="$S" />
      </Data>
      <Data n="20156734832252c">
        <Key v="20156734832252e" t="String" n="$E" />
        <Key v="20156735302554e" t="String" n="$S" />
      </Data>
      <Data n="20156736175655c">
        <Key v="20156736175655e" t="String" n="$E" />
        <Key v="20156734832252e" t="String" n="$S" />
      </Data>
      <Data n="20157576896935c">
        <Key v="20157576896935e" t="String" n="$E" />
        <Key v="20156736175655e" t="String" n="$S" />
      </Data>
      <Data n="20156735307540c">
        <Key v="20156735307540e" t="String" n="$E" />
        <Key v="20156732345942e" t="String" n="$S" />
      </Data>
      <Data n="20162941533586c">
        <Key v="20162941533586e" t="String" n="$E" />
        <Key v="20156735307540e" t="String" n="$S" />
      </Data>
      <Data n="20156734832486c">
        <Key v="20156734832486e" t="String" n="$E" />
        <Key v="20162941533586e" t="String" n="$S" />
      </Data>
      <Data n="20162536013800c">
        <Key v="20162536013800e" t="String" n="$E" />
        <Key v="20156734832486e" t="String" n="$S" />
      </Data>
      <Data n="20162536014298c">
        <Key v="20162536014298e" t="String" n="$E" />
        <Key v="20162536013800e" t="String" n="$S" />
      </Data>
      <Data n="20156734832683c">
        <Key v="20156734832683e" t="String" n="$E" />
        <Key v="20156732345942e" t="String" n="$S" />
      </Data>
      <Data n="20156711623398c">
        <Key v="20156711623398e" t="String" n="$E" />
        <Key v="20156449661278e" t="String" n="$S" />
      </Data>
      <Data n="20156736546034c">
        <Key v="20156736546034e" t="String" n="$E" />
        <Key v="20156736411280e" t="String" n="$S" />
      </Data>
      <Data n="20156735718876c">
        <Key v="20156735718876e" t="String" n="$E" />
        <Key v="20156736486145e" t="String" n="$S" />
      </Data>
      <Data n="20156734832253c">
        <Key v="20156734832253e" t="String" n="$E" />
        <Key v="20157576896935e" t="String" n="$S" />
      </Data>
      <Data n="20156734832487c">
        <Key v="20156734832487e" t="String" n="$E" />
        <Key v="20162536014298e" t="String" n="$S" />
      </Data>
      <Data n="20156734832684c">
        <Key v="20156734832684e" t="String" n="$E" />
        <Key v="20156734832683e" t="String" n="$S" />
      </Data>
      <Data n="20156711722219c">
        <Key v="20156711722219e" t="String" n="$E" />
        <Key v="20156711623398e" t="String" n="$S" />
      </Data>
      <Data n="20156711722402c">
        <Key v="20156711722402e" t="String" n="$E" />
        <Key v="20156711623398e" t="String" n="$S" />
      </Data>
      <Data n="20156714129007c">
        <Key v="20156714129007e" t="String" n="$E" />
        <Key v="20156711623398e" t="String" n="$S" />
      </Data>
      <Data n="20156711722561c">
        <Key v="20156711722561e" t="String" n="$E" />
        <Key v="20156714129007e" t="String" n="$S" />
      </Data>
      <Data n="20162990598624c">
        <Key v="20162990598624e" t="String" n="$E" />
        <Key v="20156735718876e" t="String" n="$S" />
      </Data>
      <Data n="20162990602057c">
        <Key v="20162990602057e" t="String" n="$E" />
        <Key v="20156735718876e" t="String" n="$S" />
      </Data>
      <Data n="20156735022607c">
        <Key v="20156735022607e" t="String" n="$E" />
        <Key v="20156734832253e" t="String" n="$S" />
      </Data>
      <Data n="20156735046433c">
        <Key v="20156735046433e" t="String" n="$E" />
        <Key v="20156734832487e" t="String" n="$S" />
      </Data>
      <Data n="20156711722220c">
        <Key v="20156711722220e" t="String" n="$E" />
        <Key v="20156711722219e" t="String" n="$S" />
      </Data>
      <Data n="20156711722403c">
        <Key v="20156711722403e" t="String" n="$E" />
        <Key v="20156711722402e" t="String" n="$S" />
      </Data>
      <Data n="20156711722562c">
        <Key v="20156711722562e" t="String" n="$E" />
        <Key v="20156711722561e" t="String" n="$S" />
      </Data>
      <Data n="20162990579787c">
        <Key v="20162990579787e" t="String" n="$E" />
        <Key v="20162990598624e" t="String" n="$S" />
      </Data>
      <Data n="20206616255959c">
        <Key v="20162990579787e" t="String" n="$E" />
        <Key v="20162990602057e" t="String" n="$S" />
      </Data>
      <Data n="20156735404132c">
        <Key v="20156735404132e" t="String" n="$E" />
        <Key v="20156735022607e" t="String" n="$S" />
      </Data>
      <Data n="20206616255961c">
        <Key v="20156735404132e" t="String" n="$E" />
        <Key v="20156735046433e" t="String" n="$S" />
      </Data>
      <Data n="20156712064965c">
        <Key v="20156712064965e" t="String" n="$E" />
        <Key v="20156711722220e" t="String" n="$S" />
      </Data>
      <Data n="20156712078735c">
        <Key v="20156712078735e" t="String" n="$E" />
        <Key v="20156711722562e" t="String" n="$S" />
      </Data>
      <Data n="20156735795206c">
        <Key v="20156735795206e" t="String" n="$E" />
        <Key v="20162990579787e" t="String" n="$S" />
      </Data>
      <Data n="20156735791968c">
        <Key v="20156735791968e" t="String" n="$E" />
        <Key v="20162990579787e" t="String" n="$S" />
      </Data>
      <Data n="20156735407504c">
        <Key v="20156735407504e" t="String" n="$E" />
        <Key v="20156735404132e" t="String" n="$S" />
      </Data>
      <Data n="20156735407721c">
        <Key v="20156735407721e" t="String" n="$E" />
        <Key v="20156735404132e" t="String" n="$S" />
      </Data>
      <Data n="20156713142641c">
        <Key v="20156713142641e" t="String" n="$E" />
        <Key v="20156712064965e" t="String" n="$S" />
      </Data>
      <Data n="20162516782438c">
        <Key v="20162516782438e" t="String" n="$E" />
        <Key v="20156713142641e" t="String" n="$S" />
      </Data>
      <Data n="20156713142806c">
        <Key v="20156713142806e" t="String" n="$E" />
        <Key v="20156712064965e" t="String" n="$S" />
      </Data>
      <Data n="20162514889948c">
        <Key v="20162514889948e" t="String" n="$E" />
        <Key v="20156713142806e" t="String" n="$S" />
      </Data>
      <Data n="20156713540528c">
        <Key v="20156713540528e" t="String" n="$E" />
        <Key v="20156712064965e" t="String" n="$S" />
      </Data>
      <Data n="20156713142947c">
        <Key v="20156713142947e" t="String" n="$E" />
        <Key v="20156713540528e" t="String" n="$S" />
      </Data>
      <Data n="20156712096043c">
        <Key v="20156712096043e" t="String" n="$E" />
        <Key v="20156712078735e" t="String" n="$S" />
      </Data>
      <Data n="20156712096205c">
        <Key v="20156712096205e" t="String" n="$E" />
        <Key v="20156712078735e" t="String" n="$S" />
      </Data>
      <Data n="20156736091190c">
        <Key v="20156736091190e" t="String" n="$E" />
        <Key v="20156735795206e" t="String" n="$S" />
      </Data>
      <Data n="20162535696299c">
        <Key v="20162535696299e" t="String" n="$E" />
        <Key v="20156735791968e" t="String" n="$S" />
      </Data>
      <Data n="20156735407505c">
        <Key v="20156735407505e" t="String" n="$E" />
        <Key v="20156735407504e" t="String" n="$S" />
      </Data>
      <Data n="20156735407722c">
        <Key v="20156735407722e" t="String" n="$E" />
        <Key v="20156735407721e" t="String" n="$S" />
      </Data>
      <Data n="20156713142642c">
        <Key v="20156713142642e" t="String" n="$E" />
        <Key v="20162516782438e" t="String" n="$S" />
      </Data>
      <Data n="20156713142807c">
        <Key v="20156713142807e" t="String" n="$E" />
        <Key v="20162514889948e" t="String" n="$S" />
      </Data>
      <Data n="20156713142948c">
        <Key v="20156713142948e" t="String" n="$E" />
        <Key v="20156713142947e" t="String" n="$S" />
      </Data>
      <Data n="20156712096044c">
        <Key v="20156712096044e" t="String" n="$E" />
        <Key v="20156712096043e" t="String" n="$S" />
      </Data>
      <Data n="20156712096206c">
        <Key v="20156712096206e" t="String" n="$E" />
        <Key v="20156712096205e" t="String" n="$S" />
      </Data>
      <Data n="20156735834421c">
        <Key v="20156735834421e" t="String" n="$E" />
        <Key v="20156736091190e" t="String" n="$S" />
      </Data>
      <Data n="20156735834422c">
        <Key v="20156735834422e" t="String" n="$E" />
        <Key v="20156736091190e" t="String" n="$S" />
      </Data>
      <Data n="20156735834423c">
        <Key v="20156735834423e" t="String" n="$E" />
        <Key v="20156735834422e" t="String" n="$S" />
      </Data>
      <Data n="20156735834424c">
        <Key v="20156735834424e" t="String" n="$E" />
        <Key v="20156736091190e" t="String" n="$S" />
      </Data>
      <Data n="20156735834425c">
        <Key v="20156735834425e" t="String" n="$E" />
        <Key v="20156736091190e" t="String" n="$S" />
      </Data>
      <Data n="20206616255990c">
        <Key v="20156736091190e" t="String" n="$E" />
        <Key v="20162535696299e" t="String" n="$S" />
      </Data>
      <Data n="20156735420904c">
        <Key v="20156735420904e" t="String" n="$E" />
        <Key v="20156735407722e" t="String" n="$S" />
      </Data>
      <Data n="20156713203256c">
        <Key v="20156713203256e" t="String" n="$E" />
        <Key v="20156713142642e" t="String" n="$S" />
      </Data>
      <Data n="20156713551645c">
        <Key v="20156713551645e" t="String" n="$E" />
        <Key v="20156713142807e" t="String" n="$S" />
      </Data>
      <Data n="20156713217340c">
        <Key v="20156713217340e" t="String" n="$E" />
        <Key v="20156713142948e" t="String" n="$S" />
      </Data>
      <Data n="20206616255995c">
        <Key v="20156712064965e" t="String" n="$E" />
        <Key v="20156712096044e" t="String" n="$S" />
      </Data>
      <Data n="20206616255996c">
        <Key v="20156713217340e" t="String" n="$E" />
        <Key v="20156712096206e" t="String" n="$S" />
      </Data>
      <Data n="20156735889506c">
        <Key v="20156735889506e" t="String" n="$E" />
        <Key v="20156735834421e" t="String" n="$S" />
      </Data>
      <Data n="20156735832099c">
        <Key v="20156735832099e" t="String" n="$E" />
        <Key v="20156735834423e" t="String" n="$S" />
      </Data>
      <Data n="20156735831736c">
        <Key v="20156735831736e" t="String" n="$E" />
        <Key v="20156735834424e" t="String" n="$S" />
      </Data>
      <Data n="20156735809730c">
        <Key v="20156735809730e" t="String" n="$E" />
        <Key v="20156735834425e" t="String" n="$S" />
      </Data>
      <Data n="20156735610239c">
        <Key v="20156735610239e" t="String" n="$E" />
        <Key v="20156735420904e" t="String" n="$S" />
      </Data>
      <Data n="20156735601970c">
        <Key v="20156735601970e" t="String" n="$E" />
        <Key v="20156735610239e" t="String" n="$S" />
      </Data>
      <Data n="20156735463193c">
        <Key v="20156735463193e" t="String" n="$E" />
        <Key v="20156735420904e" t="String" n="$S" />
      </Data>
      <Data n="20156735463498c">
        <Key v="20156735463498e" t="String" n="$E" />
        <Key v="20156735420904e" t="String" n="$S" />
      </Data>
      <Data n="20156713531385c">
        <Key v="20156713531385e" t="String" n="$E" />
        <Key v="20156713217340e" t="String" n="$S" />
      </Data>
      <Data n="20156735601971c">
        <Key v="20156735601971e" t="String" n="$E" />
        <Key v="20156735601970e" t="String" n="$S" />
      </Data>
      <Data n="20206616256009c">
        <Key v="20156735407505e" t="String" n="$E" />
        <Key v="20156735463193e" t="String" n="$S" />
      </Data>
      <Data n="20156735463499c">
        <Key v="20156735463499e" t="String" n="$E" />
        <Key v="20156735463498e" t="String" n="$S" />
      </Data>
      <Data n="20156713569852c">
        <Key v="20156713569852e" t="String" n="$E" />
        <Key v="20156713531385e" t="String" n="$S" />
      </Data>
      <Data n="20156713387346c">
        <Key v="20156713387346e" t="String" n="$E" />
        <Key v="20156713531385e" t="String" n="$S" />
      </Data>
      <Data n="20156713387520c">
        <Key v="20156713387520e" t="String" n="$E" />
        <Key v="20156713531385e" t="String" n="$S" />
      </Data>
      <Data n="20162516801646c">
        <Key v="20162516801646e" t="String" n="$E" />
        <Key v="20156713387520e" t="String" n="$S" />
      </Data>
      <Data n="20157525194876c">
        <Key v="20157525194876e" t="String" n="$E" />
        <Key v="20156735601971e" t="String" n="$S" />
      </Data>
      <Data n="20157525196473c">
        <Key v="20157525196473e" t="String" n="$E" />
        <Key v="20156735601971e" t="String" n="$S" />
      </Data>
      <Data n="20157525190692c">
        <Key v="20157525190692e" t="String" n="$E" />
        <Key v="20156735463499e" t="String" n="$S" />
      </Data>
      <Data n="20162535593979c">
        <Key v="20162535593979e" t="String" n="$E" />
        <Key v="20157525190692e" t="String" n="$S" />
      </Data>
      <Data n="20157525192669c">
        <Key v="20157525192669e" t="String" n="$E" />
        <Key v="20156735463499e" t="String" n="$S" />
      </Data>
      <Data n="20156713503634c">
        <Key v="20156713503634e" t="String" n="$E" />
        <Key v="20156713569852e" t="String" n="$S" />
      </Data>
      <Data n="20156713387347c">
        <Key v="20156713387347e" t="String" n="$E" />
        <Key v="20156713387346e" t="String" n="$S" />
      </Data>
      <Data n="20156713387521c">
        <Key v="20156713387521e" t="String" n="$E" />
        <Key v="20162516801646e" t="String" n="$S" />
      </Data>
      <Data n="20156735649834c">
        <Key v="20156735649834e" t="String" n="$E" />
        <Key v="20157525194876e" t="String" n="$S" />
      </Data>
      <Data n="20156735650053c">
        <Key v="20156735650053e" t="String" n="$E" />
        <Key v="20157525196473e" t="String" n="$S" />
      </Data>
      <Data n="20156735545424c">
        <Key v="20156735545424e" t="String" n="$E" />
        <Key v="20162535593979e" t="String" n="$S" />
      </Data>
      <Data n="20156735545605c">
        <Key v="20156735545605e" t="String" n="$E" />
        <Key v="20157525192669e" t="String" n="$S" />
      </Data>
      <Data n="20206616256028c">
        <Key v="20156712064965e" t="String" n="$E" />
        <Key v="20156713503634e" t="String" n="$S" />
      </Data>
      <Data n="20157525068408c">
        <Key v="20157525068408e" t="String" n="$E" />
        <Key v="20156713387347e" t="String" n="$S" />
      </Data>
      <Data n="20157525071684c">
        <Key v="20157525071684e" t="String" n="$E" />
        <Key v="20156713387347e" t="String" n="$S" />
      </Data>
      <Data n="20156713397999c">
        <Key v="20156713397999e" t="String" n="$E" />
        <Key v="20156713387521e" t="String" n="$S" />
      </Data>
      <Data n="20206616256032c">
        <Key v="20156735718876e" t="String" n="$E" />
        <Key v="20156735649834e" t="String" n="$S" />
      </Data>
      <Data n="20206616256033c">
        <Key v="20156735407505e" t="String" n="$E" />
        <Key v="20156735650053e" t="String" n="$S" />
      </Data>
      <Data n="20206616256034c">
        <Key v="20156735718876e" t="String" n="$E" />
        <Key v="20156735545424e" t="String" n="$S" />
      </Data>
      <Data n="20206616256035c">
        <Key v="20156735407505e" t="String" n="$E" />
        <Key v="20156735545605e" t="String" n="$S" />
      </Data>
      <Data n="20156713431697c">
        <Key v="20156713431697e" t="String" n="$E" />
        <Key v="20157525068408e" t="String" n="$S" />
      </Data>
      <Data n="20156713431928c">
        <Key v="20156713431928e" t="String" n="$E" />
        <Key v="20157525071684e" t="String" n="$S" />
      </Data>
      <Data n="20156713591946c">
        <Key v="20156713591946e" t="String" n="$E" />
        <Key v="20156713431697e" t="String" n="$S" />
      </Data>
      <Data n="20156713592105c">
        <Key v="20156713592105e" t="String" n="$E" />
        <Key v="20156713431697e" t="String" n="$S" />
      </Data>
      <Data n="20156713592262c">
        <Key v="20156713592262e" t="String" n="$E" />
        <Key v="20156713431697e" t="String" n="$S" />
      </Data>
      <Data n="20156713503635c">
        <Key v="20156713503635e" t="String" n="$E" />
        <Key v="20156713431928e" t="String" n="$S" />
      </Data>
      <Data n="20156713503909c">
        <Key v="20156713503909e" t="String" n="$E" />
        <Key v="20156713431928e" t="String" n="$S" />
      </Data>
      <Data n="20156713591947c">
        <Key v="20156713591947e" t="String" n="$E" />
        <Key v="20156713591946e" t="String" n="$S" />
      </Data>
      <Data n="20156713592106c">
        <Key v="20156713592106e" t="String" n="$E" />
        <Key v="20156713592105e" t="String" n="$S" />
      </Data>
      <Data n="20156713592263c">
        <Key v="20156713592263e" t="String" n="$E" />
        <Key v="20156713592262e" t="String" n="$S" />
      </Data>
      <Data n="20206616256046c">
        <Key v="20156713503634e" t="String" n="$E" />
        <Key v="20156713503635e" t="String" n="$S" />
      </Data>
      <Data n="20156713503910c">
        <Key v="20156713503910e" t="String" n="$E" />
        <Key v="20156713503909e" t="String" n="$S" />
      </Data>
      <Data n="20206616256048c">
        <Key v="20156713551645e" t="String" n="$E" />
        <Key v="20156713591947e" t="String" n="$S" />
      </Data>
      <Data n="20206616256049c">
        <Key v="20156712064965e" t="String" n="$E" />
        <Key v="20156713592106e" t="String" n="$S" />
      </Data>
      <Data n="20156713687474c">
        <Key v="20156713687474e" t="String" n="$E" />
        <Key v="20156713592263e" t="String" n="$S" />
      </Data>
      <Data n="20206616256051c">
        <Key v="20156713551645e" t="String" n="$E" />
        <Key v="20156713503910e" t="String" n="$S" />
      </Data>
      <Data n="20206616256052c">
        <Key v="20156712064965e" t="String" n="$E" />
        <Key v="20156713687474e" t="String" n="$S" />
      </Data>
    </Data>
  </Data>
</DataRoot>