﻿<?xml version="1.0" encoding="utf-8"?>
<DataRoot n="D">
  <Data n="20162629441161">
    <Data n="$Elems">
      <Data n="20162967573997e">
        <Key v="450,0" t="Vector2" n="!$P" />
        <Key v="20202866798502" t="String" n="$T" />
        <Key v="%M1" t="String" n="T" />
        <Key v="Nemám chuť a ani čas se s váma vybavovat." t="String" n="%X" />
      </Data>
    </Data>
    <Data n="$Conns">
      <Data n="20162967573997c">
        <Key v="20162967573997e" t="String" n="$E" />
      </Data>
    </Data>
  </Data>
</DataRoot>