﻿<?xml version="1.0" encoding="utf-8"?>
<DataRoot n="D">
  <Data n="20181404790674">
    <Data n="$Elems">
      <Data n="20181524528449e">
        <Key v="450,0" t="Vector2" n="!$P" />
        <Key v="_EGate" t="String" n="$T" />
        <Key v="G1" t="String" n="GT" />
        <Key v="1" t="Int32" n="T2" />
        <Key v="43" t="Decimal" n="Val" />
        <Key v="Straseni_na_farme" t="String" n="Cnt" />
        <Key v="Oe" t="String" n="O" />
      </Data>
      <Data n="20181524024305e">
        <Key v="450,-200" t="Vector2" n="!$P" />
        <Key v="_EGate" t="String" n="$T" />
        <Key v="G1" t="String" n="GT" />
        <Key v="1" t="Int32" n="T2" />
        <Key v="42" t="Decimal" n="Val" />
        <Key v="Straseni_na_farme" t="String" n="Cnt" />
        <Key v="Oe" t="String" n="O" />
      </Data>
      <Data n="20181524532464e">
        <Key v="450,-1400" t="Vector2" n="!$P" />
        <Key v="_EGate" t="String" n="$T" />
        <Key v="G1" t="String" n="GT" />
        <Key v="1" t="Int32" n="T2" />
        <Key v="44" t="Decimal" n="Val" />
        <Key v="Straseni_na_farme" t="String" n="Cnt" />
        <Key v="Oe" t="String" n="O" />
      </Data>
      <Data n="20181524047350e">
        <Key v="450,-1600" t="Vector2" n="!$P" />
        <Key v="20202866798502" t="String" n="$T" />
        <Key v="Zdravím, můžem si promluvit?" t="String" n="%X" />
      </Data>
      <Data n="20181524515687e">
        <Key v="900,0" t="Vector2" n="!$P" />
        <Key v="20202866798502" t="String" n="$T" />
        <Key v="%M1" t="String" n="T" />
        <Key v="Nemám ti co říci." t="String" n="%X" />
      </Data>
      <Data n="20181524038980e">
        <Key v="900,-200" t="Vector2" n="!$P" />
        <Key v="20202866798502" t="String" n="$T" />
        <Key v="Ty jsi Erkel Oneeyed, kterému se téř říká Kudla, že?" t="String" n="%X" />
      </Data>
      <Data n="20181524532064e">
        <Key v="900,-1400" t="Vector2" n="!$P" />
        <Key v="20202866798502" t="String" n="$T" />
        <Key v="%M1" t="String" n="T" />
        <Key v="Hehe, poseroutka přišel. Táhni odsud!" t="String" n="%X" />
      </Data>
      <Data n="20181524049552e">
        <Key v="1050,-1600" t="Vector2" n="!$P" />
        <Key v="20202866798502" t="String" n="$T" />
        <Key v="%M1" t="String" n="T" />
        <Key v="Ne a neotravuj" t="String" n="%X" />
      </Data>
      <Data n="20181524062813e">
        <Key v="1500,-200" t="Vector2" n="!$P" />
        <Key v="20202866798502" t="String" n="$T" />
        <Key v="%M1" t="String" n="T" />
        <Key v="Možná a co má bejt?" t="String" n="%X" />
      </Data>
      <Data n="20181524540767e">
        <Key v="1500,-1400" t="Vector2" n="!$P" />
        <Key v="20202866798502" t="String" n="$T" />
        <Key v="Přišel jsem ohledně tvé výzvy!" t="String" n="%X" />
      </Data>
      <Data n="20181524065815e">
        <Key v="2100,-200" t="Vector2" n="!$P" />
        <Key v="20202866798502" t="String" n="$T" />
        <Key v="Chtěli bychom se tě zeptat na dívku jménem Shaleeba. Znáš jí?" t="String" n="%X" />
      </Data>
      <Data n="20181524216095e">
        <Key v="2100,-1400" t="Vector2" n="!$P" />
        <Key v="20206495856812" t="String" n="$T" />
        <Key v="Boj v aréně" t="String" n="!%Txt" />
      </Data>
      <Data n="20181524071712e">
        <Key v="2700,-200" t="Vector2" n="!$P" />
        <Key v="20202866798502" t="String" n="$T" />
        <Key v="%M1" t="String" n="T" />
        <Key v="Ale jo, hezká, milá. Už jsem jí nějakou dobu neviděl." t="String" n="%X" />
      </Data>
      <Data n="20181524217568e">
        <Key v="2700,-1400" t="Vector2" n="!$P" />
        <Key v="20202934699316" t="String" n="$T" />
        <Key v="Přijmout výzvu" t="String" n="%CX" />
      </Data>
      <Data n="20181524254365e">
        <Key v="3150,-1400" t="Vector2" n="!$P" />
        <Key v="20206371455404" t="String" n="$T" />
        <Key v="CkP" t="String" n="GT" />
        <Key v="Condra_arena" t="String" n="Z" />
        <Key v="0" t="String" n="TR" />
      </Data>
      <Data n="20181524217730e">
        <Key v="2700,-1600" t="Vector2" n="!$P" />
        <Key v="20202934699316" t="String" n="$T" />
        <Key v="Odmítnout výzvu" t="String" n="%CX" />
      </Data>
      <Data n="20181524082713e">
        <Key v="3300,-200" t="Vector2" n="!$P" />
        <Key v="20202934699316" t="String" n="$T" />
        <Key v="Konfrontovat" t="String" n="%CX" />
      </Data>
      <Data n="20181524082905e">
        <Key v="3300,-800" t="Vector2" n="!$P" />
        <Key v="20202934699316" t="String" n="$T" />
        <Key v="Vztah?" t="String" n="%CX" />
      </Data>
      <Data n="20181524217567e">
        <Key v="3600,-1400" t="Vector2" n="!$P" />
        <Key v="20202866798502" t="String" n="$T" />
        <Key v="Dobrá Erkele, nechť se ukáže pravda v aréně." t="String" n="%X" />
      </Data>
      <Data n="20181524217731e">
        <Key v="3150,-1600" t="Vector2" n="!$P" />
        <Key v="20202866798502" t="String" n="$T" />
        <Key v="Hej, na to kašlu. Nebudu riskovat svůj život." t="String" n="%X" />
      </Data>
      <Data n="20181524082714e">
        <Key v="3750,-200" t="Vector2" n="!$P" />
        <Key v="20202866798502" t="String" n="$T" />
        <Key v="Erkele, víme, že jste spolu chodili. Takže to na nás nehraj. Cos jí udělal?" t="String" n="%X" />
      </Data>
      <Data n="20181524082906e">
        <Key v="3750,-800" t="Vector2" n="!$P" />
        <Key v="20202866798502" t="String" n="$T" />
        <Key v="A jaký vztah jste spolu měli? Můžeš nám to říci?" t="String" n="%X" />
      </Data>
      <Data n="20181524239048e">
        <Key v="3750,-1600" t="Vector2" n="!$P" />
        <Key v="20202866798502" t="String" n="$T" />
        <Key v="%M1" t="String" n="T" />
        <Key v="Tak táhni ty přivadrovalče..." t="String" n="%X" />
      </Data>
      <Data n="20181524122913e">
        <Key v="4350,-200" t="Vector2" n="!$P" />
        <Key v="20202866798502" t="String" n="$T" />
        <Key v="%M1" t="String" n="T" />
        <Key v="Cože? Já proč bych jí něco dělal. Mám jí rád, tak nevím, proč bych jí měl něco dělat." t="String" n="%X" />
      </Data>
      <Data n="20181524096987e">
        <Key v="4350,-800" t="Vector2" n="!$P" />
        <Key v="20202866798502" t="String" n="$T" />
        <Key v="%M1" t="String" n="T" />
        <Key v="To je jen naše věc. To tě vůbec nemusí zajímat" t="String" n="%X" />
      </Data>
      <Data n="20181524328964e">
        <Key v="4950,-200" t="Vector2" n="!$P" />
        <Key v="_EFunc" t="String" n="$T" />
        <Key v="G1" t="String" n="GT" />
        <Key v="1" t="Int32" n="T2" />
        <Key v="43" t="Decimal" n="Val" />
        <Key v="Straseni_na_farme" t="String" n="Cnt" />
        <Key v="Os" t="String" n="O" />
      </Data>
      <Data n="20181524120695e">
        <Key v="4950,-800" t="Vector2" n="!$P" />
        <Key v="20202934699316" t="String" n="$T" />
        <Key v="Odejít" t="String" n="%CX" />
      </Data>
      <Data n="20181524116112e">
        <Key v="4950,-1000" t="Vector2" n="!$P" />
        <Key v="20202934699316" t="String" n="$T" />
        <Key v="Udeřit na něj" t="String" n="%CX" />
      </Data>
      <Data n="20181524116250e">
        <Key v="4950,-1200" t="Vector2" n="!$P" />
        <Key v="20202934699316" t="String" n="$T" />
        <Key v="Naléhat" t="String" n="%CX" />
      </Data>
      <Data n="20181524129047e">
        <Key v="5400,-200" t="Vector2" n="!$P" />
        <Key v="20202866798502" t="String" n="$T" />
        <Key v="%M1" t="String" n="T" />
        <Key v="Dobrá, povím vám, co vím. Ano, chodili jsme spolu, ale už to skončilo. Pohádali jsme se a ona utekla někam do lesa. Víc nevím." t="String" n="%X" />
      </Data>
      <Data n="20181524120694e">
        <Key v="5400,-800" t="Vector2" n="!$P" />
        <Key v="20202866798502" t="String" n="$T" />
        <Key v="Dobrá, musíme se poohlédnout jinde." t="String" n="%X" />
      </Data>
      <Data n="20181524116113e">
        <Key v="5400,-1000" t="Vector2" n="!$P" />
        <Key v="20202866798502" t="String" n="$T" />
        <Key v="Erkele, víme, že jste spolu chodili. Takže to na nás nehraj. Cos jí udělal?" t="String" n="%X" />
      </Data>
      <Data n="20181524116249e">
        <Key v="5400,-1200" t="Vector2" n="!$P" />
        <Key v="20202866798502" t="String" n="$T" />
        <Key v="Erkile, notak nám trochu pomož. Snažíme se zjistit, co se té holce stalo." t="String" n="%X" />
      </Data>
      <Data n="20181524168314e">
        <Key v="6000,-200" t="Vector2" n="!$P" />
        <Key v="_EGate" t="String" n="$T" />
        <Key v="G1" t="String" n="GT" />
        <Key v="1" t="Int32" n="T2" />
        <Key v="2" t="Decimal" n="Val" />
        <Key v="XResult" t="String" n="Cnt" />
        <Key v="Oeg" t="String" n="O" />
      </Data>
      <Data n="20181524167772e">
        <Key v="6300,-200" t="Vector2" n="!$P" />
        <Key v="20202934699316" t="String" n="$T" />
        <Key v="Lžeš!" t="String" n="%CX" />
      </Data>
      <Data n="20181524171762e">
        <Key v="6000,-600" t="Vector2" n="!$P" />
        <Key v="_EGate" t="String" n="$T" />
        <Key v="G1" t="String" n="GT" />
        <Key v="1" t="Int32" n="T2" />
        <Key v="0" t="Decimal" n="Val" />
        <Key v="XResult" t="String" n="Cnt" />
        <Key v="Oeg" t="String" n="O" />
      </Data>
      <Data n="20181524167192e">
        <Key v="6300,-600" t="Vector2" n="!$P" />
        <Key v="20202934699316" t="String" n="$T" />
        <Key v="Pokračovat" t="String" n="%CX" />
      </Data>
      <Data n="20181524334023e">
        <Key v="6000,-1200" t="Vector2" n="!$P" />
        <Key v="_EFunc" t="String" n="$T" />
        <Key v="G1" t="String" n="GT" />
        <Key v="1" t="Int32" n="T2" />
        <Key v="43" t="Decimal" n="Val" />
        <Key v="Straseni_na_farme" t="String" n="Cnt" />
        <Key v="Os" t="String" n="O" />
      </Data>
      <Data n="20181524167771e">
        <Key v="6750,-200" t="Vector2" n="!$P" />
        <Key v="20202866798502" t="String" n="$T" />
        <Key v="Erkile, ty lžeš. Poznám to. Co se jí stalo. Přiznej se, nebo budeš čelit následkům." t="String" n="%X" />
      </Data>
      <Data n="20181524167193e">
        <Key v="6750,-600" t="Vector2" n="!$P" />
        <Key v="20202866798502" t="String" n="$T" />
        <Key v="Dobrá Erkile, jak je vidět, budem se muset kouknout někde jinde." t="String" n="%X" />
      </Data>
      <Data n="20181524245591e">
        <Key v="7350,-200" t="Vector2" n="!$P" />
        <Key v="_EFunc" t="String" n="$T" />
        <Key v="G1" t="String" n="GT" />
        <Key v="1" t="Int32" n="T2" />
        <Key v="44" t="Decimal" n="Val" />
        <Key v="Straseni_na_farme" t="String" n="Cnt" />
        <Key v="Os" t="String" n="O" />
      </Data>
      <Data n="20181524208176e">
        <Key v="7350,-600" t="Vector2" n="!$P" />
        <Key v="20202866798502" t="String" n="$T" />
        <Key v="%M1" t="String" n="T" />
        <Key v="Kdybyste jí našli, tak jí vyřiďte, že je konec. Už mi na ní nezáleží." t="String" n="%X" />
      </Data>
      <Data n="20181524192551e">
        <Key v="7800,-200" t="Vector2" n="!$P" />
        <Key v="20202866798502" t="String" n="$T" />
        <Key v="%M1" t="String" n="T" />
        <Key v="Dobrá, zabil jsem tu mrchu, podvedla mě. Podváděla mě pořád. Svině jedna, ale mě jen tak nedostaneš. Vyzývám tě na souboj v aréně. Tak a teď jsi v prdeli kamaráde, zabiju tě, jako jsem zabil jí." t="String" n="%X" />
      </Data>
    </Data>
    <Data n="$Conns">
      <Data n="20181524528449c">
        <Key v="20181524528449e" t="String" n="$E" />
      </Data>
      <Data n="20181524024305c">
        <Key v="20181524024305e" t="String" n="$E" />
      </Data>
      <Data n="20181524532464c">
        <Key v="20181524532464e" t="String" n="$E" />
      </Data>
      <Data n="20181524047350c">
        <Key v="20181524047350e" t="String" n="$E" />
      </Data>
      <Data n="20181524515687c">
        <Key v="20181524515687e" t="String" n="$E" />
        <Key v="20181524528449e" t="String" n="$S" />
      </Data>
      <Data n="20181524038980c">
        <Key v="20181524038980e" t="String" n="$E" />
        <Key v="20181524024305e" t="String" n="$S" />
      </Data>
      <Data n="20181524532064c">
        <Key v="20181524532064e" t="String" n="$E" />
        <Key v="20181524532464e" t="String" n="$S" />
      </Data>
      <Data n="20181524049552c">
        <Key v="20181524049552e" t="String" n="$E" />
        <Key v="20181524047350e" t="String" n="$S" />
      </Data>
      <Data n="20181524062813c">
        <Key v="20181524062813e" t="String" n="$E" />
        <Key v="20181524038980e" t="String" n="$S" />
      </Data>
      <Data n="20181524540767c">
        <Key v="20181524540767e" t="String" n="$E" />
        <Key v="20181524532064e" t="String" n="$S" />
      </Data>
      <Data n="20181524065815c">
        <Key v="20181524065815e" t="String" n="$E" />
        <Key v="20181524062813e" t="String" n="$S" />
      </Data>
      <Data n="20181524216095c">
        <Key v="20181524216095e" t="String" n="$E" />
        <Key v="20181524540767e" t="String" n="$S" />
      </Data>
      <Data n="20181524071712c">
        <Key v="20181524071712e" t="String" n="$E" />
        <Key v="20181524065815e" t="String" n="$S" />
      </Data>
      <Data n="20181524217568c">
        <Key v="20181524217568e" t="String" n="$E" />
        <Key v="20181524216095e" t="String" n="$S" />
      </Data>
      <Data n="20181524254365c">
        <Key v="20181524254365e" t="String" n="$E" />
        <Key v="20181524217568e" t="String" n="$S" />
      </Data>
      <Data n="20181524217730c">
        <Key v="20181524217730e" t="String" n="$E" />
        <Key v="20181524216095e" t="String" n="$S" />
      </Data>
      <Data n="20181524082713c">
        <Key v="20181524082713e" t="String" n="$E" />
        <Key v="20181524071712e" t="String" n="$S" />
      </Data>
      <Data n="20181524082905c">
        <Key v="20181524082905e" t="String" n="$E" />
        <Key v="20181524071712e" t="String" n="$S" />
      </Data>
      <Data n="20181524217567c">
        <Key v="20181524217567e" t="String" n="$E" />
        <Key v="20181524254365e" t="String" n="$S" />
      </Data>
      <Data n="20181524217731c">
        <Key v="20181524217731e" t="String" n="$E" />
        <Key v="20181524217730e" t="String" n="$S" />
      </Data>
      <Data n="20181524082714c">
        <Key v="20181524082714e" t="String" n="$E" />
        <Key v="20181524082713e" t="String" n="$S" />
      </Data>
      <Data n="20181524082906c">
        <Key v="20181524082906e" t="String" n="$E" />
        <Key v="20181524082905e" t="String" n="$S" />
      </Data>
      <Data n="20181524239048c">
        <Key v="20181524239048e" t="String" n="$E" />
        <Key v="20181524217731e" t="String" n="$S" />
      </Data>
      <Data n="20181524122913c">
        <Key v="20181524122913e" t="String" n="$E" />
        <Key v="20181524082714e" t="String" n="$S" />
      </Data>
      <Data n="20181524096987c">
        <Key v="20181524096987e" t="String" n="$E" />
        <Key v="20181524082906e" t="String" n="$S" />
      </Data>
      <Data n="20181524328964c">
        <Key v="20181524328964e" t="String" n="$E" />
        <Key v="20181524122913e" t="String" n="$S" />
      </Data>
      <Data n="20181524120695c">
        <Key v="20181524120695e" t="String" n="$E" />
        <Key v="20181524096987e" t="String" n="$S" />
      </Data>
      <Data n="20181524116112c">
        <Key v="20181524116112e" t="String" n="$E" />
        <Key v="20181524096987e" t="String" n="$S" />
      </Data>
      <Data n="20181524116250c">
        <Key v="20181524116250e" t="String" n="$E" />
        <Key v="20181524096987e" t="String" n="$S" />
      </Data>
      <Data n="20181524129047c">
        <Key v="20181524129047e" t="String" n="$E" />
        <Key v="20181524328964e" t="String" n="$S" />
      </Data>
      <Data n="20181524120694c">
        <Key v="20181524120694e" t="String" n="$E" />
        <Key v="20181524120695e" t="String" n="$S" />
      </Data>
      <Data n="20181524116113c">
        <Key v="20181524116113e" t="String" n="$E" />
        <Key v="20181524116112e" t="String" n="$S" />
      </Data>
      <Data n="20181524116249c">
        <Key v="20181524116249e" t="String" n="$E" />
        <Key v="20181524116250e" t="String" n="$S" />
      </Data>
      <Data n="20181524168314c">
        <Key v="20181524168314e" t="String" n="$E" />
        <Key v="20181524129047e" t="String" n="$S" />
      </Data>
      <Data n="20181524167772c">
        <Key v="20181524167772e" t="String" n="$E" />
        <Key v="20181524168314e" t="String" n="$S" />
      </Data>
      <Data n="20181524171762c">
        <Key v="20181524171762e" t="String" n="$E" />
        <Key v="20181524129047e" t="String" n="$S" />
      </Data>
      <Data n="20181524167192c">
        <Key v="20181524167192e" t="String" n="$E" />
        <Key v="20181524171762e" t="String" n="$S" />
      </Data>
      <Data n="20206616256066c">
        <Key v="20181524122913e" t="String" n="$E" />
        <Key v="20181524116113e" t="String" n="$S" />
      </Data>
      <Data n="20181524334023c">
        <Key v="20181524334023e" t="String" n="$E" />
        <Key v="20181524116249e" t="String" n="$S" />
      </Data>
      <Data n="20181524167771c">
        <Key v="20181524167771e" t="String" n="$E" />
        <Key v="20181524167772e" t="String" n="$S" />
      </Data>
      <Data n="20181524167193c">
        <Key v="20181524167193e" t="String" n="$E" />
        <Key v="20181524167192e" t="String" n="$S" />
      </Data>
      <Data n="20206616256070c">
        <Key v="20181524129047e" t="String" n="$E" />
        <Key v="20181524334023e" t="String" n="$S" />
      </Data>
      <Data n="20181524245591c">
        <Key v="20181524245591e" t="String" n="$E" />
        <Key v="20181524167771e" t="String" n="$S" />
      </Data>
      <Data n="20181524208176c">
        <Key v="20181524208176e" t="String" n="$E" />
        <Key v="20181524167193e" t="String" n="$S" />
      </Data>
      <Data n="20181524192551c">
        <Key v="20181524192551e" t="String" n="$E" />
        <Key v="20181524245591e" t="String" n="$S" />
      </Data>
      <Data n="20206616256074c">
        <Key v="20181524216095e" t="String" n="$E" />
        <Key v="20181524192551e" t="String" n="$S" />
      </Data>
    </Data>
  </Data>
</DataRoot>