﻿<?xml version="1.0" encoding="utf-8"?>
<DataRoot n="D">
  <Data n="20156900340661">
    <Data n="$Elems">
      <Data n="20162077564008e">
        <Key v="450,0" t="Vector2" n="!$P" />
        <Key v="_EGate" t="String" n="$T" />
        <Key v="G1" t="String" n="GT" />
        <Key v="1" t="Int32" n="T2" />
        <Key v="1" t="Decimal" n="Val" />
        <Key v="Mupper" t="String" n="Cnt" />
        <Key v="Oe" t="String" n="O" />
      </Data>
      <Data n="20162077558265e">
        <Key v="450,-1200" t="Vector2" n="!$P" />
        <Key v="_EGate" t="String" n="$T" />
        <Key v="G1" t="String" n="GT" />
        <Key v="1" t="Int32" n="T2" />
        <Key v="0" t="Decimal" n="Val" />
        <Key v="Mupper" t="String" n="Cnt" />
        <Key v="Oe" t="String" n="O" />
      </Data>
      <Data n="20162077524071e">
        <Key v="750,-1200" t="Vector2" n="!$P" />
        <Key v="_EFunc" t="String" n="$T" />
        <Key v="G1" t="String" n="GT" />
        <Key v="1" t="Int32" n="T2" />
        <Key v="1" t="Decimal" n="Val" />
        <Key v="Mupper" t="String" n="Cnt" />
        <Key v="Os" t="String" n="O" />
      </Data>
      <Data n="20162077552576e">
        <Key v="900,0" t="Vector2" n="!$P" />
        <Key v="20202866798502" t="String" n="$T" />
        <Key v="%M1" t="String" n="T" />
        <Key v="Ach zdravím vás, tak co to dneska bude?" t="String" n="%X" />
      </Data>
      <Data n="20162077522547e">
        <Key v="1200,-1200" t="Vector2" n="!$P" />
        <Key v="20202866798502" t="String" n="$T" />
        <Key v="%M1" t="String" n="T" />
        <Key v="Ach, vy jste tu noví, že? Tak vítám vás v hospodě &quot;U plného břicha&quot;. Mé jméno je Mupper a jsem skromným majitelem této výborné vývařovny. Jak brzo zjistíte, naše jídlo je velmi dobré a není drahé. Tak co si račte přát?" t="String" n="%X" />
      </Data>
      <Data n="20162077720523e">
        <Key v="1500,0" t="Vector2" n="!$P" />
        <Key v="20206495856812" t="String" n="$T" />
        <Key v="Možnosti &quot;U plného břicha&quot;" t="String" n="!%Txt" />
      </Data>
      <Data n="20162134787850e">
        <Key v="2100,0" t="Vector2" n="!$P" />
        <Key v="20202934699316" t="String" n="$T" />
        <Key v="Odejít" t="String" n="%CX" />
        <Key v="MrE" t="String" n="Spc" />
      </Data>
      <Data n="20162946567412e">
        <Key v="2100,-200" t="Vector2" n="!$P" />
        <Key v="20202934699316" t="String" n="$T" />
        <Key v="Jídlo" t="String" n="%CX" />
      </Data>
      <Data n="20162077730641e">
        <Key v="2100,-400" t="Vector2" n="!$P" />
        <Key v="20202934699316" t="String" n="$T" />
        <Key v="Pivo" t="String" n="%CX" />
      </Data>
      <Data n="20162133824706e">
        <Key v="2550,-400" t="Vector2" n="!$P" />
        <Key v="20206371455404" t="String" n="$T" />
        <Key v="CkI" t="String" n="GT" />
        <Key v="SaT" t="String" n="T" />
        <Key v="1" t="String" n="M" />
        <Key v="7" t="String" n="C" />
      </Data>
      <Data n="20162134466068e">
        <Key v="3000,-400" t="Vector2" n="!$P" />
        <Key v="20206371455404" t="String" n="$T" />
        <Key v="Pravidla pro alkohol" t="String" n="!%Txt" />
        <Key v="" t="String" n="GT" />
      </Data>
      <Data n="20162077730822e">
        <Key v="2100,-600" t="Vector2" n="!$P" />
        <Key v="20202934699316" t="String" n="$T" />
        <Key v="Drby" t="String" n="%CX" />
      </Data>
      <Data n="20162077731008e">
        <Key v="2100,-1000" t="Vector2" n="!$P" />
        <Key v="20202934699316" t="String" n="$T" />
        <Key v="Práce" t="String" n="%CX" />
      </Data>
      <Data n="20162134787849e">
        <Key v="2550,0" t="Vector2" n="!$P" />
        <Key v="20202866798502" t="String" n="$T" />
        <Key v="Díky moc za všechno. Nashle" t="String" n="%X" />
      </Data>
      <Data n="20162946567411e">
        <Key v="2550,-200" t="Vector2" n="!$P" />
        <Key v="20202866798502" t="String" n="$T" />
        <Key v="Dali bychom si nějaké pořádné jídlo. Máš tady něco dobrého?" t="String" n="%X" />
      </Data>
      <Data n="20162077730640e">
        <Key v="3450,-400" t="Vector2" n="!$P" />
        <Key v="20202866798502" t="String" n="$T" />
        <Key v="Máme trochu žízen. Jedna runda piv by to jistojistě zpravila." t="String" n="%X" />
      </Data>
      <Data n="20162077730821e">
        <Key v="2550,-600" t="Vector2" n="!$P" />
        <Key v="20202866798502" t="String" n="$T" />
        <Key v="Rádi bychom se dozvěděli něco málo o celkovém dění. Jaká je situace? Co je nového a tak." t="String" n="%X" />
      </Data>
      <Data n="20162077731009e">
        <Key v="2550,-1000" t="Vector2" n="!$P" />
        <Key v="20202866798502" t="String" n="$T" />
        <Key v="Ty Mupere, neporadil bys nám, kde sehnat nějakou prácičku. Máme hluboko do kapsy a každej stříbrnák dobrej." t="String" n="%X" />
      </Data>
      <Data n="20162946572725e">
        <Key v="3150,-200" t="Vector2" n="!$P" />
        <Key v="20202866798502" t="String" n="$T" />
        <Key v="%M1" t="String" n="T" />
        <Key v="Ale jistě, jen se posaďte k volném stolu a hned vás někdo obslouží." t="String" n="%X" />
      </Data>
      <Data n="20162134468669e">
        <Key v="4050,-400" t="Vector2" n="!$P" />
        <Key v="20202866798502" t="String" n="$T" />
        <Key v="%M1" t="String" n="T" />
        <Key v="Jistě, hned to bude. Dáte si ještě něco?" t="String" n="%X" />
      </Data>
      <Data n="20162134500362e">
        <Key v="3150,-600" t="Vector2" n="!$P" />
        <Key v="20202866798502" t="String" n="$T" />
        <Key v="%M1" t="String" n="T" />
        <Key v="To záleží na tom, zda si k tomu povídání dáte i něco k pití. Jinak toho moc nevím." t="String" n="%X" />
      </Data>
      <Data n="20162134753876e">
        <Key v="3150,-1000" t="Vector2" n="!$P" />
        <Key v="20202866798502" t="String" n="$T" />
        <Key v="%M1" t="String" n="T" />
        <Key v="No, možná stará Niomy by pro vás mohla něco mít. Zkuste se jí optat. Její laborku najdete vzadu za řekou." t="String" n="%X" />
      </Data>
      <Data n="20162134512269e">
        <Key v="3750,-600" t="Vector2" n="!$P" />
        <Key v="20202934699316" t="String" n="$T" />
        <Key v="Objednat si pivo" t="String" n="%CX" />
      </Data>
      <Data n="20162134512504e">
        <Key v="3750,-800" t="Vector2" n="!$P" />
        <Key v="20202934699316" t="String" n="$T" />
        <Key v="Nic si nedávat" t="String" n="%CX" />
      </Data>
      <Data n="20162134768619e">
        <Key v="3750,-1000" t="Vector2" n="!$P" />
        <Key v="20202866798502" t="String" n="$T" />
        <Key v="%M1" t="String" n="T" />
        <Key v="Jo a též místní farmář Belif má prej nějaké problémy s mizením dobytka. Zkuste se ho na to optat." t="String" n="%X" />
      </Data>
      <Data n="20162134512270e">
        <Key v="4200,-600" t="Vector2" n="!$P" />
        <Key v="20202866798502" t="String" n="$T" />
        <Key v="Ale jistě. Doneste nám rundu piv" t="String" n="%X" />
      </Data>
      <Data n="20162134512505e">
        <Key v="4200,-800" t="Vector2" n="!$P" />
        <Key v="20202866798502" t="String" n="$T" />
        <Key v="No, bohužel teď nemáme na pivo ani pomyšlení." t="String" n="%X" />
      </Data>
      <Data n="20162134777365e">
        <Key v="4350,-1000" t="Vector2" n="!$P" />
        <Key v="20202866798502" t="String" n="$T" />
        <Key v="%M1" t="String" n="T" />
        <Key v="Ještě něco?" t="String" n="%X" />
      </Data>
      <Data n="20162134546306e">
        <Key v="4800,-600" t="Vector2" n="!$P" />
        <Key v="20206371455404" t="String" n="$T" />
        <Key v="CkI" t="String" n="GT" />
        <Key v="SaT" t="String" n="T" />
        <Key v="1" t="String" n="M" />
        <Key v="7" t="String" n="C" />
      </Data>
      <Data n="20162134527190e">
        <Key v="4800,-800" t="Vector2" n="!$P" />
        <Key v="20202866798502" t="String" n="$T" />
        <Key v="%M1" t="String" n="T" />
        <Key v="V tom případě já zas nemám čas něco tady vykládat." t="String" n="%X" />
      </Data>
      <Data n="20162134536174e">
        <Key v="5250,-600" t="Vector2" n="!$P" />
        <Key v="20202866798502" t="String" n="$T" />
        <Key v="%M1" t="String" n="T" />
        <Key v="Ale jistě, tak tady to máme jedna runda piveček, pěkně vychlazených." t="String" n="%X" />
      </Data>
      <Data n="20162134549500e">
        <Key v="5850,-600" t="Vector2" n="!$P" />
        <Key v="20202866798502" t="String" n="$T" />
        <Key v="%M1" t="String" n="T" />
        <Key v="Tak kde bych začal. No Jistě víte, že jsme ve válce, ale moc lidí tomu ještě nevěnuje pozornost. Většina věří tomu, že přes pevnosti na východě se skřeti nemohou dostat. Já osobně... doufám." t="String" n="%X" />
      </Data>
      <Data n="20162134567462e">
        <Key v="6450,-600" t="Vector2" n="!$P" />
        <Key v="20202866798502" t="String" n="$T" />
        <Key v="%M1" t="String" n="T" />
        <Key v="Kdyby to bylo jinak, bylo by to hodně zlé. Páč Manto je hned první na ráně. No budeme věřit v sílu Aledornovi armády, heh?!" t="String" n="%X" />
      </Data>
      <Data n="20162134732815e">
        <Key v="7050,-600" t="Vector2" n="!$P" />
        <Key v="20202866798502" t="String" n="$T" />
        <Key v="%M1" t="String" n="T" />
        <Key v="Nicméně, aby toho nebylo málo, zaslechl jsem, že nedalekou starou pevnost obsadili goblini z hor. Doufám, že někdo zakročí dříve, než si z toho udělají nějakou větší baštu." t="String" n="%X" />
      </Data>
      <Data n="20162134743978e">
        <Key v="7650,-600" t="Vector2" n="!$P" />
        <Key v="20202866798502" t="String" n="$T" />
        <Key v="%M1" t="String" n="T" />
        <Key v="To je tak všechno, co mě v rychlosti napadlo. Můžu pro Vás ještě něco udělat?" t="String" n="%X" />
      </Data>
    </Data>
    <Data n="$Conns">
      <Data n="20162077564008c">
        <Key v="20162077564008e" t="String" n="$E" />
      </Data>
      <Data n="20162077558265c">
        <Key v="20162077558265e" t="String" n="$E" />
      </Data>
      <Data n="20162077524071c">
        <Key v="20162077524071e" t="String" n="$E" />
        <Key v="20162077558265e" t="String" n="$S" />
      </Data>
      <Data n="20162077552576c">
        <Key v="20162077552576e" t="String" n="$E" />
        <Key v="20162077564008e" t="String" n="$S" />
      </Data>
      <Data n="20162077522547c">
        <Key v="20162077522547e" t="String" n="$E" />
        <Key v="20162077524071e" t="String" n="$S" />
      </Data>
      <Data n="20162077720523c">
        <Key v="20162077720523e" t="String" n="$E" />
        <Key v="20162077552576e" t="String" n="$S" />
      </Data>
      <Data n="20206616255917c">
        <Key v="20162077720523e" t="String" n="$E" />
        <Key v="20162077522547e" t="String" n="$S" />
      </Data>
      <Data n="20162134787850c">
        <Key v="20162134787850e" t="String" n="$E" />
        <Key v="20162077720523e" t="String" n="$S" />
      </Data>
      <Data n="20162946567412c">
        <Key v="20162946567412e" t="String" n="$E" />
        <Key v="20162077720523e" t="String" n="$S" />
      </Data>
      <Data n="20162077730641c">
        <Key v="20162077730641e" t="String" n="$E" />
        <Key v="20162077720523e" t="String" n="$S" />
      </Data>
      <Data n="20162133824706c">
        <Key v="20162133824706e" t="String" n="$E" />
        <Key v="20162077730641e" t="String" n="$S" />
      </Data>
      <Data n="20162134466068c">
        <Key v="20162134466068e" t="String" n="$E" />
        <Key v="20162133824706e" t="String" n="$S" />
      </Data>
      <Data n="20162077730822c">
        <Key v="20162077730822e" t="String" n="$E" />
        <Key v="20162077720523e" t="String" n="$S" />
      </Data>
      <Data n="20162077731008c">
        <Key v="20162077731008e" t="String" n="$E" />
        <Key v="20162077720523e" t="String" n="$S" />
      </Data>
      <Data n="20162134787849c">
        <Key v="20162134787849e" t="String" n="$E" />
        <Key v="20162134787850e" t="String" n="$S" />
      </Data>
      <Data n="20162946567411c">
        <Key v="20162946567411e" t="String" n="$E" />
        <Key v="20162946567412e" t="String" n="$S" />
      </Data>
      <Data n="20162077730640c">
        <Key v="20162077730640e" t="String" n="$E" />
        <Key v="20162134466068e" t="String" n="$S" />
      </Data>
      <Data n="20162077730821c">
        <Key v="20162077730821e" t="String" n="$E" />
        <Key v="20162077730822e" t="String" n="$S" />
      </Data>
      <Data n="20162077731009c">
        <Key v="20162077731009e" t="String" n="$E" />
        <Key v="20162077731008e" t="String" n="$S" />
      </Data>
      <Data n="20162946572725c">
        <Key v="20162946572725e" t="String" n="$E" />
        <Key v="20162946567411e" t="String" n="$S" />
      </Data>
      <Data n="20162134468669c">
        <Key v="20162134468669e" t="String" n="$E" />
        <Key v="20162077730640e" t="String" n="$S" />
      </Data>
      <Data n="20162134500362c">
        <Key v="20162134500362e" t="String" n="$E" />
        <Key v="20162077730821e" t="String" n="$S" />
      </Data>
      <Data n="20162134753876c">
        <Key v="20162134753876e" t="String" n="$E" />
        <Key v="20162077731009e" t="String" n="$S" />
      </Data>
      <Data n="20206616255934c">
        <Key v="20162077720523e" t="String" n="$E" />
        <Key v="20162134468669e" t="String" n="$S" />
      </Data>
      <Data n="20162134512269c">
        <Key v="20162134512269e" t="String" n="$E" />
        <Key v="20162134500362e" t="String" n="$S" />
      </Data>
      <Data n="20162134512504c">
        <Key v="20162134512504e" t="String" n="$E" />
        <Key v="20162134500362e" t="String" n="$S" />
      </Data>
      <Data n="20162134768619c">
        <Key v="20162134768619e" t="String" n="$E" />
        <Key v="20162134753876e" t="String" n="$S" />
      </Data>
      <Data n="20162134512270c">
        <Key v="20162134512270e" t="String" n="$E" />
        <Key v="20162134512269e" t="String" n="$S" />
      </Data>
      <Data n="20162134512505c">
        <Key v="20162134512505e" t="String" n="$E" />
        <Key v="20162134512504e" t="String" n="$S" />
      </Data>
      <Data n="20162134777365c">
        <Key v="20162134777365e" t="String" n="$E" />
        <Key v="20162134768619e" t="String" n="$S" />
      </Data>
      <Data n="20162134546306c">
        <Key v="20162134546306e" t="String" n="$E" />
        <Key v="20162134512270e" t="String" n="$S" />
      </Data>
      <Data n="20162134527190c">
        <Key v="20162134527190e" t="String" n="$E" />
        <Key v="20162134512505e" t="String" n="$S" />
      </Data>
      <Data n="20206616255943c">
        <Key v="20162077720523e" t="String" n="$E" />
        <Key v="20162134777365e" t="String" n="$S" />
      </Data>
      <Data n="20162134536174c">
        <Key v="20162134536174e" t="String" n="$E" />
        <Key v="20162134546306e" t="String" n="$S" />
      </Data>
      <Data n="20206616255945c">
        <Key v="20162077720523e" t="String" n="$E" />
        <Key v="20162134527190e" t="String" n="$S" />
      </Data>
      <Data n="20162134549500c">
        <Key v="20162134549500e" t="String" n="$E" />
        <Key v="20162134536174e" t="String" n="$S" />
      </Data>
      <Data n="20162134567462c">
        <Key v="20162134567462e" t="String" n="$E" />
        <Key v="20162134549500e" t="String" n="$S" />
      </Data>
      <Data n="20162134732815c">
        <Key v="20162134732815e" t="String" n="$E" />
        <Key v="20162134567462e" t="String" n="$S" />
      </Data>
      <Data n="20162134743978c">
        <Key v="20162134743978e" t="String" n="$E" />
        <Key v="20162134732815e" t="String" n="$S" />
      </Data>
      <Data n="20206616255950c">
        <Key v="20162077720523e" t="String" n="$E" />
        <Key v="20162134743978e" t="String" n="$S" />
      </Data>
    </Data>
  </Data>
</DataRoot>