﻿<?xml version="1.0" encoding="utf-8"?>
<DataRoot n="D">
  <Data n="20181355744755">
    <Data n="$Elems">
      <Data n="20181524704545e">
        <Key v="450,0" t="Vector2" n="!$P" />
        <Key v="_EFunc" t="String" n="$T" />
        <Key v="G1" t="String" n="GT" />
        <Key v="1" t="Int32" n="T2" />
        <Key v="1" t="Decimal" n="Val" />
        <Key v="Charisma_mluvci" t="String" n="Cnt" />
        <Key v="Os" t="String" n="O" />
      </Data>
      <Data n="20181524631622e">
        <Key v="900,0" t="Vector2" n="!$P" />
        <Key v="20202866798502" t="String" n="$T" />
        <Key v="Zdravím tě, jmenuji se @$ a rád bych se tě na něco zeptal." t="String" n="%X" />
        <Key v="1" t="String" n="!Vt" />
        <Key v="XN_Leader" t="String" n="Var" />
      </Data>
      <Data n="20181524722635e">
        <Key v="1500,0" t="Vector2" n="!$P" />
        <Key v="_EGate" t="String" n="$T" />
        <Key v="G1" t="String" n="GT" />
        <Key v="1" t="Int32" n="T2" />
        <Key v="12" t="Decimal" n="Val" />
        <Key v="Charisma_mluvci" t="String" n="Cnt" />
        <Key v="Oeg" t="String" n="O" />
      </Data>
      <Data n="20181524725471e">
        <Key v="1800,0" t="Vector2" n="!$P" />
        <Key v="20206352251934" t="String" n="$T" />
        <Key v="CkU" t="String" n="GT" />
        <Key v="Female" t="String" n="PL" />
      </Data>
      <Data n="20181524642393e">
        <Key v="1500,-3600" t="Vector2" n="!$P" />
        <Key v="20202866798502" t="String" n="$T" />
        <Key v="%M1" t="String" n="T" />
        <Key v="Ahoj, já jsem Roper Outerbridge, ale šici mi říkaj Rough Dog. Kup mi pivo a rád ti odpovím." t="String" n="%X" />
      </Data>
      <Data n="20181524677051e">
        <Key v="2250,0" t="Vector2" n="!$P" />
        <Key v="20202866798502" t="String" n="$T" />
        <Key v="%M1" t="String" n="T" />
        <Key v="Ale jasně, rád si popovídám s tak pěknou slečinkou, jako jsi ty. Tak co bys chtěla vědět?" t="String" n="%X" />
      </Data>
      <Data n="20181524665679e">
        <Key v="2100,-3600" t="Vector2" n="!$P" />
        <Key v="20206352251934" t="String" n="$T" />
        <Key v="CkI" t="String" n="GT" />
        <Key v="SkH" t="String" n="T" />
        <Key v="1" t="String" n="M" />
        <Key v="6" t="String" n="C" />
      </Data>
      <Data n="20181524657557e">
        <Key v="2550,-3600" t="Vector2" n="!$P" />
        <Key v="20202934699316" t="String" n="$T" />
        <Key v="Koupit pivo" t="String" n="%CX" />
      </Data>
      <Data n="20181524875384e">
        <Key v="3000,-3600" t="Vector2" n="!$P" />
        <Key v="20206371455404" t="String" n="$T" />
        <Key v="CkI" t="String" n="GT" />
        <Key v="SaT" t="String" n="T" />
        <Key v="1" t="String" n="M" />
        <Key v="6" t="String" n="C" />
      </Data>
      <Data n="20181524657702e">
        <Key v="2100,-3800" t="Vector2" n="!$P" />
        <Key v="20202934699316" t="String" n="$T" />
        <Key v="Nic nekupovat" t="String" n="%CX" />
      </Data>
      <Data n="20181524888032e">
        <Key v="2850,0" t="Vector2" n="!$P" />
        <Key v="20206495856812" t="String" n="$T" />
        <Key v="Otázky" t="String" n="!%Txt" />
      </Data>
      <Data n="20181524657556e">
        <Key v="3450,-3600" t="Vector2" n="!$P" />
        <Key v="20202866798502" t="String" n="$T" />
        <Key v="Jasný, jedno pivo pane vrchní." t="String" n="%X" />
      </Data>
      <Data n="20181524657703e">
        <Key v="2550,-3800" t="Vector2" n="!$P" />
        <Key v="20202866798502" t="String" n="$T" />
        <Key v="To mi za to nestojí. Raděj půjdu" t="String" n="%X" />
      </Data>
      <Data n="20181525009241e">
        <Key v="3450,0" t="Vector2" n="!$P" />
        <Key v="20206352251934" t="String" n="$T" />
        <Key v="CkQ" t="String" n="GT" />
        <Key v="SkA" t="String" n="T" />
        <Key v="Q20179542555384" t="String" n="Qs" />
      </Data>
      <Data n="20181525001064e">
        <Key v="3900,0" t="Vector2" n="!$P" />
        <Key v="20202934699316" t="String" n="$T" />
        <Key v="Strašidlo na farmě" t="String" n="%CX" />
      </Data>
      <Data n="20181524899455e">
        <Key v="3450,-200" t="Vector2" n="!$P" />
        <Key v="20202934699316" t="String" n="$T" />
        <Key v="Práce (doplnit)" t="String" n="%CX" />
      </Data>
      <Data n="20181524899663e">
        <Key v="3450,-400" t="Vector2" n="!$P" />
        <Key v="20202934699316" t="String" n="$T" />
        <Key v="Drby (doplnit)" t="String" n="%CX" />
      </Data>
      <Data n="20181525026915e">
        <Key v="3450,-600" t="Vector2" n="!$P" />
        <Key v="20202934699316" t="String" n="$T" />
        <Key v="Odejít" t="String" n="%CX" />
      </Data>
      <Data n="20181525047190e">
        <Key v="3450,-800" t="Vector2" n="!$P" />
        <Key v="20206352251934" t="String" n="$T" />
        <Key v="CkQ" t="String" n="GT" />
        <Key v="SkA" t="String" n="T" />
        <Key v="Q20181337263927" t="String" n="Qs" />
      </Data>
      <Data n="20181576450514e">
        <Key v="3900,-800" t="Vector2" n="!$P" />
        <Key v="_EGate" t="String" n="$T" />
        <Key v="G0" t="String" n="GT" />
        <Key v="Kudla_v_zadech_Dog_info" t="String" n="Var" />
      </Data>
      <Data n="20181525041490e">
        <Key v="4200,-800" t="Vector2" n="!$P" />
        <Key v="20202934699316" t="String" n="$T" />
        <Key v="Donašeč" t="String" n="%CX" />
      </Data>
      <Data n="20181525001065e">
        <Key v="4350,0" t="Vector2" n="!$P" />
        <Key v="20202866798502" t="String" n="$T" />
        <Key v="Nevíš něco o strašidlu na farmě?" t="String" n="%X" />
      </Data>
      <Data n="20181524899454e">
        <Key v="3900,-200" t="Vector2" n="!$P" />
        <Key v="20202866798502" t="String" n="$T" />
        <Key v="Práce (doplnit)" t="String" n="%X" />
      </Data>
      <Data n="20181524899662e">
        <Key v="3900,-400" t="Vector2" n="!$P" />
        <Key v="20202866798502" t="String" n="$T" />
        <Key v="Drby (doplnit)" t="String" n="%X" />
      </Data>
      <Data n="20181525026914e">
        <Key v="3900,-600" t="Vector2" n="!$P" />
        <Key v="20202866798502" t="String" n="$T" />
        <Key v="To bude asi všechno. Díky Dogu" t="String" n="%X" />
      </Data>
      <Data n="20181525041489e">
        <Key v="4650,-800" t="Vector2" n="!$P" />
        <Key v="20202866798502" t="String" n="$T" />
        <Key v="Ty Dogu, nevíš náhodou něco o úniku informací od Lishaka? Možná se tady někde pohybuje krysa." t="String" n="%X" />
      </Data>
      <Data n="20181525017782e">
        <Key v="4950,0" t="Vector2" n="!$P" />
        <Key v="20202866798502" t="String" n="$T" />
        <Key v="%M1" t="String" n="T" />
        <Key v="No, jen vím, že jsou tam nějaký problémy, ale víc nevím. Bejt tebou bych se tam prostě zašel podívat a asi ideálně v noci." t="String" n="%X" />
      </Data>
      <Data n="20181525066598e">
        <Key v="4500,-600" t="Vector2" n="!$P" />
        <Key v="20202866798502" t="String" n="$T" />
        <Key v="%M1" t="String" n="T" />
        <Key v="Není zač, klidně se zas někdy zastav." t="String" n="%X" />
      </Data>
      <Data n="20181525128950e">
        <Key v="5250,-800" t="Vector2" n="!$P" />
        <Key v="20202866798502" t="String" n="$T" />
        <Key v="%M1" t="String" n="T" />
        <Key v="&lt;Dog se na tebe významně podívá, trochu se k tobě přikloní a tichým hlasem pronese&gt; Mám takový tušení, ale pohybujeme se na tenkém ledě příteli. Za tuto informaci budu chtít pořádnej ranec peněz." t="String" n="%X" />
      </Data>
      <Data n="20181525024387e">
        <Key v="5550,0" t="Vector2" n="!$P" />
        <Key v="20202866798502" t="String" n="$T" />
        <Key v="Ok, díky za tip." t="String" n="%X" />
      </Data>
      <Data n="20181525149755e">
        <Key v="5850,-800" t="Vector2" n="!$P" />
        <Key v="20206495856812" t="String" n="$T" />
        <Key v="Získání informace" t="String" n="!%Txt" />
      </Data>
      <Data n="20181525185885e">
        <Key v="6450,-800" t="Vector2" n="!$P" />
        <Key v="20202934699316" t="String" n="$T" />
        <Key v="Zeptat se na něco jiného" t="String" n="%CX" />
      </Data>
      <Data n="20181525175635e">
        <Key v="6450,-1000" t="Vector2" n="!$P" />
        <Key v="20206352251934" t="String" n="$T" />
        <Key v="CkI" t="String" n="GT" />
        <Key v="SkH" t="String" n="T" />
        <Key v="I20157375210699" t="String" n="It" />
        <Key v="1" t="String" n="C" />
      </Data>
      <Data n="20181575889508e">
        <Key v="6900,-1000" t="Vector2" n="!$P" />
        <Key v="_EGate" t="String" n="$T" />
        <Key v="G4" t="String" n="GT" />
      </Data>
      <Data n="20181576276323e">
        <Key v="7200,-1000" t="Vector2" n="!$P" />
        <Key v="_EGate" t="String" n="$T" />
        <Key v="G1" t="String" n="GT" />
        <Key v="1" t="Int32" n="T2" />
        <Key v="0" t="Decimal" n="Val" />
        <Key v="Rough Dog" t="String" n="Cnt" />
        <Key v="Oe" t="String" n="O" />
      </Data>
      <Data n="20181525152082e">
        <Key v="7500,-1000" t="Vector2" n="!$P" />
        <Key v="20202934699316" t="String" n="$T" />
        <Key v="Dát Dogovi zlaťák" t="String" n="%CX" />
      </Data>
      <Data n="20181525158483e">
        <Key v="7950,-1000" t="Vector2" n="!$P" />
        <Key v="20206371455404" t="String" n="$T" />
        <Key v="CkI" t="String" n="GT" />
        <Key v="SaT" t="String" n="T" />
        <Key v="I20157375210699" t="String" n="It" />
        <Key v="1" t="String" n="C" />
      </Data>
      <Data n="20181575887423e">
        <Key v="6450,-1200" t="Vector2" n="!$P" />
        <Key v="_EGate" t="String" n="$T" />
        <Key v="G4" t="String" n="GT" />
      </Data>
      <Data n="20181576385706e">
        <Key v="6750,-1200" t="Vector2" n="!$P" />
        <Key v="_EGate" t="String" n="$T" />
        <Key v="G1" t="String" n="GT" />
        <Key v="1" t="Int32" n="T2" />
        <Key v="0" t="Decimal" n="Val" />
        <Key v="Rough Dog" t="String" n="Cnt" />
        <Key v="Oel" t="String" n="O" />
      </Data>
      <Data n="20181525152278e">
        <Key v="7050,-1200" t="Vector2" n="!$P" />
        <Key v="20202934699316" t="String" n="$T" />
        <Key v="Přemluvit ho" t="String" n="%CX" />
        <Key v="RoP" t="String" n="Spc" />
        <Key v="L3" t="String" n="Lvl" />
      </Data>
      <Data n="20181575889070e">
        <Key v="6450,-2400" t="Vector2" n="!$P" />
        <Key v="_EGate" t="String" n="$T" />
        <Key v="G4" t="String" n="GT" />
      </Data>
      <Data n="20181576390147e">
        <Key v="6750,-2400" t="Vector2" n="!$P" />
        <Key v="_EGate" t="String" n="$T" />
        <Key v="G1" t="String" n="GT" />
        <Key v="1" t="Int32" n="T2" />
        <Key v="0" t="Decimal" n="Val" />
        <Key v="Rough Dog" t="String" n="Cnt" />
        <Key v="Oel" t="String" n="O" />
      </Data>
      <Data n="20181525152616e">
        <Key v="7050,-2400" t="Vector2" n="!$P" />
        <Key v="20202934699316" t="String" n="$T" />
        <Key v="Vyhrožovat" t="String" n="%CX" />
        <Key v="RoI" t="String" n="Spc" />
        <Key v="L4" t="String" n="Lvl" />
      </Data>
      <Data n="20181576440247e">
        <Key v="6450,-3200" t="Vector2" n="!$P" />
        <Key v="_EGate" t="String" n="$T" />
        <Key v="G1" t="String" n="GT" />
        <Key v="1" t="Int32" n="T2" />
        <Key v="2" t="Decimal" n="Val" />
        <Key v="Rough Dog" t="String" n="Cnt" />
        <Key v="Oe" t="String" n="O" />
      </Data>
      <Data n="20181576281394e">
        <Key v="6750,-3200" t="Vector2" n="!$P" />
        <Key v="20202934699316" t="String" n="$T" />
        <Key v="Dát Dogovi 3 zlaté" t="String" n="%CX" />
      </Data>
      <Data n="20181576441161e">
        <Key v="6450,-3400" t="Vector2" n="!$P" />
        <Key v="_EGate" t="String" n="$T" />
        <Key v="G1" t="String" n="GT" />
        <Key v="1" t="Int32" n="T2" />
        <Key v="1" t="Decimal" n="Val" />
        <Key v="Rough Dog" t="String" n="Cnt" />
        <Key v="Oe" t="String" n="O" />
      </Data>
      <Data n="20181576282312e">
        <Key v="6750,-3400" t="Vector2" n="!$P" />
        <Key v="20202934699316" t="String" n="$T" />
        <Key v="Dát dogovi 50 stříbrných" t="String" n="%CX" />
      </Data>
      <Data n="20181525185886e">
        <Key v="6900,-800" t="Vector2" n="!$P" />
        <Key v="20202866798502" t="String" n="$T" />
        <Key v="Raději to prozatím nechám být. Chci se ještě zeptat." t="String" n="%X" />
      </Data>
      <Data n="20181525152083e">
        <Key v="8400,-1000" t="Vector2" n="!$P" />
        <Key v="20202866798502" t="String" n="$T" />
        <Key v="Tady máš Dogu zlaťák, to by doufám mělo stačit." t="String" n="%X" />
      </Data>
      <Data n="20181525152279e">
        <Key v="7500,-1200" t="Vector2" n="!$P" />
        <Key v="20202866798502" t="String" n="$T" />
        <Key v="Dogu, notak. Jsi přece Lishakovým můžem a měl bys mu být lojální. Pokud něco víš, tak ven s tím." t="String" n="%X" />
      </Data>
      <Data n="20181525152615e">
        <Key v="7500,-2400" t="Vector2" n="!$P" />
        <Key v="20202866798502" t="String" n="$T" />
        <Key v="Dogu, jestli něco víš, tak nám to hned pověz, jinak půjdem přímo za Lishakem a povíme mu, že oním špionem jsi ty." t="String" n="%X" />
      </Data>
      <Data n="20181576281395e">
        <Key v="7200,-3200" t="Vector2" n="!$P" />
        <Key v="20202866798502" t="String" n="$T" />
        <Key v="No tak jsme sehnaly ty 3 zlaté, cos chtěl. Tak snad to bude stát za to" t="String" n="%X" />
      </Data>
      <Data n="20181576282311e">
        <Key v="7200,-3400" t="Vector2" n="!$P" />
        <Key v="20202866798502" t="String" n="$T" />
        <Key v="Dobré, sehnali jsme ty peníze. Tady je 50 stříbrňáků." t="String" n="%X" />
      </Data>
      <Data n="20181525200856e">
        <Key v="9000,-1000" t="Vector2" n="!$P" />
        <Key v="20202866798502" t="String" n="$T" />
        <Key v="%M1" t="String" n="T" />
        <Key v="Jojo, to zní férově. Tak a teď pozorně poslouchej. &lt;Dog se trochu nahnul a ztlumil hlas&gt;" t="String" n="%X" />
      </Data>
      <Data n="20181526650765e">
        <Key v="8100,-1200" t="Vector2" n="!$P" />
        <Key v="_EGate" t="String" n="$T" />
        <Key v="G1" t="String" n="GT" />
        <Key v="1" t="Int32" n="T2" />
        <Key v="3" t="Decimal" n="Val" />
        <Key v="XResult" t="String" n="Cnt" />
        <Key v="Oeg" t="String" n="O" />
      </Data>
      <Data n="20181526652855e">
        <Key v="8100,-1400" t="Vector2" n="!$P" />
        <Key v="_EGate" t="String" n="$T" />
        <Key v="G1" t="String" n="GT" />
        <Key v="1" t="Int32" n="T2" />
        <Key v="2" t="Decimal" n="Val" />
        <Key v="XResult" t="String" n="Cnt" />
        <Key v="Oeg" t="String" n="O" />
      </Data>
      <Data n="20181576416202e">
        <Key v="8400,-1400" t="Vector2" n="!$P" />
        <Key v="_EFunc" t="String" n="$T" />
        <Key v="G1" t="String" n="GT" />
        <Key v="1" t="Int32" n="T2" />
        <Key v="1" t="Decimal" n="Val" />
        <Key v="Rough Dog" t="String" n="Cnt" />
        <Key v="Os" t="String" n="O" />
      </Data>
      <Data n="20181526653618e">
        <Key v="8100,-1800" t="Vector2" n="!$P" />
        <Key v="_EGate" t="String" n="$T" />
        <Key v="G1" t="String" n="GT" />
        <Key v="1" t="Int32" n="T2" />
        <Key v="1" t="Decimal" n="Val" />
        <Key v="XResult" t="String" n="Cnt" />
        <Key v="Oeg" t="String" n="O" />
      </Data>
      <Data n="20181526654297e">
        <Key v="8100,-2000" t="Vector2" n="!$P" />
        <Key v="_EGate" t="String" n="$T" />
        <Key v="G1" t="String" n="GT" />
        <Key v="1" t="Int32" n="T2" />
        <Key v="0" t="Decimal" n="Val" />
        <Key v="XResult" t="String" n="Cnt" />
        <Key v="Oeg" t="String" n="O" />
      </Data>
      <Data n="20181576419985e">
        <Key v="8400,-2000" t="Vector2" n="!$P" />
        <Key v="_EFunc" t="String" n="$T" />
        <Key v="G1" t="String" n="GT" />
        <Key v="1" t="Int32" n="T2" />
        <Key v="2" t="Decimal" n="Val" />
        <Key v="Rough Dog" t="String" n="Cnt" />
        <Key v="Os" t="String" n="O" />
      </Data>
      <Data n="20181526652484e">
        <Key v="8100,-2400" t="Vector2" n="!$P" />
        <Key v="_EGate" t="String" n="$T" />
        <Key v="G1" t="String" n="GT" />
        <Key v="1" t="Int32" n="T2" />
        <Key v="3" t="Decimal" n="Val" />
        <Key v="XResult" t="String" n="Cnt" />
        <Key v="Oeg" t="String" n="O" />
      </Data>
      <Data n="20181526655077e">
        <Key v="8100,-2600" t="Vector2" n="!$P" />
        <Key v="_EGate" t="String" n="$T" />
        <Key v="G1" t="String" n="GT" />
        <Key v="1" t="Int32" n="T2" />
        <Key v="2" t="Decimal" n="Val" />
        <Key v="XResult" t="String" n="Cnt" />
        <Key v="Oeg" t="String" n="O" />
      </Data>
      <Data n="20181576418250e">
        <Key v="8400,-2600" t="Vector2" n="!$P" />
        <Key v="_EFunc" t="String" n="$T" />
        <Key v="G1" t="String" n="GT" />
        <Key v="1" t="Int32" n="T2" />
        <Key v="1" t="Decimal" n="Val" />
        <Key v="Rough Dog" t="String" n="Cnt" />
        <Key v="Os" t="String" n="O" />
      </Data>
      <Data n="20181526655561e">
        <Key v="8100,-2800" t="Vector2" n="!$P" />
        <Key v="_EGate" t="String" n="$T" />
        <Key v="G1" t="String" n="GT" />
        <Key v="1" t="Int32" n="T2" />
        <Key v="1" t="Decimal" n="Val" />
        <Key v="XResult" t="String" n="Cnt" />
        <Key v="Oeg" t="String" n="O" />
      </Data>
      <Data n="20181526655928e">
        <Key v="8100,-3000" t="Vector2" n="!$P" />
        <Key v="_EGate" t="String" n="$T" />
        <Key v="G1" t="String" n="GT" />
        <Key v="1" t="Int32" n="T2" />
        <Key v="0" t="Decimal" n="Val" />
        <Key v="XResult" t="String" n="Cnt" />
        <Key v="Oeg" t="String" n="O" />
      </Data>
      <Data n="20181576419017e">
        <Key v="8400,-3000" t="Vector2" n="!$P" />
        <Key v="_EFunc" t="String" n="$T" />
        <Key v="G1" t="String" n="GT" />
        <Key v="1" t="Int32" n="T2" />
        <Key v="2" t="Decimal" n="Val" />
        <Key v="Rough Dog" t="String" n="Cnt" />
        <Key v="Os" t="String" n="O" />
      </Data>
      <Data n="20181576429389e">
        <Key v="7800,-3200" t="Vector2" n="!$P" />
        <Key v="20202866798502" t="String" n="$T" />
        <Key v="%M1" t="String" n="T" />
        <Key v="Che che, snadný prachy. Jojo, neměl si mě předtím nasrat. Ale teď k věci. Pozorně poslouchej." t="String" n="%X" />
      </Data>
      <Data n="20181576302366e">
        <Key v="7800,-3400" t="Vector2" n="!$P" />
        <Key v="20202866798502" t="String" n="$T" />
        <Key v="%M1" t="String" n="T" />
        <Key v="Výborně, věděl jsem, že se domluvíme. Tak teda povím vše co vím. Pozorně poslouchej." t="String" n="%X" />
      </Data>
      <Data n="20181525452562e">
        <Key v="9600,-1000" t="Vector2" n="!$P" />
        <Key v="20202866798502" t="String" n="$T" />
        <Key v="%M1" t="String" n="T" />
        <Key v="Mám takové podezření, že donašečem je Shifty. Pohybuje se dost blízko Lishaka a tu noc, kdy se domlouval přepad tam byl a pak zmizel. Viděl jsem ho jít směrem k přístavu." t="String" n="%X" />
      </Data>
      <Data n="20181525556015e">
        <Key v="8550,-1200" t="Vector2" n="!$P" />
        <Key v="20202866798502" t="String" n="$T" />
        <Key v="%M1" t="String" n="T" />
        <Key v="Na tom něco bude. Je to tak, on je ten, co mě platí. Tak teda dobrá. Poslouchej." t="String" n="%X" />
      </Data>
      <Data n="20181525556216e">
        <Key v="8850,-1400" t="Vector2" n="!$P" />
        <Key v="20202866798502" t="String" n="$T" />
        <Key v="%M1" t="String" n="T" />
        <Key v="Hraješ na mojí loajlitu? Dobrá. Máš pravdu, ale stejně za to budu něco chtít. Dej mi 50 stříbrných a řeknu co vím." t="String" n="%X" />
      </Data>
      <Data n="20181525556382e">
        <Key v="8550,-1800" t="Vector2" n="!$P" />
        <Key v="20202866798502" t="String" n="$T" />
        <Key v="%M1" t="String" n="T" />
        <Key v="To je sice pravda, ale stejně nemůžu riskovat. Sorry jako." t="String" n="%X" />
      </Data>
      <Data n="20181525556562e">
        <Key v="8850,-2000" t="Vector2" n="!$P" />
        <Key v="20202866798502" t="String" n="$T" />
        <Key v="%M1" t="String" n="T" />
        <Key v="Co to tady zkoušíš. Si myslíš, že nejsem Lishakovi dostatečně loajální. To teda sem a ty jsi mě teď pěkně na*ral. Pokud chceš nějaký info, bude tě to stát pěknej balík! Dej mi 3 zlatý a budem se dál bavit, jinak táhni." t="String" n="%X" />
      </Data>
      <Data n="20181525557271e">
        <Key v="8550,-2400" t="Vector2" n="!$P" />
        <Key v="20202866798502" t="String" n="$T" />
        <Key v="%M1" t="String" n="T" />
        <Key v="Teda ty seš parchant. Tak dobře, povím co vím." t="String" n="%X" />
      </Data>
      <Data n="20181525557533e">
        <Key v="8850,-2600" t="Vector2" n="!$P" />
        <Key v="20202866798502" t="String" n="$T" />
        <Key v="%M1" t="String" n="T" />
        <Key v="Teda ty seš parchant. Ale stejně to risknu a budu chtít alespoň malej úplatek. Dej mi 50 stříbrňáků a povím, co vím. Jinak si jdi" t="String" n="%X" />
      </Data>
      <Data n="20181525557721e">
        <Key v="8550,-2800" t="Vector2" n="!$P" />
        <Key v="20202866798502" t="String" n="$T" />
        <Key v="%M1" t="String" n="T" />
        <Key v="Komu tady zkoušíš vyhrožovat? Takových jako ty už jsem viděl. Kdepak, s tímhle na mě nechoď &lt;výsměch&gt;" t="String" n="%X" />
      </Data>
      <Data n="20181525557938e">
        <Key v="8850,-3000" t="Vector2" n="!$P" />
        <Key v="20202866798502" t="String" n="$T" />
        <Key v="%M1" t="String" n="T" />
        <Key v="Ty jeden parchante, to sis dovolil dost. Takhle mě vydírat a teď tě zas budu vydírat já." t="String" n="%X" />
      </Data>
      <Data n="20181525487358e">
        <Key v="10200,-1000" t="Vector2" n="!$P" />
        <Key v="_EFunc" t="String" n="$T" />
        <Key v="G1" t="String" n="GT" />
        <Key v="1" t="Int32" n="T2" />
        <Key v="1" t="Decimal" n="Val" />
        <Key v="Kudla_v_zadech" t="String" n="Cnt" />
        <Key v="Os" t="String" n="O" />
      </Data>
      <Data n="20181576457937e">
        <Key v="10500,-1000" t="Vector2" n="!$P" />
        <Key v="_EFunc" t="String" n="$T" />
        <Key v="G0" t="String" n="GT" />
        <Key v="Kudla_v_zadech_Dog_info" t="String" n="Var" />
      </Data>
      <Data n="20181575874821e">
        <Key v="9450,-1400" t="Vector2" n="!$P" />
        <Key v="20206495856812" t="String" n="$T" />
        <Key v="Sleva na info" t="String" n="!%Txt" />
      </Data>
      <Data n="20181576172611e">
        <Key v="9450,-2000" t="Vector2" n="!$P" />
        <Key v="20206495856812" t="String" n="$T" />
        <Key v="Zdražení infa" t="String" n="!%Txt" />
      </Data>
      <Data n="20181576260097e">
        <Key v="9450,-3000" t="Vector2" n="!$P" />
        <Key v="20202866798502" t="String" n="$T" />
        <Key v="%M1" t="String" n="T" />
        <Key v="Klidně si jdi za Lishákem. Komu bude věřit, tobě? Bez důkazu? Nebo mě, člověku, se kterým už dobrých pár let pracuje. Teď si mě pěkně na*ral, takže pokud budeš chtí nějaké info, tak budeš muset sáhnout pěkně hluboku. Neřeknu ti nic za méně než 3 zlaté." t="String" n="%X" />
      </Data>
      <Data n="20181525462808e">
        <Key v="10950,-1000" t="Vector2" n="!$P" />
        <Key v="20202866798502" t="String" n="$T" />
        <Key v="Super, díky za informaci. Ještě by mě zajímalo, kde toho  Shiftyho najdem?" t="String" n="%X" />
      </Data>
      <Data n="20181576011476e">
        <Key v="10050,-1400" t="Vector2" n="!$P" />
        <Key v="20206352251934" t="String" n="$T" />
        <Key v="CkI" t="String" n="GT" />
        <Key v="SkH" t="String" n="T" />
        <Key v="I20157375210590" t="String" n="It" />
        <Key v="50" t="String" n="C" />
      </Data>
      <Data n="20181575881556e">
        <Key v="10500,-1400" t="Vector2" n="!$P" />
        <Key v="20202934699316" t="String" n="$T" />
        <Key v="Zaplatit (50 stříbrných)" t="String" n="%CX" />
      </Data>
      <Data n="20181576009341e">
        <Key v="10950,-1400" t="Vector2" n="!$P" />
        <Key v="20206371455404" t="String" n="$T" />
        <Key v="CkI" t="String" n="GT" />
        <Key v="SaT" t="String" n="T" />
        <Key v="I20157375210590" t="String" n="It" />
        <Key v="50" t="String" n="C" />
      </Data>
      <Data n="20181575881727e">
        <Key v="10050,-1600" t="Vector2" n="!$P" />
        <Key v="20202934699316" t="String" n="$T" />
        <Key v="Nezaplatit" t="String" n="%CX" />
      </Data>
      <Data n="20181576423980e">
        <Key v="10050,-2000" t="Vector2" n="!$P" />
        <Key v="20206352251934" t="String" n="$T" />
        <Key v="CkI" t="String" n="GT" />
        <Key v="SkH" t="String" n="T" />
        <Key v="I20157375210699" t="String" n="It" />
        <Key v="3" t="String" n="C" />
      </Data>
      <Data n="20181576367100e">
        <Key v="10500,-2000" t="Vector2" n="!$P" />
        <Key v="20202934699316" t="String" n="$T" />
        <Key v="Zaplatit" t="String" n="%CX" />
      </Data>
      <Data n="20181576423500e">
        <Key v="10950,-2000" t="Vector2" n="!$P" />
        <Key v="20206371455404" t="String" n="$T" />
        <Key v="CkI" t="String" n="GT" />
        <Key v="SaT" t="String" n="T" />
        <Key v="I20157375210699" t="String" n="It" />
        <Key v="3" t="String" n="C" />
      </Data>
      <Data n="20181576367350e">
        <Key v="10050,-2200" t="Vector2" n="!$P" />
        <Key v="20202934699316" t="String" n="$T" />
        <Key v="Nezaplatit" t="String" n="%CX" />
      </Data>
      <Data n="20181525469209e">
        <Key v="11550,-1000" t="Vector2" n="!$P" />
        <Key v="20202866798502" t="String" n="$T" />
        <Key v="%M1" t="String" n="T" />
        <Key v="No často se potulujue po náměstí. Zkus to tam. Ale mezi námi, já ti nic neřekl, jasný? Odemě nic nemáš." t="String" n="%X" />
      </Data>
      <Data n="20181575881557e">
        <Key v="11400,-1400" t="Vector2" n="!$P" />
        <Key v="20202866798502" t="String" n="$T" />
        <Key v="Dobrá, tady máš těch 50 stříbrných." t="String" n="%X" />
      </Data>
      <Data n="20181575881728e">
        <Key v="10500,-1600" t="Vector2" n="!$P" />
        <Key v="20202866798502" t="String" n="$T" />
        <Key v="Sakra to je moc, to si nemůžem dovolit" t="String" n="%X" />
      </Data>
      <Data n="20181576367099e">
        <Key v="11400,-2000" t="Vector2" n="!$P" />
        <Key v="20202866798502" t="String" n="$T" />
        <Key v="Tak tady to teda máš 3 zlaťáky a teď koukej vybalit co víš." t="String" n="%X" />
      </Data>
      <Data n="20181576367349e">
        <Key v="10500,-2200" t="Vector2" n="!$P" />
        <Key v="20202866798502" t="String" n="$T" />
        <Key v="Zbláznil jsi se. Takových peněz. Poradíme si jinak." t="String" n="%X" />
      </Data>
      <Data n="20181525477575e">
        <Key v="12150,-1000" t="Vector2" n="!$P" />
        <Key v="20202866798502" t="String" n="$T" />
        <Key v="Jojo, určitě. Ještě se chci zeptat" t="String" n="%X" />
      </Data>
    </Data>
    <Data n="$Conns">
      <Data n="20181524704545c">
        <Key v="20181524704545e" t="String" n="$E" />
      </Data>
      <Data n="20181524631622c">
        <Key v="20181524631622e" t="String" n="$E" />
        <Key v="20181524704545e" t="String" n="$S" />
      </Data>
      <Data n="20181524722635c">
        <Key v="20181524722635e" t="String" n="$E" />
        <Key v="20181524631622e" t="String" n="$S" />
      </Data>
      <Data n="20181524725471c">
        <Key v="20181524725471e" t="String" n="$E" />
        <Key v="20181524722635e" t="String" n="$S" />
      </Data>
      <Data n="20181524642393c">
        <Key v="20181524642393e" t="String" n="$E" />
        <Key v="20181524631622e" t="String" n="$S" />
      </Data>
      <Data n="20181524677051c">
        <Key v="20181524677051e" t="String" n="$E" />
        <Key v="20181524725471e" t="String" n="$S" />
      </Data>
      <Data n="20181524665679c">
        <Key v="20181524665679e" t="String" n="$E" />
        <Key v="20181524642393e" t="String" n="$S" />
      </Data>
      <Data n="20181524657557c">
        <Key v="20181524657557e" t="String" n="$E" />
        <Key v="20181524665679e" t="String" n="$S" />
      </Data>
      <Data n="20181524875384c">
        <Key v="20181524875384e" t="String" n="$E" />
        <Key v="20181524657557e" t="String" n="$S" />
      </Data>
      <Data n="20181524657702c">
        <Key v="20181524657702e" t="String" n="$E" />
        <Key v="20181524642393e" t="String" n="$S" />
      </Data>
      <Data n="20181524888032c">
        <Key v="20181524888032e" t="String" n="$E" />
        <Key v="20181524677051e" t="String" n="$S" />
      </Data>
      <Data n="20181524657556c">
        <Key v="20181524657556e" t="String" n="$E" />
        <Key v="20181524875384e" t="String" n="$S" />
      </Data>
      <Data n="20181524657703c">
        <Key v="20181524657703e" t="String" n="$E" />
        <Key v="20181524657702e" t="String" n="$S" />
      </Data>
      <Data n="20181525009241c">
        <Key v="20181525009241e" t="String" n="$E" />
        <Key v="20181524888032e" t="String" n="$S" />
      </Data>
      <Data n="20181525001064c">
        <Key v="20181525001064e" t="String" n="$E" />
        <Key v="20181525009241e" t="String" n="$S" />
      </Data>
      <Data n="20181524899455c">
        <Key v="20181524899455e" t="String" n="$E" />
        <Key v="20181524888032e" t="String" n="$S" />
      </Data>
      <Data n="20181524899663c">
        <Key v="20181524899663e" t="String" n="$E" />
        <Key v="20181524888032e" t="String" n="$S" />
      </Data>
      <Data n="20181525026915c">
        <Key v="20181525026915e" t="String" n="$E" />
        <Key v="20181524888032e" t="String" n="$S" />
      </Data>
      <Data n="20181525047190c">
        <Key v="20181525047190e" t="String" n="$E" />
        <Key v="20181524888032e" t="String" n="$S" />
      </Data>
      <Data n="20181576450514c">
        <Key v="20181576450514e" t="String" n="$E" />
        <Key v="20181525047190e" t="String" n="$S" />
      </Data>
      <Data n="20181525041490c">
        <Key v="20181525041490e" t="String" n="$E" />
        <Key v="20181576450514e" t="String" n="$S" />
      </Data>
      <Data n="20206616256042c">
        <Key v="20181524888032e" t="String" n="$E" />
        <Key v="20181524657556e" t="String" n="$S" />
      </Data>
      <Data n="20181525001065c">
        <Key v="20181525001065e" t="String" n="$E" />
        <Key v="20181525001064e" t="String" n="$S" />
      </Data>
      <Data n="20181524899454c">
        <Key v="20181524899454e" t="String" n="$E" />
        <Key v="20181524899455e" t="String" n="$S" />
      </Data>
      <Data n="20181524899662c">
        <Key v="20181524899662e" t="String" n="$E" />
        <Key v="20181524899663e" t="String" n="$S" />
      </Data>
      <Data n="20181525026914c">
        <Key v="20181525026914e" t="String" n="$E" />
        <Key v="20181525026915e" t="String" n="$S" />
      </Data>
      <Data n="20181525041489c">
        <Key v="20181525041489e" t="String" n="$E" />
        <Key v="20181525041490e" t="String" n="$S" />
      </Data>
      <Data n="20181525017782c">
        <Key v="20181525017782e" t="String" n="$E" />
        <Key v="20181525001065e" t="String" n="$S" />
      </Data>
      <Data n="20181525066598c">
        <Key v="20181525066598e" t="String" n="$E" />
        <Key v="20181525026914e" t="String" n="$S" />
      </Data>
      <Data n="20181525128950c">
        <Key v="20181525128950e" t="String" n="$E" />
        <Key v="20181525041489e" t="String" n="$S" />
      </Data>
      <Data n="20181525024387c">
        <Key v="20181525024387e" t="String" n="$E" />
        <Key v="20181525017782e" t="String" n="$S" />
      </Data>
      <Data n="20181525149755c">
        <Key v="20181525149755e" t="String" n="$E" />
        <Key v="20181525128950e" t="String" n="$S" />
      </Data>
      <Data n="20206616256053c">
        <Key v="20181524888032e" t="String" n="$E" />
        <Key v="20181525024387e" t="String" n="$S" />
      </Data>
      <Data n="20181525185885c">
        <Key v="20181525185885e" t="String" n="$E" />
        <Key v="20181525149755e" t="String" n="$S" />
      </Data>
      <Data n="20181525175635c">
        <Key v="20181525175635e" t="String" n="$E" />
        <Key v="20181525149755e" t="String" n="$S" />
      </Data>
      <Data n="20181575889508c">
        <Key v="20181575889508e" t="String" n="$E" />
        <Key v="20181525175635e" t="String" n="$S" />
      </Data>
      <Data n="20181576276323c">
        <Key v="20181576276323e" t="String" n="$E" />
        <Key v="20181575889508e" t="String" n="$S" />
      </Data>
      <Data n="20181525152082c">
        <Key v="20181525152082e" t="String" n="$E" />
        <Key v="20181576276323e" t="String" n="$S" />
      </Data>
      <Data n="20181525158483c">
        <Key v="20181525158483e" t="String" n="$E" />
        <Key v="20181525152082e" t="String" n="$S" />
      </Data>
      <Data n="20181575887423c">
        <Key v="20181575887423e" t="String" n="$E" />
        <Key v="20181525149755e" t="String" n="$S" />
      </Data>
      <Data n="20181576385706c">
        <Key v="20181576385706e" t="String" n="$E" />
        <Key v="20181575887423e" t="String" n="$S" />
      </Data>
      <Data n="20181525152278c">
        <Key v="20181525152278e" t="String" n="$E" />
        <Key v="20181576385706e" t="String" n="$S" />
      </Data>
      <Data n="20181575889070c">
        <Key v="20181575889070e" t="String" n="$E" />
        <Key v="20181525149755e" t="String" n="$S" />
      </Data>
      <Data n="20181576390147c">
        <Key v="20181576390147e" t="String" n="$E" />
        <Key v="20181575889070e" t="String" n="$S" />
      </Data>
      <Data n="20181525152616c">
        <Key v="20181525152616e" t="String" n="$E" />
        <Key v="20181576390147e" t="String" n="$S" />
      </Data>
      <Data n="20181576440247c">
        <Key v="20181576440247e" t="String" n="$E" />
        <Key v="20181525149755e" t="String" n="$S" />
      </Data>
      <Data n="20181576281394c">
        <Key v="20181576281394e" t="String" n="$E" />
        <Key v="20181576440247e" t="String" n="$S" />
      </Data>
      <Data n="20181576441161c">
        <Key v="20181576441161e" t="String" n="$E" />
        <Key v="20181525149755e" t="String" n="$S" />
      </Data>
      <Data n="20181576282312c">
        <Key v="20181576282312e" t="String" n="$E" />
        <Key v="20181576441161e" t="String" n="$S" />
      </Data>
      <Data n="20181525185886c">
        <Key v="20181525185886e" t="String" n="$E" />
        <Key v="20181525185885e" t="String" n="$S" />
      </Data>
      <Data n="20181525152083c">
        <Key v="20181525152083e" t="String" n="$E" />
        <Key v="20181525158483e" t="String" n="$S" />
      </Data>
      <Data n="20181525152279c">
        <Key v="20181525152279e" t="String" n="$E" />
        <Key v="20181525152278e" t="String" n="$S" />
      </Data>
      <Data n="20181525152615c">
        <Key v="20181525152615e" t="String" n="$E" />
        <Key v="20181525152616e" t="String" n="$S" />
      </Data>
      <Data n="20181576281395c">
        <Key v="20181576281395e" t="String" n="$E" />
        <Key v="20181576281394e" t="String" n="$S" />
      </Data>
      <Data n="20181576282311c">
        <Key v="20181576282311e" t="String" n="$E" />
        <Key v="20181576282312e" t="String" n="$S" />
      </Data>
      <Data n="20206616256078c">
        <Key v="20181524888032e" t="String" n="$E" />
        <Key v="20181525185886e" t="String" n="$S" />
      </Data>
      <Data n="20181525200856c">
        <Key v="20181525200856e" t="String" n="$E" />
        <Key v="20181525152083e" t="String" n="$S" />
      </Data>
      <Data n="20181526650765c">
        <Key v="20181526650765e" t="String" n="$E" />
        <Key v="20181525152279e" t="String" n="$S" />
      </Data>
      <Data n="20181526652855c">
        <Key v="20181526652855e" t="String" n="$E" />
        <Key v="20181525152279e" t="String" n="$S" />
      </Data>
      <Data n="20181576416202c">
        <Key v="20181576416202e" t="String" n="$E" />
        <Key v="20181526652855e" t="String" n="$S" />
      </Data>
      <Data n="20181526653618c">
        <Key v="20181526653618e" t="String" n="$E" />
        <Key v="20181525152279e" t="String" n="$S" />
      </Data>
      <Data n="20181526654297c">
        <Key v="20181526654297e" t="String" n="$E" />
        <Key v="20181525152279e" t="String" n="$S" />
      </Data>
      <Data n="20181576419985c">
        <Key v="20181576419985e" t="String" n="$E" />
        <Key v="20181526654297e" t="String" n="$S" />
      </Data>
      <Data n="20181526652484c">
        <Key v="20181526652484e" t="String" n="$E" />
        <Key v="20181525152615e" t="String" n="$S" />
      </Data>
      <Data n="20181526655077c">
        <Key v="20181526655077e" t="String" n="$E" />
        <Key v="20181525152615e" t="String" n="$S" />
      </Data>
      <Data n="20181576418250c">
        <Key v="20181576418250e" t="String" n="$E" />
        <Key v="20181526655077e" t="String" n="$S" />
      </Data>
      <Data n="20181526655561c">
        <Key v="20181526655561e" t="String" n="$E" />
        <Key v="20181525152615e" t="String" n="$S" />
      </Data>
      <Data n="20181526655928c">
        <Key v="20181526655928e" t="String" n="$E" />
        <Key v="20181525152615e" t="String" n="$S" />
      </Data>
      <Data n="20181576419017c">
        <Key v="20181576419017e" t="String" n="$E" />
        <Key v="20181526655928e" t="String" n="$S" />
      </Data>
      <Data n="20181576429389c">
        <Key v="20181576429389e" t="String" n="$E" />
        <Key v="20181576281395e" t="String" n="$S" />
      </Data>
      <Data n="20181576302366c">
        <Key v="20181576302366e" t="String" n="$E" />
        <Key v="20181576282311e" t="String" n="$S" />
      </Data>
      <Data n="20181525452562c">
        <Key v="20181525452562e" t="String" n="$E" />
        <Key v="20181525200856e" t="String" n="$S" />
      </Data>
      <Data n="20181525556015c">
        <Key v="20181525556015e" t="String" n="$E" />
        <Key v="20181526650765e" t="String" n="$S" />
      </Data>
      <Data n="20181525556216c">
        <Key v="20181525556216e" t="String" n="$E" />
        <Key v="20181576416202e" t="String" n="$S" />
      </Data>
      <Data n="20181525556382c">
        <Key v="20181525556382e" t="String" n="$E" />
        <Key v="20181526653618e" t="String" n="$S" />
      </Data>
      <Data n="20181525556562c">
        <Key v="20181525556562e" t="String" n="$E" />
        <Key v="20181576419985e" t="String" n="$S" />
      </Data>
      <Data n="20181525557271c">
        <Key v="20181525557271e" t="String" n="$E" />
        <Key v="20181526652484e" t="String" n="$S" />
      </Data>
      <Data n="20181525557533c">
        <Key v="20181525557533e" t="String" n="$E" />
        <Key v="20181576418250e" t="String" n="$S" />
      </Data>
      <Data n="20181525557721c">
        <Key v="20181525557721e" t="String" n="$E" />
        <Key v="20181526655561e" t="String" n="$S" />
      </Data>
      <Data n="20181525557938c">
        <Key v="20181525557938e" t="String" n="$E" />
        <Key v="20181576419017e" t="String" n="$S" />
      </Data>
      <Data n="20206616256103c">
        <Key v="20181525452562e" t="String" n="$E" />
        <Key v="20181576429389e" t="String" n="$S" />
      </Data>
      <Data n="20206616256104c">
        <Key v="20181525452562e" t="String" n="$E" />
        <Key v="20181576302366e" t="String" n="$S" />
      </Data>
      <Data n="20181525487358c">
        <Key v="20181525487358e" t="String" n="$E" />
        <Key v="20181525452562e" t="String" n="$S" />
      </Data>
      <Data n="20181576457937c">
        <Key v="20181576457937e" t="String" n="$E" />
        <Key v="20181525487358e" t="String" n="$S" />
      </Data>
      <Data n="20206616256107c">
        <Key v="20181525452562e" t="String" n="$E" />
        <Key v="20181525556015e" t="String" n="$S" />
      </Data>
      <Data n="20181575874821c">
        <Key v="20181575874821e" t="String" n="$E" />
        <Key v="20181525556216e" t="String" n="$S" />
      </Data>
      <Data n="20206616256109c">
        <Key v="20181525149755e" t="String" n="$E" />
        <Key v="20181525556382e" t="String" n="$S" />
      </Data>
      <Data n="20181576172611c">
        <Key v="20181576172611e" t="String" n="$E" />
        <Key v="20181525556562e" t="String" n="$S" />
      </Data>
      <Data n="20206616256111c">
        <Key v="20181525452562e" t="String" n="$E" />
        <Key v="20181525557271e" t="String" n="$S" />
      </Data>
      <Data n="20206616256112c">
        <Key v="20181575874821e" t="String" n="$E" />
        <Key v="20181525557533e" t="String" n="$S" />
      </Data>
      <Data n="20206616256113c">
        <Key v="20181525149755e" t="String" n="$E" />
        <Key v="20181525557721e" t="String" n="$S" />
      </Data>
      <Data n="20181576260097c">
        <Key v="20181576260097e" t="String" n="$E" />
        <Key v="20181525557938e" t="String" n="$S" />
      </Data>
      <Data n="20181525462808c">
        <Key v="20181525462808e" t="String" n="$E" />
        <Key v="20181576457937e" t="String" n="$S" />
      </Data>
      <Data n="20181576011476c">
        <Key v="20181576011476e" t="String" n="$E" />
        <Key v="20181575874821e" t="String" n="$S" />
      </Data>
      <Data n="20181575881556c">
        <Key v="20181575881556e" t="String" n="$E" />
        <Key v="20181576011476e" t="String" n="$S" />
      </Data>
      <Data n="20181576009341c">
        <Key v="20181576009341e" t="String" n="$E" />
        <Key v="20181575881556e" t="String" n="$S" />
      </Data>
      <Data n="20181575881727c">
        <Key v="20181575881727e" t="String" n="$E" />
        <Key v="20181575874821e" t="String" n="$S" />
      </Data>
      <Data n="20181576423980c">
        <Key v="20181576423980e" t="String" n="$E" />
        <Key v="20181576172611e" t="String" n="$S" />
      </Data>
      <Data n="20181576367100c">
        <Key v="20181576367100e" t="String" n="$E" />
        <Key v="20181576423980e" t="String" n="$S" />
      </Data>
      <Data n="20181576423500c">
        <Key v="20181576423500e" t="String" n="$E" />
        <Key v="20181576367100e" t="String" n="$S" />
      </Data>
      <Data n="20181576367350c">
        <Key v="20181576367350e" t="String" n="$E" />
        <Key v="20181576172611e" t="String" n="$S" />
      </Data>
      <Data n="20206616256125c">
        <Key v="20181576172611e" t="String" n="$E" />
        <Key v="20181576260097e" t="String" n="$S" />
      </Data>
      <Data n="20181525469209c">
        <Key v="20181525469209e" t="String" n="$E" />
        <Key v="20181525462808e" t="String" n="$S" />
      </Data>
      <Data n="20181575881557c">
        <Key v="20181575881557e" t="String" n="$E" />
        <Key v="20181576009341e" t="String" n="$S" />
      </Data>
      <Data n="20181575881728c">
        <Key v="20181575881728e" t="String" n="$E" />
        <Key v="20181575881727e" t="String" n="$S" />
      </Data>
      <Data n="20181576367099c">
        <Key v="20181576367099e" t="String" n="$E" />
        <Key v="20181576423500e" t="String" n="$S" />
      </Data>
      <Data n="20181576367349c">
        <Key v="20181576367349e" t="String" n="$E" />
        <Key v="20181576367350e" t="String" n="$S" />
      </Data>
      <Data n="20181525477575c">
        <Key v="20181525477575e" t="String" n="$E" />
        <Key v="20181525469209e" t="String" n="$S" />
      </Data>
      <Data n="20206616256132c">
        <Key v="20181576302366e" t="String" n="$E" />
        <Key v="20181575881557e" t="String" n="$S" />
      </Data>
      <Data n="20206616256133c">
        <Key v="20181525149755e" t="String" n="$E" />
        <Key v="20181575881728e" t="String" n="$S" />
      </Data>
      <Data n="20206616256134c">
        <Key v="20181576429389e" t="String" n="$E" />
        <Key v="20181576367099e" t="String" n="$S" />
      </Data>
      <Data n="20206616256135c">
        <Key v="20181525149755e" t="String" n="$E" />
        <Key v="20181576367349e" t="String" n="$S" />
      </Data>
      <Data n="20206616256136c">
        <Key v="20181524888032e" t="String" n="$E" />
        <Key v="20181525477575e" t="String" n="$S" />
      </Data>
    </Data>
  </Data>
</DataRoot>