﻿<?xml version="1.0" encoding="utf-8"?>
<DataRoot n="D">
  <Data n="20156900334667">
    <Data n="$Elems">
      <Data n="20162945087906e">
        <Key v="450,0" t="Vector2" n="!$P" />
        <Key v="_EGate" t="String" n="$T" />
        <Key v="G1" t="String" n="GT" />
        <Key v="1" t="Int32" n="T2" />
        <Key v="24" t="Decimal" n="Val" />
        <Key v="REPUTATION" t="String" n="Cnt" />
        <Key v="Oel" t="String" n="O" />
      </Data>
      <Data n="20162945101028e">
        <Key v="750,0" t="Vector2" n="!$P" />
        <Key v="20206352251934" t="String" n="$T" />
        <Key v="CkQ" t="String" n="GT" />
        <Key v="SkN" t="String" n="T" />
        <Key v="Q20162246005753" t="String" n="Qs" />
      </Data>
      <Data n="20162945157742e">
        <Key v="1200,0" t="Vector2" n="!$P" />
        <Key v="_EGate" t="String" n="$T" />
        <Key v="G0" t="String" n="GT" />
        <Key v="1" t="Int32" n="Ex" />
        <Key v="Riny_prvni_navsteva" t="String" n="Var" />
      </Data>
      <Data n="20162945091624e">
        <Key v="450,-200" t="Vector2" n="!$P" />
        <Key v="_EGate" t="String" n="$T" />
        <Key v="G1" t="String" n="GT" />
        <Key v="1" t="Int32" n="T2" />
        <Key v="25" t="Decimal" n="Val" />
        <Key v="REPUTATION" t="String" n="Cnt" />
        <Key v="Oeg" t="String" n="O" />
      </Data>
      <Data n="20162945101568e">
        <Key v="750,-200" t="Vector2" n="!$P" />
        <Key v="20206352251934" t="String" n="$T" />
        <Key v="CkQ" t="String" n="GT" />
        <Key v="SkN" t="String" n="T" />
        <Key v="Q20162246005753" t="String" n="Qs" />
      </Data>
      <Data n="20162945161281e">
        <Key v="1200,-200" t="Vector2" n="!$P" />
        <Key v="_EGate" t="String" n="$T" />
        <Key v="G0" t="String" n="GT" />
        <Key v="1" t="Int32" n="Ex" />
        <Key v="Riny_prvni_navsteva" t="String" n="Var" />
      </Data>
      <Data n="20162945066204e">
        <Key v="450,-2000" t="Vector2" n="!$P" />
        <Key v="_EGate" t="String" n="$T" />
        <Key v="G0" t="String" n="GT" />
        <Key v="Riny_prvni_navsteva" t="String" n="Var" />
      </Data>
      <Data n="20162945071419e">
        <Key v="750,-2000" t="Vector2" n="!$P" />
        <Key v="_EFunc" t="String" n="$T" />
        <Key v="G0" t="String" n="GT" />
        <Key v="Riny_prvni_navsteva" t="String" n="Var" />
      </Data>
      <Data n="20162945133260e">
        <Key v="450,-3600" t="Vector2" n="!$P" />
        <Key v="_EGate" t="String" n="$T" />
        <Key v="G1" t="String" n="GT" />
        <Key v="1" t="Int32" n="T2" />
        <Key v="1" t="Decimal" n="Val" />
        <Key v="Riny_q_goblini_hlaska" t="String" n="Cnt" />
        <Key v="Oeg" t="String" n="O" />
      </Data>
      <Data n="20162945135302e">
        <Key v="750,-3600" t="Vector2" n="!$P" />
        <Key v="_EGate" t="String" n="$T" />
        <Key v="G1" t="String" n="GT" />
        <Key v="1" t="Int32" n="T2" />
        <Key v="2" t="Decimal" n="Val" />
        <Key v="Riny_q_goblini_hlaska" t="String" n="Cnt" />
        <Key v="Oel" t="String" n="O" />
      </Data>
      <Data n="20162945143950e">
        <Key v="450,-4200" t="Vector2" n="!$P" />
        <Key v="_EGate" t="String" n="$T" />
        <Key v="G1" t="String" n="GT" />
        <Key v="1" t="Int32" n="T2" />
        <Key v="3" t="Decimal" n="Val" />
        <Key v="Riny_q_goblini_hlaska" t="String" n="Cnt" />
        <Key v="Oeg" t="String" n="O" />
      </Data>
      <Data n="20162945059839e">
        <Key v="1650,0" t="Vector2" n="!$P" />
        <Key v="20202866798502" t="String" n="$T" />
        <Key v="%M1" t="String" n="T" />
        <Key v="Bohužel nemám teď na vás čas." t="String" n="%X" />
      </Data>
      <Data n="20162945088656e">
        <Key v="1650,-200" t="Vector2" n="!$P" />
        <Key v="20202866798502" t="String" n="$T" />
        <Key v="%M1" t="String" n="T" />
        <Key v="Ach ano, to jste vy. Již jsem o vás slyšel. Tak co potřebujete. Ale prosím stručně, mám hodně práce." t="String" n="%X" />
      </Data>
      <Data n="20156900378729e">
        <Key v="1200,-2000" t="Vector2" n="!$P" />
        <Key v="20202866798502" t="String" n="$T" />
        <Key v="Dobrý den pane starosto, rád bych se Vám představil. Mé jméno je @$ a rádi bychom se Vás na něco optali." t="String" n="%X" />
        <Key v="1" t="String" n="!Vt" />
        <Key v="XN_Leader" t="String" n="Var" />
      </Data>
      <Data n="20162605019682e">
        <Key v="1200,-3600" t="Vector2" n="!$P" />
        <Key v="20202866798502" t="String" n="$T" />
        <Key v="%M1" t="String" n="T" />
        <Key v="Ach zdravím Vás. Tak jak pokračuje naše záležitost??? Už jsou goblini minulostí?" t="String" n="%X" />
      </Data>
      <Data n="20162945142096e">
        <Key v="900,-4200" t="Vector2" n="!$P" />
        <Key v="20202866798502" t="String" n="$T" />
        <Key v="%M1" t="String" n="T" />
        <Key v="Ach, to jste vy. Ještě jednou děkuji za pomoc. Moc jste nám s těmi gobliny pomohli. Mohu pro vás něco udělat?" t="String" n="%X" />
      </Data>
      <Data n="20156900577845e">
        <Key v="2250,-200" t="Vector2" n="!$P" />
        <Key v="20206495856812" t="String" n="$T" />
        <Key v="Možnosti při kladné reputaci" t="String" n="!%Txt" />
      </Data>
      <Data n="20156900553408e">
        <Key v="1800,-2000" t="Vector2" n="!$P" />
        <Key v="_EGate" t="String" n="$T" />
        <Key v="G1" t="String" n="GT" />
        <Key v="1" t="Int32" n="T2" />
        <Key v="24" t="Decimal" n="Val" />
        <Key v="REPUTATION" t="String" n="Cnt" />
        <Key v="Oel" t="String" n="O" />
      </Data>
      <Data n="20162605026424e">
        <Key v="2100,-2000" t="Vector2" n="!$P" />
        <Key v="20206352251934" t="String" n="$T" />
        <Key v="CkQ" t="String" n="GT" />
        <Key v="SkN" t="String" n="T" />
        <Key v="Q20162246005753" t="String" n="Qs" />
      </Data>
      <Data n="20156900548186e">
        <Key v="1800,-3400" t="Vector2" n="!$P" />
        <Key v="_EGate" t="String" n="$T" />
        <Key v="G1" t="String" n="GT" />
        <Key v="1" t="Int32" n="T2" />
        <Key v="25" t="Decimal" n="Val" />
        <Key v="REPUTATION" t="String" n="Cnt" />
        <Key v="Oeg" t="String" n="O" />
      </Data>
      <Data n="20162605024012e">
        <Key v="2100,-3400" t="Vector2" n="!$P" />
        <Key v="20206352251934" t="String" n="$T" />
        <Key v="CkQ" t="String" n="GT" />
        <Key v="SkN" t="String" n="T" />
        <Key v="Q20162246005753" t="String" n="Qs" />
      </Data>
      <Data n="20162605038110e">
        <Key v="1800,-3600" t="Vector2" n="!$P" />
        <Key v="20202934699316" t="String" n="$T" />
        <Key v="In progress" t="String" n="%CX" />
      </Data>
      <Data n="20162605056713e">
        <Key v="1800,-3800" t="Vector2" n="!$P" />
        <Key v="_EGate" t="String" n="$T" />
        <Key v="G0" t="String" n="GT" />
        <Key v="1" t="Int32" n="Ex" />
        <Key v="Goblini_mrtvi" t="String" n="Var" />
      </Data>
      <Data n="20162605038689e">
        <Key v="2100,-3800" t="Vector2" n="!$P" />
        <Key v="20202934699316" t="String" n="$T" />
        <Key v="Gobliní pevnost je vyřízena" t="String" n="%CX" />
      </Data>
      <Data n="20156900721496e">
        <Key v="2850,-200" t="Vector2" n="!$P" />
        <Key v="_EGate" t="String" n="$T" />
        <Key v="G1" t="String" n="GT" />
        <Key v="1" t="Int32" n="T2" />
        <Key v="8" t="Decimal" n="Val" />
        <Key v="HL" t="String" n="Cnt" />
        <Key v="Oeg" t="String" n="O" />
      </Data>
      <Data n="20156900726110e">
        <Key v="3150,-200" t="Vector2" n="!$P" />
        <Key v="_EGate" t="String" n="$T" />
        <Key v="G1" t="String" n="GT" />
        <Key v="1" t="Int32" n="T2" />
        <Key v="9" t="Decimal" n="Val" />
        <Key v="HL" t="String" n="Cnt" />
        <Key v="Oel" t="String" n="O" />
      </Data>
      <Data n="20156903698507e">
        <Key v="3450,-200" t="Vector2" n="!$P" />
        <Key v="_EGate" t="String" n="$T" />
        <Key v="G0" t="String" n="GT" />
        <Key v="HL_9_Morg_lokace" t="String" n="Var" />
      </Data>
      <Data n="20156900599709e">
        <Key v="3750,-200" t="Vector2" n="!$P" />
        <Key v="20202934699316" t="String" n="$T" />
        <Key v="Kouzelník Morg" t="String" n="%CX" />
      </Data>
      <Data n="20156900598463e">
        <Key v="2850,-400" t="Vector2" n="!$P" />
        <Key v="20202934699316" t="String" n="$T" />
        <Key v="O městě Manto" t="String" n="%CX" />
      </Data>
      <Data n="20156904550926e">
        <Key v="2850,-600" t="Vector2" n="!$P" />
        <Key v="_EGate" t="String" n="$T" />
        <Key v="G1" t="String" n="GT" />
        <Key v="1" t="Int32" n="T2" />
        <Key v="0" t="Decimal" n="Val" />
        <Key v="Riny_q_goblini_hlaska" t="String" n="Cnt" />
        <Key v="Oel" t="String" n="O" />
      </Data>
      <Data n="20156900598641e">
        <Key v="3150,-600" t="Vector2" n="!$P" />
        <Key v="20202934699316" t="String" n="$T" />
        <Key v="Práce ve městě" t="String" n="%CX" />
      </Data>
      <Data n="20156901825591e">
        <Key v="2850,-1600" t="Vector2" n="!$P" />
        <Key v="_EGate" t="String" n="$T" />
        <Key v="G0" t="String" n="GT" />
        <Key v="1" t="Int32" n="Ex" />
        <Key v="Obtiznost_realita" t="String" n="Var" />
      </Data>
      <Data n="20156900598825e">
        <Key v="3150,-1600" t="Vector2" n="!$P" />
        <Key v="20202934699316" t="String" n="$T" />
        <Key v="Válka" t="String" n="%CX" />
      </Data>
      <Data n="20156900617560e">
        <Key v="2850,-1800" t="Vector2" n="!$P" />
        <Key v="20202934699316" t="String" n="$T" />
        <Key v="Ukončit dialog" t="String" n="%CX" />
        <Key v="MrE" t="String" n="Spc" />
      </Data>
      <Data n="20156900546616e">
        <Key v="2550,-2000" t="Vector2" n="!$P" />
        <Key v="20202866798502" t="String" n="$T" />
        <Key v="%M1" t="String" n="T" />
        <Key v="No dobrá, ale rychle. Nemám na to celý den..." t="String" n="%X" />
      </Data>
      <Data n="20156900544206e">
        <Key v="2550,-3400" t="Vector2" n="!$P" />
        <Key v="20202866798502" t="String" n="$T" />
        <Key v="%M1" t="String" n="T" />
        <Key v="Ach ano, už jsem o Vás slyšel. Tak prosím, jen se ptejte. Ale stručně, mám hodně práce." t="String" n="%X" />
      </Data>
      <Data n="20162605038109e">
        <Key v="2250,-3600" t="Vector2" n="!$P" />
        <Key v="20202866798502" t="String" n="$T" />
        <Key v="Bohužel ještě ne. Stále na tom pracujeme" t="String" n="%X" />
      </Data>
      <Data n="20162605038690e">
        <Key v="2550,-3800" t="Vector2" n="!$P" />
        <Key v="20202866798502" t="String" n="$T" />
        <Key v="Ano, je tomu tak. Goblinů se již nadále nemusíte bát. Pevnost byla zbavena jejich nechutné přítomnosti." t="String" n="%X" />
      </Data>
      <Data n="20156900599710e">
        <Key v="4200,-200" t="Vector2" n="!$P" />
        <Key v="20202866798502" t="String" n="$T" />
        <Key v="Nevíte náhodou, kde bychom našli kouzelníka Morga? Potřebujeme se ho optat na jednu záležitost." t="String" n="%X" />
      </Data>
      <Data n="20156900598464e">
        <Key v="3300,-400" t="Vector2" n="!$P" />
        <Key v="20202866798502" t="String" n="$T" />
        <Key v="Zajímalo by nás, co nám můžete říci o vašem městečku Manto. Chtěli bychom vědět, co se tady dá podniknout, kam se podívat apod..." t="String" n="%X" />
      </Data>
      <Data n="20156900598642e">
        <Key v="3600,-600" t="Vector2" n="!$P" />
        <Key v="20202866798502" t="String" n="$T" />
        <Key v="Neměl byste pro nás nějkou práci? Nebo nevíte o někom, kdo by měl?" t="String" n="%X" />
      </Data>
      <Data n="20156900598826e">
        <Key v="3600,-1600" t="Vector2" n="!$P" />
        <Key v="20202866798502" t="String" n="$T" />
        <Key v="Můžete nám říci, jak se vyvýjí válka s Orky? Jaká je situace?" t="String" n="%X" />
      </Data>
      <Data n="20156900617561e">
        <Key v="3300,-1800" t="Vector2" n="!$P" />
        <Key v="20202866798502" t="String" n="$T" />
        <Key v="Děkujeme za Váš čas. Naschledanou." t="String" n="%X" />
      </Data>
      <Data n="20156900578080e">
        <Key v="3150,-2000" t="Vector2" n="!$P" />
        <Key v="20206495856812" t="String" n="$T" />
        <Key v="Možnosti bez výhody reputace" t="String" n="!%Txt" />
      </Data>
      <Data n="20162605070755e">
        <Key v="3150,-3800" t="Vector2" n="!$P" />
        <Key v="_EGate" t="String" n="$T" />
        <Key v="G1" t="String" n="GT" />
        <Key v="1" t="Int32" n="T2" />
        <Key v="1" t="Decimal" n="Val" />
        <Key v="Riny_q_goblini_hlaska" t="String" n="Cnt" />
        <Key v="Oe" t="String" n="O" />
      </Data>
      <Data n="20162945043410e">
        <Key v="3450,-3800" t="Vector2" n="!$P" />
        <Key v="20206371455404" t="String" n="$T" />
        <Key v="CkI" t="String" n="GT" />
        <Key v="SaA" t="String" n="T" />
        <Key v="1" t="String" n="M" />
        <Key v="20000" t="String" n="C" />
      </Data>
      <Data n="20162945127361e">
        <Key v="3900,-3800" t="Vector2" n="!$P" />
        <Key v="_EFunc" t="String" n="$T" />
        <Key v="G1" t="String" n="GT" />
        <Key v="1" t="Int32" n="T2" />
        <Key v="3" t="Decimal" n="Val" />
        <Key v="Riny_q_goblini_hlaska" t="String" n="Cnt" />
        <Key v="Os" t="String" n="O" />
      </Data>
      <Data n="20162990535797e">
        <Key v="4200,-3800" t="Vector2" n="!$P" />
        <Key v="_EFunc" t="String" n="$T" />
        <Key v="G1" t="String" n="GT" />
        <Key v="1" t="Int32" n="T2" />
        <Key v="2" t="Decimal" n="Val" />
        <Key v="REPUTATION" t="String" n="Cnt" />
        <Key v="O+" t="String" n="O" />
      </Data>
      <Data n="20162605075299e">
        <Key v="3150,-4000" t="Vector2" n="!$P" />
        <Key v="_EGate" t="String" n="$T" />
        <Key v="G1" t="String" n="GT" />
        <Key v="1" t="Int32" n="T2" />
        <Key v="2" t="Decimal" n="Val" />
        <Key v="Riny_q_goblini_hlaska" t="String" n="Cnt" />
        <Key v="Oe" t="String" n="O" />
      </Data>
      <Data n="20162945053722e">
        <Key v="3450,-4000" t="Vector2" n="!$P" />
        <Key v="20206371455404" t="String" n="$T" />
        <Key v="CkI" t="String" n="GT" />
        <Key v="SaA" t="String" n="T" />
        <Key v="1" t="String" n="M" />
        <Key v="25000" t="String" n="C" />
      </Data>
      <Data n="20162945129527e">
        <Key v="3900,-4000" t="Vector2" n="!$P" />
        <Key v="_EFunc" t="String" n="$T" />
        <Key v="G1" t="String" n="GT" />
        <Key v="1" t="Int32" n="T2" />
        <Key v="3" t="Decimal" n="Val" />
        <Key v="Riny_q_goblini_hlaska" t="String" n="Cnt" />
        <Key v="Os" t="String" n="O" />
      </Data>
      <Data n="20162990537766e">
        <Key v="4200,-4000" t="Vector2" n="!$P" />
        <Key v="_EFunc" t="String" n="$T" />
        <Key v="G1" t="String" n="GT" />
        <Key v="1" t="Int32" n="T2" />
        <Key v="2" t="Decimal" n="Val" />
        <Key v="REPUTATION" t="String" n="Cnt" />
        <Key v="O+" t="String" n="O" />
      </Data>
      <Data n="20156903694116e">
        <Key v="4800,-200" t="Vector2" n="!$P" />
        <Key v="_EFunc" t="String" n="$T" />
        <Key v="G0" t="String" n="GT" />
        <Key v="HL_9_Morg_lokace" t="String" n="Var" />
      </Data>
      <Data n="20156904731229e">
        <Key v="3900,-400" t="Vector2" n="!$P" />
        <Key v="20202866798502" t="String" n="$T" />
        <Key v="%M1" t="String" n="T" />
        <Key v="No nechci být hrubý k tak ctěným hostům, ale takovéto informace by vám ráda podala polovina bab na trhu. Ale že se jedná právě o vás, tak udělám vyjímku." t="String" n="%X" />
      </Data>
      <Data n="20156903866280e">
        <Key v="4200,-600" t="Vector2" n="!$P" />
        <Key v="20202866798502" t="String" n="$T" />
        <Key v="%M1" t="String" n="T" />
        <Key v="Něco bych tady měl. A myslím, že dle vaší reputace jste přesně ti praví. Severně odsud je uprostřed lesů stará pevnost, která byla po mnoho let opuštěná. Bohužel místní zvědové přišli s tím, že se v ní zabydleli goblini, kteří sestoupili z hor. Necháme-li je tam živořit příliš dlouho, mohli by se stát další nevítanou hrozbou pro naše krásné městečko. Podaří-li se vám odsud gobliny vyhnat, dostanete jako odměnu 2 zlaté, co říkáte?" t="String" n="%X" />
      </Data>
      <Data n="20156905150308e">
        <Key v="3750,-2000" t="Vector2" n="!$P" />
        <Key v="20202934699316" t="String" n="$T" />
        <Key v="Ukončit dialog" t="String" n="%CX" />
        <Key v="MrE" t="String" n="Spc" />
      </Data>
      <Data n="20156904805687e">
        <Key v="3750,-2200" t="Vector2" n="!$P" />
        <Key v="20202934699316" t="String" n="$T" />
        <Key v="O městě Manto" t="String" n="%CX" />
      </Data>
      <Data n="20156904805913e">
        <Key v="3750,-2400" t="Vector2" n="!$P" />
        <Key v="20202934699316" t="String" n="$T" />
        <Key v="Práce ve městě" t="String" n="%CX" />
      </Data>
      <Data n="20156905112341e">
        <Key v="3750,-3000" t="Vector2" n="!$P" />
        <Key v="_EGate" t="String" n="$T" />
        <Key v="G0" t="String" n="GT" />
        <Key v="1" t="Int32" n="Ex" />
        <Key v="Obtiznost_realita" t="String" n="Var" />
      </Data>
      <Data n="20156904806142e">
        <Key v="4050,-3000" t="Vector2" n="!$P" />
        <Key v="20202934699316" t="String" n="$T" />
        <Key v="Válka" t="String" n="%CX" />
      </Data>
      <Data n="20156900721497e">
        <Key v="3750,-3200" t="Vector2" n="!$P" />
        <Key v="_EGate" t="String" n="$T" />
        <Key v="G1" t="String" n="GT" />
        <Key v="1" t="Int32" n="T2" />
        <Key v="8" t="Decimal" n="Val" />
        <Key v="HL" t="String" n="Cnt" />
        <Key v="Oeg" t="String" n="O" />
      </Data>
      <Data n="20156900726111e">
        <Key v="4050,-3200" t="Vector2" n="!$P" />
        <Key v="_EGate" t="String" n="$T" />
        <Key v="G1" t="String" n="GT" />
        <Key v="1" t="Int32" n="T2" />
        <Key v="9" t="Decimal" n="Val" />
        <Key v="HL" t="String" n="Cnt" />
        <Key v="Oel" t="String" n="O" />
      </Data>
      <Data n="20156903698508e">
        <Key v="4350,-3200" t="Vector2" n="!$P" />
        <Key v="_EGate" t="String" n="$T" />
        <Key v="G0" t="String" n="GT" />
        <Key v="HL_9_Morg_lokace" t="String" n="Var" />
      </Data>
      <Data n="20156904806570e">
        <Key v="4650,-3200" t="Vector2" n="!$P" />
        <Key v="20202934699316" t="String" n="$T" />
        <Key v="Kouzelník Morg" t="String" n="%CX" />
      </Data>
      <Data n="20162605068463e">
        <Key v="4650,-3800" t="Vector2" n="!$P" />
        <Key v="20202866798502" t="String" n="$T" />
        <Key v="%M1" t="String" n="T" />
        <Key v="Ach, výborně. Tak tady je vaše odměna. 2 zlaté. Jak jsme se dohodli. Město Manto vám mými ústy děkuje." t="String" n="%X" />
      </Data>
      <Data n="20162605068846e">
        <Key v="4650,-4000" t="Vector2" n="!$P" />
        <Key v="20202866798502" t="String" n="$T" />
        <Key v="%M1" t="String" n="T" />
        <Key v="Ach, výborně. Tak tady je vaše odměna. 2 zlaté a 50 stříbrných k tomu. Jak jsme se dohodli. Město Manto Vám mými ústy děkuje." t="String" n="%X" />
      </Data>
      <Data n="20156900793103e">
        <Key v="5250,-200" t="Vector2" n="!$P" />
        <Key v="20202866798502" t="String" n="$T" />
        <Key v="%M1" t="String" n="T" />
        <Key v="Ale jistě, bydlí tady kousek hned za radnicí. Nejde to minout." t="String" n="%X" />
      </Data>
      <Data n="20156904746871e">
        <Key v="4500,-400" t="Vector2" n="!$P" />
        <Key v="20202866798502" t="String" n="$T" />
        <Key v="%M1" t="String" n="T" />
        <Key v="Ve městě má svůj obchod Vereg. Na prodej má prakticky cokoli. Žádná velká kvalita, ale poctivé ceny. Dále tady máme dvě hospody &quot;U plného břicha&quot; a &quot;U mostu&quot;. Ta první má velmi dobrou kuchyni, jednoznačně mohu doporučit. Ta druhá je zas o něco levnější. Dále máme i svojí alchymistku Niomy, pokud budete potřebovat její služby. Najdete ji na konci města za řekou." t="String" n="%X" />
      </Data>
      <Data n="20156904190056e">
        <Key v="4800,-600" t="Vector2" n="!$P" />
        <Key v="20206495856812" t="String" n="$T" />
        <Key v="Možnosti ohledně úkolu s gobliny." t="String" n="!%Txt" />
      </Data>
      <Data n="20156904805688e">
        <Key v="4200,-2200" t="Vector2" n="!$P" />
        <Key v="20202866798502" t="String" n="$T" />
        <Key v="Zajímalo by nás, co nám můžete říci o Mantu. Rádi bychom se dozvěděli, co se tady dá podniknout, kam se podívat apod..." t="String" n="%X" />
      </Data>
      <Data n="20156904805914e">
        <Key v="4200,-2400" t="Vector2" n="!$P" />
        <Key v="20202866798502" t="String" n="$T" />
        <Key v="Neměl byste pro nás nějkou práci? Nebo nevíte o někom, kdo by měl?" t="String" n="%X" />
      </Data>
      <Data n="20156904806143e">
        <Key v="4500,-3000" t="Vector2" n="!$P" />
        <Key v="20202866798502" t="String" n="$T" />
        <Key v="Můžete nám říci, jak se vyvýjí válka s Orky? Jaká je situace?" t="String" n="%X" />
      </Data>
      <Data n="20156904806571e">
        <Key v="5100,-3200" t="Vector2" n="!$P" />
        <Key v="20202866798502" t="String" n="$T" />
        <Key v="Nevíte náhodou, kde bychom našli kouzelníka Morga? Potřebujeme se ho optat na jednu záležitost." t="String" n="%X" />
      </Data>
      <Data n="20156904781149e">
        <Key v="5100,-400" t="Vector2" n="!$P" />
        <Key v="20202866798502" t="String" n="$T" />
        <Key v="Díky moc. Ještě bychom se rádi zeptali." t="String" n="%X" />
      </Data>
      <Data n="20156904201347e">
        <Key v="5400,-600" t="Vector2" n="!$P" />
        <Key v="20202934699316" t="String" n="$T" />
        <Key v="Vzít úkol" t="String" n="%CX" />
      </Data>
      <Data n="20156904201513e">
        <Key v="5400,-800" t="Vector2" n="!$P" />
        <Key v="20202934699316" t="String" n="$T" />
        <Key v="Odmítnout úkol" t="String" n="%CX" />
      </Data>
      <Data n="20156904339539e">
        <Key v="5400,-1000" t="Vector2" n="!$P" />
        <Key v="_EGate" t="String" n="$T" />
        <Key v="G0" t="String" n="GT" />
        <Key v="Riny_q_goblini_hlaska_smlouvani" t="String" n="Var" />
      </Data>
      <Data n="20156904201700e">
        <Key v="5700,-1000" t="Vector2" n="!$P" />
        <Key v="20202934699316" t="String" n="$T" />
        <Key v="Smlouvat o odměně" t="String" n="%CX" />
        <Key v="RoT" t="String" n="Spc" />
        <Key v="L1" t="String" n="Lvl" />
      </Data>
      <Data n="20156904332228e">
        <Key v="6150,-1000" t="Vector2" n="!$P" />
        <Key v="_EFunc" t="String" n="$T" />
        <Key v="G0" t="String" n="GT" />
        <Key v="Riny_q_goblini_hlaska_smlouvani" t="String" n="Var" />
      </Data>
      <Data n="20156904814376e">
        <Key v="4800,-2200" t="Vector2" n="!$P" />
        <Key v="20202866798502" t="String" n="$T" />
        <Key v="%M1" t="String" n="T" />
        <Key v="Na to se můžete zeptat kohokoli ve městě a neztrácet můj drahocený čas." t="String" n="%X" />
      </Data>
      <Data n="20156905001961e">
        <Key v="4800,-2400" t="Vector2" n="!$P" />
        <Key v="20202866798502" t="String" n="$T" />
        <Key v="%M1" t="String" n="T" />
        <Key v="No něco bych tady měl, ale ne pro vás. Nechci mít vaší smrt na svědomí." t="String" n="%X" />
      </Data>
      <Data n="20156905131388e">
        <Key v="5100,-3000" t="Vector2" n="!$P" />
        <Key v="20202866798502" t="String" n="$T" />
        <Key v="%M1" t="String" n="T" />
        <Key v="Nechápu, že se na to ptáte zrovna mě. Podrobnosti by Vám pověděla jakákoli místní drbna, či ukacenej strážnej. Nemám čas Vám tady cokoli vykládat." t="String" n="%X" />
      </Data>
      <Data n="20156905140219e">
        <Key v="5700,-3200" t="Vector2" n="!$P" />
        <Key v="20202866798502" t="String" n="$T" />
        <Key v="%M1" t="String" n="T" />
        <Key v="Jistě, žije tady ve městě prakticky za radnicí, ale to Vám mohl povědět prakticky kdokoli. Morg je tady velmi známý a bydlí zde již mnoho let." t="String" n="%X" />
      </Data>
      <Data n="20156904201348e">
        <Key v="5850,-600" t="Vector2" n="!$P" />
        <Key v="20202866798502" t="String" n="$T" />
        <Key v="Výborně. Ty gobliny pro Vás rádi vyřídíme. Nyní bychom se chtěli zeptat na něco jiného." t="String" n="%X" />
      </Data>
      <Data n="20156904201514e">
        <Key v="5850,-800" t="Vector2" n="!$P" />
        <Key v="20202866798502" t="String" n="$T" />
        <Key v="Bohužel na to nyní nemáme čas. Budete si na to muset najít někoho jiného." t="String" n="%X" />
      </Data>
      <Data n="20156904201701e">
        <Key v="6600,-1000" t="Vector2" n="!$P" />
        <Key v="20202866798502" t="String" n="$T" />
        <Key v="Zní to lákavě, nicméně odměna se nám zdá poněkud nízká. Přeci jenom jedná se o dost nebezpečnou práci. Goblinů v horách žijou tisíce, i kdyby se do hlásky nastěhoval jen zlomek z té hordy, nebude to rozhodně procházka růžovou zahradou." t="String" n="%X" />
      </Data>
      <Data n="20156905014266e">
        <Key v="5400,-2400" t="Vector2" n="!$P" />
        <Key v="20202866798502" t="String" n="$T" />
        <Key v="Počkeje, jak to myslíte? To jakože nejsme dostatečně zkušení na tu práci?" t="String" n="%X" />
      </Data>
      <Data n="20156904434297e">
        <Key v="6450,-600" t="Vector2" n="!$P" />
        <Key v="_EFunc" t="String" n="$T" />
        <Key v="G1" t="String" n="GT" />
        <Key v="1" t="Int32" n="T2" />
        <Key v="1" t="Decimal" n="Val" />
        <Key v="Riny_q_goblini_hlaska" t="String" n="Cnt" />
        <Key v="Os" t="String" n="O" />
      </Data>
      <Data n="20162605003200e">
        <Key v="6750,-600" t="Vector2" n="!$P" />
        <Key v="20206371455404" t="String" n="$T" />
        <Key v="CkQ" t="String" n="GT" />
        <Key v="Q20162246005753" t="String" n="Qs" />
      </Data>
      <Data n="20156904230770e">
        <Key v="6450,-800" t="Vector2" n="!$P" />
        <Key v="20202866798502" t="String" n="$T" />
        <Key v="%M1" t="String" n="T" />
        <Key v="To je škoda, no kdybyste si to rozmysleli, tak určitě dejte vědět. Momentálně nemám dostatek sil na to, abych tam mohl poslat vlastní stráže." t="String" n="%X" />
      </Data>
      <Data n="20162942519871e">
        <Key v="7200,-1000" t="Vector2" n="!$P" />
        <Key v="_EGate" t="String" n="$T" />
        <Key v="G1" t="String" n="GT" />
        <Key v="1" t="Int32" n="T2" />
        <Key v="2" t="Decimal" n="Val" />
        <Key v="XResult" t="String" n="Cnt" />
        <Key v="Oeg" t="String" n="O" />
      </Data>
      <Data n="20162942522317e">
        <Key v="7200,-1400" t="Vector2" n="!$P" />
        <Key v="_EGate" t="String" n="$T" />
        <Key v="G1" t="String" n="GT" />
        <Key v="1" t="Int32" n="T2" />
        <Key v="0" t="Decimal" n="Val" />
        <Key v="XResult" t="String" n="Cnt" />
        <Key v="Oeg" t="String" n="O" />
      </Data>
      <Data n="20156905020569e">
        <Key v="6000,-2400" t="Vector2" n="!$P" />
        <Key v="20202866798502" t="String" n="$T" />
        <Key v="%M1" t="String" n="T" />
        <Key v="Ano, přesně tak. Mám za to, že je to nad vaše možnosti." t="String" n="%X" />
      </Data>
      <Data n="20156904265474e">
        <Key v="7650,-1000" t="Vector2" n="!$P" />
        <Key v="20202866798502" t="String" n="$T" />
        <Key v="%M1" t="String" n="T" />
        <Key v="Máte pravdu, přihodím tedy ještě 50 stříbrných." t="String" n="%X" />
      </Data>
      <Data n="20156904265727e">
        <Key v="7650,-1400" t="Vector2" n="!$P" />
        <Key v="20202866798502" t="String" n="$T" />
        <Key v="%M1" t="String" n="T" />
        <Key v="I když to co tvrdíte, je pravda, nemohu bohužel postrádat více, než jsem Vám nabídl. Musím trvat na své nabídce a to přesně 2 zl." t="String" n="%X" />
      </Data>
      <Data n="20156905035154e">
        <Key v="6600,-2400" t="Vector2" n="!$P" />
        <Key v="20202934699316" t="String" n="$T" />
        <Key v="Nechat to tak a zeptat se na něco jiného" t="String" n="%CX" />
      </Data>
      <Data n="20156905034231e">
        <Key v="6600,-2600" t="Vector2" n="!$P" />
        <Key v="20202934699316" t="String" n="$T" />
        <Key v="Pokusit se ho přemluvit" t="String" n="%CX" />
        <Key v="RoP" t="String" n="Spc" />
        <Key v="L3" t="String" n="Lvl" />
      </Data>
      <Data n="20156904395715e">
        <Key v="8250,-1000" t="Vector2" n="!$P" />
        <Key v="20202934699316" t="String" n="$T" />
        <Key v="Nyní přijmout úkol" t="String" n="%CX" />
      </Data>
      <Data n="20156904443223e">
        <Key v="8700,-1000" t="Vector2" n="!$P" />
        <Key v="_EFunc" t="String" n="$T" />
        <Key v="G1" t="String" n="GT" />
        <Key v="1" t="Int32" n="T2" />
        <Key v="2" t="Decimal" n="Val" />
        <Key v="Riny_q_goblini_hlaska" t="String" n="Cnt" />
        <Key v="Os" t="String" n="O" />
      </Data>
      <Data n="20162605007932e">
        <Key v="9000,-1000" t="Vector2" n="!$P" />
        <Key v="20206371455404" t="String" n="$T" />
        <Key v="CkQ" t="String" n="GT" />
        <Key v="Q20162246005753" t="String" n="Qs" />
      </Data>
      <Data n="20156904395902e">
        <Key v="8250,-1200" t="Vector2" n="!$P" />
        <Key v="20202934699316" t="String" n="$T" />
        <Key v="Stále úkol nebrat" t="String" n="%CX" />
      </Data>
      <Data n="20156905034232e">
        <Key v="7050,-2600" t="Vector2" n="!$P" />
        <Key v="20202866798502" t="String" n="$T" />
        <Key v="Podívejte se, možná na první pohled nevypadáme, jako nejzkušenější žoldnéři, nicméně mnozí z nás jsou velice schopní v různých jiných disciplínách, než pouze v boji. Jsme mnohem silnější, než se může jevit a nejeden nepřítel se o tom již přesvědčil." t="String" n="%X" />
      </Data>
      <Data n="20156904395716e">
        <Key v="9450,-1000" t="Vector2" n="!$P" />
        <Key v="20202866798502" t="String" n="$T" />
        <Key v="Výborně, věděl jsem, že se můžeme domluvit. S gobliny uděláme krátký proces..." t="String" n="%X" />
      </Data>
      <Data n="20156904395901e">
        <Key v="8700,-1200" t="Vector2" n="!$P" />
        <Key v="20202866798502" t="String" n="$T" />
        <Key v="Bohužel i tato nabídka je pro nás nízká. Nebudeme riskovat své životy, za tak malou částku." t="String" n="%X" />
      </Data>
      <Data n="20162945019970e">
        <Key v="7650,-2600" t="Vector2" n="!$P" />
        <Key v="_EGate" t="String" n="$T" />
        <Key v="G1" t="String" n="GT" />
        <Key v="1" t="Int32" n="T2" />
        <Key v="0" t="Decimal" n="Val" />
        <Key v="XResult" t="String" n="Cnt" />
        <Key v="Oeg" t="String" n="O" />
      </Data>
      <Data n="20162945018106e">
        <Key v="7650,-2800" t="Vector2" n="!$P" />
        <Key v="_EGate" t="String" n="$T" />
        <Key v="G1" t="String" n="GT" />
        <Key v="1" t="Int32" n="T2" />
        <Key v="2" t="Decimal" n="Val" />
        <Key v="XResult" t="String" n="Cnt" />
        <Key v="Oeg" t="String" n="O" />
      </Data>
      <Data n="20156905071767e">
        <Key v="8100,-2600" t="Vector2" n="!$P" />
        <Key v="20202866798502" t="String" n="$T" />
        <Key v="%M1" t="String" n="T" />
        <Key v="No možná máte pravdu, ale stejně to nebudu riskovat. Zkuste přijít později, třeba změním názor." t="String" n="%X" />
      </Data>
      <Data n="20156905070700e">
        <Key v="8100,-2800" t="Vector2" n="!$P" />
        <Key v="20202866798502" t="String" n="$T" />
        <Key v="%M1" t="String" n="T" />
        <Key v="No možná máte pravdu a udělal jsem špatný úsudek. Tak Vám tedy řeknu o co jde a vy sami se rozhodnete, zda se toho zhostíte." t="String" n="%X" />
      </Data>
      <Data n="20156905086824e">
        <Key v="8700,-2800" t="Vector2" n="!$P" />
        <Key v="20202866798502" t="String" n="$T" />
        <Key v="%M1" t="String" n="T" />
        <Key v="Severně odsud je uprostřed lesů stará pevnost, která byla po mnoho let pustá. Bohužel místní zvědové přišli s tím, že se v ní zabydleli goblini, kteří sestoupili z hor. Necháme-li je tam živořit příliš dlouho, mohli by se stát další nevítanou hrozbou pro naše krásné městečko. Podaří-li se vám odsud gobliny vyhnat, dostanete jako odměnu 2 zlaté, co říkáte?" t="String" n="%X" />
      </Data>
    </Data>
    <Data n="$Conns">
      <Data n="20162945087906c">
        <Key v="20162945087906e" t="String" n="$E" />
      </Data>
      <Data n="20162945101028c">
        <Key v="20162945101028e" t="String" n="$E" />
        <Key v="20162945087906e" t="String" n="$S" />
      </Data>
      <Data n="20162945157742c">
        <Key v="20162945157742e" t="String" n="$E" />
        <Key v="20162945101028e" t="String" n="$S" />
      </Data>
      <Data n="20162945091624c">
        <Key v="20162945091624e" t="String" n="$E" />
      </Data>
      <Data n="20162945101568c">
        <Key v="20162945101568e" t="String" n="$E" />
        <Key v="20162945091624e" t="String" n="$S" />
      </Data>
      <Data n="20162945161281c">
        <Key v="20162945161281e" t="String" n="$E" />
        <Key v="20162945101568e" t="String" n="$S" />
      </Data>
      <Data n="20162945066204c">
        <Key v="20162945066204e" t="String" n="$E" />
      </Data>
      <Data n="20162945071419c">
        <Key v="20162945071419e" t="String" n="$E" />
        <Key v="20162945066204e" t="String" n="$S" />
      </Data>
      <Data n="20162945133260c">
        <Key v="20162945133260e" t="String" n="$E" />
      </Data>
      <Data n="20162945135302c">
        <Key v="20162945135302e" t="String" n="$E" />
        <Key v="20162945133260e" t="String" n="$S" />
      </Data>
      <Data n="20162945143950c">
        <Key v="20162945143950e" t="String" n="$E" />
      </Data>
      <Data n="20162945059839c">
        <Key v="20162945059839e" t="String" n="$E" />
        <Key v="20162945157742e" t="String" n="$S" />
      </Data>
      <Data n="20162945088656c">
        <Key v="20162945088656e" t="String" n="$E" />
        <Key v="20162945161281e" t="String" n="$S" />
      </Data>
      <Data n="20156900378729c">
        <Key v="20156900378729e" t="String" n="$E" />
        <Key v="20162945071419e" t="String" n="$S" />
      </Data>
      <Data n="20162605019682c">
        <Key v="20162605019682e" t="String" n="$E" />
        <Key v="20162945135302e" t="String" n="$S" />
      </Data>
      <Data n="20162945142096c">
        <Key v="20162945142096e" t="String" n="$E" />
        <Key v="20162945143950e" t="String" n="$S" />
      </Data>
      <Data n="20156900577845c">
        <Key v="20156900577845e" t="String" n="$E" />
        <Key v="20162945088656e" t="String" n="$S" />
      </Data>
      <Data n="20156900553408c">
        <Key v="20156900553408e" t="String" n="$E" />
        <Key v="20156900378729e" t="String" n="$S" />
      </Data>
      <Data n="20162605026424c">
        <Key v="20162605026424e" t="String" n="$E" />
        <Key v="20156900553408e" t="String" n="$S" />
      </Data>
      <Data n="20156900548186c">
        <Key v="20156900548186e" t="String" n="$E" />
        <Key v="20156900378729e" t="String" n="$S" />
      </Data>
      <Data n="20162605024012c">
        <Key v="20162605024012e" t="String" n="$E" />
        <Key v="20156900548186e" t="String" n="$S" />
      </Data>
      <Data n="20162605038110c">
        <Key v="20162605038110e" t="String" n="$E" />
        <Key v="20162605019682e" t="String" n="$S" />
      </Data>
      <Data n="20162605056713c">
        <Key v="20162605056713e" t="String" n="$E" />
        <Key v="20162605019682e" t="String" n="$S" />
      </Data>
      <Data n="20162605038689c">
        <Key v="20162605038689e" t="String" n="$E" />
        <Key v="20162605056713e" t="String" n="$S" />
      </Data>
      <Data n="20206616255925c">
        <Key v="20156900577845e" t="String" n="$E" />
        <Key v="20162945142096e" t="String" n="$S" />
      </Data>
      <Data n="20156900721496c">
        <Key v="20156900721496e" t="String" n="$E" />
        <Key v="20156900577845e" t="String" n="$S" />
      </Data>
      <Data n="20156900726110c">
        <Key v="20156900726110e" t="String" n="$E" />
        <Key v="20156900721496e" t="String" n="$S" />
      </Data>
      <Data n="20156903698507c">
        <Key v="20156903698507e" t="String" n="$E" />
        <Key v="20156900726110e" t="String" n="$S" />
      </Data>
      <Data n="20156900599709c">
        <Key v="20156900599709e" t="String" n="$E" />
        <Key v="20156903698507e" t="String" n="$S" />
      </Data>
      <Data n="20156900598463c">
        <Key v="20156900598463e" t="String" n="$E" />
        <Key v="20156900577845e" t="String" n="$S" />
      </Data>
      <Data n="20156904550926c">
        <Key v="20156904550926e" t="String" n="$E" />
        <Key v="20156900577845e" t="String" n="$S" />
      </Data>
      <Data n="20156900598641c">
        <Key v="20156900598641e" t="String" n="$E" />
        <Key v="20156904550926e" t="String" n="$S" />
      </Data>
      <Data n="20156901825591c">
        <Key v="20156901825591e" t="String" n="$E" />
        <Key v="20156900577845e" t="String" n="$S" />
      </Data>
      <Data n="20156900598825c">
        <Key v="20156900598825e" t="String" n="$E" />
        <Key v="20156901825591e" t="String" n="$S" />
      </Data>
      <Data n="20156900617560c">
        <Key v="20156900617560e" t="String" n="$E" />
        <Key v="20156900577845e" t="String" n="$S" />
      </Data>
      <Data n="20156900546616c">
        <Key v="20156900546616e" t="String" n="$E" />
        <Key v="20162605026424e" t="String" n="$S" />
      </Data>
      <Data n="20156900544206c">
        <Key v="20156900544206e" t="String" n="$E" />
        <Key v="20162605024012e" t="String" n="$S" />
      </Data>
      <Data n="20162605038109c">
        <Key v="20162605038109e" t="String" n="$E" />
        <Key v="20162605038110e" t="String" n="$S" />
      </Data>
      <Data n="20162605038690c">
        <Key v="20162605038690e" t="String" n="$E" />
        <Key v="20162605038689e" t="String" n="$S" />
      </Data>
      <Data n="20156900599710c">
        <Key v="20156900599710e" t="String" n="$E" />
        <Key v="20156900599709e" t="String" n="$S" />
      </Data>
      <Data n="20156900598464c">
        <Key v="20156900598464e" t="String" n="$E" />
        <Key v="20156900598463e" t="String" n="$S" />
      </Data>
      <Data n="20156900598642c">
        <Key v="20156900598642e" t="String" n="$E" />
        <Key v="20156900598641e" t="String" n="$S" />
      </Data>
      <Data n="20156900598826c">
        <Key v="20156900598826e" t="String" n="$E" />
        <Key v="20156900598825e" t="String" n="$S" />
      </Data>
      <Data n="20156900617561c">
        <Key v="20156900617561e" t="String" n="$E" />
        <Key v="20156900617560e" t="String" n="$S" />
      </Data>
      <Data n="20156900578080c">
        <Key v="20156900578080e" t="String" n="$E" />
        <Key v="20156900546616e" t="String" n="$S" />
      </Data>
      <Data n="20206616255948c">
        <Key v="20156900577845e" t="String" n="$E" />
        <Key v="20156900544206e" t="String" n="$S" />
      </Data>
      <Data n="20162605070755c">
        <Key v="20162605070755e" t="String" n="$E" />
        <Key v="20162605038690e" t="String" n="$S" />
      </Data>
      <Data n="20162945043410c">
        <Key v="20162945043410e" t="String" n="$E" />
        <Key v="20162605070755e" t="String" n="$S" />
      </Data>
      <Data n="20162945127361c">
        <Key v="20162945127361e" t="String" n="$E" />
        <Key v="20162945043410e" t="String" n="$S" />
      </Data>
      <Data n="20162990535797c">
        <Key v="20162990535797e" t="String" n="$E" />
        <Key v="20162945127361e" t="String" n="$S" />
      </Data>
      <Data n="20162605075299c">
        <Key v="20162605075299e" t="String" n="$E" />
        <Key v="20162605038690e" t="String" n="$S" />
      </Data>
      <Data n="20162945053722c">
        <Key v="20162945053722e" t="String" n="$E" />
        <Key v="20162605075299e" t="String" n="$S" />
      </Data>
      <Data n="20162945129527c">
        <Key v="20162945129527e" t="String" n="$E" />
        <Key v="20162945053722e" t="String" n="$S" />
      </Data>
      <Data n="20162990537766c">
        <Key v="20162990537766e" t="String" n="$E" />
        <Key v="20162945129527e" t="String" n="$S" />
      </Data>
      <Data n="20156903694116c">
        <Key v="20156903694116e" t="String" n="$E" />
        <Key v="20156900599710e" t="String" n="$S" />
      </Data>
      <Data n="20156904731229c">
        <Key v="20156904731229e" t="String" n="$E" />
        <Key v="20156900598464e" t="String" n="$S" />
      </Data>
      <Data n="20156903866280c">
        <Key v="20156903866280e" t="String" n="$E" />
        <Key v="20156900598642e" t="String" n="$S" />
      </Data>
      <Data n="20156905150308c">
        <Key v="20156905150308e" t="String" n="$E" />
        <Key v="20156900578080e" t="String" n="$S" />
      </Data>
      <Data n="20156904805687c">
        <Key v="20156904805687e" t="String" n="$E" />
        <Key v="20156900578080e" t="String" n="$S" />
      </Data>
      <Data n="20156904805913c">
        <Key v="20156904805913e" t="String" n="$E" />
        <Key v="20156900578080e" t="String" n="$S" />
      </Data>
      <Data n="20156905112341c">
        <Key v="20156905112341e" t="String" n="$E" />
        <Key v="20156900578080e" t="String" n="$S" />
      </Data>
      <Data n="20156904806142c">
        <Key v="20156904806142e" t="String" n="$E" />
        <Key v="20156905112341e" t="String" n="$S" />
      </Data>
      <Data n="20156900721497c">
        <Key v="20156900721497e" t="String" n="$E" />
        <Key v="20156900578080e" t="String" n="$S" />
      </Data>
      <Data n="20156900726111c">
        <Key v="20156900726111e" t="String" n="$E" />
        <Key v="20156900721497e" t="String" n="$S" />
      </Data>
      <Data n="20156903698508c">
        <Key v="20156903698508e" t="String" n="$E" />
        <Key v="20156900726111e" t="String" n="$S" />
      </Data>
      <Data n="20156904806570c">
        <Key v="20156904806570e" t="String" n="$E" />
        <Key v="20156903698508e" t="String" n="$S" />
      </Data>
      <Data n="20162605068463c">
        <Key v="20162605068463e" t="String" n="$E" />
        <Key v="20162990535797e" t="String" n="$S" />
      </Data>
      <Data n="20162605068846c">
        <Key v="20162605068846e" t="String" n="$E" />
        <Key v="20162990537766e" t="String" n="$S" />
      </Data>
      <Data n="20156900793103c">
        <Key v="20156900793103e" t="String" n="$E" />
        <Key v="20156903694116e" t="String" n="$S" />
      </Data>
      <Data n="20156904746871c">
        <Key v="20156904746871e" t="String" n="$E" />
        <Key v="20156904731229e" t="String" n="$S" />
      </Data>
      <Data n="20156904190056c">
        <Key v="20156904190056e" t="String" n="$E" />
        <Key v="20156903866280e" t="String" n="$S" />
      </Data>
      <Data n="20206616255975c">
        <Key v="20156900617561e" t="String" n="$E" />
        <Key v="20156905150308e" t="String" n="$S" />
      </Data>
      <Data n="20156904805688c">
        <Key v="20156904805688e" t="String" n="$E" />
        <Key v="20156904805687e" t="String" n="$S" />
      </Data>
      <Data n="20156904805914c">
        <Key v="20156904805914e" t="String" n="$E" />
        <Key v="20156904805913e" t="String" n="$S" />
      </Data>
      <Data n="20156904806143c">
        <Key v="20156904806143e" t="String" n="$E" />
        <Key v="20156904806142e" t="String" n="$S" />
      </Data>
      <Data n="20156904806571c">
        <Key v="20156904806571e" t="String" n="$E" />
        <Key v="20156904806570e" t="String" n="$S" />
      </Data>
      <Data n="20206616255980c">
        <Key v="20156900577845e" t="String" n="$E" />
        <Key v="20156900793103e" t="String" n="$S" />
      </Data>
      <Data n="20156904781149c">
        <Key v="20156904781149e" t="String" n="$E" />
        <Key v="20156904746871e" t="String" n="$S" />
      </Data>
      <Data n="20156904201347c">
        <Key v="20156904201347e" t="String" n="$E" />
        <Key v="20156904190056e" t="String" n="$S" />
      </Data>
      <Data n="20156904201513c">
        <Key v="20156904201513e" t="String" n="$E" />
        <Key v="20156904190056e" t="String" n="$S" />
      </Data>
      <Data n="20156904339539c">
        <Key v="20156904339539e" t="String" n="$E" />
        <Key v="20156904190056e" t="String" n="$S" />
      </Data>
      <Data n="20156904201700c">
        <Key v="20156904201700e" t="String" n="$E" />
        <Key v="20156904339539e" t="String" n="$S" />
      </Data>
      <Data n="20156904332228c">
        <Key v="20156904332228e" t="String" n="$E" />
        <Key v="20156904201700e" t="String" n="$S" />
      </Data>
      <Data n="20156904814376c">
        <Key v="20156904814376e" t="String" n="$E" />
        <Key v="20156904805688e" t="String" n="$S" />
      </Data>
      <Data n="20156905001961c">
        <Key v="20156905001961e" t="String" n="$E" />
        <Key v="20156904805914e" t="String" n="$S" />
      </Data>
      <Data n="20156905131388c">
        <Key v="20156905131388e" t="String" n="$E" />
        <Key v="20156904806143e" t="String" n="$S" />
      </Data>
      <Data n="20156905140219c">
        <Key v="20156905140219e" t="String" n="$E" />
        <Key v="20156904806571e" t="String" n="$S" />
      </Data>
      <Data n="20206616255991c">
        <Key v="20156900577845e" t="String" n="$E" />
        <Key v="20156904781149e" t="String" n="$S" />
      </Data>
      <Data n="20156904201348c">
        <Key v="20156904201348e" t="String" n="$E" />
        <Key v="20156904201347e" t="String" n="$S" />
      </Data>
      <Data n="20156904201514c">
        <Key v="20156904201514e" t="String" n="$E" />
        <Key v="20156904201513e" t="String" n="$S" />
      </Data>
      <Data n="20156904201701c">
        <Key v="20156904201701e" t="String" n="$E" />
        <Key v="20156904332228e" t="String" n="$S" />
      </Data>
      <Data n="20206616255995c">
        <Key v="20156900578080e" t="String" n="$E" />
        <Key v="20156904814376e" t="String" n="$S" />
      </Data>
      <Data n="20156905014266c">
        <Key v="20156905014266e" t="String" n="$E" />
        <Key v="20156905001961e" t="String" n="$S" />
      </Data>
      <Data n="20206616255997c">
        <Key v="20156900578080e" t="String" n="$E" />
        <Key v="20156905131388e" t="String" n="$S" />
      </Data>
      <Data n="20206616255998c">
        <Key v="20156900578080e" t="String" n="$E" />
        <Key v="20156905140219e" t="String" n="$S" />
      </Data>
      <Data n="20156904434297c">
        <Key v="20156904434297e" t="String" n="$E" />
        <Key v="20156904201348e" t="String" n="$S" />
      </Data>
      <Data n="20162605003200c">
        <Key v="20162605003200e" t="String" n="$E" />
        <Key v="20156904434297e" t="String" n="$S" />
      </Data>
      <Data n="20156904230770c">
        <Key v="20156904230770e" t="String" n="$E" />
        <Key v="20156904201514e" t="String" n="$S" />
      </Data>
      <Data n="20162942519871c">
        <Key v="20162942519871e" t="String" n="$E" />
        <Key v="20156904201701e" t="String" n="$S" />
      </Data>
      <Data n="20162942522317c">
        <Key v="20162942522317e" t="String" n="$E" />
        <Key v="20156904201701e" t="String" n="$S" />
      </Data>
      <Data n="20156905020569c">
        <Key v="20156905020569e" t="String" n="$E" />
        <Key v="20156905014266e" t="String" n="$S" />
      </Data>
      <Data n="20206616256005c">
        <Key v="20156900577845e" t="String" n="$E" />
        <Key v="20162605003200e" t="String" n="$S" />
      </Data>
      <Data n="20206616256006c">
        <Key v="20156900577845e" t="String" n="$E" />
        <Key v="20156904230770e" t="String" n="$S" />
      </Data>
      <Data n="20156904265474c">
        <Key v="20156904265474e" t="String" n="$E" />
        <Key v="20162942519871e" t="String" n="$S" />
      </Data>
      <Data n="20156904265727c">
        <Key v="20156904265727e" t="String" n="$E" />
        <Key v="20162942522317e" t="String" n="$S" />
      </Data>
      <Data n="20156905035154c">
        <Key v="20156905035154e" t="String" n="$E" />
        <Key v="20156905020569e" t="String" n="$S" />
      </Data>
      <Data n="20156905034231c">
        <Key v="20156905034231e" t="String" n="$E" />
        <Key v="20156905020569e" t="String" n="$S" />
      </Data>
      <Data n="20156904395715c">
        <Key v="20156904395715e" t="String" n="$E" />
        <Key v="20156904265474e" t="String" n="$S" />
      </Data>
      <Data n="20156904443223c">
        <Key v="20156904443223e" t="String" n="$E" />
        <Key v="20156904395715e" t="String" n="$S" />
      </Data>
      <Data n="20162605007932c">
        <Key v="20162605007932e" t="String" n="$E" />
        <Key v="20156904443223e" t="String" n="$S" />
      </Data>
      <Data n="20156904395902c">
        <Key v="20156904395902e" t="String" n="$E" />
        <Key v="20156904265474e" t="String" n="$S" />
      </Data>
      <Data n="20206616256015c">
        <Key v="20156904190056e" t="String" n="$E" />
        <Key v="20156904265727e" t="String" n="$S" />
      </Data>
      <Data n="20206616256016c">
        <Key v="20156900578080e" t="String" n="$E" />
        <Key v="20156905035154e" t="String" n="$S" />
      </Data>
      <Data n="20156905034232c">
        <Key v="20156905034232e" t="String" n="$E" />
        <Key v="20156905034231e" t="String" n="$S" />
      </Data>
      <Data n="20156904395716c">
        <Key v="20156904395716e" t="String" n="$E" />
        <Key v="20162605007932e" t="String" n="$S" />
      </Data>
      <Data n="20156904395901c">
        <Key v="20156904395901e" t="String" n="$E" />
        <Key v="20156904395902e" t="String" n="$S" />
      </Data>
      <Data n="20162945019970c">
        <Key v="20162945019970e" t="String" n="$E" />
        <Key v="20156905034232e" t="String" n="$S" />
      </Data>
      <Data n="20162945018106c">
        <Key v="20162945018106e" t="String" n="$E" />
        <Key v="20156905034232e" t="String" n="$S" />
      </Data>
      <Data n="20206616256024c">
        <Key v="20156904230770e" t="String" n="$E" />
        <Key v="20156904395901e" t="String" n="$S" />
      </Data>
      <Data n="20156905071767c">
        <Key v="20156905071767e" t="String" n="$E" />
        <Key v="20162945019970e" t="String" n="$S" />
      </Data>
      <Data n="20156905070700c">
        <Key v="20156905070700e" t="String" n="$E" />
        <Key v="20162945018106e" t="String" n="$S" />
      </Data>
      <Data n="20206616256027c">
        <Key v="20156900578080e" t="String" n="$E" />
        <Key v="20156905071767e" t="String" n="$S" />
      </Data>
      <Data n="20156905086824c">
        <Key v="20156905086824e" t="String" n="$E" />
        <Key v="20156905070700e" t="String" n="$S" />
      </Data>
      <Data n="20206616256029c">
        <Key v="20156904190056e" t="String" n="$E" />
        <Key v="20156905086824e" t="String" n="$S" />
      </Data>
    </Data>
  </Data>
</DataRoot>