﻿<?xml version="1.0" encoding="utf-8"?>
<DataRoot n="D">
  <Data n="20156096659732">
    <Data n="$Elems">
      <Data n="20156109536738e">
        <Key v="450,0" t="Vector2" n="!$P" />
        <Key v="_EGate" t="String" n="$T" />
        <Key v="G0" t="String" n="GT" />
        <Key v="Zeis_odpalkovani" t="String" n="Var" />
      </Data>
      <Data n="20156110311329e">
        <Key v="750,0" t="Vector2" n="!$P" />
        <Key v="_EGate" t="String" n="$T" />
        <Key v="G1" t="String" n="GT" />
        <Key v="1" t="Int32" n="T2" />
        <Key v="0" t="Decimal" n="Val" />
        <Key v="Zeis_q_vloupacka" t="String" n="Cnt" />
        <Key v="Oel" t="String" n="O" />
      </Data>
      <Data n="20156110550187e">
        <Key v="450,-3000" t="Vector2" n="!$P" />
        <Key v="_EGate" t="String" n="$T" />
        <Key v="G0" t="String" n="GT" />
        <Key v="1" t="Int32" n="Ex" />
        <Key v="Zeis_odpalkovani" t="String" n="Var" />
      </Data>
      <Data n="20156256293259e">
        <Key v="450,-3200" t="Vector2" n="!$P" />
        <Key v="_EGate" t="String" n="$T" />
        <Key v="G1" t="String" n="GT" />
        <Key v="1" t="Int32" n="T2" />
        <Key v="1" t="Decimal" n="Val" />
        <Key v="Zeis_q_vloupacka" t="String" n="Cnt" />
        <Key v="Oeg" t="String" n="O" />
      </Data>
      <Data n="20156096681003e">
        <Key v="1200,0" t="Vector2" n="!$P" />
        <Key v="20202866798502" t="String" n="$T" />
        <Key v="Zdravím tě cizinče, můžem na chvilku vyrušit?" t="String" n="%X" />
      </Data>
      <Data n="20156110566094e">
        <Key v="900,-3000" t="Vector2" n="!$P" />
        <Key v="20202866798502" t="String" n="$T" />
        <Key v="%M1" t="String" n="T" />
        <Key v="Však jsem ti řekl, abys odprejsknul..." t="String" n="%X" />
      </Data>
      <Data n="20156112419450e">
        <Key v="900,-3200" t="Vector2" n="!$P" />
        <Key v="20202866798502" t="String" n="$T" />
        <Key v="%M1" t="String" n="T" />
        <Key v="Tak co, máš pro mě konečně tu sošku?" t="String" n="%X" />
      </Data>
      <Data n="20156096702686e">
        <Key v="1800,0" t="Vector2" n="!$P" />
        <Key v="_EGate" t="String" n="$T" />
        <Key v="G1" t="String" n="GT" />
        <Key v="1" t="Int32" n="T2" />
        <Key v="0" t="Decimal" n="Val" />
        <Key v="XC_Rogue" t="String" n="Cnt" />
        <Key v="Oe" t="String" n="O" />
      </Data>
      <Data n="20156096736089e">
        <Key v="1800,-200" t="Vector2" n="!$P" />
        <Key v="_EGate" t="String" n="$T" />
        <Key v="G1" t="String" n="GT" />
        <Key v="1" t="Int32" n="T2" />
        <Key v="0" t="Decimal" n="Val" />
        <Key v="XC_Rogue" t="String" n="Cnt" />
        <Key v="Og" t="String" n="O" />
      </Data>
      <Data n="20156096842337e">
        <Key v="1800,-400" t="Vector2" n="!$P" />
        <Key v="_EGate" t="String" n="$T" />
        <Key v="G1" t="String" n="GT" />
        <Key v="XC_Rogue" t="String" n="Cnt" />
        <Key v="XC_Party" t="String" n="Cnt2" />
        <Key v="Oe" t="String" n="O" />
      </Data>
      <Data n="20156112546677e">
        <Key v="1500,-3200" t="Vector2" n="!$P" />
        <Key v="20202934699316" t="String" n="$T" />
        <Key v="Nesouhlas" t="String" n="%CX" />
        <Key v="MrE" t="String" n="Spc" />
      </Data>
      <Data n="20157524757302e">
        <Key v="1500,-3400" t="Vector2" n="!$P" />
        <Key v="20206352251934" t="String" n="$T" />
        <Key v="CkI" t="String" n="GT" />
        <Key v="SkH" t="String" n="T" />
        <Key v="I20157524730873" t="String" n="It" />
        <Key v="1" t="String" n="C" />
      </Data>
      <Data n="20156112546927e">
        <Key v="1950,-3400" t="Vector2" n="!$P" />
        <Key v="20202934699316" t="String" n="$T" />
        <Key v="Souhlas" t="String" n="%CX" />
      </Data>
      <Data n="20157524780938e">
        <Key v="2400,-3400" t="Vector2" n="!$P" />
        <Key v="_EFunc" t="String" n="$T" />
        <Key v="G0" t="String" n="GT" />
        <Key v="Zeis_dobry_vztah" t="String" n="Var" />
      </Data>
      <Data n="20157097085391e">
        <Key v="2700,-3400" t="Vector2" n="!$P" />
        <Key v="_EFunc" t="String" n="$T" />
        <Key v="G0" t="String" n="GT" />
        <Key v="Zeis_doporuceni" t="String" n="Var" />
      </Data>
      <Data n="20156112780385e">
        <Key v="1500,-3800" t="Vector2" n="!$P" />
        <Key v="_EGate" t="String" n="$T" />
        <Key v="G1" t="String" n="GT" />
        <Key v="1" t="Int32" n="T2" />
        <Key v="1" t="Decimal" n="Val" />
        <Key v="Zeis_q_vloupacka" t="String" n="Cnt" />
        <Key v="Oe" t="String" n="O" />
      </Data>
      <Data n="20156112547621e">
        <Key v="1800,-3800" t="Vector2" n="!$P" />
        <Key v="20202934699316" t="String" n="$T" />
        <Key v="Souhlasit, ale zkusit obchodovat" t="String" n="%CX" />
        <Key v="RoT" t="String" n="Spc" />
        <Key v="L2" t="String" n="Lvl" />
      </Data>
      <Data n="20156096712749e">
        <Key v="2250,0" t="Vector2" n="!$P" />
        <Key v="20202866798502" t="String" n="$T" />
        <Key v="%M1" t="String" n="T" />
        <Key v="&lt;Elfovi oči si vás rychle prohlédly&gt; Ne, nemám chuť se s váma vybavovat..." t="String" n="%X" />
      </Data>
      <Data n="20156096732487e">
        <Key v="2250,-200" t="Vector2" n="!$P" />
        <Key v="20202866798502" t="String" n="$T" />
        <Key v="%M1" t="String" n="T" />
        <Key v="&lt;Elfovi oči si vás rychle prohlédly a na chvíli se zastavily na @$&gt; Ne, nemám chuť se s váma vybavovat...." t="String" n="%X" />
        <Key v="1" t="String" n="!Vt" />
        <Key v="XN_Rogue" t="String" n="Var" />
      </Data>
      <Data n="20156096841345e">
        <Key v="2250,-400" t="Vector2" n="!$P" />
        <Key v="20202866798502" t="String" n="$T" />
        <Key v="%M1" t="String" n="T" />
        <Key v="&lt;Elf se na tebe podívá a šalamounsky se pousměje&gt; Ah, dobře žes přišel sám. Myslím, že jsi právě ten koho hledám. Co bys řekl jednoduchému a rychlému přivýdělku?" t="String" n="%X" />
      </Data>
      <Data n="20156112546678e">
        <Key v="1950,-3200" t="Vector2" n="!$P" />
        <Key v="20202866798502" t="String" n="$T" />
        <Key v="Stále jí nemám, ale pracuju na tom." t="String" n="%X" />
      </Data>
      <Data n="20156112546928e">
        <Key v="3150,-3400" t="Vector2" n="!$P" />
        <Key v="20202866798502" t="String" n="$T" />
        <Key v="Jasně. Tady je, jak jsme se dohodli." t="String" n="%X" />
      </Data>
      <Data n="20156112547622e">
        <Key v="2250,-3800" t="Vector2" n="!$P" />
        <Key v="20202866798502" t="String" n="$T" />
        <Key v="Mám jí, ale rozhodl jsem se, že pro tebe má jistě větší cenu, takže jí ode mě budeš muset koupit." t="String" n="%X" />
      </Data>
      <Data n="20156096887812e">
        <Key v="2850,-400" t="Vector2" n="!$P" />
        <Key v="20206495856812" t="String" n="$T" />
        <Key v="Seznámení s nabídkou" t="String" n="!%Txt" />
      </Data>
      <Data n="20156112559214e">
        <Key v="2550,-3200" t="Vector2" n="!$P" />
        <Key v="20202866798502" t="String" n="$T" />
        <Key v="%M1" t="String" n="T" />
        <Key v="No tak co tady okouníš. Nebudu na tebe čekat věčně" t="String" n="%X" />
      </Data>
      <Data n="20156112723353e">
        <Key v="3750,-3400" t="Vector2" n="!$P" />
        <Key v="_EGate" t="String" n="$T" />
        <Key v="G1" t="String" n="GT" />
        <Key v="1" t="Int32" n="T2" />
        <Key v="2" t="Decimal" n="Val" />
        <Key v="Zeis_q_vloupacka" t="String" n="Cnt" />
        <Key v="Oe" t="String" n="O" />
      </Data>
      <Data n="20157524789029e">
        <Key v="4050,-3400" t="Vector2" n="!$P" />
        <Key v="20206371455404" t="String" n="$T" />
        <Key v="CkI" t="String" n="GT" />
        <Key v="SaT" t="String" n="T" />
        <Key v="I20157524730873" t="String" n="It" />
        <Key v="1" t="String" n="C" />
      </Data>
      <Data n="20157524808974e">
        <Key v="4500,-3400" t="Vector2" n="!$P" />
        <Key v="20206371455404" t="String" n="$T" />
        <Key v="CkI" t="String" n="GT" />
        <Key v="SaA" t="String" n="T" />
        <Key v="1" t="String" n="M" />
        <Key v="5000" t="String" n="C" />
      </Data>
      <Data n="20157524769078e">
        <Key v="3750,-3600" t="Vector2" n="!$P" />
        <Key v="20206371455404" t="String" n="$T" />
        <Key v="CkI" t="String" n="GT" />
        <Key v="SaT" t="String" n="T" />
        <Key v="I20157524730873" t="String" n="It" />
        <Key v="1" t="String" n="C" />
      </Data>
      <Data n="20157524712414e">
        <Key v="2850,-3800" t="Vector2" n="!$P" />
        <Key v="_EGate" t="String" n="$T" />
        <Key v="G1" t="String" n="GT" />
        <Key v="1" t="Int32" n="T2" />
        <Key v="2" t="Decimal" n="Val" />
        <Key v="XResult" t="String" n="Cnt" />
        <Key v="Oeg" t="String" n="O" />
      </Data>
      <Data n="20157524714077e">
        <Key v="2850,-4200" t="Vector2" n="!$P" />
        <Key v="_EGate" t="String" n="$T" />
        <Key v="G1" t="String" n="GT" />
        <Key v="1" t="Int32" n="T2" />
        <Key v="0" t="Decimal" n="Val" />
        <Key v="XResult" t="String" n="Cnt" />
        <Key v="Oeg" t="String" n="O" />
      </Data>
      <Data n="20156097004159e">
        <Key v="3450,-400" t="Vector2" n="!$P" />
        <Key v="20202934699316" t="String" n="$T" />
        <Key v="Souhlasit" t="String" n="%CX" />
      </Data>
      <Data n="20156097011895e">
        <Key v="3450,-2600" t="Vector2" n="!$P" />
        <Key v="20202934699316" t="String" n="$T" />
        <Key v="Nesouhlasit" t="String" n="%CX" />
      </Data>
      <Data n="20156109364640e">
        <Key v="3450,-2800" t="Vector2" n="!$P" />
        <Key v="_EGate" t="String" n="$T" />
        <Key v="G0" t="String" n="GT" />
        <Key v="Zeis_dotaz_prace" t="String" n="Var" />
      </Data>
      <Data n="20156097066558e">
        <Key v="3750,-2800" t="Vector2" n="!$P" />
        <Key v="20202934699316" t="String" n="$T" />
        <Key v="Dotaz ohledně &quot;práce&quot;" t="String" n="%CX" />
      </Data>
      <Data n="20156109374752e">
        <Key v="4200,-2800" t="Vector2" n="!$P" />
        <Key v="_EFunc" t="String" n="$T" />
        <Key v="G0" t="String" n="GT" />
        <Key v="Zeis_dotaz_prace" t="String" n="Var" />
      </Data>
      <Data n="20156112613013e">
        <Key v="4950,-3400" t="Vector2" n="!$P" />
        <Key v="20202866798502" t="String" n="$T" />
        <Key v="%M1" t="String" n="T" />
        <Key v="Výborně. Tady slíbených 50 stříbrných. Dobře se s tebou spolupracovalo. Třeba se ještě někdy střetneme. &lt;šalamounskej úsměv&gt; Kdybys mě někdy hledal, budu se pravděpodobně potulovat někde V LIMu. Poptej se po mě v hospodě &quot;U šneka&quot;." t="String" n="%X" />
      </Data>
      <Data n="20156112612269e">
        <Key v="4200,-3600" t="Vector2" n="!$P" />
        <Key v="20202866798502" t="String" n="$T" />
        <Key v="%M1" t="String" n="T" />
        <Key v="Výborně. Dobře se s tebou spolupracovalo. Třeba se ještě někdy střetneme. &lt;šalamounskej úsměv&gt; Kdybys mě někdy hledal, budu se pravděpodobně potulovat někde V LIMu. Poptej se po mě v hospodě &quot;U šneka&quot;." t="String" n="%X" />
      </Data>
      <Data n="20156112788145e">
        <Key v="3300,-3800" t="Vector2" n="!$P" />
        <Key v="20202866798502" t="String" n="$T" />
        <Key v="%M1" t="String" n="T" />
        <Key v="Teda, ty jsi pěknej vydřiduch, ale popravdě se mi to celkem líbí. &lt;malý křivý úsměv&gt; Dobrá tedy, nabízím ti za ní 50 stříbrných." t="String" n="%X" />
      </Data>
      <Data n="20156112788466e">
        <Key v="3300,-4200" t="Vector2" n="!$P" />
        <Key v="20202866798502" t="String" n="$T" />
        <Key v="%M1" t="String" n="T" />
        <Key v="Si ze mě děláš srandu ne. Jasně jsem řekl, že mě informace s kódem k sejfu něco stála. Navíc vše cos našel, je tvoje. Ani náhodou..." t="String" n="%X" />
      </Data>
      <Data n="20156097004160e">
        <Key v="3900,-400" t="Vector2" n="!$P" />
        <Key v="20202866798502" t="String" n="$T" />
        <Key v="Jasně, proč ne." t="String" n="%X" />
      </Data>
      <Data n="20156097011896e">
        <Key v="3900,-2600" t="Vector2" n="!$P" />
        <Key v="20202866798502" t="String" n="$T" />
        <Key v="Ne díky. To nezní zrovna jako fér práce." t="String" n="%X" />
      </Data>
      <Data n="20156097066559e">
        <Key v="4650,-2800" t="Vector2" n="!$P" />
        <Key v="20202866798502" t="String" n="$T" />
        <Key v="Možná ano, o co by přesně šlo?" t="String" n="%X" />
      </Data>
      <Data n="20156112629858e">
        <Key v="5550,-3400" t="Vector2" n="!$P" />
        <Key v="20202866798502" t="String" n="$T" />
        <Key v="%M1" t="String" n="T" />
        <Key v="Jo a že jseš to ty, tak ještě jeden tip. Vrchní Onot v hospodě &quot;U mostu&quot; by pro tebe a tvé kumpány měl možná další prácičku. Vyřiď mu, že tě posílám. &lt;mrknutí okem a letmí úsměv&gt;" t="String" n="%X" />
      </Data>
      <Data n="20156112828240e">
        <Key v="3900,-3800" t="Vector2" n="!$P" />
        <Key v="20202934699316" t="String" n="$T" />
        <Key v="Ponechat si sošku" t="String" n="%CX" />
      </Data>
      <Data n="20156112827416e">
        <Key v="3900,-4000" t="Vector2" n="!$P" />
        <Key v="20202934699316" t="String" n="$T" />
        <Key v="Nabídku přijmout a předat sošku" t="String" n="%CX" />
      </Data>
      <Data n="20156113141981e">
        <Key v="3900,-4200" t="Vector2" n="!$P" />
        <Key v="20202934699316" t="String" n="$T" />
        <Key v="Přijmout Zeisovi podmínky" t="String" n="%CX" />
      </Data>
      <Data n="20156113142263e">
        <Key v="3900,-4400" t="Vector2" n="!$P" />
        <Key v="20202934699316" t="String" n="$T" />
        <Key v="Ponechat si sošku" t="String" n="%CX" />
      </Data>
      <Data n="20156097070204e">
        <Key v="4500,-400" t="Vector2" n="!$P" />
        <Key v="20202866798502" t="String" n="$T" />
        <Key v="%M1" t="String" n="T" />
        <Key v="That's a spirit what I'm looking for. Pak tedy poslouchej. Kousek za náměstím bydlí zbytečně bohatej obchodník. Co takhle mu trochu od toho bohatství pomoct. Znám kombinaci k jeho sejfu. Stála mě celkem dost peněz a velmi rád se o tuhle informaci s tebou podělím. Co říkáš?" t="String" n="%X" />
      </Data>
      <Data n="20156097044911e">
        <Key v="4500,-2600" t="Vector2" n="!$P" />
        <Key v="20202866798502" t="String" n="$T" />
        <Key v="%M1" t="String" n="T" />
        <Key v="Jsem si myslel, že jsi trochu z jiného těsta. Vypadni..." t="String" n="%X" />
      </Data>
      <Data n="20156097166043e">
        <Key v="5250,-2800" t="Vector2" n="!$P" />
        <Key v="20202866798502" t="String" n="$T" />
        <Key v="%M1" t="String" n="T" />
        <Key v="No dejme tomu, že mám jeden tip na nějaké &quot;špatně využívané zlato&quot; a bylo by více než vhodné ho nějak využít. Tak co, jdeš do toho?" t="String" n="%X" />
      </Data>
      <Data n="20156112828241e">
        <Key v="4350,-3800" t="Vector2" n="!$P" />
        <Key v="20202866798502" t="String" n="$T" />
        <Key v="Hm, přijde mi to málo. Sošku si raděj ponechám." t="String" n="%X" />
      </Data>
      <Data n="20156112827417e">
        <Key v="4350,-4000" t="Vector2" n="!$P" />
        <Key v="20202866798502" t="String" n="$T" />
        <Key v="Jojo, to zní fér. Zde je tvá soška." t="String" n="%X" />
      </Data>
      <Data n="20156113141982e">
        <Key v="4350,-4200" t="Vector2" n="!$P" />
        <Key v="20202866798502" t="String" n="$T" />
        <Key v="Ok. Nechtěl jsem tě naštvat. Jen jsem z toho zkoušel vytáhnout něco navíc. Zde je tvá soška." t="String" n="%X" />
      </Data>
      <Data n="20156111372460e">
        <Key v="5100,-400" t="Vector2" n="!$P" />
        <Key v="20206495856812" t="String" n="$T" />
        <Key v="Podrobnější seznámení s nabídkou" t="String" n="!%Txt" />
      </Data>
      <Data n="20156110318502e">
        <Key v="5100,-2600" t="Vector2" n="!$P" />
        <Key v="_EFunc" t="String" n="$T" />
        <Key v="G0" t="String" n="GT" />
        <Key v="Zeis_odpalkovani" t="String" n="Var" />
      </Data>
      <Data n="20157342058155e">
        <Key v="5400,-2600" t="Vector2" n="!$P" />
        <Key v="_EFunc" t="String" n="$T" />
        <Key v="G1" t="String" n="GT" />
        <Key v="1" t="Int32" n="T2" />
        <Key v="0" t="Decimal" n="Val" />
        <Key v="Zeis_q_vloupacka" t="String" n="Cnt" />
        <Key v="Os" t="String" n="O" />
      </Data>
      <Data n="20156113106093e">
        <Key v="4950,-3800" t="Vector2" n="!$P" />
        <Key v="20202866798502" t="String" n="$T" />
        <Key v="%M1" t="String" n="T" />
        <Key v="Ty jeden parchante. Strč si jí někam. Věř, že tě tohle ještě bude mrzet..." t="String" n="%X" />
      </Data>
      <Data n="20156256330112e">
        <Key v="4950,-4000" t="Vector2" n="!$P" />
        <Key v="_EFunc" t="String" n="$T" />
        <Key v="G1" t="String" n="GT" />
        <Key v="1" t="Int32" n="T2" />
        <Key v="2" t="Decimal" n="Val" />
        <Key v="Zeis_q_vloupacka" t="String" n="Cnt" />
        <Key v="O+" t="String" n="O" />
      </Data>
      <Data n="20157524859199e">
        <Key v="4950,-4200" t="Vector2" n="!$P" />
        <Key v="20206371455404" t="String" n="$T" />
        <Key v="CkI" t="String" n="GT" />
        <Key v="SaT" t="String" n="T" />
        <Key v="I20157524730873" t="String" n="It" />
        <Key v="1" t="String" n="C" />
      </Data>
      <Data n="20156111517758e">
        <Key v="5700,-400" t="Vector2" n="!$P" />
        <Key v="20202934699316" t="String" n="$T" />
        <Key v="Souhlasit" t="String" n="%CX" />
      </Data>
      <Data n="20156111532684e">
        <Key v="5700,-1800" t="Vector2" n="!$P" />
        <Key v="_EGate" t="String" n="$T" />
        <Key v="G0" t="String" n="GT" />
        <Key v="Zeis_Proc_ja" t="String" n="Var" />
      </Data>
      <Data n="20156111379273e">
        <Key v="6000,-1800" t="Vector2" n="!$P" />
        <Key v="20202934699316" t="String" n="$T" />
        <Key v="Proč já?" t="String" n="%CX" />
      </Data>
      <Data n="20156111540281e">
        <Key v="6450,-1800" t="Vector2" n="!$P" />
        <Key v="_EFunc" t="String" n="$T" />
        <Key v="G0" t="String" n="GT" />
        <Key v="Zeis_Proc_ja" t="String" n="Var" />
      </Data>
      <Data n="20156111379488e">
        <Key v="5700,-2000" t="Vector2" n="!$P" />
        <Key v="20202934699316" t="String" n="$T" />
        <Key v="Mít pochybnosti" t="String" n="%CX" />
      </Data>
      <Data n="20156111379762e">
        <Key v="5700,-2200" t="Vector2" n="!$P" />
        <Key v="20202934699316" t="String" n="$T" />
        <Key v="Vycouvat" t="String" n="%CX" />
      </Data>
      <Data n="20156111379980e">
        <Key v="5700,-2400" t="Vector2" n="!$P" />
        <Key v="20202934699316" t="String" n="$T" />
        <Key v="A tvoje odměna?" t="String" n="%CX" />
      </Data>
      <Data n="20156113112613e">
        <Key v="5550,-3800" t="Vector2" n="!$P" />
        <Key v="_EFunc" t="String" n="$T" />
        <Key v="G0" t="String" n="GT" />
        <Key v="Zeis_dusledky" t="String" n="Var" />
      </Data>
      <Data n="20156111517757e">
        <Key v="6150,-400" t="Vector2" n="!$P" />
        <Key v="20202866798502" t="String" n="$T" />
        <Key v="Dobrá tedy. Zaujal jsi mě. Pokračuj." t="String" n="%X" />
      </Data>
      <Data n="20156111379274e">
        <Key v="6900,-1800" t="Vector2" n="!$P" />
        <Key v="20202866798502" t="String" n="$T" />
        <Key v="A k čemu potřebuješ mě? Nevypadáš zrovna, že bys takovou prácičku nezvládl..." t="String" n="%X" />
      </Data>
      <Data n="20156111379489e">
        <Key v="6150,-2000" t="Vector2" n="!$P" />
        <Key v="20202866798502" t="String" n="$T" />
        <Key v="A ty mi to jen tak vyklopíš a já si nechám vše co najdu? To se mi nějak nezdá. V čem je háček?" t="String" n="%X" />
      </Data>
      <Data n="20156111379763e">
        <Key v="6150,-2200" t="Vector2" n="!$P" />
        <Key v="20202866798502" t="String" n="$T" />
        <Key v="To se mi nějak nezdá. Kašlu na to, udělej si to sám..." t="String" n="%X" />
      </Data>
      <Data n="20156111379981e">
        <Key v="6150,-2400" t="Vector2" n="!$P" />
        <Key v="20202866798502" t="String" n="$T" />
        <Key v="Nějak se mi to nezdá. Co s toho kápne pro tebe?" t="String" n="%X" />
      </Data>
      <Data n="20156111773445e">
        <Key v="6750,-400" t="Vector2" n="!$P" />
        <Key v="20202866798502" t="String" n="$T" />
        <Key v="%M1" t="String" n="T" />
        <Key v="Výborně. Jediné co potřebuji, je malá stříbrná soška. Určitě jí poznáš. Vše ostatní si klidně můžeš nechat." t="String" n="%X" />
      </Data>
      <Data n="20156111430423e">
        <Key v="7500,-1800" t="Vector2" n="!$P" />
        <Key v="20202866798502" t="String" n="$T" />
        <Key v="%M1" t="String" n="T" />
        <Key v="Heh, dobrá otázka. No dejme tomu, že jistí lidé by mě neměli v Mantu vůbec vidět. Víc vědět nepotřebuješ. Tak co říkáš? Máš zájem?" t="String" n="%X" />
      </Data>
      <Data n="20156111578832e">
        <Key v="6750,-2000" t="Vector2" n="!$P" />
        <Key v="20202866798502" t="String" n="$T" />
        <Key v="%M1" t="String" n="T" />
        <Key v="Samozřejmě to takhle nebude. Ty si můžeš nechat vše co najdeš, kromě malé stříbrné sošky. Tu určitě poznáš." t="String" n="%X" />
      </Data>
      <Data n="20156111657517e">
        <Key v="6750,-2400" t="Vector2" n="!$P" />
        <Key v="20202866798502" t="String" n="$T" />
        <Key v="%M1" t="String" n="T" />
        <Key v="Jediné co požaduji, je malá stříbrná soška. Vše ostatní si můžeš nechat." t="String" n="%X" />
      </Data>
      <Data n="20156111597670e">
        <Key v="7350,-400" t="Vector2" n="!$P" />
        <Key v="20206495856812" t="String" n="$T" />
        <Key v="Rozhodování se o přijmutí úkolu." t="String" n="!%Txt" />
      </Data>
      <Data n="20156112121316e">
        <Key v="7950,-400" t="Vector2" n="!$P" />
        <Key v="_EGate" t="String" n="$T" />
        <Key v="G0" t="String" n="GT" />
        <Key v="Zeis_soska" t="String" n="Var" />
      </Data>
      <Data n="20156111840544e">
        <Key v="8250,-400" t="Vector2" n="!$P" />
        <Key v="20202934699316" t="String" n="$T" />
        <Key v="Zeptat se na sošku" t="String" n="%CX" />
      </Data>
      <Data n="20156112133118e">
        <Key v="8700,-400" t="Vector2" n="!$P" />
        <Key v="_EFunc" t="String" n="$T" />
        <Key v="G0" t="String" n="GT" />
        <Key v="Zeis_soska" t="String" n="Var" />
      </Data>
      <Data n="20156111636049e">
        <Key v="7950,-600" t="Vector2" n="!$P" />
        <Key v="20202934699316" t="String" n="$T" />
        <Key v="Přijmout úkol" t="String" n="%CX" />
      </Data>
      <Data n="20156111686886e">
        <Key v="7950,-800" t="Vector2" n="!$P" />
        <Key v="20202934699316" t="String" n="$T" />
        <Key v="Nevzít úkol" t="String" n="%CX" />
      </Data>
      <Data n="20157263306222e">
        <Key v="7950,-1000" t="Vector2" n="!$P" />
        <Key v="_EGate" t="String" n="$T" />
        <Key v="G0" t="String" n="GT" />
        <Key v="1" t="Int32" n="Ex" />
        <Key v="Zeis_soska" t="String" n="Var" />
      </Data>
      <Data n="20157461473790e">
        <Key v="8250,-1000" t="Vector2" n="!$P" />
        <Key v="_EGate" t="String" n="$T" />
        <Key v="G0" t="String" n="GT" />
        <Key v="Zeis_soska_premlouvani" t="String" n="Var" />
      </Data>
      <Data n="20156112140779e">
        <Key v="8550,-1000" t="Vector2" n="!$P" />
        <Key v="20202934699316" t="String" n="$T" />
        <Key v="Přesvědčit Zeise" t="String" n="%CX" />
        <Key v="RoP" t="String" n="Spc" />
        <Key v="L2" t="String" n="Lvl" />
      </Data>
      <Data n="20157461469352e">
        <Key v="9000,-1000" t="Vector2" n="!$P" />
        <Key v="_EFunc" t="String" n="$T" />
        <Key v="G0" t="String" n="GT" />
        <Key v="Zeis_soska_premlouvani" t="String" n="Var" />
      </Data>
      <Data n="20157263339585e">
        <Key v="7950,-1400" t="Vector2" n="!$P" />
        <Key v="_EGate" t="String" n="$T" />
        <Key v="G0" t="String" n="GT" />
        <Key v="1" t="Int32" n="Ex" />
        <Key v="Zeis_soska_info" t="String" n="Var" />
      </Data>
      <Data n="20157461479106e">
        <Key v="8250,-1400" t="Vector2" n="!$P" />
        <Key v="_EGate" t="String" n="$T" />
        <Key v="G0" t="String" n="GT" />
        <Key v="Zeis_soska_smlouvani" t="String" n="Var" />
      </Data>
      <Data n="20156112256587e">
        <Key v="8550,-1400" t="Vector2" n="!$P" />
        <Key v="20202934699316" t="String" n="$T" />
        <Key v="Smlouvat o odměně" t="String" n="%CX" />
        <Key v="RoT" t="String" n="Spc" />
        <Key v="L2" t="String" n="Lvl" />
      </Data>
      <Data n="20157461483247e">
        <Key v="9000,-1400" t="Vector2" n="!$P" />
        <Key v="_EFunc" t="String" n="$T" />
        <Key v="G0" t="String" n="GT" />
        <Key v="Zeis_soska_smlouvani" t="String" n="Var" />
      </Data>
      <Data n="20156111840545e">
        <Key v="9150,-400" t="Vector2" n="!$P" />
        <Key v="20202866798502" t="String" n="$T" />
        <Key v="Víš, celkem by mě zajímalo, proč po té sošce tak toužíš? K čemu ti bude?" t="String" n="%X" />
      </Data>
      <Data n="20156111636050e">
        <Key v="8400,-600" t="Vector2" n="!$P" />
        <Key v="20202866798502" t="String" n="$T" />
        <Key v="Dobrá tedy, vrátím se až bude práce hotova." t="String" n="%X" />
      </Data>
      <Data n="20156112140780e">
        <Key v="9450,-1000" t="Vector2" n="!$P" />
        <Key v="20202866798502" t="String" n="$T" />
        <Key v="No tak, přece se kolegovi svěříš. Je dobré vědět tvojí motivaci, o to více se budu snažit." t="String" n="%X" />
      </Data>
      <Data n="20156112256588e">
        <Key v="9450,-1400" t="Vector2" n="!$P" />
        <Key v="20202866798502" t="String" n="$T" />
        <Key v="Hele Zeisi, tak mě napadlo, že by ses se mnou o tu odměnu mohl podělit. Když se nad tím tak zamyslím, tak celou tu naší záležitost víceméně oddřu sám..." t="String" n="%X" />
      </Data>
      <Data n="20156111867311e">
        <Key v="9750,-400" t="Vector2" n="!$P" />
        <Key v="20202866798502" t="String" n="$T" />
        <Key v="%M1" t="String" n="T" />
        <Key v="Po tom je ti leda tak hovno. Ber nebo vypadni." t="String" n="%X" />
      </Data>
      <Data n="20156256307075e">
        <Key v="9000,-600" t="Vector2" n="!$P" />
        <Key v="_EFunc" t="String" n="$T" />
        <Key v="G1" t="String" n="GT" />
        <Key v="1" t="Int32" n="T2" />
        <Key v="1" t="Decimal" n="Val" />
        <Key v="Zeis_q_vloupacka" t="String" n="Cnt" />
        <Key v="O+" t="String" n="O" />
      </Data>
      <Data n="20157461411174e">
        <Key v="10050,-1000" t="Vector2" n="!$P" />
        <Key v="_EGate" t="String" n="$T" />
        <Key v="G1" t="String" n="GT" />
        <Key v="1" t="Int32" n="T2" />
        <Key v="0" t="Decimal" n="Val" />
        <Key v="XResult" t="String" n="Cnt" />
        <Key v="Oeg" t="String" n="O" />
      </Data>
      <Data n="20157461398251e">
        <Key v="10050,-1200" t="Vector2" n="!$P" />
        <Key v="_EGate" t="String" n="$T" />
        <Key v="G1" t="String" n="GT" />
        <Key v="1" t="Int32" n="T2" />
        <Key v="2" t="Decimal" n="Val" />
        <Key v="XResult" t="String" n="Cnt" />
        <Key v="Oeg" t="String" n="O" />
      </Data>
      <Data n="20157263333963e">
        <Key v="10350,-1200" t="Vector2" n="!$P" />
        <Key v="_EFunc" t="String" n="$T" />
        <Key v="G0" t="String" n="GT" />
        <Key v="Zeis_soska_info" t="String" n="Var" />
      </Data>
      <Data n="20157524662381e">
        <Key v="10050,-1400" t="Vector2" n="!$P" />
        <Key v="_EGate" t="String" n="$T" />
        <Key v="G1" t="String" n="GT" />
        <Key v="1" t="Int32" n="T2" />
        <Key v="2" t="Decimal" n="Val" />
        <Key v="XResult" t="String" n="Cnt" />
        <Key v="Oeg" t="String" n="O" />
      </Data>
      <Data n="20156256260356e">
        <Key v="10350,-1400" t="Vector2" n="!$P" />
        <Key v="_EFunc" t="String" n="$T" />
        <Key v="G1" t="String" n="GT" />
        <Key v="1" t="Int32" n="T2" />
        <Key v="1" t="Decimal" n="Val" />
        <Key v="Zeis_q_vloupacka" t="String" n="Cnt" />
        <Key v="O+" t="String" n="O" />
      </Data>
      <Data n="20157524694509e">
        <Key v="10050,-1600" t="Vector2" n="!$P" />
        <Key v="_EGate" t="String" n="$T" />
        <Key v="G1" t="String" n="GT" />
        <Key v="1" t="Int32" n="T2" />
        <Key v="0" t="Decimal" n="Val" />
        <Key v="XResult" t="String" n="Cnt" />
        <Key v="Oeg" t="String" n="O" />
      </Data>
      <Data n="20156111888403e">
        <Key v="9450,-600" t="Vector2" n="!$P" />
        <Key v="20202866798502" t="String" n="$T" />
        <Key v="%M1" t="String" n="T" />
        <Key v="Výborně. Kombinace k sejfu je 27 doleva, 36 doprava a 17 doleva. Zapamatuj si to, budeš to potřebovat." t="String" n="%X" />
      </Data>
      <Data n="20156112174796e">
        <Key v="10500,-1000" t="Vector2" n="!$P" />
        <Key v="20202866798502" t="String" n="$T" />
        <Key v="%M1" t="String" n="T" />
        <Key v="Vůbec to nezkoušej, proč tu sošku chci je čistě moje záležitost. Tak bereš, nebo ne?" t="String" n="%X" />
      </Data>
      <Data n="20156112154021e">
        <Key v="10800,-1200" t="Vector2" n="!$P" />
        <Key v="20202866798502" t="String" n="$T" />
        <Key v="%M1" t="String" n="T" />
        <Key v="Ok, dobře. Prostě najal si mě jeden sběratel a nabídl mi celkem slušnou provizi za tu sošku. Říkal něco o tom, že na aukci v Limu mu jí vyfoukl. Tak mu jí teď na oplátku chce vyfouknout von. &lt;smích&gt;" t="String" n="%X" />
      </Data>
      <Data n="20156112284516e">
        <Key v="10800,-1400" t="Vector2" n="!$P" />
        <Key v="20202866798502" t="String" n="$T" />
        <Key v="%M1" t="String" n="T" />
        <Key v="No, hm... Něco na tom asi bude. Ok. Za sošku ti přidám 50 stříbrných." t="String" n="%X" />
      </Data>
      <Data n="20156112285029e">
        <Key v="10500,-1600" t="Vector2" n="!$P" />
        <Key v="20202866798502" t="String" n="$T" />
        <Key v="%M1" t="String" n="T" />
        <Key v="To si snad ze mě děláš srandu ne. Jasně jsem řekl, že mě informace s kódem k sejfu něco stála. Navíc si můžeš nechat vše ostatní a ty chceš víc? Ani náhodou..." t="String" n="%X" />
      </Data>
    </Data>
    <Data n="$Conns">
      <Data n="20156109536738c">
        <Key v="20156109536738e" t="String" n="$E" />
      </Data>
      <Data n="20156110311329c">
        <Key v="20156110311329e" t="String" n="$E" />
        <Key v="20156109536738e" t="String" n="$S" />
      </Data>
      <Data n="20156110550187c">
        <Key v="20156110550187e" t="String" n="$E" />
      </Data>
      <Data n="20156256293259c">
        <Key v="20156256293259e" t="String" n="$E" />
      </Data>
      <Data n="20156096681003c">
        <Key v="20156096681003e" t="String" n="$E" />
        <Key v="20156110311329e" t="String" n="$S" />
      </Data>
      <Data n="20156110566094c">
        <Key v="20156110566094e" t="String" n="$E" />
        <Key v="20156110550187e" t="String" n="$S" />
      </Data>
      <Data n="20156112419450c">
        <Key v="20156112419450e" t="String" n="$E" />
        <Key v="20156256293259e" t="String" n="$S" />
      </Data>
      <Data n="20156096702686c">
        <Key v="20156096702686e" t="String" n="$E" />
        <Key v="20156096681003e" t="String" n="$S" />
      </Data>
      <Data n="20156096736089c">
        <Key v="20156096736089e" t="String" n="$E" />
        <Key v="20156096681003e" t="String" n="$S" />
      </Data>
      <Data n="20156096842337c">
        <Key v="20156096842337e" t="String" n="$E" />
        <Key v="20156096681003e" t="String" n="$S" />
      </Data>
      <Data n="20156112546677c">
        <Key v="20156112546677e" t="String" n="$E" />
        <Key v="20156112419450e" t="String" n="$S" />
      </Data>
      <Data n="20157524757302c">
        <Key v="20157524757302e" t="String" n="$E" />
        <Key v="20156112419450e" t="String" n="$S" />
      </Data>
      <Data n="20156112546927c">
        <Key v="20156112546927e" t="String" n="$E" />
        <Key v="20157524757302e" t="String" n="$S" />
      </Data>
      <Data n="20157524780938c">
        <Key v="20157524780938e" t="String" n="$E" />
        <Key v="20156112546927e" t="String" n="$S" />
      </Data>
      <Data n="20157097085391c">
        <Key v="20157097085391e" t="String" n="$E" />
        <Key v="20157524780938e" t="String" n="$S" />
      </Data>
      <Data n="20156112780385c">
        <Key v="20156112780385e" t="String" n="$E" />
        <Key v="20156112419450e" t="String" n="$S" />
      </Data>
      <Data n="20156112547621c">
        <Key v="20156112547621e" t="String" n="$E" />
        <Key v="20156112780385e" t="String" n="$S" />
      </Data>
      <Data n="20156096712749c">
        <Key v="20156096712749e" t="String" n="$E" />
        <Key v="20156096702686e" t="String" n="$S" />
      </Data>
      <Data n="20156096732487c">
        <Key v="20156096732487e" t="String" n="$E" />
        <Key v="20156096736089e" t="String" n="$S" />
      </Data>
      <Data n="20156096841345c">
        <Key v="20156096841345e" t="String" n="$E" />
        <Key v="20156096842337e" t="String" n="$S" />
      </Data>
      <Data n="20156112546678c">
        <Key v="20156112546678e" t="String" n="$E" />
        <Key v="20156112546677e" t="String" n="$S" />
      </Data>
      <Data n="20156112546928c">
        <Key v="20156112546928e" t="String" n="$E" />
        <Key v="20157097085391e" t="String" n="$S" />
      </Data>
      <Data n="20156112547622c">
        <Key v="20156112547622e" t="String" n="$E" />
        <Key v="20156112547621e" t="String" n="$S" />
      </Data>
      <Data n="20156096887812c">
        <Key v="20156096887812e" t="String" n="$E" />
        <Key v="20156096841345e" t="String" n="$S" />
      </Data>
      <Data n="20156112559214c">
        <Key v="20156112559214e" t="String" n="$E" />
        <Key v="20156112546678e" t="String" n="$S" />
      </Data>
      <Data n="20156112723353c">
        <Key v="20156112723353e" t="String" n="$E" />
        <Key v="20156112546928e" t="String" n="$S" />
      </Data>
      <Data n="20157524789029c">
        <Key v="20157524789029e" t="String" n="$E" />
        <Key v="20156112723353e" t="String" n="$S" />
      </Data>
      <Data n="20157524808974c">
        <Key v="20157524808974e" t="String" n="$E" />
        <Key v="20157524789029e" t="String" n="$S" />
      </Data>
      <Data n="20157524769078c">
        <Key v="20157524769078e" t="String" n="$E" />
        <Key v="20156112546928e" t="String" n="$S" />
      </Data>
      <Data n="20157524712414c">
        <Key v="20157524712414e" t="String" n="$E" />
        <Key v="20156112547622e" t="String" n="$S" />
      </Data>
      <Data n="20157524714077c">
        <Key v="20157524714077e" t="String" n="$E" />
        <Key v="20156112547622e" t="String" n="$S" />
      </Data>
      <Data n="20156097004159c">
        <Key v="20156097004159e" t="String" n="$E" />
        <Key v="20156096887812e" t="String" n="$S" />
      </Data>
      <Data n="20156097011895c">
        <Key v="20156097011895e" t="String" n="$E" />
        <Key v="20156096887812e" t="String" n="$S" />
      </Data>
      <Data n="20156109364640c">
        <Key v="20156109364640e" t="String" n="$E" />
        <Key v="20156096887812e" t="String" n="$S" />
      </Data>
      <Data n="20156097066558c">
        <Key v="20156097066558e" t="String" n="$E" />
        <Key v="20156109364640e" t="String" n="$S" />
      </Data>
      <Data n="20156109374752c">
        <Key v="20156109374752e" t="String" n="$E" />
        <Key v="20156097066558e" t="String" n="$S" />
      </Data>
      <Data n="20156112613013c">
        <Key v="20156112613013e" t="String" n="$E" />
        <Key v="20157524808974e" t="String" n="$S" />
      </Data>
      <Data n="20156112612269c">
        <Key v="20156112612269e" t="String" n="$E" />
        <Key v="20157524769078e" t="String" n="$S" />
      </Data>
      <Data n="20156112788145c">
        <Key v="20156112788145e" t="String" n="$E" />
        <Key v="20157524712414e" t="String" n="$S" />
      </Data>
      <Data n="20156112788466c">
        <Key v="20156112788466e" t="String" n="$E" />
        <Key v="20157524714077e" t="String" n="$S" />
      </Data>
      <Data n="20156097004160c">
        <Key v="20156097004160e" t="String" n="$E" />
        <Key v="20156097004159e" t="String" n="$S" />
      </Data>
      <Data n="20156097011896c">
        <Key v="20156097011896e" t="String" n="$E" />
        <Key v="20156097011895e" t="String" n="$S" />
      </Data>
      <Data n="20156097066559c">
        <Key v="20156097066559e" t="String" n="$E" />
        <Key v="20156109374752e" t="String" n="$S" />
      </Data>
      <Data n="20156112629858c">
        <Key v="20156112629858e" t="String" n="$E" />
        <Key v="20156112613013e" t="String" n="$S" />
      </Data>
      <Data n="20206616255930c">
        <Key v="20156112629858e" t="String" n="$E" />
        <Key v="20156112612269e" t="String" n="$S" />
      </Data>
      <Data n="20156112828240c">
        <Key v="20156112828240e" t="String" n="$E" />
        <Key v="20156112788145e" t="String" n="$S" />
      </Data>
      <Data n="20156112827416c">
        <Key v="20156112827416e" t="String" n="$E" />
        <Key v="20156112788145e" t="String" n="$S" />
      </Data>
      <Data n="20156113141981c">
        <Key v="20156113141981e" t="String" n="$E" />
        <Key v="20156112788466e" t="String" n="$S" />
      </Data>
      <Data n="20156113142263c">
        <Key v="20156113142263e" t="String" n="$E" />
        <Key v="20156112788466e" t="String" n="$S" />
      </Data>
      <Data n="20156097070204c">
        <Key v="20156097070204e" t="String" n="$E" />
        <Key v="20156097004160e" t="String" n="$S" />
      </Data>
      <Data n="20156097044911c">
        <Key v="20156097044911e" t="String" n="$E" />
        <Key v="20156097011896e" t="String" n="$S" />
      </Data>
      <Data n="20156097166043c">
        <Key v="20156097166043e" t="String" n="$E" />
        <Key v="20156097066559e" t="String" n="$S" />
      </Data>
      <Data n="20156112828241c">
        <Key v="20156112828241e" t="String" n="$E" />
        <Key v="20156112828240e" t="String" n="$S" />
      </Data>
      <Data n="20156112827417c">
        <Key v="20156112827417e" t="String" n="$E" />
        <Key v="20156112827416e" t="String" n="$S" />
      </Data>
      <Data n="20156113141982c">
        <Key v="20156113141982e" t="String" n="$E" />
        <Key v="20156113141981e" t="String" n="$S" />
      </Data>
      <Data n="20206616255941c">
        <Key v="20156112828241e" t="String" n="$E" />
        <Key v="20156113142263e" t="String" n="$S" />
      </Data>
      <Data n="20156111372460c">
        <Key v="20156111372460e" t="String" n="$E" />
        <Key v="20156097070204e" t="String" n="$S" />
      </Data>
      <Data n="20156110318502c">
        <Key v="20156110318502e" t="String" n="$E" />
        <Key v="20156097044911e" t="String" n="$S" />
      </Data>
      <Data n="20157342058155c">
        <Key v="20157342058155e" t="String" n="$E" />
        <Key v="20156110318502e" t="String" n="$S" />
      </Data>
      <Data n="20206616255945c">
        <Key v="20156096887812e" t="String" n="$E" />
        <Key v="20156097166043e" t="String" n="$S" />
      </Data>
      <Data n="20156113106093c">
        <Key v="20156113106093e" t="String" n="$E" />
        <Key v="20156112828241e" t="String" n="$S" />
      </Data>
      <Data n="20156256330112c">
        <Key v="20156256330112e" t="String" n="$E" />
        <Key v="20156112827417e" t="String" n="$S" />
      </Data>
      <Data n="20157524859199c">
        <Key v="20157524859199e" t="String" n="$E" />
        <Key v="20156113141982e" t="String" n="$S" />
      </Data>
      <Data n="20156111517758c">
        <Key v="20156111517758e" t="String" n="$E" />
        <Key v="20156111372460e" t="String" n="$S" />
      </Data>
      <Data n="20156111532684c">
        <Key v="20156111532684e" t="String" n="$E" />
        <Key v="20156111372460e" t="String" n="$S" />
      </Data>
      <Data n="20156111379273c">
        <Key v="20156111379273e" t="String" n="$E" />
        <Key v="20156111532684e" t="String" n="$S" />
      </Data>
      <Data n="20156111540281c">
        <Key v="20156111540281e" t="String" n="$E" />
        <Key v="20156111379273e" t="String" n="$S" />
      </Data>
      <Data n="20156111379488c">
        <Key v="20156111379488e" t="String" n="$E" />
        <Key v="20156111372460e" t="String" n="$S" />
      </Data>
      <Data n="20156111379762c">
        <Key v="20156111379762e" t="String" n="$E" />
        <Key v="20156111372460e" t="String" n="$S" />
      </Data>
      <Data n="20156111379980c">
        <Key v="20156111379980e" t="String" n="$E" />
        <Key v="20156111372460e" t="String" n="$S" />
      </Data>
      <Data n="20156113112613c">
        <Key v="20156113112613e" t="String" n="$E" />
        <Key v="20156113106093e" t="String" n="$S" />
      </Data>
      <Data n="20206616255957c">
        <Key v="20156112613013e" t="String" n="$E" />
        <Key v="20156256330112e" t="String" n="$S" />
      </Data>
      <Data n="20206616255958c">
        <Key v="20156112612269e" t="String" n="$E" />
        <Key v="20157524859199e" t="String" n="$S" />
      </Data>
      <Data n="20156111517757c">
        <Key v="20156111517757e" t="String" n="$E" />
        <Key v="20156111517758e" t="String" n="$S" />
      </Data>
      <Data n="20156111379274c">
        <Key v="20156111379274e" t="String" n="$E" />
        <Key v="20156111540281e" t="String" n="$S" />
      </Data>
      <Data n="20156111379489c">
        <Key v="20156111379489e" t="String" n="$E" />
        <Key v="20156111379488e" t="String" n="$S" />
      </Data>
      <Data n="20156111379763c">
        <Key v="20156111379763e" t="String" n="$E" />
        <Key v="20156111379762e" t="String" n="$S" />
      </Data>
      <Data n="20156111379981c">
        <Key v="20156111379981e" t="String" n="$E" />
        <Key v="20156111379980e" t="String" n="$S" />
      </Data>
      <Data n="20156111773445c">
        <Key v="20156111773445e" t="String" n="$E" />
        <Key v="20156111517757e" t="String" n="$S" />
      </Data>
      <Data n="20156111430423c">
        <Key v="20156111430423e" t="String" n="$E" />
        <Key v="20156111379274e" t="String" n="$S" />
      </Data>
      <Data n="20156111578832c">
        <Key v="20156111578832e" t="String" n="$E" />
        <Key v="20156111379489e" t="String" n="$S" />
      </Data>
      <Data n="20206616255967c">
        <Key v="20156097044911e" t="String" n="$E" />
        <Key v="20156111379763e" t="String" n="$S" />
      </Data>
      <Data n="20156111657517c">
        <Key v="20156111657517e" t="String" n="$E" />
        <Key v="20156111379981e" t="String" n="$S" />
      </Data>
      <Data n="20156111597670c">
        <Key v="20156111597670e" t="String" n="$E" />
        <Key v="20156111773445e" t="String" n="$S" />
      </Data>
      <Data n="20206616255972c">
        <Key v="20156111372460e" t="String" n="$E" />
        <Key v="20156111430423e" t="String" n="$S" />
      </Data>
      <Data n="20206616255973c">
        <Key v="20156111597670e" t="String" n="$E" />
        <Key v="20156111578832e" t="String" n="$S" />
      </Data>
      <Data n="20206616255974c">
        <Key v="20156111597670e" t="String" n="$E" />
        <Key v="20156111657517e" t="String" n="$S" />
      </Data>
      <Data n="20156112121316c">
        <Key v="20156112121316e" t="String" n="$E" />
        <Key v="20156111597670e" t="String" n="$S" />
      </Data>
      <Data n="20156111840544c">
        <Key v="20156111840544e" t="String" n="$E" />
        <Key v="20156112121316e" t="String" n="$S" />
      </Data>
      <Data n="20156112133118c">
        <Key v="20156112133118e" t="String" n="$E" />
        <Key v="20156111840544e" t="String" n="$S" />
      </Data>
      <Data n="20156111636049c">
        <Key v="20156111636049e" t="String" n="$E" />
        <Key v="20156111597670e" t="String" n="$S" />
      </Data>
      <Data n="20156111686886c">
        <Key v="20156111686886e" t="String" n="$E" />
        <Key v="20156111597670e" t="String" n="$S" />
      </Data>
      <Data n="20157263306222c">
        <Key v="20157263306222e" t="String" n="$E" />
        <Key v="20156111597670e" t="String" n="$S" />
      </Data>
      <Data n="20157461473790c">
        <Key v="20157461473790e" t="String" n="$E" />
        <Key v="20157263306222e" t="String" n="$S" />
      </Data>
      <Data n="20156112140779c">
        <Key v="20156112140779e" t="String" n="$E" />
        <Key v="20157461473790e" t="String" n="$S" />
      </Data>
      <Data n="20157461469352c">
        <Key v="20157461469352e" t="String" n="$E" />
        <Key v="20156112140779e" t="String" n="$S" />
      </Data>
      <Data n="20157263339585c">
        <Key v="20157263339585e" t="String" n="$E" />
        <Key v="20156111597670e" t="String" n="$S" />
      </Data>
      <Data n="20157461479106c">
        <Key v="20157461479106e" t="String" n="$E" />
        <Key v="20157263339585e" t="String" n="$S" />
      </Data>
      <Data n="20156112256587c">
        <Key v="20156112256587e" t="String" n="$E" />
        <Key v="20157461479106e" t="String" n="$S" />
      </Data>
      <Data n="20157461483247c">
        <Key v="20157461483247e" t="String" n="$E" />
        <Key v="20156112256587e" t="String" n="$S" />
      </Data>
      <Data n="20156111840545c">
        <Key v="20156111840545e" t="String" n="$E" />
        <Key v="20156112133118e" t="String" n="$S" />
      </Data>
      <Data n="20156111636050c">
        <Key v="20156111636050e" t="String" n="$E" />
        <Key v="20156111636049e" t="String" n="$S" />
      </Data>
      <Data n="20206616255990c">
        <Key v="20156111379763e" t="String" n="$E" />
        <Key v="20156111686886e" t="String" n="$S" />
      </Data>
      <Data n="20156112140780c">
        <Key v="20156112140780e" t="String" n="$E" />
        <Key v="20157461469352e" t="String" n="$S" />
      </Data>
      <Data n="20156112256588c">
        <Key v="20156112256588e" t="String" n="$E" />
        <Key v="20157461483247e" t="String" n="$S" />
      </Data>
      <Data n="20156111867311c">
        <Key v="20156111867311e" t="String" n="$E" />
        <Key v="20156111840545e" t="String" n="$S" />
      </Data>
      <Data n="20156256307075c">
        <Key v="20156256307075e" t="String" n="$E" />
        <Key v="20156111636050e" t="String" n="$S" />
      </Data>
      <Data n="20157461411174c">
        <Key v="20157461411174e" t="String" n="$E" />
        <Key v="20156112140780e" t="String" n="$S" />
      </Data>
      <Data n="20157461398251c">
        <Key v="20157461398251e" t="String" n="$E" />
        <Key v="20156112140780e" t="String" n="$S" />
      </Data>
      <Data n="20157263333963c">
        <Key v="20157263333963e" t="String" n="$E" />
        <Key v="20157461398251e" t="String" n="$S" />
      </Data>
      <Data n="20157524662381c">
        <Key v="20157524662381e" t="String" n="$E" />
        <Key v="20156112256588e" t="String" n="$S" />
      </Data>
      <Data n="20156256260356c">
        <Key v="20156256260356e" t="String" n="$E" />
        <Key v="20157524662381e" t="String" n="$S" />
      </Data>
      <Data n="20157524694509c">
        <Key v="20157524694509e" t="String" n="$E" />
        <Key v="20156112256588e" t="String" n="$S" />
      </Data>
      <Data n="20206616256001c">
        <Key v="20156111597670e" t="String" n="$E" />
        <Key v="20156111867311e" t="String" n="$S" />
      </Data>
      <Data n="20156111888403c">
        <Key v="20156111888403e" t="String" n="$E" />
        <Key v="20156256307075e" t="String" n="$S" />
      </Data>
      <Data n="20156112174796c">
        <Key v="20156112174796e" t="String" n="$E" />
        <Key v="20157461411174e" t="String" n="$S" />
      </Data>
      <Data n="20156112154021c">
        <Key v="20156112154021e" t="String" n="$E" />
        <Key v="20157263333963e" t="String" n="$S" />
      </Data>
      <Data n="20156112284516c">
        <Key v="20156112284516e" t="String" n="$E" />
        <Key v="20156256260356e" t="String" n="$S" />
      </Data>
      <Data n="20156112285029c">
        <Key v="20156112285029e" t="String" n="$E" />
        <Key v="20157524694509e" t="String" n="$S" />
      </Data>
      <Data n="20206616256007c">
        <Key v="20156111597670e" t="String" n="$E" />
        <Key v="20156112174796e" t="String" n="$S" />
      </Data>
      <Data n="20206616256008c">
        <Key v="20156111597670e" t="String" n="$E" />
        <Key v="20156112154021e" t="String" n="$S" />
      </Data>
      <Data n="20206616256009c">
        <Key v="20156111597670e" t="String" n="$E" />
        <Key v="20156112284516e" t="String" n="$S" />
      </Data>
      <Data n="20206616256010c">
        <Key v="20156111597670e" t="String" n="$E" />
        <Key v="20156112285029e" t="String" n="$S" />
      </Data>
    </Data>
  </Data>
</DataRoot>