﻿<?xml version="1.0" encoding="utf-8"?>
<DataRoot n="D">
  <Data n="20178317052275">
    <Data n="$Elems">
      <Data n="20178415056266e">
        <Key v="450,0" t="Vector2" n="!$P" />
        <Key v="_EGate" t="String" n="$T" />
        <Key v="G1" t="String" n="GT" />
        <Key v="1" t="Int32" n="T2" />
        <Key v="-10" t="Decimal" n="Val" />
        <Key v="Spravedlivy_muz" t="String" n="Cnt" />
        <Key v="Oel" t="String" n="O" />
      </Data>
      <Data n="20178415053059e">
        <Key v="450,-200" t="Vector2" n="!$P" />
        <Key v="_EGate" t="String" n="$T" />
        <Key v="G1" t="String" n="GT" />
        <Key v="1" t="Int32" n="T2" />
        <Key v="-9" t="Decimal" n="Val" />
        <Key v="Spravedlivy_muz" t="String" n="Cnt" />
        <Key v="Oeg" t="String" n="O" />
      </Data>
      <Data n="20178415052408e">
        <Key v="900,0" t="Vector2" n="!$P" />
        <Key v="20202866798502" t="String" n="$T" />
        <Key v="%M1" t="String" n="T" />
        <Key v="To jsou oni, na ně chlapi." t="String" n="%X" />
      </Data>
      <Data n="20178414412505e">
        <Key v="900,-200" t="Vector2" n="!$P" />
        <Key v="20202866798502" t="String" n="$T" />
        <Key v="%M1" t="String" n="T" />
        <Key v="Stát, kam si myslíš, že jdeš?" t="String" n="%X" />
      </Data>
      <Data n="20178414427884e">
        <Key v="1500,-200" t="Vector2" n="!$P" />
        <Key v="20202866798502" t="String" n="$T" />
        <Key v="@$: No přece do skladiště za tebou." t="String" n="%X" />
        <Key v="1" t="String" n="!Vt" />
        <Key v="XN_Leader" t="String" n="Var" />
      </Data>
      <Data n="20178415083213e">
        <Key v="2100,-200" t="Vector2" n="!$P" />
        <Key v="_EGate" t="String" n="$T" />
        <Key v="G0" t="String" n="GT" />
        <Key v="1" t="Int32" n="Ex" />
        <Key v="Pristavni_skladiste_SP_vstup" t="String" n="Var" />
      </Data>
      <Data n="20178415080332e">
        <Key v="2100,-400" t="Vector2" n="!$P" />
        <Key v="_EGate" t="String" n="$T" />
        <Key v="G0" t="String" n="GT" />
        <Key v="Pristavni_skladiste_SP_vstup" t="String" n="Var" />
      </Data>
      <Data n="20178415079723e">
        <Key v="2550,-200" t="Vector2" n="!$P" />
        <Key v="20202866798502" t="String" n="$T" />
        <Key v="%M1" t="String" n="T" />
        <Key v="Jo to jste vy, tak teda jo" t="String" n="%X" />
      </Data>
      <Data n="20178414433535e">
        <Key v="2550,-400" t="Vector2" n="!$P" />
        <Key v="20202866798502" t="String" n="$T" />
        <Key v="%M1" t="String" n="T" />
        <Key v="Cha cha a proč bych tě tam jako měl pustit?" t="String" n="%X" />
      </Data>
      <Data n="20178414442150e">
        <Key v="3150,-400" t="Vector2" n="!$P" />
        <Key v="20206495856812" t="String" n="$T" />
        <Key v="Možnosti" t="String" n="!%Txt" />
      </Data>
      <Data n="20178415006591e">
        <Key v="3750,-400" t="Vector2" n="!$P" />
        <Key v="_EGate" t="String" n="$T" />
        <Key v="G4" t="String" n="GT" />
      </Data>
      <Data n="20178414444941e">
        <Key v="4050,-400" t="Vector2" n="!$P" />
        <Key v="20202934699316" t="String" n="$T" />
        <Key v="Vyhrožovat" t="String" n="%CX" />
      </Data>
      <Data n="20178414502705e">
        <Key v="3750,-1200" t="Vector2" n="!$P" />
        <Key v="_EGate" t="String" n="$T" />
        <Key v="G4" t="String" n="GT" />
      </Data>
      <Data n="20178414444290e">
        <Key v="4050,-1200" t="Vector2" n="!$P" />
        <Key v="20202934699316" t="String" n="$T" />
        <Key v="Přemluvit ho" t="String" n="%CX" />
        <Key v="RoP" t="String" n="Spc" />
        <Key v="L4" t="String" n="Lvl" />
      </Data>
      <Data n="20178414506083e">
        <Key v="3750,-2000" t="Vector2" n="!$P" />
        <Key v="_EGate" t="String" n="$T" />
        <Key v="G4" t="String" n="GT" />
      </Data>
      <Data n="20186253805435e">
        <Key v="4050,-2000" t="Vector2" n="!$P" />
        <Key v="20206352251934" t="String" n="$T" />
        <Key v="CkI" t="String" n="GT" />
        <Key v="SkH" t="String" n="T" />
        <Key v="I20157354355645" t="String" n="It" />
        <Key v="10" t="String" n="C" />
      </Data>
      <Data n="20178414444523e">
        <Key v="4500,-2000" t="Vector2" n="!$P" />
        <Key v="20202934699316" t="String" n="$T" />
        <Key v="Uplatit" t="String" n="%CX" />
      </Data>
      <Data n="20178414448610e">
        <Key v="3750,-3200" t="Vector2" n="!$P" />
        <Key v="20202934699316" t="String" n="$T" />
        <Key v="Využít reputace" t="String" n="%CX" />
      </Data>
      <Data n="20178414485111e">
        <Key v="3750,-3600" t="Vector2" n="!$P" />
        <Key v="20202934699316" t="String" n="$T" />
        <Key v="Bezeslova zaútočit" t="String" n="%CX" />
        <Key v="MrA" t="String" n="Spc" />
      </Data>
      <Data n="20178414487184e">
        <Key v="3750,-3800" t="Vector2" n="!$P" />
        <Key v="20202934699316" t="String" n="$T" />
        <Key v="Odejít" t="String" n="%CX" />
        <Key v="MrE" t="String" n="Spc" />
      </Data>
      <Data n="20186180302585e">
        <Key v="4200,-3800" t="Vector2" n="!$P" />
        <Key v="20206371455404" t="String" n="$T" />
        <Key v="CkE" t="String" n="GT" />
        <Key v="SaS" t="String" n="T" />
        <Key v="E20186019223538" t="String" n="Ev" />
      </Data>
      <Data n="20178414444940e">
        <Key v="4500,-400" t="Vector2" n="!$P" />
        <Key v="20202866798502" t="String" n="$T" />
      </Data>
      <Data n="20178414444289e">
        <Key v="4500,-1200" t="Vector2" n="!$P" />
        <Key v="20202866798502" t="String" n="$T" />
      </Data>
      <Data n="20178414444524e">
        <Key v="4950,-2000" t="Vector2" n="!$P" />
        <Key v="20202866798502" t="String" n="$T" />
        <Key v="Třeba by nám malá sumička mohla pomoci" t="String" n="%X" />
      </Data>
      <Data n="20178414448611e">
        <Key v="4200,-3200" t="Vector2" n="!$P" />
        <Key v="20202866798502" t="String" n="$T" />
      </Data>
      <Data n="20178414485112e">
        <Key v="4200,-3600" t="Vector2" n="!$P" />
        <Key v="20202866798502" t="String" n="$T" />
      </Data>
      <Data n="20178414487183e">
        <Key v="4650,-3800" t="Vector2" n="!$P" />
        <Key v="20202866798502" t="String" n="$T" />
      </Data>
      <Data n="20178414763142e">
        <Key v="5100,-400" t="Vector2" n="!$P" />
        <Key v="_EGate" t="String" n="$T" />
        <Key v="G1" t="String" n="GT" />
        <Key v="1" t="Int32" n="T2" />
        <Key v="3" t="Decimal" n="Val" />
        <Key v="XResult" t="String" n="Cnt" />
        <Key v="Oeg" t="String" n="O" />
      </Data>
      <Data n="20178414894231e">
        <Key v="5400,-400" t="Vector2" n="!$P" />
        <Key v="_EFunc" t="String" n="$T" />
        <Key v="G1" t="String" n="GT" />
        <Key v="1" t="Int32" n="T2" />
        <Key v="2" t="Decimal" n="Val" />
        <Key v="Spravedlivy_muz" t="String" n="Cnt" />
        <Key v="O+" t="String" n="O" />
      </Data>
      <Data n="20178414899719e">
        <Key v="5700,-400" t="Vector2" n="!$P" />
        <Key v="_EFunc" t="String" n="$T" />
        <Key v="G0" t="String" n="GT" />
        <Key v="Pristavni_skladiste_SP_vstup" t="String" n="Var" />
      </Data>
      <Data n="20178414763622e">
        <Key v="5100,-600" t="Vector2" n="!$P" />
        <Key v="_EGate" t="String" n="$T" />
        <Key v="G1" t="String" n="GT" />
        <Key v="1" t="Int32" n="T2" />
        <Key v="2" t="Decimal" n="Val" />
        <Key v="XResult" t="String" n="Cnt" />
        <Key v="Oeg" t="String" n="O" />
      </Data>
      <Data n="20178415000119e">
        <Key v="5400,-600" t="Vector2" n="!$P" />
        <Key v="_EFunc" t="String" n="$T" />
        <Key v="G0" t="String" n="GT" />
        <Key v="Pristavni_skladiste_SP_vstup" t="String" n="Var" />
      </Data>
      <Data n="20178414764064e">
        <Key v="5100,-800" t="Vector2" n="!$P" />
        <Key v="_EGate" t="String" n="$T" />
        <Key v="G1" t="String" n="GT" />
        <Key v="1" t="Int32" n="T2" />
        <Key v="1" t="Decimal" n="Val" />
        <Key v="XResult" t="String" n="Cnt" />
        <Key v="Oeg" t="String" n="O" />
      </Data>
      <Data n="20186180297402e">
        <Key v="5400,-800" t="Vector2" n="!$P" />
        <Key v="20206371455404" t="String" n="$T" />
        <Key v="CkE" t="String" n="GT" />
        <Key v="SaS" t="String" n="T" />
        <Key v="E20186019223538" t="String" n="Ev" />
      </Data>
      <Data n="20178414764472e">
        <Key v="5100,-1000" t="Vector2" n="!$P" />
        <Key v="_EGate" t="String" n="$T" />
        <Key v="G1" t="String" n="GT" />
        <Key v="1" t="Int32" n="T2" />
        <Key v="0" t="Decimal" n="Val" />
        <Key v="XResult" t="String" n="Cnt" />
        <Key v="Oeg" t="String" n="O" />
      </Data>
      <Data n="20186180297806e">
        <Key v="5400,-1000" t="Vector2" n="!$P" />
        <Key v="20206371455404" t="String" n="$T" />
        <Key v="CkE" t="String" n="GT" />
        <Key v="SaS" t="String" n="T" />
        <Key v="E20186019223538" t="String" n="Ev" />
      </Data>
      <Data n="20178414711954e">
        <Key v="5100,-1200" t="Vector2" n="!$P" />
        <Key v="_EGate" t="String" n="$T" />
        <Key v="G1" t="String" n="GT" />
        <Key v="1" t="Int32" n="T2" />
        <Key v="1" t="Decimal" n="Val" />
        <Key v="XResult" t="String" n="Cnt" />
        <Key v="Oeg" t="String" n="O" />
      </Data>
      <Data n="20186180282264e">
        <Key v="5400,-1200" t="Vector2" n="!$P" />
        <Key v="20206371455404" t="String" n="$T" />
        <Key v="CkE" t="String" n="GT" />
        <Key v="SaS" t="String" n="T" />
        <Key v="E20186019223538" t="String" n="Ev" />
      </Data>
      <Data n="20178414708346e">
        <Key v="5100,-1400" t="Vector2" n="!$P" />
        <Key v="_EGate" t="String" n="$T" />
        <Key v="G1" t="String" n="GT" />
        <Key v="1" t="Int32" n="T2" />
        <Key v="3" t="Decimal" n="Val" />
        <Key v="XResult" t="String" n="Cnt" />
        <Key v="Oeg" t="String" n="O" />
      </Data>
      <Data n="20178414793547e">
        <Key v="5400,-1400" t="Vector2" n="!$P" />
        <Key v="_EFunc" t="String" n="$T" />
        <Key v="G1" t="String" n="GT" />
        <Key v="1" t="Int32" n="T2" />
        <Key v="2" t="Decimal" n="Val" />
        <Key v="Spravedlivy_muz" t="String" n="Cnt" />
        <Key v="O+" t="String" n="O" />
      </Data>
      <Data n="20178414839890e">
        <Key v="5700,-1400" t="Vector2" n="!$P" />
        <Key v="_EFunc" t="String" n="$T" />
        <Key v="G0" t="String" n="GT" />
        <Key v="Pristavni_skladiste_SP_vstup" t="String" n="Var" />
      </Data>
      <Data n="20178414711649e">
        <Key v="5100,-1600" t="Vector2" n="!$P" />
        <Key v="_EGate" t="String" n="$T" />
        <Key v="G1" t="String" n="GT" />
        <Key v="1" t="Int32" n="T2" />
        <Key v="2" t="Decimal" n="Val" />
        <Key v="XResult" t="String" n="Cnt" />
        <Key v="Oeg" t="String" n="O" />
      </Data>
      <Data n="20178414844043e">
        <Key v="5400,-1600" t="Vector2" n="!$P" />
        <Key v="_EFunc" t="String" n="$T" />
        <Key v="G0" t="String" n="GT" />
        <Key v="Pristavni_skladiste_SP_vstup" t="String" n="Var" />
      </Data>
      <Data n="20178414712225e">
        <Key v="5100,-1800" t="Vector2" n="!$P" />
        <Key v="_EGate" t="String" n="$T" />
        <Key v="G1" t="String" n="GT" />
        <Key v="1" t="Int32" n="T2" />
        <Key v="0" t="Decimal" n="Val" />
        <Key v="XResult" t="String" n="Cnt" />
        <Key v="Oeg" t="String" n="O" />
      </Data>
      <Data n="20178414845415e">
        <Key v="5400,-1800" t="Vector2" n="!$P" />
        <Key v="_EFunc" t="String" n="$T" />
        <Key v="G1" t="String" n="GT" />
        <Key v="1" t="Int32" n="T2" />
        <Key v="-2" t="Decimal" n="Val" />
        <Key v="Spravedlivy_muz" t="String" n="Cnt" />
        <Key v="O+" t="String" n="O" />
      </Data>
      <Data n="20186180286001e">
        <Key v="5700,-1800" t="Vector2" n="!$P" />
        <Key v="20206371455404" t="String" n="$T" />
        <Key v="CkE" t="String" n="GT" />
        <Key v="SaS" t="String" n="T" />
        <Key v="E20186019223538" t="String" n="Ev" />
      </Data>
      <Data n="20178414786849e">
        <Key v="5550,-2000" t="Vector2" n="!$P" />
        <Key v="20206352251934" t="String" n="$T" />
        <Key v="CkI" t="String" n="GT" />
        <Key v="SkH" t="String" n="T" />
        <Key v="I20157375210699" t="String" n="It" />
        <Key v="1" t="String" n="C" />
      </Data>
      <Data n="20178414471258e">
        <Key v="6000,-2000" t="Vector2" n="!$P" />
        <Key v="20202934699316" t="String" n="$T" />
        <Key v="Velký úplatek (1 zl)" t="String" n="%CX" />
        <Key v="RoT" t="String" n="Spc" />
        <Key v="L1" t="String" n="Lvl" />
      </Data>
      <Data n="20178415568284e">
        <Key v="6450,-2000" t="Vector2" n="!$P" />
        <Key v="20206371455404" t="String" n="$T" />
        <Key v="CkI" t="String" n="GT" />
        <Key v="SaT" t="String" n="T" />
        <Key v="I20157375210699" t="String" n="It" />
        <Key v="1" t="String" n="C" />
      </Data>
      <Data n="20178414776253e">
        <Key v="5550,-2800" t="Vector2" n="!$P" />
        <Key v="20206352251934" t="String" n="$T" />
        <Key v="CkI" t="String" n="GT" />
        <Key v="SkH" t="String" n="T" />
        <Key v="I20157354355645" t="String" n="It" />
        <Key v="10" t="String" n="C" />
      </Data>
      <Data n="20178414465641e">
        <Key v="6000,-2800" t="Vector2" n="!$P" />
        <Key v="20202934699316" t="String" n="$T" />
        <Key v="Malý úplatek (10 md)" t="String" n="%CX" />
        <Key v="RoT" t="String" n="Spc" />
        <Key v="L4" t="String" n="Lvl" />
      </Data>
      <Data n="20178415561278e">
        <Key v="6450,-2800" t="Vector2" n="!$P" />
        <Key v="20206371455404" t="String" n="$T" />
        <Key v="CkI" t="String" n="GT" />
        <Key v="SaT" t="String" n="T" />
        <Key v="I20157354355645" t="String" n="It" />
        <Key v="10" t="String" n="C" />
      </Data>
      <Data n="20178414783789e">
        <Key v="5550,-3000" t="Vector2" n="!$P" />
        <Key v="20206352251934" t="String" n="$T" />
        <Key v="CkI" t="String" n="GT" />
        <Key v="SkH" t="String" n="T" />
        <Key v="I20157375210590" t="String" n="It" />
        <Key v="5" t="String" n="C" />
      </Data>
      <Data n="20178414465875e">
        <Key v="6000,-3000" t="Vector2" n="!$P" />
        <Key v="20202934699316" t="String" n="$T" />
        <Key v="Rozumný úplatek (5 st)" t="String" n="%CX" />
        <Key v="RoT" t="String" n="Spc" />
        <Key v="L3" t="String" n="Lvl" />
      </Data>
      <Data n="20178415565936e">
        <Key v="6450,-3000" t="Vector2" n="!$P" />
        <Key v="20206371455404" t="String" n="$T" />
        <Key v="CkI" t="String" n="GT" />
        <Key v="SaT" t="String" n="T" />
        <Key v="I20157375210590" t="String" n="It" />
        <Key v="5" t="String" n="C" />
      </Data>
      <Data n="20178415039014e">
        <Key v="4800,-3200" t="Vector2" n="!$P" />
        <Key v="_EGate" t="String" n="$T" />
        <Key v="G1" t="String" n="GT" />
        <Key v="1" t="Int32" n="T2" />
        <Key v="20" t="Decimal" n="Val" />
        <Key v="Spravedlivy_muz" t="String" n="Cnt" />
        <Key v="Oeg" t="String" n="O" />
      </Data>
      <Data n="20178415073380e">
        <Key v="5100,-3200" t="Vector2" n="!$P" />
        <Key v="_EFunc" t="String" n="$T" />
        <Key v="G0" t="String" n="GT" />
        <Key v="Pristavni_skladiste_SP_vstup" t="String" n="Var" />
      </Data>
      <Data n="20178415031082e">
        <Key v="4800,-3400" t="Vector2" n="!$P" />
        <Key v="_EGate" t="String" n="$T" />
        <Key v="G1" t="String" n="GT" />
        <Key v="1" t="Int32" n="T2" />
        <Key v="19" t="Decimal" n="Val" />
        <Key v="Spravedlivy_muz" t="String" n="Cnt" />
        <Key v="Oel" t="String" n="O" />
      </Data>
      <Data n="20186180300842e">
        <Key v="5100,-3400" t="Vector2" n="!$P" />
        <Key v="20206371455404" t="String" n="$T" />
        <Key v="CkE" t="String" n="GT" />
        <Key v="SaS" t="String" n="T" />
        <Key v="E20186019223538" t="String" n="Ev" />
      </Data>
      <Data n="20178414478447e">
        <Key v="6150,-400" t="Vector2" n="!$P" />
        <Key v="20202866798502" t="String" n="$T" />
        <Key v="%M1" t="String" n="T" />
        <Key v="Získání respektu u skupiny a umožněn vstup" t="String" n="%X" />
      </Data>
      <Data n="20178414478643e">
        <Key v="5850,-600" t="Vector2" n="!$P" />
        <Key v="20202866798502" t="String" n="$T" />
        <Key v="%M1" t="String" n="T" />
        <Key v="umožněn vstup" t="String" n="%X" />
      </Data>
      <Data n="20178414478818e">
        <Key v="5850,-800" t="Vector2" n="!$P" />
        <Key v="20202866798502" t="String" n="$T" />
        <Key v="%M1" t="String" n="T" />
        <Key v="zamítnutí vstupu a výsměch" t="String" n="%X" />
      </Data>
      <Data n="20178414479006e">
        <Key v="5850,-1000" t="Vector2" n="!$P" />
        <Key v="20202866798502" t="String" n="$T" />
        <Key v="%M1" t="String" n="T" />
        <Key v="Vyhrožování skončí bojem" t="String" n="%X" />
      </Data>
      <Data n="20178414464298e">
        <Key v="5850,-1200" t="Vector2" n="!$P" />
        <Key v="20202866798502" t="String" n="$T" />
        <Key v="%M1" t="String" n="T" />
        <Key v="Zamítnutí vstupu" t="String" n="%X" />
      </Data>
      <Data n="20178414462988e">
        <Key v="6150,-1400" t="Vector2" n="!$P" />
        <Key v="20202866798502" t="String" n="$T" />
        <Key v="%M1" t="String" n="T" />
        <Key v="Extrémně pozitivní reakce na přemlouvání. A umožněn vstup." t="String" n="%X" />
      </Data>
      <Data n="20178414463218e">
        <Key v="5850,-1600" t="Vector2" n="!$P" />
        <Key v="20202866798502" t="String" n="$T" />
        <Key v="%M1" t="String" n="T" />
        <Key v="umožněn vstup." t="String" n="%X" />
      </Data>
      <Data n="20178414464928e">
        <Key v="6150,-1800" t="Vector2" n="!$P" />
        <Key v="20202866798502" t="String" n="$T" />
        <Key v="%M1" t="String" n="T" />
        <Key v="&quot;uražená reakce&quot;" t="String" n="%X" />
      </Data>
      <Data n="20178414471259e">
        <Key v="6900,-2000" t="Vector2" n="!$P" />
        <Key v="20202866798502" t="String" n="$T" />
        <Key v="Co říkáš na tenhle parádní zlaťák?" t="String" n="%X" />
      </Data>
      <Data n="20178414465642e">
        <Key v="6900,-2800" t="Vector2" n="!$P" />
        <Key v="20202866798502" t="String" n="$T" />
        <Key v="Co takhle 10 měďáků?" t="String" n="%X" />
      </Data>
      <Data n="20178414465874e">
        <Key v="6900,-3000" t="Vector2" n="!$P" />
        <Key v="20202866798502" t="String" n="$T" />
        <Key v="Co takhle 5 stříbrňáků?" t="String" n="%X" />
      </Data>
      <Data n="20178415019122e">
        <Key v="5550,-3200" t="Vector2" n="!$P" />
        <Key v="20202866798502" t="String" n="$T" />
        <Key v="%M1" t="String" n="T" />
        <Key v="Umožnění přístupu něco ve smyslu: &quot;jo to jste vy, no tak teda jo&quot;" t="String" n="%X" />
      </Data>
      <Data n="20178415018593e">
        <Key v="5550,-3400" t="Vector2" n="!$P" />
        <Key v="20202866798502" t="String" n="$T" />
        <Key v="%M1" t="String" n="T" />
        <Key v="Výsměch a odpálkování" t="String" n="%X" />
      </Data>
      <Data n="20178415534693e">
        <Key v="7500,-2000" t="Vector2" n="!$P" />
        <Key v="20206495856812" t="String" n="$T" />
        <Key v="Výsledky obchodování" t="String" n="!%Txt" />
      </Data>
      <Data n="20178415543292e">
        <Key v="8100,-2000" t="Vector2" n="!$P" />
        <Key v="_EGate" t="String" n="$T" />
        <Key v="G1" t="String" n="GT" />
        <Key v="1" t="Int32" n="T2" />
        <Key v="3" t="Decimal" n="Val" />
        <Key v="XResult" t="String" n="Cnt" />
        <Key v="Oeg" t="String" n="O" />
      </Data>
      <Data n="20178415546987e">
        <Key v="8400,-2000" t="Vector2" n="!$P" />
        <Key v="_EFunc" t="String" n="$T" />
        <Key v="G1" t="String" n="GT" />
        <Key v="1" t="Int32" n="T2" />
        <Key v="2" t="Decimal" n="Val" />
        <Key v="Spravedlivy_muz" t="String" n="Cnt" />
        <Key v="O+" t="String" n="O" />
      </Data>
      <Data n="20178415547492e">
        <Key v="8700,-2000" t="Vector2" n="!$P" />
        <Key v="_EFunc" t="String" n="$T" />
        <Key v="G0" t="String" n="GT" />
        <Key v="Pristavni_skladiste_SP_vstup" t="String" n="Var" />
      </Data>
      <Data n="20178415543755e">
        <Key v="8100,-2200" t="Vector2" n="!$P" />
        <Key v="_EGate" t="String" n="$T" />
        <Key v="G1" t="String" n="GT" />
        <Key v="1" t="Int32" n="T2" />
        <Key v="2" t="Decimal" n="Val" />
        <Key v="XResult" t="String" n="Cnt" />
        <Key v="Oeg" t="String" n="O" />
      </Data>
      <Data n="20178415548701e">
        <Key v="8400,-2200" t="Vector2" n="!$P" />
        <Key v="_EFunc" t="String" n="$T" />
        <Key v="G0" t="String" n="GT" />
        <Key v="Pristavni_skladiste_SP_vstup" t="String" n="Var" />
      </Data>
      <Data n="20178415544197e">
        <Key v="8100,-2400" t="Vector2" n="!$P" />
        <Key v="_EGate" t="String" n="$T" />
        <Key v="G1" t="String" n="GT" />
        <Key v="1" t="Int32" n="T2" />
        <Key v="1" t="Decimal" n="Val" />
        <Key v="XResult" t="String" n="Cnt" />
        <Key v="Oeg" t="String" n="O" />
      </Data>
      <Data n="20186180289829e">
        <Key v="8400,-2400" t="Vector2" n="!$P" />
        <Key v="20206371455404" t="String" n="$T" />
        <Key v="CkE" t="String" n="GT" />
        <Key v="SaS" t="String" n="T" />
        <Key v="E20186019223538" t="String" n="Ev" />
      </Data>
      <Data n="20178415544651e">
        <Key v="8100,-2600" t="Vector2" n="!$P" />
        <Key v="_EGate" t="String" n="$T" />
        <Key v="G1" t="String" n="GT" />
        <Key v="1" t="Int32" n="T2" />
        <Key v="0" t="Decimal" n="Val" />
        <Key v="XResult" t="String" n="Cnt" />
        <Key v="Oeg" t="String" n="O" />
      </Data>
      <Data n="20178415549364e">
        <Key v="8400,-2600" t="Vector2" n="!$P" />
        <Key v="_EFunc" t="String" n="$T" />
        <Key v="G1" t="String" n="GT" />
        <Key v="1" t="Int32" n="T2" />
        <Key v="-2" t="Decimal" n="Val" />
        <Key v="Spravedlivy_muz" t="String" n="Cnt" />
        <Key v="O+" t="String" n="O" />
      </Data>
      <Data n="20186180290367e">
        <Key v="8700,-2600" t="Vector2" n="!$P" />
        <Key v="20206371455404" t="String" n="$T" />
        <Key v="CkE" t="String" n="GT" />
        <Key v="SaS" t="String" n="T" />
        <Key v="E20186019223538" t="String" n="Ev" />
      </Data>
      <Data n="20178415539147e">
        <Key v="9150,-2000" t="Vector2" n="!$P" />
        <Key v="20202866798502" t="String" n="$T" />
        <Key v="%M1" t="String" n="T" />
        <Key v="Extrémně pozitivní, je fakt rád, že dostal prašule :D" t="String" n="%X" />
      </Data>
      <Data n="20178415539339e">
        <Key v="8850,-2200" t="Vector2" n="!$P" />
        <Key v="20202866798502" t="String" n="$T" />
        <Key v="%M1" t="String" n="T" />
      </Data>
      <Data n="20178415539514e">
        <Key v="8850,-2400" t="Vector2" n="!$P" />
        <Key v="20202866798502" t="String" n="$T" />
        <Key v="%M1" t="String" n="T" />
      </Data>
      <Data n="20178415539677e">
        <Key v="9150,-2600" t="Vector2" n="!$P" />
        <Key v="20202866798502" t="String" n="$T" />
        <Key v="%M1" t="String" n="T" />
        <Key v="Uražená rakce" t="String" n="%X" />
      </Data>
    </Data>
    <Data n="$Conns">
      <Data n="20178415056266c">
        <Key v="20178415056266e" t="String" n="$E" />
      </Data>
      <Data n="20178415053059c">
        <Key v="20178415053059e" t="String" n="$E" />
      </Data>
      <Data n="20178415052408c">
        <Key v="20178415052408e" t="String" n="$E" />
        <Key v="20178415056266e" t="String" n="$S" />
      </Data>
      <Data n="20178414412505c">
        <Key v="20178414412505e" t="String" n="$E" />
        <Key v="20178415053059e" t="String" n="$S" />
      </Data>
      <Data n="20178414427884c">
        <Key v="20178414427884e" t="String" n="$E" />
        <Key v="20178414412505e" t="String" n="$S" />
      </Data>
      <Data n="20178415083213c">
        <Key v="20178415083213e" t="String" n="$E" />
        <Key v="20178414427884e" t="String" n="$S" />
      </Data>
      <Data n="20178415080332c">
        <Key v="20178415080332e" t="String" n="$E" />
        <Key v="20178414427884e" t="String" n="$S" />
      </Data>
      <Data n="20178415079723c">
        <Key v="20178415079723e" t="String" n="$E" />
        <Key v="20178415083213e" t="String" n="$S" />
      </Data>
      <Data n="20178414433535c">
        <Key v="20178414433535e" t="String" n="$E" />
        <Key v="20178415080332e" t="String" n="$S" />
      </Data>
      <Data n="20178414442150c">
        <Key v="20178414442150e" t="String" n="$E" />
        <Key v="20178414433535e" t="String" n="$S" />
      </Data>
      <Data n="20178415006591c">
        <Key v="20178415006591e" t="String" n="$E" />
        <Key v="20178414442150e" t="String" n="$S" />
      </Data>
      <Data n="20178414444941c">
        <Key v="20178414444941e" t="String" n="$E" />
        <Key v="20178415006591e" t="String" n="$S" />
      </Data>
      <Data n="20178414502705c">
        <Key v="20178414502705e" t="String" n="$E" />
        <Key v="20178414442150e" t="String" n="$S" />
      </Data>
      <Data n="20178414444290c">
        <Key v="20178414444290e" t="String" n="$E" />
        <Key v="20178414502705e" t="String" n="$S" />
      </Data>
      <Data n="20178414506083c">
        <Key v="20178414506083e" t="String" n="$E" />
        <Key v="20178414442150e" t="String" n="$S" />
      </Data>
      <Data n="20186253805435c">
        <Key v="20186253805435e" t="String" n="$E" />
        <Key v="20178414506083e" t="String" n="$S" />
      </Data>
      <Data n="20178414444523c">
        <Key v="20178414444523e" t="String" n="$E" />
        <Key v="20186253805435e" t="String" n="$S" />
      </Data>
      <Data n="20178414448610c">
        <Key v="20178414448610e" t="String" n="$E" />
        <Key v="20178414442150e" t="String" n="$S" />
      </Data>
      <Data n="20178414485111c">
        <Key v="20178414485111e" t="String" n="$E" />
        <Key v="20178414442150e" t="String" n="$S" />
      </Data>
      <Data n="20178414487184c">
        <Key v="20178414487184e" t="String" n="$E" />
        <Key v="20178414442150e" t="String" n="$S" />
      </Data>
      <Data n="20186180302585c">
        <Key v="20186180302585e" t="String" n="$E" />
        <Key v="20178414487184e" t="String" n="$S" />
      </Data>
      <Data n="20178414444940c">
        <Key v="20178414444940e" t="String" n="$E" />
        <Key v="20178414444941e" t="String" n="$S" />
      </Data>
      <Data n="20178414444289c">
        <Key v="20178414444289e" t="String" n="$E" />
        <Key v="20178414444290e" t="String" n="$S" />
      </Data>
      <Data n="20178414444524c">
        <Key v="20178414444524e" t="String" n="$E" />
        <Key v="20178414444523e" t="String" n="$S" />
      </Data>
      <Data n="20178414448611c">
        <Key v="20178414448611e" t="String" n="$E" />
        <Key v="20178414448610e" t="String" n="$S" />
      </Data>
      <Data n="20178414485112c">
        <Key v="20178414485112e" t="String" n="$E" />
        <Key v="20178414485111e" t="String" n="$S" />
      </Data>
      <Data n="20178414487183c">
        <Key v="20178414487183e" t="String" n="$E" />
        <Key v="20186180302585e" t="String" n="$S" />
      </Data>
      <Data n="20178414763142c">
        <Key v="20178414763142e" t="String" n="$E" />
        <Key v="20178414444940e" t="String" n="$S" />
      </Data>
      <Data n="20178414894231c">
        <Key v="20178414894231e" t="String" n="$E" />
        <Key v="20178414763142e" t="String" n="$S" />
      </Data>
      <Data n="20178414899719c">
        <Key v="20178414899719e" t="String" n="$E" />
        <Key v="20178414894231e" t="String" n="$S" />
      </Data>
      <Data n="20178414763622c">
        <Key v="20178414763622e" t="String" n="$E" />
        <Key v="20178414444940e" t="String" n="$S" />
      </Data>
      <Data n="20178415000119c">
        <Key v="20178415000119e" t="String" n="$E" />
        <Key v="20178414763622e" t="String" n="$S" />
      </Data>
      <Data n="20178414764064c">
        <Key v="20178414764064e" t="String" n="$E" />
        <Key v="20178414444940e" t="String" n="$S" />
      </Data>
      <Data n="20186180297402c">
        <Key v="20186180297402e" t="String" n="$E" />
        <Key v="20178414764064e" t="String" n="$S" />
      </Data>
      <Data n="20178414764472c">
        <Key v="20178414764472e" t="String" n="$E" />
        <Key v="20178414444940e" t="String" n="$S" />
      </Data>
      <Data n="20186180297806c">
        <Key v="20186180297806e" t="String" n="$E" />
        <Key v="20178414764472e" t="String" n="$S" />
      </Data>
      <Data n="20178414711954c">
        <Key v="20178414711954e" t="String" n="$E" />
        <Key v="20178414444289e" t="String" n="$S" />
      </Data>
      <Data n="20186180282264c">
        <Key v="20186180282264e" t="String" n="$E" />
        <Key v="20178414711954e" t="String" n="$S" />
      </Data>
      <Data n="20178414708346c">
        <Key v="20178414708346e" t="String" n="$E" />
        <Key v="20178414444289e" t="String" n="$S" />
      </Data>
      <Data n="20178414793547c">
        <Key v="20178414793547e" t="String" n="$E" />
        <Key v="20178414708346e" t="String" n="$S" />
      </Data>
      <Data n="20178414839890c">
        <Key v="20178414839890e" t="String" n="$E" />
        <Key v="20178414793547e" t="String" n="$S" />
      </Data>
      <Data n="20178414711649c">
        <Key v="20178414711649e" t="String" n="$E" />
        <Key v="20178414444289e" t="String" n="$S" />
      </Data>
      <Data n="20178414844043c">
        <Key v="20178414844043e" t="String" n="$E" />
        <Key v="20178414711649e" t="String" n="$S" />
      </Data>
      <Data n="20178414712225c">
        <Key v="20178414712225e" t="String" n="$E" />
        <Key v="20178414444289e" t="String" n="$S" />
      </Data>
      <Data n="20178414845415c">
        <Key v="20178414845415e" t="String" n="$E" />
        <Key v="20178414712225e" t="String" n="$S" />
      </Data>
      <Data n="20186180286001c">
        <Key v="20186180286001e" t="String" n="$E" />
        <Key v="20178414845415e" t="String" n="$S" />
      </Data>
      <Data n="20178414786849c">
        <Key v="20178414786849e" t="String" n="$E" />
        <Key v="20178414444524e" t="String" n="$S" />
      </Data>
      <Data n="20178414471258c">
        <Key v="20178414471258e" t="String" n="$E" />
        <Key v="20178414786849e" t="String" n="$S" />
      </Data>
      <Data n="20178415568284c">
        <Key v="20178415568284e" t="String" n="$E" />
        <Key v="20178414471258e" t="String" n="$S" />
      </Data>
      <Data n="20178414776253c">
        <Key v="20178414776253e" t="String" n="$E" />
        <Key v="20178414444524e" t="String" n="$S" />
      </Data>
      <Data n="20178414465641c">
        <Key v="20178414465641e" t="String" n="$E" />
        <Key v="20178414776253e" t="String" n="$S" />
      </Data>
      <Data n="20178415561278c">
        <Key v="20178415561278e" t="String" n="$E" />
        <Key v="20178414465641e" t="String" n="$S" />
      </Data>
      <Data n="20178414783789c">
        <Key v="20178414783789e" t="String" n="$E" />
        <Key v="20178414444524e" t="String" n="$S" />
      </Data>
      <Data n="20178414465875c">
        <Key v="20178414465875e" t="String" n="$E" />
        <Key v="20178414783789e" t="String" n="$S" />
      </Data>
      <Data n="20178415565936c">
        <Key v="20178415565936e" t="String" n="$E" />
        <Key v="20178414465875e" t="String" n="$S" />
      </Data>
      <Data n="20178415039014c">
        <Key v="20178415039014e" t="String" n="$E" />
        <Key v="20178414448611e" t="String" n="$S" />
      </Data>
      <Data n="20178415073380c">
        <Key v="20178415073380e" t="String" n="$E" />
        <Key v="20178415039014e" t="String" n="$S" />
      </Data>
      <Data n="20178415031082c">
        <Key v="20178415031082e" t="String" n="$E" />
        <Key v="20178414448611e" t="String" n="$S" />
      </Data>
      <Data n="20186180300842c">
        <Key v="20186180300842e" t="String" n="$E" />
        <Key v="20178415031082e" t="String" n="$S" />
      </Data>
      <Data n="20178414478447c">
        <Key v="20178414478447e" t="String" n="$E" />
        <Key v="20178414899719e" t="String" n="$S" />
      </Data>
      <Data n="20178414478643c">
        <Key v="20178414478643e" t="String" n="$E" />
        <Key v="20178415000119e" t="String" n="$S" />
      </Data>
      <Data n="20178414478818c">
        <Key v="20178414478818e" t="String" n="$E" />
        <Key v="20186180297402e" t="String" n="$S" />
      </Data>
      <Data n="20178414479006c">
        <Key v="20178414479006e" t="String" n="$E" />
        <Key v="20186180297806e" t="String" n="$S" />
      </Data>
      <Data n="20178414464298c">
        <Key v="20178414464298e" t="String" n="$E" />
        <Key v="20186180282264e" t="String" n="$S" />
      </Data>
      <Data n="20178414462988c">
        <Key v="20178414462988e" t="String" n="$E" />
        <Key v="20178414839890e" t="String" n="$S" />
      </Data>
      <Data n="20178414463218c">
        <Key v="20178414463218e" t="String" n="$E" />
        <Key v="20178414844043e" t="String" n="$S" />
      </Data>
      <Data n="20178414464928c">
        <Key v="20178414464928e" t="String" n="$E" />
        <Key v="20186180286001e" t="String" n="$S" />
      </Data>
      <Data n="20178414471259c">
        <Key v="20178414471259e" t="String" n="$E" />
        <Key v="20178415568284e" t="String" n="$S" />
      </Data>
      <Data n="20178414465642c">
        <Key v="20178414465642e" t="String" n="$E" />
        <Key v="20178415561278e" t="String" n="$S" />
      </Data>
      <Data n="20178414465874c">
        <Key v="20178414465874e" t="String" n="$E" />
        <Key v="20178415565936e" t="String" n="$S" />
      </Data>
      <Data n="20178415019122c">
        <Key v="20178415019122e" t="String" n="$E" />
        <Key v="20178415073380e" t="String" n="$S" />
      </Data>
      <Data n="20178415018593c">
        <Key v="20178415018593e" t="String" n="$E" />
        <Key v="20186180300842e" t="String" n="$S" />
      </Data>
      <Data n="20206616256024c">
        <Key v="20178414442150e" t="String" n="$E" />
        <Key v="20178414478818e" t="String" n="$S" />
      </Data>
      <Data n="20206616256025c">
        <Key v="20178414442150e" t="String" n="$E" />
        <Key v="20178414479006e" t="String" n="$S" />
      </Data>
      <Data n="20206616256026c">
        <Key v="20178414442150e" t="String" n="$E" />
        <Key v="20178414464298e" t="String" n="$S" />
      </Data>
      <Data n="20206616256027c">
        <Key v="20178414442150e" t="String" n="$E" />
        <Key v="20178414464928e" t="String" n="$S" />
      </Data>
      <Data n="20178415534693c">
        <Key v="20178415534693e" t="String" n="$E" />
        <Key v="20178414471259e" t="String" n="$S" />
      </Data>
      <Data n="20206616256029c">
        <Key v="20178415534693e" t="String" n="$E" />
        <Key v="20178414465642e" t="String" n="$S" />
      </Data>
      <Data n="20206616256030c">
        <Key v="20178415534693e" t="String" n="$E" />
        <Key v="20178414465874e" t="String" n="$S" />
      </Data>
      <Data n="20178415543292c">
        <Key v="20178415543292e" t="String" n="$E" />
        <Key v="20178415534693e" t="String" n="$S" />
      </Data>
      <Data n="20178415546987c">
        <Key v="20178415546987e" t="String" n="$E" />
        <Key v="20178415543292e" t="String" n="$S" />
      </Data>
      <Data n="20178415547492c">
        <Key v="20178415547492e" t="String" n="$E" />
        <Key v="20178415546987e" t="String" n="$S" />
      </Data>
      <Data n="20178415543755c">
        <Key v="20178415543755e" t="String" n="$E" />
        <Key v="20178415534693e" t="String" n="$S" />
      </Data>
      <Data n="20178415548701c">
        <Key v="20178415548701e" t="String" n="$E" />
        <Key v="20178415543755e" t="String" n="$S" />
      </Data>
      <Data n="20178415544197c">
        <Key v="20178415544197e" t="String" n="$E" />
        <Key v="20178415534693e" t="String" n="$S" />
      </Data>
      <Data n="20186180289829c">
        <Key v="20186180289829e" t="String" n="$E" />
        <Key v="20178415544197e" t="String" n="$S" />
      </Data>
      <Data n="20178415544651c">
        <Key v="20178415544651e" t="String" n="$E" />
        <Key v="20178415534693e" t="String" n="$S" />
      </Data>
      <Data n="20178415549364c">
        <Key v="20178415549364e" t="String" n="$E" />
        <Key v="20178415544651e" t="String" n="$S" />
      </Data>
      <Data n="20186180290367c">
        <Key v="20186180290367e" t="String" n="$E" />
        <Key v="20178415549364e" t="String" n="$S" />
      </Data>
      <Data n="20178415539147c">
        <Key v="20178415539147e" t="String" n="$E" />
        <Key v="20178415547492e" t="String" n="$S" />
      </Data>
      <Data n="20178415539339c">
        <Key v="20178415539339e" t="String" n="$E" />
        <Key v="20178415548701e" t="String" n="$S" />
      </Data>
      <Data n="20178415539514c">
        <Key v="20178415539514e" t="String" n="$E" />
        <Key v="20186180289829e" t="String" n="$S" />
      </Data>
      <Data n="20178415539677c">
        <Key v="20178415539677e" t="String" n="$E" />
        <Key v="20186180290367e" t="String" n="$S" />
      </Data>
      <Data n="20206616256045c">
        <Key v="20178414442150e" t="String" n="$E" />
        <Key v="20178415539514e" t="String" n="$S" />
      </Data>
      <Data n="20206616256046c">
        <Key v="20178414442150e" t="String" n="$E" />
        <Key v="20178415539677e" t="String" n="$S" />
      </Data>
    </Data>
  </Data>
</DataRoot>