﻿<?xml version="1.0" encoding="utf-8"?>
<DataRoot n="D">
  <Data n="20178317784377">
    <Data n="$Elems">
      <Data n="20179520490125e">
        <Key v="450,0" t="Vector2" n="!$P" />
        <Key v="_EGate" t="String" n="$T" />
        <Key v="G4" t="String" n="GT" />
      </Data>
      <Data n="20179520489779e">
        <Key v="450,-5400" t="Vector2" n="!$P" />
        <Key v="20202866798502" t="String" n="$T" />
        <Key v="%M1" t="String" n="T" />
        <Key v="A to jsi ty, co chceš?" t="String" n="%X" />
      </Data>
      <Data n="20179520223328e">
        <Key v="900,0" t="Vector2" n="!$P" />
        <Key v="20202866798502" t="String" n="$T" />
        <Key v="%M1" t="String" n="T" />
        <Key v="Stát, kam si myslíš, že jdeš?" t="String" n="%X" />
      </Data>
      <Data n="20179520246030e">
        <Key v="1050,-5400" t="Vector2" n="!$P" />
        <Key v="20206495856812" t="String" n="$T" />
        <Key v="Možnosti" t="String" n="!%Txt" />
      </Data>
      <Data n="20179520227094e">
        <Key v="1500,0" t="Vector2" n="!$P" />
        <Key v="20202866798502" t="String" n="$T" />
        <Key v="Nevím?!" t="String" n="%X" />
      </Data>
      <Data n="20179520256602e">
        <Key v="1650,-5400" t="Vector2" n="!$P" />
        <Key v="20202934699316" t="String" n="$T" />
        <Key v="Bezeslova zaútočit" t="String" n="%CX" />
        <Key v="MrA" t="String" n="Spc" />
      </Data>
      <Data n="20179520435183e">
        <Key v="1650,-5600" t="Vector2" n="!$P" />
        <Key v="_EGate" t="String" n="$T" />
        <Key v="G4" t="String" n="GT" />
      </Data>
      <Data n="20179520248775e">
        <Key v="1950,-5600" t="Vector2" n="!$P" />
        <Key v="20202934699316" t="String" n="$T" />
        <Key v="Lishak?" t="String" n="%CX" />
      </Data>
      <Data n="20179520403053e">
        <Key v="2400,-5600" t="Vector2" n="!$P" />
        <Key v="20206371455404" t="String" n="$T" />
        <Key v="CkQ" t="String" n="GT" />
        <Key v="Q20179421688679" t="String" n="Qs" />
      </Data>
      <Data n="20179520248950e">
        <Key v="1650,-5800" t="Vector2" n="!$P" />
        <Key v="20202934699316" t="String" n="$T" />
        <Key v="Vstup na farmu" t="String" n="%CX" />
      </Data>
      <Data n="20179520458291e">
        <Key v="1650,-10600" t="Vector2" n="!$P" />
        <Key v="20202934699316" t="String" n="$T" />
        <Key v="Odejít" t="String" n="%CX" />
        <Key v="MrE" t="String" n="Spc" />
      </Data>
      <Data n="20186492476421e">
        <Key v="2100,-10600" t="Vector2" n="!$P" />
        <Key v="20206371455404" t="String" n="$T" />
        <Key v="CkE" t="String" n="GT" />
        <Key v="SaS" t="String" n="T" />
        <Key v="E20186492400507" t="String" n="Ev" />
      </Data>
      <Data n="20179520230759e">
        <Key v="2100,0" t="Vector2" n="!$P" />
        <Key v="20202866798502" t="String" n="$T" />
        <Key v="%M1" t="String" n="T" />
        <Key v="Tak to taky nevím. Ty si tady asi novej, co? Tohle je farma, která patří panu Lishakovi a ty na ní nemáš co dělat. Navíc si mylsím, že by s tebou Lishak rád mluvil. Měl by si si s ním promluvit." t="String" n="%X" />
      </Data>
      <Data n="20179520256601e">
        <Key v="2100,-5400" t="Vector2" n="!$P" />
        <Key v="20202866798502" t="String" n="$T" />
      </Data>
      <Data n="20179520248774e">
        <Key v="2850,-5600" t="Vector2" n="!$P" />
        <Key v="20202866798502" t="String" n="$T" />
        <Key v="Kde najdu toho Lishaka? A kdo to vůbec je?" t="String" n="%X" />
      </Data>
      <Data n="20179520248949e">
        <Key v="2100,-5800" t="Vector2" n="!$P" />
        <Key v="20202866798502" t="String" n="$T" />
        <Key v="Chci se ještě jednou zeptat na tu cestu dál, na farmu." t="String" n="%X" />
      </Data>
      <Data n="20179520458290e">
        <Key v="2550,-10600" t="Vector2" n="!$P" />
        <Key v="20202866798502" t="String" n="$T" />
      </Data>
      <Data n="20179520319491e">
        <Key v="3450,-5600" t="Vector2" n="!$P" />
        <Key v="20202866798502" t="String" n="$T" />
        <Key v="%M1" t="String" n="T" />
        <Key v="Pan Lishak. Jedině pan Lishak. Je to hlavní kapitán pirátů, ne jak ten smradlavej Hardon." t="String" n="%X" />
      </Data>
      <Data n="20179520480509e">
        <Key v="2700,-5800" t="Vector2" n="!$P" />
        <Key v="20206495856812" t="String" n="$T" />
        <Key v="Možnosti průchodu na farmu" t="String" n="!%Txt" />
      </Data>
      <Data n="20179520790205e">
        <Key v="4050,-5600" t="Vector2" n="!$P" />
        <Key v="_EFunc" t="String" n="$T" />
        <Key v="G0" t="String" n="GT" />
        <Key v="Lishak_pruchod_The_Wall_Softy" t="String" n="Var" />
      </Data>
      <Data n="20179520586255e">
        <Key v="3300,-5800" t="Vector2" n="!$P" />
        <Key v="_EGate" t="String" n="$T" />
        <Key v="G4" t="String" n="GT" />
      </Data>
      <Data n="20186492357316e">
        <Key v="3600,-5800" t="Vector2" n="!$P" />
        <Key v="_EGate" t="String" n="$T" />
        <Key v="G0" t="String" n="GT" />
        <Key v="Lishak_pruchod_farma" t="String" n="Var" />
      </Data>
      <Data n="20179520542148e">
        <Key v="3900,-5800" t="Vector2" n="!$P" />
        <Key v="20202934699316" t="String" n="$T" />
        <Key v="Přemlouvat" t="String" n="%CX" />
        <Key v="RoP" t="String" n="Spc" />
        <Key v="L2" t="String" n="Lvl" />
      </Data>
      <Data n="20179520482890e">
        <Key v="3300,-6600" t="Vector2" n="!$P" />
        <Key v="20202934699316" t="String" n="$T" />
        <Key v="Můžeme projít?" t="String" n="%CX" />
      </Data>
      <Data n="20179520587761e">
        <Key v="3300,-7200" t="Vector2" n="!$P" />
        <Key v="_EGate" t="String" n="$T" />
        <Key v="G4" t="String" n="GT" />
      </Data>
      <Data n="20186492361203e">
        <Key v="3600,-7200" t="Vector2" n="!$P" />
        <Key v="_EGate" t="String" n="$T" />
        <Key v="G0" t="String" n="GT" />
        <Key v="Lishak_pruchod_farma" t="String" n="Var" />
      </Data>
      <Data n="20179520544413e">
        <Key v="3900,-7200" t="Vector2" n="!$P" />
        <Key v="20202934699316" t="String" n="$T" />
        <Key v="Vyhoržovat" t="String" n="%CX" />
        <Key v="RoI" t="String" n="Spc" />
        <Key v="L3" t="String" n="Lvl" />
      </Data>
      <Data n="20179520588533e">
        <Key v="3300,-8000" t="Vector2" n="!$P" />
        <Key v="_EGate" t="String" n="$T" />
        <Key v="G4" t="String" n="GT" />
      </Data>
      <Data n="20186492362642e">
        <Key v="3600,-8000" t="Vector2" n="!$P" />
        <Key v="_EGate" t="String" n="$T" />
        <Key v="G0" t="String" n="GT" />
        <Key v="Lishak_pruchod_farma" t="String" n="Var" />
      </Data>
      <Data n="20188222386124e">
        <Key v="3900,-8000" t="Vector2" n="!$P" />
        <Key v="20206352251934" t="String" n="$T" />
        <Key v="CkI" t="String" n="GT" />
        <Key v="SkH" t="String" n="T" />
        <Key v="I20157375210590" t="String" n="It" />
        <Key v="1" t="String" n="C" />
      </Data>
      <Data n="20179520545743e">
        <Key v="4350,-8000" t="Vector2" n="!$P" />
        <Key v="20202934699316" t="String" n="$T" />
        <Key v="Uplácet" t="String" n="%CX" />
      </Data>
      <Data n="20186492513665e">
        <Key v="3300,-10400" t="Vector2" n="!$P" />
        <Key v="20202934699316" t="String" n="$T" />
        <Key v="Odejít" t="String" n="%CX" />
        <Key v="MrE" t="String" n="Spc" />
      </Data>
      <Data n="20186492517359e">
        <Key v="3750,-10400" t="Vector2" n="!$P" />
        <Key v="20206371455404" t="String" n="$T" />
        <Key v="CkE" t="String" n="GT" />
        <Key v="SaS" t="String" n="T" />
        <Key v="E20186492400507" t="String" n="Ev" />
      </Data>
      <Data n="20179520393691e">
        <Key v="4500,-5600" t="Vector2" n="!$P" />
        <Key v="20202866798502" t="String" n="$T" />
        <Key v="%M1" t="String" n="T" />
        <Key v="Najdeš ho v jihovýchodní části Condry. Prostě z náměstí se dej směrem na jihovýchod a nemůžeš to minout. Pokud tě zastaví pirát The Wall, tak mu jen řekni, že tě posílám a že jdeš za Lishakem. On tě pustí dál." t="String" n="%X" />
      </Data>
      <Data n="20179520542149e">
        <Key v="4350,-5800" t="Vector2" n="!$P" />
        <Key v="20202866798502" t="String" n="$T" />
      </Data>
      <Data n="20179520482891e">
        <Key v="3750,-6600" t="Vector2" n="!$P" />
        <Key v="20202866798502" t="String" n="$T" />
        <Key v="Můžeme projít?" t="String" n="%X" />
      </Data>
      <Data n="20179520544412e">
        <Key v="4350,-7200" t="Vector2" n="!$P" />
        <Key v="20202866798502" t="String" n="$T" />
      </Data>
      <Data n="20179520545742e">
        <Key v="4800,-8000" t="Vector2" n="!$P" />
        <Key v="20202866798502" t="String" n="$T" />
      </Data>
      <Data n="20186492513666e">
        <Key v="4200,-10400" t="Vector2" n="!$P" />
        <Key v="20202866798502" t="String" n="$T" />
      </Data>
      <Data n="20179520397773e">
        <Key v="5100,-5600" t="Vector2" n="!$P" />
        <Key v="20202866798502" t="String" n="$T" />
        <Key v="Aha, díky." t="String" n="%X" />
      </Data>
      <Data n="20179520639020e">
        <Key v="4950,-5800" t="Vector2" n="!$P" />
        <Key v="_EGate" t="String" n="$T" />
        <Key v="G1" t="String" n="GT" />
        <Key v="1" t="Int32" n="T2" />
        <Key v="3" t="Decimal" n="Val" />
        <Key v="XResult" t="String" n="Cnt" />
        <Key v="Oeg" t="String" n="O" />
      </Data>
      <Data n="20179520658211e">
        <Key v="5250,-5800" t="Vector2" n="!$P" />
        <Key v="_EFunc" t="String" n="$T" />
        <Key v="G1" t="String" n="GT" />
        <Key v="1" t="Int32" n="T2" />
        <Key v="1" t="Decimal" n="Val" />
        <Key v="Lishak" t="String" n="Cnt" />
        <Key v="O+" t="String" n="O" />
      </Data>
      <Data n="20179520673282e">
        <Key v="5550,-5800" t="Vector2" n="!$P" />
        <Key v="_EFunc" t="String" n="$T" />
        <Key v="G0" t="String" n="GT" />
        <Key v="Lishak_pruchod_farma" t="String" n="Var" />
      </Data>
      <Data n="20179520640839e">
        <Key v="4950,-6000" t="Vector2" n="!$P" />
        <Key v="_EGate" t="String" n="$T" />
        <Key v="G1" t="String" n="GT" />
        <Key v="1" t="Int32" n="T2" />
        <Key v="2" t="Decimal" n="Val" />
        <Key v="XResult" t="String" n="Cnt" />
        <Key v="Oeg" t="String" n="O" />
      </Data>
      <Data n="20179520675197e">
        <Key v="5250,-6000" t="Vector2" n="!$P" />
        <Key v="_EFunc" t="String" n="$T" />
        <Key v="G0" t="String" n="GT" />
        <Key v="Lishak_pruchod_farma" t="String" n="Var" />
      </Data>
      <Data n="20179520641110e">
        <Key v="4950,-6200" t="Vector2" n="!$P" />
        <Key v="_EGate" t="String" n="$T" />
        <Key v="G1" t="String" n="GT" />
        <Key v="1" t="Int32" n="T2" />
        <Key v="1" t="Decimal" n="Val" />
        <Key v="XResult" t="String" n="Cnt" />
        <Key v="Oeg" t="String" n="O" />
      </Data>
      <Data n="20179520641351e">
        <Key v="4950,-6400" t="Vector2" n="!$P" />
        <Key v="_EGate" t="String" n="$T" />
        <Key v="G1" t="String" n="GT" />
        <Key v="1" t="Int32" n="T2" />
        <Key v="0" t="Decimal" n="Val" />
        <Key v="XResult" t="String" n="Cnt" />
        <Key v="Oeg" t="String" n="O" />
      </Data>
      <Data n="20179520676585e">
        <Key v="5250,-6400" t="Vector2" n="!$P" />
        <Key v="_EFunc" t="String" n="$T" />
        <Key v="G1" t="String" n="GT" />
        <Key v="1" t="Int32" n="T2" />
        <Key v="-1" t="Decimal" n="Val" />
        <Key v="Lishak" t="String" n="Cnt" />
        <Key v="O+" t="String" n="O" />
      </Data>
      <Data n="20179520512977e">
        <Key v="4350,-6600" t="Vector2" n="!$P" />
        <Key v="_EGate" t="String" n="$T" />
        <Key v="G0" t="String" n="GT" />
        <Key v="1" t="Int32" n="Ex" />
        <Key v="Lishak_pruchod_farma" t="String" n="Var" />
      </Data>
      <Data n="20179520561535e">
        <Key v="4350,-6800" t="Vector2" n="!$P" />
        <Key v="_EGate" t="String" n="$T" />
        <Key v="G1" t="String" n="GT" />
        <Key v="1" t="Int32" n="T2" />
        <Key v="20" t="Decimal" n="Val" />
        <Key v="Lishak" t="String" n="Cnt" />
        <Key v="Oeg" t="String" n="O" />
      </Data>
      <Data n="20179520507248e">
        <Key v="4350,-7000" t="Vector2" n="!$P" />
        <Key v="20202866798502" t="String" n="$T" />
        <Key v="%M1" t="String" n="T" />
        <Key v="Ne" t="String" n="%X" />
      </Data>
      <Data n="20179520643374e">
        <Key v="4950,-7200" t="Vector2" n="!$P" />
        <Key v="_EGate" t="String" n="$T" />
        <Key v="G1" t="String" n="GT" />
        <Key v="1" t="Int32" n="T2" />
        <Key v="3" t="Decimal" n="Val" />
        <Key v="XResult" t="String" n="Cnt" />
        <Key v="Oeg" t="String" n="O" />
      </Data>
      <Data n="20179520660571e">
        <Key v="5250,-7200" t="Vector2" n="!$P" />
        <Key v="_EFunc" t="String" n="$T" />
        <Key v="G1" t="String" n="GT" />
        <Key v="1" t="Int32" n="T2" />
        <Key v="1" t="Decimal" n="Val" />
        <Key v="Lishak" t="String" n="Cnt" />
        <Key v="O+" t="String" n="O" />
      </Data>
      <Data n="20179520675476e">
        <Key v="5550,-7200" t="Vector2" n="!$P" />
        <Key v="_EFunc" t="String" n="$T" />
        <Key v="G0" t="String" n="GT" />
        <Key v="Lishak_pruchod_farma" t="String" n="Var" />
      </Data>
      <Data n="20179520644538e">
        <Key v="4950,-7400" t="Vector2" n="!$P" />
        <Key v="_EGate" t="String" n="$T" />
        <Key v="G1" t="String" n="GT" />
        <Key v="1" t="Int32" n="T2" />
        <Key v="2" t="Decimal" n="Val" />
        <Key v="XResult" t="String" n="Cnt" />
        <Key v="Oeg" t="String" n="O" />
      </Data>
      <Data n="20179520675776e">
        <Key v="5250,-7400" t="Vector2" n="!$P" />
        <Key v="_EFunc" t="String" n="$T" />
        <Key v="G0" t="String" n="GT" />
        <Key v="Lishak_pruchod_farma" t="String" n="Var" />
      </Data>
      <Data n="20179520644212e">
        <Key v="4950,-7600" t="Vector2" n="!$P" />
        <Key v="_EGate" t="String" n="$T" />
        <Key v="G1" t="String" n="GT" />
        <Key v="1" t="Int32" n="T2" />
        <Key v="1" t="Decimal" n="Val" />
        <Key v="XResult" t="String" n="Cnt" />
        <Key v="Oeg" t="String" n="O" />
      </Data>
      <Data n="20179520643716e">
        <Key v="4950,-7800" t="Vector2" n="!$P" />
        <Key v="_EGate" t="String" n="$T" />
        <Key v="G1" t="String" n="GT" />
        <Key v="1" t="Int32" n="T2" />
        <Key v="0" t="Decimal" n="Val" />
        <Key v="XResult" t="String" n="Cnt" />
        <Key v="Oeg" t="String" n="O" />
      </Data>
      <Data n="20179520666764e">
        <Key v="5250,-7800" t="Vector2" n="!$P" />
        <Key v="_EFunc" t="String" n="$T" />
        <Key v="G1" t="String" n="GT" />
        <Key v="1" t="Int32" n="T2" />
        <Key v="-5" t="Decimal" n="Val" />
        <Key v="Lishak" t="String" n="Cnt" />
        <Key v="O+" t="String" n="O" />
      </Data>
      <Data n="20179520700851e">
        <Key v="5400,-8000" t="Vector2" n="!$P" />
        <Key v="20206352251934" t="String" n="$T" />
        <Key v="CkI" t="String" n="GT" />
        <Key v="SkH" t="String" n="T" />
        <Key v="I20157375210590" t="String" n="It" />
        <Key v="1" t="String" n="C" />
      </Data>
      <Data n="20179520583358e">
        <Key v="5850,-8000" t="Vector2" n="!$P" />
        <Key v="20202934699316" t="String" n="$T" />
        <Key v="Malý úplatek (1 st)" t="String" n="%CX" />
        <Key v="RoT" t="String" n="Spc" />
        <Key v="L3" t="String" n="Lvl" />
      </Data>
      <Data n="20179520691935e">
        <Key v="5400,-8800" t="Vector2" n="!$P" />
        <Key v="20206352251934" t="String" n="$T" />
        <Key v="CkI" t="String" n="GT" />
        <Key v="SkH" t="String" n="T" />
        <Key v="I20157375210590" t="String" n="It" />
        <Key v="5" t="String" n="C" />
      </Data>
      <Data n="20179520583566e">
        <Key v="5850,-8800" t="Vector2" n="!$P" />
        <Key v="20202934699316" t="String" n="$T" />
        <Key v="Střední úplatek (5 st)" t="String" n="%CX" />
        <Key v="RoT" t="String" n="Spc" />
        <Key v="L2" t="String" n="Lvl" />
      </Data>
      <Data n="20179520699691e">
        <Key v="5400,-9600" t="Vector2" n="!$P" />
        <Key v="20206352251934" t="String" n="$T" />
        <Key v="CkI" t="String" n="GT" />
        <Key v="SkH" t="String" n="T" />
        <Key v="I20157375210590" t="String" n="It" />
        <Key v="20" t="String" n="C" />
      </Data>
      <Data n="20179520583770e">
        <Key v="5850,-9600" t="Vector2" n="!$P" />
        <Key v="20202934699316" t="String" n="$T" />
        <Key v="Velký úplatek (20 st)" t="String" n="%CX" />
        <Key v="RoT" t="String" n="Spc" />
        <Key v="L1" t="String" n="Lvl" />
      </Data>
      <Data n="20179520581072e">
        <Key v="6000,-5800" t="Vector2" n="!$P" />
        <Key v="20202866798502" t="String" n="$T" />
        <Key v="%M1" t="String" n="T" />
      </Data>
      <Data n="20179520581264e">
        <Key v="5700,-6000" t="Vector2" n="!$P" />
        <Key v="20202866798502" t="String" n="$T" />
        <Key v="%M1" t="String" n="T" />
      </Data>
      <Data n="20179520581410e">
        <Key v="5400,-6200" t="Vector2" n="!$P" />
        <Key v="20202866798502" t="String" n="$T" />
        <Key v="%M1" t="String" n="T" />
      </Data>
      <Data n="20179520581564e">
        <Key v="5700,-6400" t="Vector2" n="!$P" />
        <Key v="20202866798502" t="String" n="$T" />
        <Key v="%M1" t="String" n="T" />
      </Data>
      <Data n="20179520506622e">
        <Key v="4800,-6600" t="Vector2" n="!$P" />
        <Key v="20202866798502" t="String" n="$T" />
        <Key v="%M1" t="String" n="T" />
        <Key v="Můžeš." t="String" n="%X" />
      </Data>
      <Data n="20179520559516e">
        <Key v="4800,-6800" t="Vector2" n="!$P" />
        <Key v="20202866798502" t="String" n="$T" />
        <Key v="%M1" t="String" n="T" />
        <Key v="Jojo, vy vždycky." t="String" n="%X" />
      </Data>
      <Data n="20179520582294e">
        <Key v="6000,-7200" t="Vector2" n="!$P" />
        <Key v="20202866798502" t="String" n="$T" />
        <Key v="%M1" t="String" n="T" />
      </Data>
      <Data n="20179520582473e">
        <Key v="5700,-7400" t="Vector2" n="!$P" />
        <Key v="20202866798502" t="String" n="$T" />
        <Key v="%M1" t="String" n="T" />
      </Data>
      <Data n="20179520582636e">
        <Key v="5400,-7600" t="Vector2" n="!$P" />
        <Key v="20202866798502" t="String" n="$T" />
        <Key v="%M1" t="String" n="T" />
      </Data>
      <Data n="20179520582807e">
        <Key v="5700,-7800" t="Vector2" n="!$P" />
        <Key v="20202866798502" t="String" n="$T" />
        <Key v="%M1" t="String" n="T" />
      </Data>
      <Data n="20179520583357e">
        <Key v="6300,-8000" t="Vector2" n="!$P" />
        <Key v="20202866798502" t="String" n="$T" />
      </Data>
      <Data n="20179520583567e">
        <Key v="6300,-8800" t="Vector2" n="!$P" />
        <Key v="20202866798502" t="String" n="$T" />
      </Data>
      <Data n="20179520583771e">
        <Key v="6300,-9600" t="Vector2" n="!$P" />
        <Key v="20202866798502" t="String" n="$T" />
      </Data>
      <Data n="20179520649575e">
        <Key v="6900,-8000" t="Vector2" n="!$P" />
        <Key v="_EGate" t="String" n="$T" />
        <Key v="G1" t="String" n="GT" />
        <Key v="1" t="Int32" n="T2" />
        <Key v="3" t="Decimal" n="Val" />
        <Key v="XResult" t="String" n="Cnt" />
        <Key v="Oeg" t="String" n="O" />
      </Data>
      <Data n="20179520661639e">
        <Key v="7200,-8000" t="Vector2" n="!$P" />
        <Key v="_EFunc" t="String" n="$T" />
        <Key v="G1" t="String" n="GT" />
        <Key v="1" t="Int32" n="T2" />
        <Key v="1" t="Decimal" n="Val" />
        <Key v="Lishak" t="String" n="Cnt" />
        <Key v="O+" t="String" n="O" />
      </Data>
      <Data n="20179520679496e">
        <Key v="7500,-8000" t="Vector2" n="!$P" />
        <Key v="_EFunc" t="String" n="$T" />
        <Key v="G0" t="String" n="GT" />
        <Key v="Lishak_pruchod_farma" t="String" n="Var" />
      </Data>
      <Data n="20179520704183e">
        <Key v="7800,-8000" t="Vector2" n="!$P" />
        <Key v="20206371455404" t="String" n="$T" />
        <Key v="CkI" t="String" n="GT" />
        <Key v="SaT" t="String" n="T" />
        <Key v="I20157375210590" t="String" n="It" />
        <Key v="1" t="String" n="C" />
      </Data>
      <Data n="20179520648325e">
        <Key v="6900,-8200" t="Vector2" n="!$P" />
        <Key v="_EGate" t="String" n="$T" />
        <Key v="G1" t="String" n="GT" />
        <Key v="1" t="Int32" n="T2" />
        <Key v="2" t="Decimal" n="Val" />
        <Key v="XResult" t="String" n="Cnt" />
        <Key v="Oeg" t="String" n="O" />
      </Data>
      <Data n="20179520679804e">
        <Key v="7200,-8200" t="Vector2" n="!$P" />
        <Key v="_EFunc" t="String" n="$T" />
        <Key v="G0" t="String" n="GT" />
        <Key v="Lishak_pruchod_farma" t="String" n="Var" />
      </Data>
      <Data n="20179520706952e">
        <Key v="7500,-8200" t="Vector2" n="!$P" />
        <Key v="20206371455404" t="String" n="$T" />
        <Key v="CkI" t="String" n="GT" />
        <Key v="SaT" t="String" n="T" />
        <Key v="I20157375210590" t="String" n="It" />
        <Key v="1" t="String" n="C" />
      </Data>
      <Data n="20179520647916e">
        <Key v="6900,-8400" t="Vector2" n="!$P" />
        <Key v="_EGate" t="String" n="$T" />
        <Key v="G1" t="String" n="GT" />
        <Key v="1" t="Int32" n="T2" />
        <Key v="1" t="Decimal" n="Val" />
        <Key v="XResult" t="String" n="Cnt" />
        <Key v="Oeg" t="String" n="O" />
      </Data>
      <Data n="20179520645622e">
        <Key v="6900,-8600" t="Vector2" n="!$P" />
        <Key v="_EGate" t="String" n="$T" />
        <Key v="G1" t="String" n="GT" />
        <Key v="1" t="Int32" n="T2" />
        <Key v="0" t="Decimal" n="Val" />
        <Key v="XResult" t="String" n="Cnt" />
        <Key v="Oeg" t="String" n="O" />
      </Data>
      <Data n="20179520707419e">
        <Key v="7200,-8600" t="Vector2" n="!$P" />
        <Key v="20206371455404" t="String" n="$T" />
        <Key v="CkI" t="String" n="GT" />
        <Key v="SaT" t="String" n="T" />
        <Key v="I20157375210590" t="String" n="It" />
        <Key v="1" t="String" n="C" />
      </Data>
      <Data n="20179520649875e">
        <Key v="6900,-8800" t="Vector2" n="!$P" />
        <Key v="_EGate" t="String" n="$T" />
        <Key v="G1" t="String" n="GT" />
        <Key v="1" t="Int32" n="T2" />
        <Key v="3" t="Decimal" n="Val" />
        <Key v="XResult" t="String" n="Cnt" />
        <Key v="Oeg" t="String" n="O" />
      </Data>
      <Data n="20179520661943e">
        <Key v="7200,-8800" t="Vector2" n="!$P" />
        <Key v="_EFunc" t="String" n="$T" />
        <Key v="G1" t="String" n="GT" />
        <Key v="1" t="Int32" n="T2" />
        <Key v="1" t="Decimal" n="Val" />
        <Key v="Lishak" t="String" n="Cnt" />
        <Key v="O+" t="String" n="O" />
      </Data>
      <Data n="20179520680500e">
        <Key v="7500,-8800" t="Vector2" n="!$P" />
        <Key v="_EFunc" t="String" n="$T" />
        <Key v="G0" t="String" n="GT" />
        <Key v="Lishak_pruchod_farma" t="String" n="Var" />
      </Data>
      <Data n="20179520707877e">
        <Key v="7800,-8800" t="Vector2" n="!$P" />
        <Key v="20206371455404" t="String" n="$T" />
        <Key v="CkI" t="String" n="GT" />
        <Key v="SaT" t="String" n="T" />
        <Key v="I20157375210590" t="String" n="It" />
        <Key v="5" t="String" n="C" />
      </Data>
      <Data n="20179520648661e">
        <Key v="6900,-9000" t="Vector2" n="!$P" />
        <Key v="_EGate" t="String" n="$T" />
        <Key v="G1" t="String" n="GT" />
        <Key v="1" t="Int32" n="T2" />
        <Key v="2" t="Decimal" n="Val" />
        <Key v="XResult" t="String" n="Cnt" />
        <Key v="Oeg" t="String" n="O" />
      </Data>
      <Data n="20179520680777e">
        <Key v="7200,-9000" t="Vector2" n="!$P" />
        <Key v="_EFunc" t="String" n="$T" />
        <Key v="G0" t="String" n="GT" />
        <Key v="Lishak_pruchod_farma" t="String" n="Var" />
      </Data>
      <Data n="20179520708749e">
        <Key v="7500,-9000" t="Vector2" n="!$P" />
        <Key v="20206371455404" t="String" n="$T" />
        <Key v="CkI" t="String" n="GT" />
        <Key v="SaT" t="String" n="T" />
        <Key v="I20157375210590" t="String" n="It" />
        <Key v="5" t="String" n="C" />
      </Data>
      <Data n="20179520647578e">
        <Key v="6900,-9200" t="Vector2" n="!$P" />
        <Key v="_EGate" t="String" n="$T" />
        <Key v="G1" t="String" n="GT" />
        <Key v="1" t="Int32" n="T2" />
        <Key v="1" t="Decimal" n="Val" />
        <Key v="XResult" t="String" n="Cnt" />
        <Key v="Oeg" t="String" n="O" />
      </Data>
      <Data n="20179520646001e">
        <Key v="6900,-9400" t="Vector2" n="!$P" />
        <Key v="_EGate" t="String" n="$T" />
        <Key v="G1" t="String" n="GT" />
        <Key v="1" t="Int32" n="T2" />
        <Key v="0" t="Decimal" n="Val" />
        <Key v="XResult" t="String" n="Cnt" />
        <Key v="Oeg" t="String" n="O" />
      </Data>
      <Data n="20179520709037e">
        <Key v="7200,-9400" t="Vector2" n="!$P" />
        <Key v="20206371455404" t="String" n="$T" />
        <Key v="CkI" t="String" n="GT" />
        <Key v="SaT" t="String" n="T" />
        <Key v="I20157375210590" t="String" n="It" />
        <Key v="5" t="String" n="C" />
      </Data>
      <Data n="20179520650205e">
        <Key v="6900,-9600" t="Vector2" n="!$P" />
        <Key v="_EGate" t="String" n="$T" />
        <Key v="G1" t="String" n="GT" />
        <Key v="1" t="Int32" n="T2" />
        <Key v="3" t="Decimal" n="Val" />
        <Key v="XResult" t="String" n="Cnt" />
        <Key v="Oeg" t="String" n="O" />
      </Data>
      <Data n="20179520662264e">
        <Key v="7200,-9600" t="Vector2" n="!$P" />
        <Key v="_EFunc" t="String" n="$T" />
        <Key v="G1" t="String" n="GT" />
        <Key v="1" t="Int32" n="T2" />
        <Key v="1" t="Decimal" n="Val" />
        <Key v="Lishak" t="String" n="Cnt" />
        <Key v="O+" t="String" n="O" />
      </Data>
      <Data n="20179520681114e">
        <Key v="7500,-9600" t="Vector2" n="!$P" />
        <Key v="_EFunc" t="String" n="$T" />
        <Key v="G0" t="String" n="GT" />
        <Key v="Lishak_pruchod_farma" t="String" n="Var" />
      </Data>
      <Data n="20179520710034e">
        <Key v="7800,-9600" t="Vector2" n="!$P" />
        <Key v="20206371455404" t="String" n="$T" />
        <Key v="CkI" t="String" n="GT" />
        <Key v="SaT" t="String" n="T" />
        <Key v="I20157375210590" t="String" n="It" />
        <Key v="20" t="String" n="C" />
      </Data>
      <Data n="20179520649083e">
        <Key v="6900,-9800" t="Vector2" n="!$P" />
        <Key v="_EGate" t="String" n="$T" />
        <Key v="G1" t="String" n="GT" />
        <Key v="1" t="Int32" n="T2" />
        <Key v="2" t="Decimal" n="Val" />
        <Key v="XResult" t="String" n="Cnt" />
        <Key v="Oeg" t="String" n="O" />
      </Data>
      <Data n="20179520681410e">
        <Key v="7200,-9800" t="Vector2" n="!$P" />
        <Key v="_EFunc" t="String" n="$T" />
        <Key v="G0" t="String" n="GT" />
        <Key v="Lishak_pruchod_farma" t="String" n="Var" />
      </Data>
      <Data n="20179520710868e">
        <Key v="7500,-9800" t="Vector2" n="!$P" />
        <Key v="20206371455404" t="String" n="$T" />
        <Key v="CkI" t="String" n="GT" />
        <Key v="SaT" t="String" n="T" />
        <Key v="I20157375210590" t="String" n="It" />
        <Key v="20" t="String" n="C" />
      </Data>
      <Data n="20179520647036e">
        <Key v="6900,-10000" t="Vector2" n="!$P" />
        <Key v="_EGate" t="String" n="$T" />
        <Key v="G1" t="String" n="GT" />
        <Key v="1" t="Int32" n="T2" />
        <Key v="1" t="Decimal" n="Val" />
        <Key v="XResult" t="String" n="Cnt" />
        <Key v="Oeg" t="String" n="O" />
      </Data>
      <Data n="20179520646347e">
        <Key v="6900,-10200" t="Vector2" n="!$P" />
        <Key v="_EGate" t="String" n="$T" />
        <Key v="G1" t="String" n="GT" />
        <Key v="1" t="Int32" n="T2" />
        <Key v="0" t="Decimal" n="Val" />
        <Key v="XResult" t="String" n="Cnt" />
        <Key v="Oeg" t="String" n="O" />
      </Data>
      <Data n="20179520711172e">
        <Key v="7200,-10200" t="Vector2" n="!$P" />
        <Key v="20206371455404" t="String" n="$T" />
        <Key v="CkI" t="String" n="GT" />
        <Key v="SaT" t="String" n="T" />
        <Key v="I20157375210590" t="String" n="It" />
        <Key v="20" t="String" n="C" />
      </Data>
      <Data n="20179520609696e">
        <Key v="8250,-8000" t="Vector2" n="!$P" />
        <Key v="20202866798502" t="String" n="$T" />
        <Key v="%M1" t="String" n="T" />
      </Data>
      <Data n="20179520609883e">
        <Key v="7950,-8200" t="Vector2" n="!$P" />
        <Key v="20202866798502" t="String" n="$T" />
        <Key v="%M1" t="String" n="T" />
      </Data>
      <Data n="20179520610605e">
        <Key v="7350,-8400" t="Vector2" n="!$P" />
        <Key v="20202866798502" t="String" n="$T" />
        <Key v="%M1" t="String" n="T" />
      </Data>
      <Data n="20179520610776e">
        <Key v="7650,-8600" t="Vector2" n="!$P" />
        <Key v="20202866798502" t="String" n="$T" />
        <Key v="%M1" t="String" n="T" />
      </Data>
      <Data n="20179520611418e">
        <Key v="8250,-8800" t="Vector2" n="!$P" />
        <Key v="20202866798502" t="String" n="$T" />
        <Key v="%M1" t="String" n="T" />
      </Data>
      <Data n="20179520611576e">
        <Key v="7950,-9000" t="Vector2" n="!$P" />
        <Key v="20202866798502" t="String" n="$T" />
        <Key v="%M1" t="String" n="T" />
      </Data>
      <Data n="20179520611739e">
        <Key v="7350,-9200" t="Vector2" n="!$P" />
        <Key v="20202866798502" t="String" n="$T" />
        <Key v="%M1" t="String" n="T" />
      </Data>
      <Data n="20179520611910e">
        <Key v="7650,-9400" t="Vector2" n="!$P" />
        <Key v="20202866798502" t="String" n="$T" />
        <Key v="%M1" t="String" n="T" />
      </Data>
      <Data n="20179520612798e">
        <Key v="8250,-9600" t="Vector2" n="!$P" />
        <Key v="20202866798502" t="String" n="$T" />
        <Key v="%M1" t="String" n="T" />
      </Data>
      <Data n="20179520613028e">
        <Key v="7950,-9800" t="Vector2" n="!$P" />
        <Key v="20202866798502" t="String" n="$T" />
        <Key v="%M1" t="String" n="T" />
      </Data>
      <Data n="20179520613303e">
        <Key v="7350,-10000" t="Vector2" n="!$P" />
        <Key v="20202866798502" t="String" n="$T" />
        <Key v="%M1" t="String" n="T" />
      </Data>
      <Data n="20179520613495e">
        <Key v="7650,-10200" t="Vector2" n="!$P" />
        <Key v="20202866798502" t="String" n="$T" />
        <Key v="%M1" t="String" n="T" />
      </Data>
    </Data>
    <Data n="$Conns">
      <Data n="20179520490125c">
        <Key v="20179520490125e" t="String" n="$E" />
      </Data>
      <Data n="20179520489779c">
        <Key v="20179520489779e" t="String" n="$E" />
      </Data>
      <Data n="20179520223328c">
        <Key v="20179520223328e" t="String" n="$E" />
        <Key v="20179520490125e" t="String" n="$S" />
      </Data>
      <Data n="20179520246030c">
        <Key v="20179520246030e" t="String" n="$E" />
        <Key v="20179520489779e" t="String" n="$S" />
      </Data>
      <Data n="20179520227094c">
        <Key v="20179520227094e" t="String" n="$E" />
        <Key v="20179520223328e" t="String" n="$S" />
      </Data>
      <Data n="20179520256602c">
        <Key v="20179520256602e" t="String" n="$E" />
        <Key v="20179520246030e" t="String" n="$S" />
      </Data>
      <Data n="20179520435183c">
        <Key v="20179520435183e" t="String" n="$E" />
        <Key v="20179520246030e" t="String" n="$S" />
      </Data>
      <Data n="20179520248775c">
        <Key v="20179520248775e" t="String" n="$E" />
        <Key v="20179520435183e" t="String" n="$S" />
      </Data>
      <Data n="20179520403053c">
        <Key v="20179520403053e" t="String" n="$E" />
        <Key v="20179520248775e" t="String" n="$S" />
      </Data>
      <Data n="20179520248950c">
        <Key v="20179520248950e" t="String" n="$E" />
        <Key v="20179520246030e" t="String" n="$S" />
      </Data>
      <Data n="20179520458291c">
        <Key v="20179520458291e" t="String" n="$E" />
        <Key v="20179520246030e" t="String" n="$S" />
      </Data>
      <Data n="20186492476421c">
        <Key v="20186492476421e" t="String" n="$E" />
        <Key v="20179520458291e" t="String" n="$S" />
      </Data>
      <Data n="20179520230759c">
        <Key v="20179520230759e" t="String" n="$E" />
        <Key v="20179520227094e" t="String" n="$S" />
      </Data>
      <Data n="20179520256601c">
        <Key v="20179520256601e" t="String" n="$E" />
        <Key v="20179520256602e" t="String" n="$S" />
      </Data>
      <Data n="20179520248774c">
        <Key v="20179520248774e" t="String" n="$E" />
        <Key v="20179520403053e" t="String" n="$S" />
      </Data>
      <Data n="20179520248949c">
        <Key v="20179520248949e" t="String" n="$E" />
        <Key v="20179520248950e" t="String" n="$S" />
      </Data>
      <Data n="20179520458290c">
        <Key v="20179520458290e" t="String" n="$E" />
        <Key v="20186492476421e" t="String" n="$S" />
      </Data>
      <Data n="20206616255991c">
        <Key v="20179520246030e" t="String" n="$E" />
        <Key v="20179520230759e" t="String" n="$S" />
      </Data>
      <Data n="20179520319491c">
        <Key v="20179520319491e" t="String" n="$E" />
        <Key v="20179520248774e" t="String" n="$S" />
      </Data>
      <Data n="20179520480509c">
        <Key v="20179520480509e" t="String" n="$E" />
        <Key v="20179520248949e" t="String" n="$S" />
      </Data>
      <Data n="20179520790205c">
        <Key v="20179520790205e" t="String" n="$E" />
        <Key v="20179520319491e" t="String" n="$S" />
      </Data>
      <Data n="20179520586255c">
        <Key v="20179520586255e" t="String" n="$E" />
        <Key v="20179520480509e" t="String" n="$S" />
      </Data>
      <Data n="20186492357316c">
        <Key v="20186492357316e" t="String" n="$E" />
        <Key v="20179520586255e" t="String" n="$S" />
      </Data>
      <Data n="20179520542148c">
        <Key v="20179520542148e" t="String" n="$E" />
        <Key v="20186492357316e" t="String" n="$S" />
      </Data>
      <Data n="20179520482890c">
        <Key v="20179520482890e" t="String" n="$E" />
        <Key v="20179520480509e" t="String" n="$S" />
      </Data>
      <Data n="20179520587761c">
        <Key v="20179520587761e" t="String" n="$E" />
        <Key v="20179520480509e" t="String" n="$S" />
      </Data>
      <Data n="20186492361203c">
        <Key v="20186492361203e" t="String" n="$E" />
        <Key v="20179520587761e" t="String" n="$S" />
      </Data>
      <Data n="20179520544413c">
        <Key v="20179520544413e" t="String" n="$E" />
        <Key v="20186492361203e" t="String" n="$S" />
      </Data>
      <Data n="20179520588533c">
        <Key v="20179520588533e" t="String" n="$E" />
        <Key v="20179520480509e" t="String" n="$S" />
      </Data>
      <Data n="20186492362642c">
        <Key v="20186492362642e" t="String" n="$E" />
        <Key v="20179520588533e" t="String" n="$S" />
      </Data>
      <Data n="20188222386124c">
        <Key v="20188222386124e" t="String" n="$E" />
        <Key v="20186492362642e" t="String" n="$S" />
      </Data>
      <Data n="20179520545743c">
        <Key v="20179520545743e" t="String" n="$E" />
        <Key v="20188222386124e" t="String" n="$S" />
      </Data>
      <Data n="20186492513665c">
        <Key v="20186492513665e" t="String" n="$E" />
        <Key v="20179520480509e" t="String" n="$S" />
      </Data>
      <Data n="20186492517359c">
        <Key v="20186492517359e" t="String" n="$E" />
        <Key v="20186492513665e" t="String" n="$S" />
      </Data>
      <Data n="20179520393691c">
        <Key v="20179520393691e" t="String" n="$E" />
        <Key v="20179520790205e" t="String" n="$S" />
      </Data>
      <Data n="20179520542149c">
        <Key v="20179520542149e" t="String" n="$E" />
        <Key v="20179520542148e" t="String" n="$S" />
      </Data>
      <Data n="20179520482891c">
        <Key v="20179520482891e" t="String" n="$E" />
        <Key v="20179520482890e" t="String" n="$S" />
      </Data>
      <Data n="20179520544412c">
        <Key v="20179520544412e" t="String" n="$E" />
        <Key v="20179520544413e" t="String" n="$S" />
      </Data>
      <Data n="20179520545742c">
        <Key v="20179520545742e" t="String" n="$E" />
        <Key v="20179520545743e" t="String" n="$S" />
      </Data>
      <Data n="20186492513666c">
        <Key v="20186492513666e" t="String" n="$E" />
        <Key v="20186492517359e" t="String" n="$S" />
      </Data>
      <Data n="20179520397773c">
        <Key v="20179520397773e" t="String" n="$E" />
        <Key v="20179520393691e" t="String" n="$S" />
      </Data>
      <Data n="20179520639020c">
        <Key v="20179520639020e" t="String" n="$E" />
        <Key v="20179520542149e" t="String" n="$S" />
      </Data>
      <Data n="20179520658211c">
        <Key v="20179520658211e" t="String" n="$E" />
        <Key v="20179520639020e" t="String" n="$S" />
      </Data>
      <Data n="20179520673282c">
        <Key v="20179520673282e" t="String" n="$E" />
        <Key v="20179520658211e" t="String" n="$S" />
      </Data>
      <Data n="20179520640839c">
        <Key v="20179520640839e" t="String" n="$E" />
        <Key v="20179520542149e" t="String" n="$S" />
      </Data>
      <Data n="20179520675197c">
        <Key v="20179520675197e" t="String" n="$E" />
        <Key v="20179520640839e" t="String" n="$S" />
      </Data>
      <Data n="20179520641110c">
        <Key v="20179520641110e" t="String" n="$E" />
        <Key v="20179520542149e" t="String" n="$S" />
      </Data>
      <Data n="20179520641351c">
        <Key v="20179520641351e" t="String" n="$E" />
        <Key v="20179520542149e" t="String" n="$S" />
      </Data>
      <Data n="20179520676585c">
        <Key v="20179520676585e" t="String" n="$E" />
        <Key v="20179520641351e" t="String" n="$S" />
      </Data>
      <Data n="20179520512977c">
        <Key v="20179520512977e" t="String" n="$E" />
        <Key v="20179520482891e" t="String" n="$S" />
      </Data>
      <Data n="20179520561535c">
        <Key v="20179520561535e" t="String" n="$E" />
        <Key v="20179520482891e" t="String" n="$S" />
      </Data>
      <Data n="20179520507248c">
        <Key v="20179520507248e" t="String" n="$E" />
        <Key v="20179520482891e" t="String" n="$S" />
      </Data>
      <Data n="20179520643374c">
        <Key v="20179520643374e" t="String" n="$E" />
        <Key v="20179520544412e" t="String" n="$S" />
      </Data>
      <Data n="20179520660571c">
        <Key v="20179520660571e" t="String" n="$E" />
        <Key v="20179520643374e" t="String" n="$S" />
      </Data>
      <Data n="20179520675476c">
        <Key v="20179520675476e" t="String" n="$E" />
        <Key v="20179520660571e" t="String" n="$S" />
      </Data>
      <Data n="20179520644538c">
        <Key v="20179520644538e" t="String" n="$E" />
        <Key v="20179520544412e" t="String" n="$S" />
      </Data>
      <Data n="20179520675776c">
        <Key v="20179520675776e" t="String" n="$E" />
        <Key v="20179520644538e" t="String" n="$S" />
      </Data>
      <Data n="20179520644212c">
        <Key v="20179520644212e" t="String" n="$E" />
        <Key v="20179520544412e" t="String" n="$S" />
      </Data>
      <Data n="20179520643716c">
        <Key v="20179520643716e" t="String" n="$E" />
        <Key v="20179520544412e" t="String" n="$S" />
      </Data>
      <Data n="20179520666764c">
        <Key v="20179520666764e" t="String" n="$E" />
        <Key v="20179520643716e" t="String" n="$S" />
      </Data>
      <Data n="20179520700851c">
        <Key v="20179520700851e" t="String" n="$E" />
        <Key v="20179520545742e" t="String" n="$S" />
      </Data>
      <Data n="20179520583358c">
        <Key v="20179520583358e" t="String" n="$E" />
        <Key v="20179520700851e" t="String" n="$S" />
      </Data>
      <Data n="20179520691935c">
        <Key v="20179520691935e" t="String" n="$E" />
        <Key v="20179520545742e" t="String" n="$S" />
      </Data>
      <Data n="20179520583566c">
        <Key v="20179520583566e" t="String" n="$E" />
        <Key v="20179520691935e" t="String" n="$S" />
      </Data>
      <Data n="20179520699691c">
        <Key v="20179520699691e" t="String" n="$E" />
        <Key v="20179520545742e" t="String" n="$S" />
      </Data>
      <Data n="20179520583770c">
        <Key v="20179520583770e" t="String" n="$E" />
        <Key v="20179520699691e" t="String" n="$S" />
      </Data>
      <Data n="20206616256041c">
        <Key v="20179520246030e" t="String" n="$E" />
        <Key v="20179520397773e" t="String" n="$S" />
      </Data>
      <Data n="20179520581072c">
        <Key v="20179520581072e" t="String" n="$E" />
        <Key v="20179520673282e" t="String" n="$S" />
      </Data>
      <Data n="20179520581264c">
        <Key v="20179520581264e" t="String" n="$E" />
        <Key v="20179520675197e" t="String" n="$S" />
      </Data>
      <Data n="20179520581410c">
        <Key v="20179520581410e" t="String" n="$E" />
        <Key v="20179520641110e" t="String" n="$S" />
      </Data>
      <Data n="20179520581564c">
        <Key v="20179520581564e" t="String" n="$E" />
        <Key v="20179520676585e" t="String" n="$S" />
      </Data>
      <Data n="20179520506622c">
        <Key v="20179520506622e" t="String" n="$E" />
        <Key v="20179520512977e" t="String" n="$S" />
      </Data>
      <Data n="20179520559516c">
        <Key v="20179520559516e" t="String" n="$E" />
        <Key v="20179520561535e" t="String" n="$S" />
      </Data>
      <Data n="20206616256048c">
        <Key v="20179520480509e" t="String" n="$E" />
        <Key v="20179520507248e" t="String" n="$S" />
      </Data>
      <Data n="20179520582294c">
        <Key v="20179520582294e" t="String" n="$E" />
        <Key v="20179520675476e" t="String" n="$S" />
      </Data>
      <Data n="20179520582473c">
        <Key v="20179520582473e" t="String" n="$E" />
        <Key v="20179520675776e" t="String" n="$S" />
      </Data>
      <Data n="20179520582636c">
        <Key v="20179520582636e" t="String" n="$E" />
        <Key v="20179520644212e" t="String" n="$S" />
      </Data>
      <Data n="20179520582807c">
        <Key v="20179520582807e" t="String" n="$E" />
        <Key v="20179520666764e" t="String" n="$S" />
      </Data>
      <Data n="20179520583357c">
        <Key v="20179520583357e" t="String" n="$E" />
        <Key v="20179520583358e" t="String" n="$S" />
      </Data>
      <Data n="20179520583567c">
        <Key v="20179520583567e" t="String" n="$E" />
        <Key v="20179520583566e" t="String" n="$S" />
      </Data>
      <Data n="20179520583771c">
        <Key v="20179520583771e" t="String" n="$E" />
        <Key v="20179520583770e" t="String" n="$S" />
      </Data>
      <Data n="20206616256056c">
        <Key v="20179520480509e" t="String" n="$E" />
        <Key v="20179520581410e" t="String" n="$S" />
      </Data>
      <Data n="20206616256057c">
        <Key v="20179520480509e" t="String" n="$E" />
        <Key v="20179520581564e" t="String" n="$S" />
      </Data>
      <Data n="20206616256058c">
        <Key v="20179520480509e" t="String" n="$E" />
        <Key v="20179520582636e" t="String" n="$S" />
      </Data>
      <Data n="20179520649575c">
        <Key v="20179520649575e" t="String" n="$E" />
        <Key v="20179520583357e" t="String" n="$S" />
      </Data>
      <Data n="20179520661639c">
        <Key v="20179520661639e" t="String" n="$E" />
        <Key v="20179520649575e" t="String" n="$S" />
      </Data>
      <Data n="20179520679496c">
        <Key v="20179520679496e" t="String" n="$E" />
        <Key v="20179520661639e" t="String" n="$S" />
      </Data>
      <Data n="20179520704183c">
        <Key v="20179520704183e" t="String" n="$E" />
        <Key v="20179520679496e" t="String" n="$S" />
      </Data>
      <Data n="20179520648325c">
        <Key v="20179520648325e" t="String" n="$E" />
        <Key v="20179520583357e" t="String" n="$S" />
      </Data>
      <Data n="20179520679804c">
        <Key v="20179520679804e" t="String" n="$E" />
        <Key v="20179520648325e" t="String" n="$S" />
      </Data>
      <Data n="20179520706952c">
        <Key v="20179520706952e" t="String" n="$E" />
        <Key v="20179520679804e" t="String" n="$S" />
      </Data>
      <Data n="20179520647916c">
        <Key v="20179520647916e" t="String" n="$E" />
        <Key v="20179520583357e" t="String" n="$S" />
      </Data>
      <Data n="20179520645622c">
        <Key v="20179520645622e" t="String" n="$E" />
        <Key v="20179520583357e" t="String" n="$S" />
      </Data>
      <Data n="20179520707419c">
        <Key v="20179520707419e" t="String" n="$E" />
        <Key v="20179520645622e" t="String" n="$S" />
      </Data>
      <Data n="20179520649875c">
        <Key v="20179520649875e" t="String" n="$E" />
        <Key v="20179520583567e" t="String" n="$S" />
      </Data>
      <Data n="20179520661943c">
        <Key v="20179520661943e" t="String" n="$E" />
        <Key v="20179520649875e" t="String" n="$S" />
      </Data>
      <Data n="20179520680500c">
        <Key v="20179520680500e" t="String" n="$E" />
        <Key v="20179520661943e" t="String" n="$S" />
      </Data>
      <Data n="20179520707877c">
        <Key v="20179520707877e" t="String" n="$E" />
        <Key v="20179520680500e" t="String" n="$S" />
      </Data>
      <Data n="20179520648661c">
        <Key v="20179520648661e" t="String" n="$E" />
        <Key v="20179520583567e" t="String" n="$S" />
      </Data>
      <Data n="20179520680777c">
        <Key v="20179520680777e" t="String" n="$E" />
        <Key v="20179520648661e" t="String" n="$S" />
      </Data>
      <Data n="20179520708749c">
        <Key v="20179520708749e" t="String" n="$E" />
        <Key v="20179520680777e" t="String" n="$S" />
      </Data>
      <Data n="20179520647578c">
        <Key v="20179520647578e" t="String" n="$E" />
        <Key v="20179520583567e" t="String" n="$S" />
      </Data>
      <Data n="20179520646001c">
        <Key v="20179520646001e" t="String" n="$E" />
        <Key v="20179520583567e" t="String" n="$S" />
      </Data>
      <Data n="20179520709037c">
        <Key v="20179520709037e" t="String" n="$E" />
        <Key v="20179520646001e" t="String" n="$S" />
      </Data>
      <Data n="20179520650205c">
        <Key v="20179520650205e" t="String" n="$E" />
        <Key v="20179520583771e" t="String" n="$S" />
      </Data>
      <Data n="20179520662264c">
        <Key v="20179520662264e" t="String" n="$E" />
        <Key v="20179520650205e" t="String" n="$S" />
      </Data>
      <Data n="20179520681114c">
        <Key v="20179520681114e" t="String" n="$E" />
        <Key v="20179520662264e" t="String" n="$S" />
      </Data>
      <Data n="20179520710034c">
        <Key v="20179520710034e" t="String" n="$E" />
        <Key v="20179520681114e" t="String" n="$S" />
      </Data>
      <Data n="20179520649083c">
        <Key v="20179520649083e" t="String" n="$E" />
        <Key v="20179520583771e" t="String" n="$S" />
      </Data>
      <Data n="20179520681410c">
        <Key v="20179520681410e" t="String" n="$E" />
        <Key v="20179520649083e" t="String" n="$S" />
      </Data>
      <Data n="20179520710868c">
        <Key v="20179520710868e" t="String" n="$E" />
        <Key v="20179520681410e" t="String" n="$S" />
      </Data>
      <Data n="20179520647036c">
        <Key v="20179520647036e" t="String" n="$E" />
        <Key v="20179520583771e" t="String" n="$S" />
      </Data>
      <Data n="20179520646347c">
        <Key v="20179520646347e" t="String" n="$E" />
        <Key v="20179520583771e" t="String" n="$S" />
      </Data>
      <Data n="20179520711172c">
        <Key v="20179520711172e" t="String" n="$E" />
        <Key v="20179520646347e" t="String" n="$S" />
      </Data>
      <Data n="20179520609696c">
        <Key v="20179520609696e" t="String" n="$E" />
        <Key v="20179520704183e" t="String" n="$S" />
      </Data>
      <Data n="20179520609883c">
        <Key v="20179520609883e" t="String" n="$E" />
        <Key v="20179520706952e" t="String" n="$S" />
      </Data>
      <Data n="20179520610605c">
        <Key v="20179520610605e" t="String" n="$E" />
        <Key v="20179520647916e" t="String" n="$S" />
      </Data>
      <Data n="20179520610776c">
        <Key v="20179520610776e" t="String" n="$E" />
        <Key v="20179520707419e" t="String" n="$S" />
      </Data>
      <Data n="20179520611418c">
        <Key v="20179520611418e" t="String" n="$E" />
        <Key v="20179520707877e" t="String" n="$S" />
      </Data>
      <Data n="20179520611576c">
        <Key v="20179520611576e" t="String" n="$E" />
        <Key v="20179520708749e" t="String" n="$S" />
      </Data>
      <Data n="20179520611739c">
        <Key v="20179520611739e" t="String" n="$E" />
        <Key v="20179520647578e" t="String" n="$S" />
      </Data>
      <Data n="20179520611910c">
        <Key v="20179520611910e" t="String" n="$E" />
        <Key v="20179520709037e" t="String" n="$S" />
      </Data>
      <Data n="20179520612798c">
        <Key v="20179520612798e" t="String" n="$E" />
        <Key v="20179520710034e" t="String" n="$S" />
      </Data>
      <Data n="20179520613028c">
        <Key v="20179520613028e" t="String" n="$E" />
        <Key v="20179520710868e" t="String" n="$S" />
      </Data>
      <Data n="20179520613303c">
        <Key v="20179520613303e" t="String" n="$E" />
        <Key v="20179520647036e" t="String" n="$S" />
      </Data>
      <Data n="20179520613495c">
        <Key v="20179520613495e" t="String" n="$E" />
        <Key v="20179520711172e" t="String" n="$S" />
      </Data>
      <Data n="20206616256103c">
        <Key v="20179520480509e" t="String" n="$E" />
        <Key v="20179520610605e" t="String" n="$S" />
      </Data>
      <Data n="20206616256104c">
        <Key v="20179520480509e" t="String" n="$E" />
        <Key v="20179520610776e" t="String" n="$S" />
      </Data>
      <Data n="20206616256105c">
        <Key v="20179520480509e" t="String" n="$E" />
        <Key v="20179520611739e" t="String" n="$S" />
      </Data>
      <Data n="20206616256106c">
        <Key v="20179520480509e" t="String" n="$E" />
        <Key v="20179520611910e" t="String" n="$S" />
      </Data>
      <Data n="20206616256107c">
        <Key v="20179520480509e" t="String" n="$E" />
        <Key v="20179520613303e" t="String" n="$S" />
      </Data>
      <Data n="20206616256108c">
        <Key v="20179520480509e" t="String" n="$E" />
        <Key v="20179520613495e" t="String" n="$S" />
      </Data>
    </Data>
  </Data>
</DataRoot>