﻿<?xml version="1.0" encoding="utf-8"?>
<DataRoot n="D">
  <Data n="20183184152348">
    <Data n="$Elems">
      <Data n="20183374091926e">
        <Key v="450,0" t="Vector2" n="!$P" />
        <Key v="_EGate" t="String" n="$T" />
        <Key v="G4" t="String" n="GT" />
      </Data>
      <Data n="20183375072720e">
        <Key v="750,0" t="Vector2" n="!$P" />
        <Key v="_EFunc" t="String" n="$T" />
        <Key v="G1" t="String" n="GT" />
        <Key v="1" t="Int32" n="T2" />
        <Key v="2" t="Decimal" n="Val" />
        <Key v="Kam_se_podel_Walbart" t="String" n="Cnt" />
        <Key v="Os" t="String" n="O" />
      </Data>
      <Data n="20183374091321e">
        <Key v="450,-200" t="Vector2" n="!$P" />
        <Key v="20202866798502" t="String" n="$T" />
        <Key v="%M1" t="String" n="T" />
        <Key v="Je to ještě daleko?" t="String" n="%X" />
      </Data>
      <Data n="20183374040767e">
        <Key v="1200,0" t="Vector2" n="!$P" />
        <Key v="20202866798502" t="String" n="$T" />
        <Key v="%M1" t="String" n="T" />
        <Key v="Hej, díky za záchranu. Málem mě ti parchanti dostali." t="String" n="%X" />
      </Data>
      <Data n="20183374101905e">
        <Key v="1050,-200" t="Vector2" n="!$P" />
        <Key v="20202866798502" t="String" n="$T" />
        <Key v="Už jen kousek" t="String" n="%X" />
      </Data>
      <Data n="20183374046208e">
        <Key v="1800,0" t="Vector2" n="!$P" />
        <Key v="20202866798502" t="String" n="$T" />
        <Key v="Kdo jsi?" t="String" n="%X" />
      </Data>
      <Data n="20183374049178e">
        <Key v="2400,0" t="Vector2" n="!$P" />
        <Key v="20202866798502" t="String" n="$T" />
        <Key v="%M1" t="String" n="T" />
        <Key v="Jmenuju se Walbart. Jsem alchymistický učeň Toxíka z Condry. Znáte ho?" t="String" n="%X" />
      </Data>
      <Data n="20183374057272e">
        <Key v="3000,0" t="Vector2" n="!$P" />
        <Key v="20202866798502" t="String" n="$T" />
        <Key v="Jojo, přesně ten nás poslal, abychom tě našli. Můžeš chodit?" t="String" n="%X" />
      </Data>
      <Data n="20183374062347e">
        <Key v="3600,0" t="Vector2" n="!$P" />
        <Key v="20202866798502" t="String" n="$T" />
        <Key v="%M1" t="String" n="T" />
        <Key v="Jojo, pomalu, ale půjde to." t="String" n="%X" />
      </Data>
      <Data n="20183374065045e">
        <Key v="4200,0" t="Vector2" n="!$P" />
        <Key v="20202866798502" t="String" n="$T" />
        <Key v="Tak vyrazíme." t="String" n="%X" />
      </Data>
    </Data>
    <Data n="$Conns">
      <Data n="20183374091926c">
        <Key v="20183374091926e" t="String" n="$E" />
      </Data>
      <Data n="20183375072720c">
        <Key v="20183375072720e" t="String" n="$E" />
        <Key v="20183374091926e" t="String" n="$S" />
      </Data>
      <Data n="20183374091321c">
        <Key v="20183374091321e" t="String" n="$E" />
      </Data>
      <Data n="20183374040767c">
        <Key v="20183374040767e" t="String" n="$E" />
        <Key v="20183375072720e" t="String" n="$S" />
      </Data>
      <Data n="20183374101905c">
        <Key v="20183374101905e" t="String" n="$E" />
        <Key v="20183374091321e" t="String" n="$S" />
      </Data>
      <Data n="20183374046208c">
        <Key v="20183374046208e" t="String" n="$E" />
        <Key v="20183374040767e" t="String" n="$S" />
      </Data>
      <Data n="20183374049178c">
        <Key v="20183374049178e" t="String" n="$E" />
        <Key v="20183374046208e" t="String" n="$S" />
      </Data>
      <Data n="20183374057272c">
        <Key v="20183374057272e" t="String" n="$E" />
        <Key v="20183374049178e" t="String" n="$S" />
      </Data>
      <Data n="20183374062347c">
        <Key v="20183374062347e" t="String" n="$E" />
        <Key v="20183374057272e" t="String" n="$S" />
      </Data>
      <Data n="20183374065045c">
        <Key v="20183374065045e" t="String" n="$E" />
        <Key v="20183374062347e" t="String" n="$S" />
      </Data>
    </Data>
  </Data>
</DataRoot>