﻿<?xml version="1.0" encoding="utf-8"?>
<DataRoot n="D">
  <Data n="20156330065598">
    <Data n="$Elems">
      <Data n="20156330191790e">
        <Key v="450,0" t="Vector2" n="!$P" />
        <Key v="20202866798502" t="String" n="$T" />
        <Key v="%M1" t="String" n="T" />
        <Key v="Huh?" t="String" n="%X" />
      </Data>
      <Data n="20156330196678e">
        <Key v="1050,0" t="Vector2" n="!$P" />
        <Key v="20202866798502" t="String" n="$T" />
        <Key v="Dobrej den přejem. Jen bychom se tě rádi optali na pár věcí. Jestli máš chvíli čas." t="String" n="%X" />
      </Data>
      <Data n="20156330210863e">
        <Key v="1650,0" t="Vector2" n="!$P" />
        <Key v="20202866798502" t="String" n="$T" />
        <Key v="%M1" t="String" n="T" />
        <Key v="Tož když mi k tomu kápne nějakej ten měďák na pivo, tak proč ne." t="String" n="%X" />
      </Data>
      <Data n="20156330214984e">
        <Key v="2250,0" t="Vector2" n="!$P" />
        <Key v="20206495856812" t="String" n="$T" />
        <Key v="Na co se zeptat?" t="String" n="!%Txt" />
      </Data>
      <Data n="20156330223520e">
        <Key v="2850,0" t="Vector2" n="!$P" />
        <Key v="20202934699316" t="String" n="$T" />
        <Key v="Zeptat se na Manto" t="String" n="%CX" />
      </Data>
      <Data n="20157460842701e">
        <Key v="3300,0" t="Vector2" n="!$P" />
        <Key v="20206371455404" t="String" n="$T" />
        <Key v="CkI" t="String" n="GT" />
        <Key v="SaT" t="String" n="T" />
        <Key v="I20157354355645" t="String" n="It" />
        <Key v="2" t="String" n="C" />
      </Data>
      <Data n="20156330223758e">
        <Key v="2850,-200" t="Vector2" n="!$P" />
        <Key v="20202934699316" t="String" n="$T" />
        <Key v="Zeptat se na práci" t="String" n="%CX" />
      </Data>
      <Data n="20157460853137e">
        <Key v="3300,-200" t="Vector2" n="!$P" />
        <Key v="20206371455404" t="String" n="$T" />
        <Key v="CkI" t="String" n="GT" />
        <Key v="SaT" t="String" n="T" />
        <Key v="I20157354355645" t="String" n="It" />
        <Key v="2" t="String" n="C" />
      </Data>
      <Data n="20156330296457e">
        <Key v="2850,-400" t="Vector2" n="!$P" />
        <Key v="_EGate" t="String" n="$T" />
        <Key v="G1" t="String" n="GT" />
        <Key v="1" t="Int32" n="T2" />
        <Key v="9" t="Decimal" n="Val" />
        <Key v="HL" t="String" n="Cnt" />
        <Key v="Oel" t="String" n="O" />
      </Data>
      <Data n="20156330301294e">
        <Key v="3150,-400" t="Vector2" n="!$P" />
        <Key v="_EGate" t="String" n="$T" />
        <Key v="G1" t="String" n="GT" />
        <Key v="1" t="Int32" n="T2" />
        <Key v="8" t="Decimal" n="Val" />
        <Key v="HL" t="String" n="Cnt" />
        <Key v="Oeg" t="String" n="O" />
      </Data>
      <Data n="20156330307542e">
        <Key v="3450,-400" t="Vector2" n="!$P" />
        <Key v="_EGate" t="String" n="$T" />
        <Key v="G0" t="String" n="GT" />
        <Key v="HL_9_Morg_lokace" t="String" n="Var" />
      </Data>
      <Data n="20156330223930e">
        <Key v="3750,-400" t="Vector2" n="!$P" />
        <Key v="20202934699316" t="String" n="$T" />
        <Key v="Zeptat se na Morga" t="String" n="%CX" />
      </Data>
      <Data n="20157460854095e">
        <Key v="4200,-400" t="Vector2" n="!$P" />
        <Key v="20206371455404" t="String" n="$T" />
        <Key v="CkI" t="String" n="GT" />
        <Key v="SaT" t="String" n="T" />
        <Key v="I20157354355645" t="String" n="It" />
        <Key v="2" t="String" n="C" />
      </Data>
      <Data n="20156330224200e">
        <Key v="2850,-600" t="Vector2" n="!$P" />
        <Key v="20202934699316" t="String" n="$T" />
        <Key v="Ukončit dialog" t="String" n="%CX" />
        <Key v="MrE" t="String" n="Spc" />
      </Data>
      <Data n="20156330223521e">
        <Key v="3750,0" t="Vector2" n="!$P" />
        <Key v="20202866798502" t="String" n="$T" />
        <Key v="Co se tady dá podniknout? Máte tady něco, co bychom určitě měli vidět?" t="String" n="%X" />
      </Data>
      <Data n="20156330223759e">
        <Key v="3750,-200" t="Vector2" n="!$P" />
        <Key v="20202866798502" t="String" n="$T" />
        <Key v="Sháníme se po nějaké práci. Nevíš o něčem?" t="String" n="%X" />
      </Data>
      <Data n="20156330223931e">
        <Key v="4650,-400" t="Vector2" n="!$P" />
        <Key v="20202866798502" t="String" n="$T" />
        <Key v="Hledáme jednu osobu. Je jím čaroděj jménem Morg. Znáš ho? Netušíš, kde bychom ho našli?" t="String" n="%X" />
      </Data>
      <Data n="20156330224201e">
        <Key v="3300,-600" t="Vector2" n="!$P" />
        <Key v="20202866798502" t="String" n="$T" />
        <Key v="To bude vše, díky." t="String" n="%X" />
      </Data>
      <Data n="20156330502641e">
        <Key v="4350,0" t="Vector2" n="!$P" />
        <Key v="20202866798502" t="String" n="$T" />
        <Key v="%M1" t="String" n="T" />
        <Key v="No tak to vezmem pěkně popořadě. Hned za váma tady naproti má svůj obchod Vereng. Obchoduje se vším možným. Nejlepší bude, když se přesvědčíte sami. Kousek dál narazíte po pravé straně na velikou budovu a to je hospoda &quot;U plného břicha&quot;, dobře se tam vaří. Rozhodně mohu doporučit." t="String" n="%X" />
      </Data>
      <Data n="20156330407987e">
        <Key v="4350,-200" t="Vector2" n="!$P" />
        <Key v="20202866798502" t="String" n="$T" />
        <Key v="%M1" t="String" n="T" />
        <Key v="Tož pro šikovné lidi se tady vždy něco najde. Určitě se můžete poptat po hospodách. Tam se též hrají různé hazardní hry, na kterých jistě zbohatnete... &lt;smích&gt;" t="String" n="%X" />
      </Data>
      <Data n="20156330339349e">
        <Key v="5250,-400" t="Vector2" n="!$P" />
        <Key v="20202866798502" t="String" n="$T" />
        <Key v="%M1" t="String" n="T" />
        <Key v="Jojo, najdete ho kousek za Zinanndiným stánkem s ovocem. Támhle přes ulici." t="String" n="%X" />
      </Data>
      <Data n="20156330504379e">
        <Key v="4950,0" t="Vector2" n="!$P" />
        <Key v="20202866798502" t="String" n="$T" />
        <Key v="%M1" t="String" n="T" />
        <Key v="Pokud budete pokračovat dále, dojdete až na náves, kde najdete tržište a radnici." t="String" n="%X" />
      </Data>
      <Data n="20156714106867e">
        <Key v="4950,-200" t="Vector2" n="!$P" />
        <Key v="_EFunc" t="String" n="$T" />
        <Key v="G0" t="String" n="GT" />
        <Key v="Nioma_q_info" t="String" n="Var" />
      </Data>
      <Data n="20156330355130e">
        <Key v="5850,-400" t="Vector2" n="!$P" />
        <Key v="20202866798502" t="String" n="$T" />
        <Key v="%M1" t="String" n="T" />
        <Key v="Díky, hned tam vyrazíme." t="String" n="%X" />
      </Data>
      <Data n="20156330508987e">
        <Key v="5550,0" t="Vector2" n="!$P" />
        <Key v="20202866798502" t="String" n="$T" />
        <Key v="%M1" t="String" n="T" />
        <Key v="Pak se můžete vydat přes most, kde po levé straně najdete další hospodu s originálním názvem &lt;úsměv&gt; &quot;U Mostu&quot;, pche. Tam čepujou pěknou břečku, bejt váma, vůbec bych tam nechodil. A dál už jsou tam jen pastevci a sedláci. Jo ještě tam najdete místní kapli a naší babku kořenářku." t="String" n="%X" />
      </Data>
      <Data n="20156330466289e">
        <Key v="5400,-200" t="Vector2" n="!$P" />
        <Key v="20202866798502" t="String" n="$T" />
        <Key v="%M1" t="String" n="T" />
        <Key v="Dále se zkuste zeptat místní kořenářky Niome, ta pořád něco potřebuje." t="String" n="%X" />
      </Data>
      <Data n="20156330376128e">
        <Key v="6450,-400" t="Vector2" n="!$P" />
        <Key v="_EFunc" t="String" n="$T" />
        <Key v="G0" t="String" n="GT" />
        <Key v="HL_9_Morg_lokace" t="String" n="Var" />
      </Data>
      <Data n="20156330382616e">
        <Key v="6750,-400" t="Vector2" n="!$P" />
        <Key v="20206371455404" t="String" n="$T" />
        <Key v="zápis do deníku" t="String" n="!%Txt" />
        <Key v="" t="String" n="GT" />
      </Data>
      <Data n="20156330514886e">
        <Key v="6150,0" t="Vector2" n="!$P" />
        <Key v="20202866798502" t="String" n="$T" />
        <Key v="%M1" t="String" n="T" />
        <Key v="To sem se teda rozpovídal, to snad ani za ty 2 měďáky nestálo." t="String" n="%X" />
      </Data>
      <Data n="20156714112942e">
        <Key v="6000,-200" t="Vector2" n="!$P" />
        <Key v="_EFunc" t="String" n="$T" />
        <Key v="G0" t="String" n="GT" />
        <Key v="Belif_q_info" t="String" n="Var" />
      </Data>
      <Data n="20156330520304e">
        <Key v="6750,0" t="Vector2" n="!$P" />
        <Key v="20202866798502" t="String" n="$T" />
        <Key v="Tak to je tahle vesnička větší, než jsme si mysleli. Dík za info." t="String" n="%X" />
      </Data>
      <Data n="20156330474958e">
        <Key v="6450,-200" t="Vector2" n="!$P" />
        <Key v="20202866798502" t="String" n="$T" />
        <Key v="%M1" t="String" n="T" />
        <Key v="Jo a zaslechl jsem, že místní sedlák Belif má nějaké problémy s ovcema. Třeba vás též využije." t="String" n="%X" />
      </Data>
      <Data n="20156330485691e">
        <Key v="7050,-200" t="Vector2" n="!$P" />
        <Key v="20202866798502" t="String" n="$T" />
        <Key v="Díky za informace. Určitě někoho z nich navštívíme." t="String" n="%X" />
      </Data>
    </Data>
    <Data n="$Conns">
      <Data n="20156330191790c">
        <Key v="20156330191790e" t="String" n="$E" />
      </Data>
      <Data n="20156330196678c">
        <Key v="20156330196678e" t="String" n="$E" />
        <Key v="20156330191790e" t="String" n="$S" />
      </Data>
      <Data n="20156330210863c">
        <Key v="20156330210863e" t="String" n="$E" />
        <Key v="20156330196678e" t="String" n="$S" />
      </Data>
      <Data n="20156330214984c">
        <Key v="20156330214984e" t="String" n="$E" />
        <Key v="20156330210863e" t="String" n="$S" />
      </Data>
      <Data n="20156330223520c">
        <Key v="20156330223520e" t="String" n="$E" />
        <Key v="20156330214984e" t="String" n="$S" />
      </Data>
      <Data n="20157460842701c">
        <Key v="20157460842701e" t="String" n="$E" />
        <Key v="20156330223520e" t="String" n="$S" />
      </Data>
      <Data n="20156330223758c">
        <Key v="20156330223758e" t="String" n="$E" />
        <Key v="20156330214984e" t="String" n="$S" />
      </Data>
      <Data n="20157460853137c">
        <Key v="20157460853137e" t="String" n="$E" />
        <Key v="20156330223758e" t="String" n="$S" />
      </Data>
      <Data n="20156330296457c">
        <Key v="20156330296457e" t="String" n="$E" />
        <Key v="20156330214984e" t="String" n="$S" />
      </Data>
      <Data n="20156330301294c">
        <Key v="20156330301294e" t="String" n="$E" />
        <Key v="20156330296457e" t="String" n="$S" />
      </Data>
      <Data n="20156330307542c">
        <Key v="20156330307542e" t="String" n="$E" />
        <Key v="20156330301294e" t="String" n="$S" />
      </Data>
      <Data n="20156330223930c">
        <Key v="20156330223930e" t="String" n="$E" />
        <Key v="20156330307542e" t="String" n="$S" />
      </Data>
      <Data n="20157460854095c">
        <Key v="20157460854095e" t="String" n="$E" />
        <Key v="20156330223930e" t="String" n="$S" />
      </Data>
      <Data n="20156330224200c">
        <Key v="20156330224200e" t="String" n="$E" />
        <Key v="20156330214984e" t="String" n="$S" />
      </Data>
      <Data n="20156330223521c">
        <Key v="20156330223521e" t="String" n="$E" />
        <Key v="20157460842701e" t="String" n="$S" />
      </Data>
      <Data n="20156330223759c">
        <Key v="20156330223759e" t="String" n="$E" />
        <Key v="20157460853137e" t="String" n="$S" />
      </Data>
      <Data n="20156330223931c">
        <Key v="20156330223931e" t="String" n="$E" />
        <Key v="20157460854095e" t="String" n="$S" />
      </Data>
      <Data n="20156330224201c">
        <Key v="20156330224201e" t="String" n="$E" />
        <Key v="20156330224200e" t="String" n="$S" />
      </Data>
      <Data n="20156330502641c">
        <Key v="20156330502641e" t="String" n="$E" />
        <Key v="20156330223521e" t="String" n="$S" />
      </Data>
      <Data n="20156330407987c">
        <Key v="20156330407987e" t="String" n="$E" />
        <Key v="20156330223759e" t="String" n="$S" />
      </Data>
      <Data n="20156330339349c">
        <Key v="20156330339349e" t="String" n="$E" />
        <Key v="20156330223931e" t="String" n="$S" />
      </Data>
      <Data n="20156330504379c">
        <Key v="20156330504379e" t="String" n="$E" />
        <Key v="20156330502641e" t="String" n="$S" />
      </Data>
      <Data n="20156714106867c">
        <Key v="20156714106867e" t="String" n="$E" />
        <Key v="20156330407987e" t="String" n="$S" />
      </Data>
      <Data n="20156330355130c">
        <Key v="20156330355130e" t="String" n="$E" />
        <Key v="20156330339349e" t="String" n="$S" />
      </Data>
      <Data n="20156330508987c">
        <Key v="20156330508987e" t="String" n="$E" />
        <Key v="20156330504379e" t="String" n="$S" />
      </Data>
      <Data n="20156330466289c">
        <Key v="20156330466289e" t="String" n="$E" />
        <Key v="20156714106867e" t="String" n="$S" />
      </Data>
      <Data n="20156330376128c">
        <Key v="20156330376128e" t="String" n="$E" />
        <Key v="20156330355130e" t="String" n="$S" />
      </Data>
      <Data n="20156330382616c">
        <Key v="20156330382616e" t="String" n="$E" />
        <Key v="20156330376128e" t="String" n="$S" />
      </Data>
      <Data n="20156330514886c">
        <Key v="20156330514886e" t="String" n="$E" />
        <Key v="20156330508987e" t="String" n="$S" />
      </Data>
      <Data n="20156714112942c">
        <Key v="20156714112942e" t="String" n="$E" />
        <Key v="20156330466289e" t="String" n="$S" />
      </Data>
      <Data n="20206616255923c">
        <Key v="20156330214984e" t="String" n="$E" />
        <Key v="20156330382616e" t="String" n="$S" />
      </Data>
      <Data n="20156330520304c">
        <Key v="20156330520304e" t="String" n="$E" />
        <Key v="20156330514886e" t="String" n="$S" />
      </Data>
      <Data n="20156330474958c">
        <Key v="20156330474958e" t="String" n="$E" />
        <Key v="20156714112942e" t="String" n="$S" />
      </Data>
      <Data n="20206616255926c">
        <Key v="20156330214984e" t="String" n="$E" />
        <Key v="20156330520304e" t="String" n="$S" />
      </Data>
      <Data n="20156330485691c">
        <Key v="20156330485691e" t="String" n="$E" />
        <Key v="20156330474958e" t="String" n="$S" />
      </Data>
      <Data n="20206616255928c">
        <Key v="20156330214984e" t="String" n="$E" />
        <Key v="20156330485691e" t="String" n="$S" />
      </Data>
    </Data>
  </Data>
</DataRoot>