﻿<?xml version="1.0" encoding="utf-8"?>
<DataRoot n="D">
  <Data n="20203806408356">
    <Data n="$Elems">
      <Data n="20203806412614e">
        <Key v="20202934718137" t="String" n="$T" />
        <Key v="450,250" t="Vector2" n="!$P" />
        <Key v="CkI" t="String" n="GT" />
        <Key v="SkH" t="String" n="T" />
        <Key v="I20203132611838" t="String" n="It" />
      </Data>
      <Data n="20203806409690e">
        <Key v="20202866798502" t="String" n="$T" />
        <Key v="150,-50" t="Vector2" n="!$P" />
        <Key v="%M1" t="String" n="T" />
      </Data>
      <Data n="20203806410241e">
        <Key v="20202934718137" t="String" n="$T" />
        <Key v="750,-150" t="Vector2" n="!$P" />
        <Key v="CkE" t="String" n="GT" />
        <Key v="SkI" t="String" n="T" />
      </Data>
      <Data n="20203806409978e">
        <Key v="20202934699316" t="String" n="$T" />
        <Key v="450,-250" t="Vector2" n="!$P" />
      </Data>
    </Data>
    <Data n="$Conns">
      <Data n="20203806409695c">
        <Key v="20203806409690e" t="String" n="$E" />
      </Data>
      <Data n="20203806409982c">
        <Key v="20203806409690e" t="String" n="$S" />
        <Key v="20203806409978e" t="String" n="$E" />
      </Data>
      <Data n="20203806410245c">
        <Key v="20203806409978e" t="String" n="$S" />
        <Key v="20203806410241e" t="String" n="$E" />
      </Data>
      <Data n="20203806412618c">
        <Key v="20203806409690e" t="String" n="$S" />
        <Key v="20203806412614e" t="String" n="$E" />
      </Data>
    </Data>
    <Key v="0,0" t="Vector2" n="!$MP" />
    <Key v="1,1,1" t="Vector3" n="!$MZ" />
  </Data>
</DataRoot>