﻿<?xml version="1.0" encoding="utf-8"?>
<DataRoot n="X">
  <Data n="20207127065953">
    <Data n="$Elems">
      <Data n="20207135738315e">
        <Key v="20205502245113" t="String" n="$T" />
        <Key v="450,50" t="Vector2" n="!$P" />
        <Key v="SL" t="String" n="Typ" />
        <Key v="1" t="Int32" n="D" />
        <Key v="React" t="String" n="X" />
      </Data>
      <Data n="20207127377254e">
        <Key v="20205484483351" t="String" n="$T" />
        <Key v="200,50" t="Vector2" n="!$P" />
        <Key v="1" t="Int32" n="!IM" />
        <Key v="X20207122660084" t="String" n="Eff" />
        <Key v="cg2" t="String" n="!BA" />
      </Data>
      <Data n="20207127086705e">
        <Key v="20205410728894" t="String" n="$T" />
        <Key v="200,-100" t="Vector2" n="!$P" />
        <Key v="1" t="Int32" n="!IC" />
        <Key v="Tb" t="String" n="Typ" />
      </Data>
      <Data n="20207127088973e">
        <Key v="20205410728894" t="String" n="$T" />
        <Key v="450,-100" t="Vector2" n="!$P" />
        <Key v="um" t="String" n="!!Att" />
        <Key v="X20205337712715" t="String" n="Att" />
      </Data>
      <Data n="20207127092430e">
        <Key v="20205344030099" t="String" n="$T" />
        <Key v="700,-100" t="Vector2" n="!$P" />
        <Key v="mod" t="String" n="Mod" />
        <Key v="-0.25" t="Decimal" n="Val" />
        <Key v="0" t="String" n="!UV" />
      </Data>
      <Data n="20207127099799e">
        <Key v="20205484483351" t="String" n="$T" />
        <Key v="700,-200" t="Vector2" n="!$P" />
        <Key v="Interrupt" t="String" n="Act" />
        <Key v="cg1" t="String" n="!BA" />
      </Data>
      <Data n="20207127139376e">
        <Key v="20205502245113" t="String" n="$T" />
        <Key v="450,-200" t="Vector2" n="!$P" />
        <Key v="DE" t="String" n="Typ" />
        <Key v="Rem" t="String" n="Act" />
        <Key v="X20207122660084" t="String" n="Eff" />
      </Data>
      <Data n="20207127331452e">
        <Key v="20205484464552" t="String" n="$T" />
        <Key v="200,-200" t="Vector2" n="!$P" />
        <Key v="1" t="Int32" n="!IT" />
        <Key v="Apply" t="String" n="Trig" />
      </Data>
    </Data>
    <Data n="$Conns">
      <Data n="20207127088556c">
        <Key v="20207127086705e" t="String" n="$E" />
      </Data>
      <Data n="20207127088977c">
        <Key v="20207127086705e" t="String" n="$S" />
        <Key v="20207127088973e" t="String" n="$E" />
      </Data>
      <Data n="20207127093506c">
        <Key v="20207127088973e" t="String" n="$S" />
        <Key v="20207127092430e" t="String" n="$E" />
      </Data>
      <Data n="20207127336652c">
        <Key v="20207127139376e" t="String" n="$S" />
        <Key v="20207127099799e" t="String" n="$E" />
      </Data>
      <Data n="20207127335914c">
        <Key v="20207127331452e" t="String" n="$S" />
        <Key v="20207127139376e" t="String" n="$E" />
      </Data>
      <Data n="20207127333962c">
        <Key v="20207127331452e" t="String" n="$E" />
      </Data>
      <Data n="20207135740037c">
        <Key v="20207127377254e" t="String" n="$S" />
        <Key v="20207135738315e" t="String" n="$E" />
      </Data>
      <Data n="20207127377258c">
        <Key v="20207127377254e" t="String" n="$E" />
      </Data>
    </Data>
  </Data>
</DataRoot>