﻿<?xml version="1.0" encoding="utf-8"?>
<DataRoot n="X">
  <Data n="20208034306329">
    <Data n="$Elems">
      <Data n="20208034326417e">
        <Key v="20205344030099" t="String" n="$T" />
        <Key v="150,50" t="Vector2" n="!$P" />
        <Key v="add" t="String" n="Mod" />
        <Key v="100" t="Decimal" n="Val" />
        <Key v="0" t="String" n="!UV" />
      </Data>
    </Data>
    <Data n="$Conns">
      <Data n="20208034326422c">
        <Key v="20208034326417e" t="String" n="$E" />
      </Data>
    </Data>
  </Data>
</DataRoot>