﻿<?xml version="1.0" encoding="utf-8"?>
<DataRoot n="X">
  <Data n="20207237547843">
    <Data n="$Elems">
      <Data n="20207135465981e">
        <Key v="20205502245113" t="String" n="$T" />
        <Key v="200,400" t="Vector2" n="!$P" />
        <Key v="DP" t="String" n="Typ" />
        <Key v="vyřaz" t="String" n="!!Eff" />
        <Key v="X20207135779000" t="String" n="Eff" />
      </Data>
      <Data n="20207209406428e">
        <Key v="20205484483351" t="String" n="$T" />
        <Key v="450,400" t="Vector2" n="!$P" />
        <Key v="cg3" t="String" n="!BA" />
        <Key v="para" t="String" n="!!Eff" />
        <Key v="All" t="String" n="Elem" />
      </Data>
      <Data n="20207237380547e">
        <Key v="20205484483351" t="String" n="$T" />
        <Key v="700,400" t="Vector2" n="!$P" />
        <Key v="cg1" t="String" n="!BA" />
        <Key v="EndCond" t="String" n="Act" />
        <Key v="EVal" t="String" n="EC" />
      </Data>
      <Data n="20207237654274e">
        <Key v="20205502245113" t="String" n="$T" />
        <Key v="950,400" t="Vector2" n="!$P" />
        <Key v="SL" t="String" n="Typ" />
        <Key v="1" t="Int32" n="D" />
        <Key v="Move" t="String" n="X" />
      </Data>
      <Data n="20207239634236e">
        <Key v="20205484483351" t="String" n="$T" />
        <Key v="1200,400" t="Vector2" n="!$P" />
        <Key v="cg1" t="String" n="!BA" />
        <Key v="Destroy" t="String" n="Act" />
      </Data>
      <Data n="20207234026631e">
        <Key v="20205410728894" t="String" n="$T" />
        <Key v="200,300" t="Vector2" n="!$P" />
        <Key v="1" t="Int32" n="!IC" />
        <Key v="Tb" t="String" n="Typ" />
      </Data>
      <Data n="20207234819527e">
        <Key v="20205410728894" t="String" n="$T" />
        <Key v="450,300" t="Vector2" n="!$P" />
        <Key v="kva" t="String" n="!!Att" />
        <Key v="X20205337532536" t="String" n="Att" />
      </Data>
      <Data n="20207234824707e">
        <Key v="20205344030099" t="String" n="$T" />
        <Key v="700,300" t="Vector2" n="!$P" />
        <Key v="set" t="String" n="Mod" />
        <Key v="250" t="Decimal" n="Val" />
        <Key v="0" t="String" n="!UV" />
      </Data>
      <Data n="20207234734728e">
        <Key v="20205410728894" t="String" n="$T" />
        <Key v="200,200" t="Vector2" n="!$P" />
        <Key v="1" t="Int32" n="!IC" />
        <Key v="Tm" t="String" n="Typ" />
      </Data>
      <Data n="20207234737752e">
        <Key v="20205410728894" t="String" n="$T" />
        <Key v="950,200" t="Vector2" n="!$P" />
        <Key v="1" t="Int32" n="!IC" />
        <Key v="Tb" t="String" n="Typ" />
      </Data>
      <Data n="20207234729653e">
        <Key v="20205344030099" t="String" n="$T" />
        <Key v="700,200" t="Vector2" n="!$P" />
        <Key v="set" t="String" n="Mod" />
        <Key v="100" t="Decimal" n="Val" />
        <Key v="0" t="String" n="!UV" />
      </Data>
      <Data n="20207234724866e">
        <Key v="20205410728894" t="String" n="$T" />
        <Key v="450,200" t="Vector2" n="!$P" />
        <Key v="och" t="String" n="!!Att" />
        <Key v="X20205339173683" t="String" n="Att" />
      </Data>
      <Data n="20207234739149e">
        <Key v="20205344030099" t="String" n="$T" />
        <Key v="1200,200" t="Vector2" n="!$P" />
        <Key v="set" t="String" n="Mod" />
        <Key v="100" t="Decimal" n="Val" />
        <Key v="0" t="String" n="!UV" />
      </Data>
      <Data n="20207234741668e">
        <Key v="20205410728894" t="String" n="$T" />
        <Key v="200,100" t="Vector2" n="!$P" />
        <Key v="1" t="Int32" n="!IC" />
        <Key v="Tm" t="String" n="Typ" />
      </Data>
      <Data n="20207234742418e">
        <Key v="20205410728894" t="String" n="$T" />
        <Key v="450,100" t="Vector2" n="!$P" />
        <Key v="och" t="String" n="!!Att" />
        <Key v="X20205339177495" t="String" n="Att" />
      </Data>
      <Data n="20207234742669e">
        <Key v="20205344030099" t="String" n="$T" />
        <Key v="700,100" t="Vector2" n="!$P" />
        <Key v="set" t="String" n="Mod" />
        <Key v="100" t="Decimal" n="Val" />
        <Key v="0" t="String" n="!UV" />
      </Data>
      <Data n="20207234742940e">
        <Key v="20205410728894" t="String" n="$T" />
        <Key v="950,100" t="Vector2" n="!$P" />
        <Key v="1" t="Int32" n="!IC" />
        <Key v="Tb" t="String" n="Typ" />
      </Data>
      <Data n="20207234743361e">
        <Key v="20205344030099" t="String" n="$T" />
        <Key v="1200,100" t="Vector2" n="!$P" />
        <Key v="set" t="String" n="Mod" />
        <Key v="100" t="Decimal" n="Val" />
        <Key v="0" t="String" n="!UV" />
      </Data>
      <Data n="20207234748003e">
        <Key v="20205410728894" t="String" n="$T" />
        <Key v="200,0" t="Vector2" n="!$P" />
        <Key v="1" t="Int32" n="!IC" />
        <Key v="Tm" t="String" n="Typ" />
      </Data>
      <Data n="20207234752728e">
        <Key v="20205410728894" t="String" n="$T" />
        <Key v="450,0" t="Vector2" n="!$P" />
        <Key v="och" t="String" n="!!Att" />
        <Key v="X20205339182699" t="String" n="Att" />
      </Data>
      <Data n="20207234753616e">
        <Key v="20205344030099" t="String" n="$T" />
        <Key v="700,0" t="Vector2" n="!$P" />
        <Key v="set" t="String" n="Mod" />
        <Key v="100" t="Decimal" n="Val" />
        <Key v="0" t="String" n="!UV" />
      </Data>
      <Data n="20207234754191e">
        <Key v="20205410728894" t="String" n="$T" />
        <Key v="950,0" t="Vector2" n="!$P" />
        <Key v="1" t="Int32" n="!IC" />
        <Key v="Tb" t="String" n="Typ" />
      </Data>
      <Data n="20207234754642e">
        <Key v="20205344030099" t="String" n="$T" />
        <Key v="1200,0" t="Vector2" n="!$P" />
        <Key v="set" t="String" n="Mod" />
        <Key v="100" t="Decimal" n="Val" />
        <Key v="0" t="String" n="!UV" />
      </Data>
      <Data n="20207234795415e">
        <Key v="20205410728894" t="String" n="$T" />
        <Key v="200,-100" t="Vector2" n="!$P" />
        <Key v="1" t="Int32" n="!IC" />
        <Key v="Tm" t="String" n="Typ" />
      </Data>
      <Data n="20207234797166e">
        <Key v="20205410728894" t="String" n="$T" />
        <Key v="450,-100" t="Vector2" n="!$P" />
        <Key v="och" t="String" n="!!Att" />
        <Key v="X20205339168558" t="String" n="Att" />
      </Data>
      <Data n="20207234798121e">
        <Key v="20205344030099" t="String" n="$T" />
        <Key v="700,-100" t="Vector2" n="!$P" />
        <Key v="set" t="String" n="Mod" />
        <Key v="90" t="Decimal" n="Val" />
        <Key v="0" t="String" n="!UV" />
      </Data>
      <Data n="20207234802246e">
        <Key v="20205410728894" t="String" n="$T" />
        <Key v="950,-100" t="Vector2" n="!$P" />
        <Key v="1" t="Int32" n="!IC" />
        <Key v="Tb" t="String" n="Typ" />
      </Data>
      <Data n="20207234803764e">
        <Key v="20205344030099" t="String" n="$T" />
        <Key v="1200,-100" t="Vector2" n="!$P" />
        <Key v="set" t="String" n="Mod" />
        <Key v="90" t="Decimal" n="Val" />
        <Key v="0" t="String" n="!UV" />
      </Data>
      <Data n="20207234795657e">
        <Key v="20205410728894" t="String" n="$T" />
        <Key v="200,-200" t="Vector2" n="!$P" />
        <Key v="1" t="Int32" n="!IC" />
        <Key v="Tm" t="String" n="Typ" />
      </Data>
      <Data n="20207234797413e">
        <Key v="20205410728894" t="String" n="$T" />
        <Key v="450,-200" t="Vector2" n="!$P" />
        <Key v="och" t="String" n="!!Att" />
        <Key v="X20205339179859" t="String" n="Att" />
      </Data>
      <Data n="20207234799398e">
        <Key v="20205344030099" t="String" n="$T" />
        <Key v="700,-200" t="Vector2" n="!$P" />
        <Key v="set" t="String" n="Mod" />
        <Key v="100" t="Decimal" n="Val" />
        <Key v="0" t="String" n="!UV" />
      </Data>
      <Data n="20207234802688e">
        <Key v="20205410728894" t="String" n="$T" />
        <Key v="950,-200" t="Vector2" n="!$P" />
        <Key v="1" t="Int32" n="!IC" />
        <Key v="Tb" t="String" n="Typ" />
      </Data>
      <Data n="20207234804385e">
        <Key v="20205344030099" t="String" n="$T" />
        <Key v="1200,-200" t="Vector2" n="!$P" />
        <Key v="set" t="String" n="Mod" />
        <Key v="100" t="Decimal" n="Val" />
        <Key v="0" t="String" n="!UV" />
      </Data>
      <Data n="20207266609793e">
        <Key v="20205410728894" t="String" n="$T" />
        <Key v="200,-300" t="Vector2" n="!$P" />
        <Key v="1" t="Int32" n="!IV" />
        <Key v="0" t="Int32" n="V" />
      </Data>
      <Data n="20207266623117e">
        <Key v="20205344030099" t="String" n="$T" />
        <Key v="450,-300" t="Vector2" n="!$P" />
        <Key v="add" t="String" n="Mod" />
        <Key v="1" t="Decimal" n="Val" />
        <Key v="2" t="String" n="!UV" />
        <Key v="MaxDur" t="String" n="Key" />
      </Data>
      <Data n="20207234786590e">
        <Key v="20205502245113" t="String" n="$T" />
        <Key v="400,-450" t="Vector2" n="!$P" />
        <Key v="RE" t="String" n="Typ" />
        <Key v="All" t="String" n="Elem" />
      </Data>
      <Data n="20207234895502e">
        <Key v="20205484464552" t="String" n="$T" />
        <Key v="150,-450" t="Vector2" n="!$P" />
        <Key v="1" t="Int32" n="!IT" />
        <Key v="Apply" t="String" n="Trig" />
      </Data>
      <Data n="20207237680151e">
        <Key v="20205410728894" t="String" n="$T" />
        <Key v="650,-450" t="Vector2" n="!$P" />
        <Key v="1" t="Int32" n="!IC" />
        <Key v="Ta" t="String" n="Typ" />
      </Data>
      <Data n="20207237683604e">
        <Key v="20205410728894" t="String" n="$T" />
        <Key v="900,-450" t="Vector2" n="!$P" />
        <Key v="ini" t="String" n="!!Att" />
        <Key v="X20205337445028" t="String" n="Att" />
      </Data>
      <Data n="20207237685313e">
        <Key v="20205344030099" t="String" n="$T" />
        <Key v="1150,-450" t="Vector2" n="!$P" />
        <Key v="set" t="String" n="Mod" />
        <Key v="0" t="Decimal" n="Val" />
        <Key v="0" t="String" n="!UV" />
      </Data>
      <Data n="20207237691506e">
        <Key v="20205484464552" t="String" n="$T" />
        <Key v="100,-550" t="Vector2" n="!$P" />
        <Key v="1" t="Int32" n="!IT" />
        <Key v="Fail" t="String" n="Trig" />
      </Data>
      <Data n="20207237752818e">
        <Key v="20205502245113" t="String" n="$T" />
        <Key v="400,-550" t="Vector2" n="!$P" />
        <Key v="DE" t="String" n="Typ" />
        <Key v="Mod" t="String" n="Act" />
        <Key v="X20207089549040" t="String" n="Eff" />
        <Key v="X20207135538815" t="String" n="EffT" />
      </Data>
      <Data n="20207266597436e">
        <Key v="20205484464552" t="String" n="$T" />
        <Key v="50,-700" t="Vector2" n="!$P" />
        <Key v="1" t="Int32" n="!IT" />
        <Key v="End" t="String" n="Trig" />
      </Data>
      <Data n="20207266600135e">
        <Key v="20205502245113" t="String" n="$T" />
        <Key v="300,-700" t="Vector2" n="!$P" />
        <Key v="DE" t="String" n="Typ" />
        <Key v="Cre" t="String" n="Act" />
        <Key v="X20207135538815" t="String" n="Eff" />
        <Key v="1" t="Int32" n="P" />
        <Key v="0" t="Int32" n="PI" />
      </Data>
    </Data>
    <Data n="$Conns">
      <Data n="20207135466552c">
        <Key v="20207135465981e" t="String" n="$E" />
      </Data>
      <Data n="20207209749315c">
        <Key v="20207135465981e" t="String" n="$S" />
        <Key v="20207209406428e" t="String" n="$E" />
      </Data>
      <Data n="20207234735179c">
        <Key v="20207234734728e" t="String" n="$E" />
      </Data>
      <Data n="20207234738403c">
        <Key v="20207234729653e" t="String" n="$S" />
        <Key v="20207234737752e" t="String" n="$E" />
      </Data>
      <Data n="20207234730049c">
        <Key v="20207234724866e" t="String" n="$S" />
        <Key v="20207234729653e" t="String" n="$E" />
      </Data>
      <Data n="20207234735967c">
        <Key v="20207234734728e" t="String" n="$S" />
        <Key v="20207234724866e" t="String" n="$E" />
      </Data>
      <Data n="20207234026635c">
        <Key v="20207234026631e" t="String" n="$E" />
      </Data>
      <Data n="20207234743703c">
        <Key v="20207234742418e" t="String" n="$S" />
        <Key v="20207234742669e" t="String" n="$E" />
      </Data>
      <Data n="20207234742110c">
        <Key v="20207234741668e" t="String" n="$E" />
      </Data>
      <Data n="20207234739708c">
        <Key v="20207234737752e" t="String" n="$S" />
        <Key v="20207234739149e" t="String" n="$E" />
      </Data>
      <Data n="20207237654278c">
        <Key v="20207237380547e" t="String" n="$S" />
        <Key v="20207237654274e" t="String" n="$E" />
      </Data>
      <Data n="20207234743907c">
        <Key v="20207234741668e" t="String" n="$S" />
        <Key v="20207234742418e" t="String" n="$E" />
      </Data>
      <Data n="20207234744158c">
        <Key v="20207234742669e" t="String" n="$S" />
        <Key v="20207234742940e" t="String" n="$E" />
      </Data>
      <Data n="20207234744667c">
        <Key v="20207234742940e" t="String" n="$S" />
        <Key v="20207234743361e" t="String" n="$E" />
      </Data>
      <Data n="20207234748528c">
        <Key v="20207234748003e" t="String" n="$E" />
      </Data>
      <Data n="20207234753483c">
        <Key v="20207234748003e" t="String" n="$S" />
        <Key v="20207234752728e" t="String" n="$E" />
      </Data>
      <Data n="20207234753937c">
        <Key v="20207234752728e" t="String" n="$S" />
        <Key v="20207234753616e" t="String" n="$E" />
      </Data>
      <Data n="20207234754525c">
        <Key v="20207234753616e" t="String" n="$S" />
        <Key v="20207234754191e" t="String" n="$E" />
      </Data>
      <Data n="20207234754971c">
        <Key v="20207234754191e" t="String" n="$S" />
        <Key v="20207234754642e" t="String" n="$E" />
      </Data>
      <Data n="20207234899969c">
        <Key v="20207234895502e" t="String" n="$S" />
        <Key v="20207234786590e" t="String" n="$E" />
      </Data>
      <Data n="20207234796457c">
        <Key v="20207234795415e" t="String" n="$E" />
      </Data>
      <Data n="20207234796737c">
        <Key v="20207234795657e" t="String" n="$E" />
      </Data>
      <Data n="20207234797767c">
        <Key v="20207234795415e" t="String" n="$S" />
        <Key v="20207234797166e" t="String" n="$E" />
      </Data>
      <Data n="20207234797996c">
        <Key v="20207234795657e" t="String" n="$S" />
        <Key v="20207234797413e" t="String" n="$E" />
      </Data>
      <Data n="20207234798518c">
        <Key v="20207234797166e" t="String" n="$S" />
        <Key v="20207234798121e" t="String" n="$E" />
      </Data>
      <Data n="20207234799990c">
        <Key v="20207234797413e" t="String" n="$S" />
        <Key v="20207234799398e" t="String" n="$E" />
      </Data>
      <Data n="20207234802567c">
        <Key v="20207234798121e" t="String" n="$S" />
        <Key v="20207234802246e" t="String" n="$E" />
      </Data>
      <Data n="20207234803180c">
        <Key v="20207234799398e" t="String" n="$S" />
        <Key v="20207234802688e" t="String" n="$E" />
      </Data>
      <Data n="20207234804248c">
        <Key v="20207234802246e" t="String" n="$S" />
        <Key v="20207234803764e" t="String" n="$E" />
      </Data>
      <Data n="20207234804894c">
        <Key v="20207234802688e" t="String" n="$S" />
        <Key v="20207234804385e" t="String" n="$E" />
      </Data>
      <Data n="20207234820462c">
        <Key v="20207234026631e" t="String" n="$S" />
        <Key v="20207234819527e" t="String" n="$E" />
      </Data>
      <Data n="20207234825133c">
        <Key v="20207234819527e" t="String" n="$S" />
        <Key v="20207234824707e" t="String" n="$E" />
      </Data>
      <Data n="20207234896107c">
        <Key v="20207234895502e" t="String" n="$E" />
        <Data n="!Node" />
      </Data>
      <Data n="20207237381019c">
        <Key v="20207209406428e" t="String" n="$S" />
        <Key v="20207237380547e" t="String" n="$E" />
      </Data>
      <Data n="20207237688370c">
        <Key v="20207234786590e" t="String" n="$S" />
        <Key v="20207237680151e" t="String" n="$E" />
      </Data>
      <Data n="20207237683954c">
        <Key v="20207237680151e" t="String" n="$S" />
        <Key v="20207237683604e" t="String" n="$E" />
      </Data>
      <Data n="20207237685693c">
        <Key v="20207237683604e" t="String" n="$S" />
        <Key v="20207237685313e" t="String" n="$E" />
      </Data>
      <Data n="20207237691969c">
        <Key v="20207237691506e" t="String" n="$E" />
      </Data>
      <Data n="20207237752822c">
        <Key v="20207237691506e" t="String" n="$S" />
        <Key v="20207237752818e" t="String" n="$E" />
      </Data>
      <Data n="20207239634649c">
        <Key v="20207237654274e" t="String" n="$S" />
        <Key v="20207239634236e" t="String" n="$E" />
      </Data>
      <Data n="20207266597941c">
        <Key v="20207266597436e" t="String" n="$E" />
      </Data>
      <Data n="20207266600572c">
        <Key v="20207266597436e" t="String" n="$S" />
        <Key v="20207266600135e" t="String" n="$E" />
      </Data>
      <Data n="20207266621186c">
        <Key v="20207266609793e" t="String" n="$E" />
      </Data>
      <Data n="20207266623121c">
        <Key v="20207266609793e" t="String" n="$S" />
        <Key v="20207266623117e" t="String" n="$E" />
      </Data>
    </Data>
  </Data>
</DataRoot>