﻿<?xml version="1.0" encoding="utf-8"?>
<DataRoot n="X">
  <Data n="20207136111503">
    <Data n="$Elems">
      <Data n="20207136122584e">
        <Key v="20205484483351" t="String" n="$T" />
        <Key v="200,50" t="Vector2" n="!$P" />
        <Key v="cg2" t="String" n="!BA" />
        <Key v="X20207121171509" t="String" n="Eff" />
      </Data>
      <Data n="20207209385422e">
        <Key v="20205484483351" t="String" n="$T" />
        <Key v="450,50" t="Vector2" n="!$P" />
        <Key v="cg1" t="String" n="!BA" />
        <Key v="EndCond" t="String" n="Act" />
        <Key v="EWld" t="String" n="EC" />
      </Data>
    </Data>
    <Data n="$Conns">
      <Data n="20207136124098c">
        <Key v="20207136122584e" t="String" n="$E" />
      </Data>
      <Data n="20207209385843c">
        <Key v="20207136122584e" t="String" n="$S" />
        <Key v="20207209385422e" t="String" n="$E" />
      </Data>
    </Data>
  </Data>
</DataRoot>