﻿<?xml version="1.0" encoding="utf-8"?>
<DataRoot n="X">
  <Data n="20207523154721">
    <Data n="$Elems">
      <Data n="20207524218396e">
        <Key v="20205484464552" t="String" n="$T" />
        <Key v="850,450" t="Vector2" n="!$P" />
        <Key v="Upg2" t="String" n="Cond" />
      </Data>
      <Data n="20207524219634e">
        <Key v="20205502245113" t="String" n="$T" />
        <Key v="1100,450" t="Vector2" n="!$P" />
        <Key v="DE" t="String" n="Typ" />
        <Key v="Cre" t="String" n="Act" />
        <Key v="3" t="Int32" n="PI" />
        <Key v="zm" t="String" n="!!Eff" />
        <Key v="X20207136717145" t="String" n="Eff" />
      </Data>
      <Data n="20207523236142e">
        <Key v="20207091356882" t="String" n="$T" />
        <Key v="150,450" t="Vector2" n="!$P" />
        <Key v="AB" t="String" n="Cst" />
        <Key v="3" t="Int32" n="Val" />
      </Data>
      <Data n="20207523239670e">
        <Key v="20207091356882" t="String" n="$T" />
        <Key v="350,450" t="Vector2" n="!$P" />
        <Key v="Rage" t="String" n="Cst" />
        <Key v="1" t="Int32" n="!IV" />
        <Key v="4" t="Int32" n="Inx" />
      </Data>
      <Data n="20207523752155e">
        <Key v="20205484464552" t="String" n="$T" />
        <Key v="1350,350" t="Vector2" n="!$P" />
        <Key v="Upg1" t="String" n="Cond" />
      </Data>
      <Data n="20207523733460e">
        <Key v="20205502245113" t="String" n="$T" />
        <Key v="1100,300" t="Vector2" n="!$P" />
        <Key v="DE" t="String" n="Typ" />
        <Key v="Cre" t="String" n="Act" />
        <Key v="1" t="Int32" n="PI" />
        <Key v="str" t="String" n="!!Eff" />
        <Key v="X20207136324740" t="String" n="Eff" />
      </Data>
      <Data n="20207523761000e">
        <Key v="20205502245113" t="String" n="$T" />
        <Key v="1600,300" t="Vector2" n="!$P" />
        <Key v="DE" t="String" n="Typ" />
        <Key v="Mod" t="String" n="Act" />
        <Key v="otu" t="String" n="!!Eff" />
        <Key v="X20207135677578,X20207135649500" t="String" n="Eff" />
        <Key v="str" t="String" n="!!EffT" />
        <Key v="X20207136324740" t="String" n="EffT" />
      </Data>
      <Data n="20207524348472e">
        <Key v="20205484483351" t="String" n="$T" />
        <Key v="850,300" t="Vector2" n="!$P" />
        <Key v="sa4" t="String" n="X" />
      </Data>
      <Data n="20207523529519e">
        <Key v="20207116075055" t="String" n="$T" />
        <Key v="500,300" t="Vector2" n="!$P" />
        <Key v="HxO" t="String" n="Area" />
        <Key v="1" t="Int32" n="MinRng" />
        <Key v="3" t="Int32" n="MaxRng" />
        <Key v="0" t="Int32" n="BnsRng" />
        <Key v="Enemy" t="String" n="Trg" />
      </Data>
      <Data n="20207523739323e">
        <Key v="20205484464552" t="String" n="$T" />
        <Key v="200,300" t="Vector2" n="!$P" />
        <Key v="Battle" t="String" n="Cond" />
      </Data>
      <Data n="20207524253247e">
        <Key v="20205484464552" t="String" n="$T" />
        <Key v="1350,250" t="Vector2" n="!$P" />
        <Key v="Upg2" t="String" n="Cond" />
      </Data>
      <Data n="20207523743147e">
        <Key v="20205410728894" t="String" n="$T" />
        <Key v="200,150" t="Vector2" n="!$P" />
        <Key v="1" t="Int32" n="!IV" />
        <Key v="0" t="Int32" n="V" />
      </Data>
      <Data n="20207524000831e">
        <Key v="20205484464552" t="String" n="$T" />
        <Key v="450,150" t="Vector2" n="!$P" />
        <Key v="Upg2" t="String" n="Cond" />
      </Data>
      <Data n="20207524002778e">
        <Key v="20205344030099" t="String" n="$T" />
        <Key v="650,150" t="Vector2" n="!$P" />
        <Key v="add" t="String" n="Mod" />
        <Key v="1" t="Decimal" n="Val" />
        <Key v="0" t="String" n="!UV" />
      </Data>
      <Data n="20207523749982e">
        <Key v="20205410728894" t="String" n="$T" />
        <Key v="200,50" t="Vector2" n="!$P" />
        <Key v="1" t="Int32" n="!IV" />
        <Key v="1" t="Int32" n="V" />
      </Data>
      <Data n="20207523883240e">
        <Key v="20205344030099" t="String" n="$T" />
        <Key v="650,50" t="Vector2" n="!$P" />
        <Key v="add" t="String" n="Mod" />
        <Key v="1" t="Decimal" n="Val" />
        <Key v="1" t="String" n="!UV" />
        <Key v="2" t="Decimal" n="Var" />
      </Data>
      <Data n="20207524295409e">
        <Key v="20205344030099" t="String" n="$T" />
        <Key v="450,50" t="Vector2" n="!$P" />
        <Key v="add" t="String" n="Mod" />
        <Key v="1" t="Decimal" n="Val" />
        <Key v="0" t="String" n="!UV" />
        <Key v="1" t="Int32" n="PL" />
      </Data>
      <Data n="20207523751067e">
        <Key v="20205410728894" t="String" n="$T" />
        <Key v="200,-100" t="Vector2" n="!$P" />
        <Key v="1" t="Int32" n="!IV" />
        <Key v="2" t="Int32" n="V" />
      </Data>
      <Data n="20207523830006e">
        <Key v="20205344030099" t="String" n="$T" />
        <Key v="450,-100" t="Vector2" n="!$P" />
        <Key v="add" t="String" n="Mod" />
        <Key v="0.1" t="Decimal" n="Val" />
        <Key v="0" t="String" n="!UV" />
        <Key v="1" t="Int32" n="!K" />
        <Key v="1" t="Int32" n="!NP" />
        <Key v="cha" t="String" n="!!Att" />
        <Key v="X20205337801212" t="String" n="Att" />
      </Data>
      <Data n="20207523880822e">
        <Key v="20205484483351" t="String" n="$T" />
        <Key v="700,-100" t="Vector2" n="!$P" />
        <Key v="sa1" t="String" n="X" />
      </Data>
      <Data n="20207524278540e">
        <Key v="20205410728894" t="String" n="$T" />
        <Key v="200,-200" t="Vector2" n="!$P" />
        <Key v="1" t="Int32" n="!IV" />
        <Key v="3" t="Int32" n="V" />
      </Data>
      <Data n="20207524292093e">
        <Key v="20205344030099" t="String" n="$T" />
        <Key v="450,-200" t="Vector2" n="!$P" />
        <Key v="add" t="String" n="Mod" />
        <Key v="1" t="Decimal" n="Val" />
        <Key v="1" t="String" n="!UV" />
        <Key v="2" t="Decimal" n="Var" />
      </Data>
      <Data n="20207552397537e">
        <Key v="20205410728894" t="String" n="$T" />
        <Key v="200,-350" t="Vector2" n="!$P" />
        <Key v="1" t="Int32" n="!IV" />
        <Key v="4" t="Int32" n="V" />
      </Data>
      <Data n="20207552399618e">
        <Key v="20205344030099" t="String" n="$T" />
        <Key v="450,-350" t="Vector2" n="!$P" />
        <Key v="add" t="String" n="Mod" />
        <Key v="8" t="Decimal" n="Val" />
        <Key v="0" t="String" n="!UV" />
      </Data>
      <Data n="20207523859995e">
        <Key v="20205484464552" t="String" n="$T" />
        <Key v="150,-450" t="Vector2" n="!$P" />
        <Key v="Upg0" t="String" n="Cond" />
      </Data>
      <Data n="20207523243595e">
        <Key v="20205410801114" t="String" n="$T" />
        <Key v="550,-500" t="Vector2" n="!$P" />
        <Key v="Na &lt;b&gt;všechny nepřátele&lt;/b&gt; ve vybrané oblasti aplikuje" t="String" n="%Txt" />
        <Key v="str" t="String" n="!!Ky" />
        <Key v="X20207136324740" t="String" n="Ky" />
        <Key v="." t="String" n="%Txt2" />
      </Data>
      <Data n="20207524360374e">
        <Key v="20205484464552" t="String" n="$T" />
        <Key v="150,-550" t="Vector2" n="!$P" />
        <Key v="Upg1" t="String" n="Cond" />
      </Data>
      <Data n="20207524368635e">
        <Key v="20205484464552" t="String" n="$T" />
        <Key v="100,-650" t="Vector2" n="!$P" />
        <Key v="Upg2" t="String" n="Cond" />
      </Data>
      <Data n="20207524369415e">
        <Key v="20205410801114" t="String" n="$T" />
        <Key v="500,-650" t="Vector2" n="!$P" />
        <Key v="Na &lt;b&gt;všechny nepřátele&lt;/b&gt; ve vybrané oblasti aplikuje" t="String" n="%Txt" />
        <Key v="zma" t="String" n="!!Ky" />
        <Key v="X20207136717145" t="String" n="Ky" />
      </Data>
      <Data n="20207524387498e">
        <Key v="20205410801114" t="String" n="$T" />
        <Key v="1050,-650" t="Vector2" n="!$P" />
        <Key v="a při &lt;b&gt;neúspěchu&lt;/b&gt; aplikuje&lt;b&gt;&lt;b&gt;&lt;/b&gt;&lt;/b&gt;" t="String" n="%Txt" />
        <Key v="str" t="String" n="!!Ky" />
        <Key v="X20207136324740" t="String" n="Ky" />
        <Key v="." t="String" n="%Txt2" />
      </Data>
      <Data n="20207523478554e">
        <Key v="20205484464552" t="String" n="$T" />
        <Key v="50,-750" t="Vector2" n="!$P" />
        <Key v="Upg1" t="String" n="Cond" />
      </Data>
      <Data n="20207523488813e">
        <Key v="20205410801114" t="String" n="$T" />
        <Key v="450,-800" t="Vector2" n="!$P" />
        <Key v="Poté &lt;b&gt;přemění&lt;/b&gt; jejich&lt;b&gt;&lt;/b&gt;" t="String" n="%Txt" />
        <Key v="otu" t="String" n="!!Ky" />
        <Key v="X20207135677578,X20207135649500" t="String" n="Ky" />
      </Data>
      <Data n="20207523503688e">
        <Key v="20205410801114" t="String" n="$T" />
        <Key v="1000,-800" t="Vector2" n="!$P" />
        <Key v="na&lt;b&gt;&lt;/b&gt;" t="String" n="%Txt" />
        <Key v="str" t="String" n="!!Ky" />
        <Key v="X20207136324740" t="String" n="Ky" />
        <Key v="." t="String" n="%Txt2" />
      </Data>
      <Data n="20207524419317e">
        <Key v="20205484464552" t="String" n="$T" />
        <Key v="0,-850" t="Vector2" n="!$P" />
        <Key v="Upg2" t="String" n="Cond" />
      </Data>
    </Data>
    <Data n="$Conns">
      <Data n="20207523236822c">
        <Key v="20207523236142e" t="String" n="$E" />
      </Data>
      <Data n="20207523240192c">
        <Key v="20207523236142e" t="String" n="$S" />
        <Key v="20207523239670e" t="String" n="$E" />
      </Data>
      <Data n="20207523761539c">
        <Key v="20207523752155e" t="String" n="$S" />
        <Key v="20207523761000e" t="String" n="$E" />
      </Data>
      <Data n="20207523479371c">
        <Key v="20207523478554e" t="String" n="$E" />
      </Data>
      <Data n="20207523489588c">
        <Key v="20207523478554e" t="String" n="$S" />
        <Key v="20207523488813e" t="String" n="$E" />
      </Data>
      <Data n="20207523504201c">
        <Key v="20207523488813e" t="String" n="$S" />
        <Key v="20207523503688e" t="String" n="$E" />
      </Data>
      <Data n="20207523743152c">
        <Key v="20207523743147e" t="String" n="$E" />
      </Data>
      <Data n="20207524350490c">
        <Key v="20207524348472e" t="String" n="$S" />
        <Key v="20207523733460e" t="String" n="$E" />
      </Data>
      <Data n="20207523740437c">
        <Key v="20207523739323e" t="String" n="$E" />
      </Data>
      <Data n="20207523740653c">
        <Key v="20207523739323e" t="String" n="$S" />
        <Key v="20207523529519e" t="String" n="$E" />
      </Data>
      <Data n="20207552398263c">
        <Key v="20207552397537e" t="String" n="$E" />
      </Data>
      <Data n="20207523750333c">
        <Key v="20207523749982e" t="String" n="$E" />
      </Data>
      <Data n="20207523751430c">
        <Key v="20207523751067e" t="String" n="$E" />
      </Data>
      <Data n="20207523752868c">
        <Key v="20207523733460e" t="String" n="$S" />
        <Key v="20207523752155e" t="String" n="$E" />
      </Data>
      <Data n="20207523862010c">
        <Key v="20207523859995e" t="String" n="$S" />
        <Key v="20207523243595e" t="String" n="$E" />
      </Data>
      <Data n="20207523861167c">
        <Key v="20207523859995e" t="String" n="$E" />
      </Data>
      <Data n="20207523833952c">
        <Key v="20207523751067e" t="String" n="$S" />
        <Key v="20207523830006e" t="String" n="$E" />
      </Data>
      <Data n="20207524223204c">
        <Key v="20207523529519e" t="String" n="$S" />
        <Key v="20207524218396e" t="String" n="$E" />
        <Data n="!Node" />
      </Data>
      <Data n="20207524221682c">
        <Key v="20207524218396e" t="String" n="$S" />
        <Key v="20207524219634e" t="String" n="$E" />
      </Data>
      <Data n="20207523881501c">
        <Key v="20207523830006e" t="String" n="$S" />
        <Key v="20207523880822e" t="String" n="$E" />
      </Data>
      <Data n="20207524299838c">
        <Key v="20207524295409e" t="String" n="$S" />
        <Key v="20207523883240e" t="String" n="$E" />
      </Data>
      <Data n="20207524001361c">
        <Key v="20207523743147e" t="String" n="$S" />
        <Key v="20207524000831e" t="String" n="$E" />
      </Data>
      <Data n="20207524003220c">
        <Key v="20207524000831e" t="String" n="$S" />
        <Key v="20207524002778e" t="String" n="$E" />
      </Data>
      <Data n="20207524253606c">
        <Key v="20207523733460e" t="String" n="$S" />
        <Key v="20207524253247e" t="String" n="$E" />
      </Data>
      <Data n="20207524253827c">
        <Key v="20207524253247e" t="String" n="$S" />
        <Key v="20207523761000e" t="String" n="$E" />
      </Data>
      <Data n="20207524279074c">
        <Key v="20207524278540e" t="String" n="$E" />
      </Data>
      <Data n="20207524293286c">
        <Key v="20207524278540e" t="String" n="$S" />
        <Key v="20207524292093e" t="String" n="$E" />
      </Data>
      <Data n="20207524299646c">
        <Key v="20207523749982e" t="String" n="$S" />
        <Key v="20207524295409e" t="String" n="$E" />
      </Data>
      <Data n="20207524349293c">
        <Key v="20207523529519e" t="String" n="$S" />
        <Key v="20207524348472e" t="String" n="$E" />
      </Data>
      <Data n="20207524361396c">
        <Key v="20207524360374e" t="String" n="$E" />
      </Data>
      <Data n="20207524362676c">
        <Key v="20207524360374e" t="String" n="$S" />
        <Key v="20207523243595e" t="String" n="$E" />
      </Data>
      <Data n="20207524369228c">
        <Key v="20207524368635e" t="String" n="$E" />
      </Data>
      <Data n="20207524370779c">
        <Key v="20207524368635e" t="String" n="$S" />
        <Key v="20207524369415e" t="String" n="$E" />
      </Data>
      <Data n="20207524415630c">
        <Key v="20207524369415e" t="String" n="$S" />
        <Key v="20207524387498e" t="String" n="$E" />
      </Data>
      <Data n="20207524419809c">
        <Key v="20207524419317e" t="String" n="$S" />
        <Key v="20207523488813e" t="String" n="$E" />
      </Data>
      <Data n="20207524420668c">
        <Key v="20207524419317e" t="String" n="$E" />
      </Data>
      <Data n="20207552399622c">
        <Key v="20207552397537e" t="String" n="$S" />
        <Key v="20207552399618e" t="String" n="$E" />
      </Data>
    </Data>
  </Data>
</DataRoot>