﻿<?xml version="1.0" encoding="utf-8"?>
<DataRoot n="X">
  <Data n="20206394825679">
    <Key v="-466,254" t="Vector2" n="!$MP" />
    <Key v="0.9,0.9,0.9" t="Vector3" n="!$MZ" />
    <Data n="$Elems">
      <Data n="20206394704400e">
        <Key v="20205410728894" t="String" n="$T" />
        <Key v="200,50" t="Vector2" n="!$P" />
        <Key v="ochrana" t="String" n="!!Att" />
        <Key v="X20205339179859" t="String" n="Att" />
        <Key v="1" t="Int32" n="BO" />
      </Data>
      <Data n="20206394704554e">
        <Key v="20205410728894" t="String" n="$T" />
        <Key v="450,50" t="Vector2" n="!$P" />
        <Key v="1" t="Int32" n="!IC" />
        <Key v="Tb" t="String" n="Typ" />
      </Data>
      <Data n="20206394705918e">
        <Key v="20205344030099" t="String" n="$T" />
        <Key v="1200,50" t="Vector2" n="!$P" />
        <Key v="add" t="String" n="Mod" />
        <Key v="1" t="Decimal" n="Val" />
        <Key v="1" t="Int32" n="!UV" />
        <Key v="1" t="Decimal" n="Var" />
      </Data>
      <Data n="20206394704834e">
        <Key v="20205410728894" t="String" n="$T" />
        <Key v="950,50" t="Vector2" n="!$P" />
        <Key v="1" t="Int32" n="!IC" />
        <Key v="Tm" t="String" n="Typ" />
      </Data>
      <Data n="20206394705768e">
        <Key v="20205344030099" t="String" n="$T" />
        <Key v="700,50" t="Vector2" n="!$P" />
        <Key v="add" t="String" n="Mod" />
        <Key v="1" t="Decimal" n="Val" />
        <Key v="1" t="Int32" n="!UV" />
        <Key v="0" t="Decimal" n="Var" />
      </Data>
      <Data n="20206394776629e">
        <Key v="20205410728894" t="String" n="$T" />
        <Key v="200,-100" t="Vector2" n="!$P" />
        <Key v="hod" t="String" n="!!Att" />
        <Key v="X20205339627273" t="String" n="Att" />
        <Key v="1" t="Int32" n="BO" />
      </Data>
      <Data n="20206394780482e">
        <Key v="20205410728894" t="String" n="$T" />
        <Key v="450,-100" t="Vector2" n="!$P" />
        <Key v="1" t="Int32" n="!IC" />
        <Key v="Tb" t="String" n="Typ" />
      </Data>
      <Data n="20206394782046e">
        <Key v="20205344030099" t="String" n="$T" />
        <Key v="700,-100" t="Vector2" n="!$P" />
        <Key v="add" t="String" n="Mod" />
        <Key v="1" t="Decimal" n="Val" />
        <Key v="1" t="Int32" n="!UV" />
        <Key v="2" t="Decimal" n="Var" />
      </Data>
      <Data n="20206394719029e">
        <Key v="20205410728894" t="String" n="$T" />
        <Key v="200,-250" t="Vector2" n="!$P" />
        <Key v="1" t="Int32" n="!IC" />
        <Key v="1" t="Int32" n="!IV" />
        <Key v="0" t="Int32" n="V" />
      </Data>
      <Data n="20206394746094e">
        <Key v="20205344030099" t="String" n="$T" />
        <Key v="450,-250" t="Vector2" n="!$P" />
        <Key v="set" t="String" n="Mod" />
        <Key v="15" t="Decimal" n="Val" />
      </Data>
      <Data n="20206394721452e">
        <Key v="20205410728894" t="String" n="$T" />
        <Key v="200,-350" t="Vector2" n="!$P" />
        <Key v="1" t="Int32" n="!IC" />
        <Key v="1" t="Int32" n="!IV" />
        <Key v="1" t="Int32" n="V" />
      </Data>
      <Data n="20206394747103e">
        <Key v="20205344030099" t="String" n="$T" />
        <Key v="450,-350" t="Vector2" n="!$P" />
        <Key v="set" t="String" n="Mod" />
        <Key v="10" t="Decimal" n="Val" />
      </Data>
      <Data n="20206394760094e">
        <Key v="20205410728894" t="String" n="$T" />
        <Key v="200,-450" t="Vector2" n="!$P" />
        <Key v="1" t="Int32" n="!IC" />
        <Key v="1" t="Int32" n="!IV" />
        <Key v="2" t="Int32" n="V" />
      </Data>
      <Data n="20206394761591e">
        <Key v="20205344030099" t="String" n="$T" />
        <Key v="450,-450" t="Vector2" n="!$P" />
        <Key v="add" t="String" n="Mod" />
        <Key v="1" t="Decimal" n="Val" />
        <Key v="0" t="String" n="!UV" />
      </Data>
      <Data n="20206394766966e">
        <Key v="20205344030099" t="String" n="$T" />
        <Key v="650,-450" t="Vector2" n="!$P" />
        <Key v="add" t="String" n="Mod" />
        <Key v="0.5" t="Decimal" n="Val" />
        <Key v="1" t="Int32" n="PL" />
        <Key v="0" t="String" n="!UV" />
      </Data>
      <Data n="20206394772500e">
        <Key v="20205484483351" t="String" n="$T" />
        <Key v="900,-450" t="Vector2" n="!$P" />
        <Key v="sa1" t="String" n="X" />
      </Data>
    </Data>
    <Data n="$Conns">
      <Data n="20206394706752c">
        <Key v="20206394704400e" t="String" n="$E" />
      </Data>
      <Data n="20206394709179c">
        <Key v="20206394704400e" t="String" n="$S" />
        <Key v="20206394704554e" t="String" n="$E" />
      </Data>
      <Data n="20206394709884c">
        <Key v="20206394704554e" t="String" n="$S" />
        <Key v="20206394705768e" t="String" n="$E" />
      </Data>
      <Data n="20206394710906c">
        <Key v="20206394705768e" t="String" n="$S" />
        <Key v="20206394704834e" t="String" n="$E" />
      </Data>
      <Data n="20206394712549c">
        <Key v="20206394704834e" t="String" n="$S" />
        <Key v="20206394705918e" t="String" n="$E" />
      </Data>
      <Data n="20206394721015c">
        <Key v="20206394719029e" t="String" n="$E" />
      </Data>
      <Data n="20206394721857c">
        <Key v="20206394721452e" t="String" n="$E" />
      </Data>
      <Data n="20206394746098c">
        <Key v="20206394719029e" t="String" n="$S" />
        <Key v="20206394746094e" t="String" n="$E" />
      </Data>
      <Data n="20206394747107c">
        <Key v="20206394721452e" t="String" n="$S" />
        <Key v="20206394747103e" t="String" n="$E" />
      </Data>
      <Data n="20206394760565c">
        <Key v="20206394760094e" t="String" n="$E" />
      </Data>
      <Data n="20206394761595c">
        <Key v="20206394760094e" t="String" n="$S" />
        <Key v="20206394761591e" t="String" n="$E" />
      </Data>
      <Data n="20206394767367c">
        <Key v="20206394761591e" t="String" n="$S" />
        <Key v="20206394766966e" t="String" n="$E" />
      </Data>
      <Data n="20206394772505c">
        <Key v="20206394766966e" t="String" n="$S" />
        <Key v="20206394772500e" t="String" n="$E" />
      </Data>
      <Data n="20206394776633c">
        <Key v="20206394776629e" t="String" n="$E" />
      </Data>
      <Data n="20206394780645c">
        <Key v="20206394776629e" t="String" n="$S" />
        <Key v="20206394780482e" t="String" n="$E" />
      </Data>
      <Data n="20206394782050c">
        <Key v="20206394780482e" t="String" n="$S" />
        <Key v="20206394782046e" t="String" n="$E" />
      </Data>
    </Data>
  </Data>
</DataRoot>