﻿<?xml version="1.0" encoding="utf-8"?>
<DataRoot n="X">
  <Data n="20205339618815">
    <Data n="$Elems">
      <Data n="20207236105004e">
        <Key v="20205484483351" t="String" n="$T" />
        <Key v="400,50" t="Vector2" n="!$P" />
        <Key v="sa1" t="String" n="X" />
      </Data>
      <Data n="20207236661098e">
        <Key v="20205344030099" t="String" n="$T" />
        <Key v="150,50" t="Vector2" n="!$P" />
        <Key v="add" t="String" n="Mod" />
        <Key v="0.5" t="Decimal" n="Val" />
        <Key v="0" t="String" n="!UV" />
        <Key v="1" t="Int32" n="!NP" />
        <Key v="1" t="Int32" n="!K" />
        <Key v="hod" t="String" n="!!Att" />
        <Key v="X20205339302055" t="String" n="Att" />
      </Data>
    </Data>
    <Data n="$Conns">
      <Data n="20207236663392c">
        <Key v="20207236661098e" t="String" n="$E" />
      </Data>
      <Data n="20207236663613c">
        <Key v="20207236661098e" t="String" n="$S" />
        <Key v="20207236105004e" t="String" n="$E" />
      </Data>
    </Data>
  </Data>
</DataRoot>