﻿<?xml version="1.0" encoding="utf-8"?>
<DataRoot n="X">
  <Data n="20205337801212">
    <Key v="-275,-57" t="Vector2" n="!$MP" />
    <Key v="1,1,1" t="Vector3" n="!$MZ" />
    <Data n="$Elems">
      <Data n="20205485731668e">
        <Key v="20205344030099" t="String" n="$T" />
        <Key v="200,50" t="Vector2" n="!$P" />
        <Key v="add" t="String" n="Mod" />
        <Key v="1" t="Decimal" n="Val" />
        <Key v="X20205337380698" t="String" n="Att" />
        <Key v="1" t="Int32" n="!K" />
        <Key v="0" t="String" n="!UV" />
      </Data>
      <Data n="20205485732219e">
        <Key v="20205344030099" t="String" n="$T" />
        <Key v="450,50" t="Vector2" n="!$P" />
        <Key v="add" t="String" n="Mod" />
        <Key v="0.4" t="Decimal" n="Val" />
        <Key v="X20205337269344" t="String" n="Att" />
        <Key v="1" t="Int32" n="!K" />
        <Key v="0" t="String" n="!UV" />
      </Data>
      <Data n="20205485742473e">
        <Key v="20205484483351" t="String" n="$T" />
        <Key v="200,-100" t="Vector2" n="!$P" />
        <Key v="sa3" t="String" n="X" />
      </Data>
      <Data n="20205491671455e">
        <Key v="20205484483351" t="String" n="$T" />
        <Key v="450,-100" t="Vector2" n="!$P" />
        <Key v="sa1" t="String" n="X" />
      </Data>
    </Data>
    <Data n="$Conns">
      <Data n="20205485731868c">
        <Key v="20205485731668e" t="String" n="$E" />
      </Data>
      <Data n="20205485732223c">
        <Key v="20205485731668e" t="String" n="$S" />
        <Key v="20205485732219e" t="String" n="$E" />
      </Data>
      <Data n="20205491671901c">
        <Key v="20205485742473e" t="String" n="$S" />
        <Key v="20205491671455e" t="String" n="$E" />
      </Data>
      <Data n="20205491672723c">
        <Key v="20205485742473e" t="String" n="$E" />
      </Data>
    </Data>
  </Data>
</DataRoot>