﻿<?xml version="1.0" encoding="utf-8"?>
<DataRoot n="X">
  <Data n="20207122292254">
    <Data n="$Elems">
      <Data n="20207088811254e">
        <Key v="20205344030099" t="String" n="$T" />
        <Key v="750,150" t="Vector2" n="!$P" />
        <Key v="add" t="String" n="Mod" />
        <Key v="15" t="Decimal" n="Val" />
        <Key v="0" t="String" n="!UV" />
      </Data>
      <Data n="20207088788863e">
        <Key v="20205410728894" t="String" n="$T" />
        <Key v="200,150" t="Vector2" n="!$P" />
        <Key v="1" t="Int32" n="!IC" />
        <Key v="Tb" t="String" n="Typ" />
      </Data>
      <Data n="20207088810466e">
        <Key v="20205410728894" t="String" n="$T" />
        <Key v="500,150" t="Vector2" n="!$P" />
        <Key v="ochr" t="String" n="!!Att" />
        <Key v="X20205339182699" t="String" n="Att" />
      </Data>
      <Data n="20207188464097e">
        <Key v="20205410728894" t="String" n="$T" />
        <Key v="500,50" t="Vector2" n="!$P" />
        <Key v="ochr" t="String" n="!!Att" />
        <Key v="X20205339168558" t="String" n="Att" />
      </Data>
      <Data n="20207188464614e">
        <Key v="20205344030099" t="String" n="$T" />
        <Key v="750,50" t="Vector2" n="!$P" />
        <Key v="add" t="String" n="Mod" />
        <Key v="-10" t="Decimal" n="Val" />
        <Key v="0" t="String" n="!UV" />
      </Data>
      <Data n="20207122182475e">
        <Key v="20205410728894" t="String" n="$T" />
        <Key v="500,-50" t="Vector2" n="!$P" />
        <Key v="kval" t="String" n="!!Att" />
        <Key v="X20205337532536" t="String" n="Att" />
      </Data>
      <Data n="20207122186182e">
        <Key v="20205344030099" t="String" n="$T" />
        <Key v="750,-50" t="Vector2" n="!$P" />
        <Key v="add" t="String" n="Mod" />
        <Key v="-8" t="Decimal" n="Val" />
        <Key v="0" t="String" n="!UV" />
      </Data>
      <Data n="20207122248024e">
        <Key v="20205344030099" t="String" n="$T" />
        <Key v="1000,-50" t="Vector2" n="!$P" />
        <Key v="add" t="String" n="Mod" />
        <Key v="-2" t="Decimal" n="Val" />
        <Key v="0" t="String" n="!UV" />
        <Key v="1" t="Int32" n="PL" />
      </Data>
      <Data n="20207122188822e">
        <Key v="20205410728894" t="String" n="$T" />
        <Key v="500,-150" t="Vector2" n="!$P" />
        <Key v="hod" t="String" n="!!Att" />
        <Key v="X20205339299758" t="String" n="Att" />
      </Data>
      <Data n="20207122194160e">
        <Key v="20205344030099" t="String" n="$T" />
        <Key v="750,-150" t="Vector2" n="!$P" />
        <Key v="add" t="String" n="Mod" />
        <Key v="-1" t="Decimal" n="Val" />
        <Key v="0" t="String" n="!UV" />
        <Key v="1" t="Int32" n="PL" />
      </Data>
      <Data n="20207122258896e">
        <Key v="20205502245113" t="String" n="$T" />
        <Key v="450,-250" t="Vector2" n="!$P" />
        <Key v="DE" t="String" n="Typ" />
        <Key v="Neg" t="String" n="Act" />
        <Key v="X20207122236084" t="String" n="Eff" />
      </Data>
      <Data n="20207136180034e">
        <Key v="20205484464552" t="String" n="$T" />
        <Key v="200,-250" t="Vector2" n="!$P" />
        <Key v="1" t="Int32" n="!IT" />
        <Key v="Apply" t="String" n="Trig" />
      </Data>
      <Data n="20207091425070e">
        <Key v="20205410801114" t="String" n="$T" />
        <Key v="250,-450" t="Vector2" n="!$P" />
      </Data>
    </Data>
    <Data n="$Conns">
      <Data n="20207088789222c">
        <Key v="20207088788863e" t="String" n="$E" />
      </Data>
      <Data n="20207088810470c">
        <Key v="20207088788863e" t="String" n="$S" />
        <Key v="20207088810466e" t="String" n="$E" />
      </Data>
      <Data n="20207091427010c">
        <Key v="20207088810466e" t="String" n="$S" />
        <Key v="20207088811254e" t="String" n="$E" />
      </Data>
      <Data n="20207122183117c">
        <Key v="20207088788863e" t="String" n="$S" />
        <Key v="20207122182475e" t="String" n="$E" />
      </Data>
      <Data n="20207091425729c">
        <Key v="20207091425070e" t="String" n="$E" />
      </Data>
      <Data n="20207122186186c">
        <Key v="20207122182475e" t="String" n="$S" />
        <Key v="20207122186182e" t="String" n="$E" />
      </Data>
      <Data n="20207122189227c">
        <Key v="20207088788863e" t="String" n="$S" />
        <Key v="20207122188822e" t="String" n="$E" />
      </Data>
      <Data n="20207122194540c">
        <Key v="20207122188822e" t="String" n="$S" />
        <Key v="20207122194160e" t="String" n="$E" />
      </Data>
      <Data n="20207136181147c">
        <Key v="20207136180034e" t="String" n="$S" />
        <Key v="20207122258896e" t="String" n="$E" />
      </Data>
      <Data n="20207122248474c">
        <Key v="20207122186182e" t="String" n="$S" />
        <Key v="20207122248024e" t="String" n="$E" />
      </Data>
      <Data n="20207136181348c">
        <Key v="20207136180034e" t="String" n="$E" />
      </Data>
      <Data n="20207188464473c">
        <Key v="20207088788863e" t="String" n="$S" />
        <Key v="20207188464097e" t="String" n="$E" />
      </Data>
      <Data n="20207188464990c">
        <Key v="20207188464097e" t="String" n="$S" />
        <Key v="20207188464614e" t="String" n="$E" />
      </Data>
    </Data>
  </Data>
</DataRoot>