﻿<?xml version="1.0" encoding="utf-8"?>
<DataRoot n="X">
  <Data n="20207209776230">
    <Data n="$Elems">
      <Data n="20207209756563e">
        <Key v="20205410728894" t="String" n="$T" />
        <Key v="200,150" t="Vector2" n="!$P" />
        <Key v="vi" t="String" n="!!Att" />
        <Key v="X20205339778431" t="String" n="Att" />
      </Data>
      <Data n="20207209758677e">
        <Key v="20205410728894" t="String" n="$T" />
        <Key v="450,150" t="Vector2" n="!$P" />
        <Key v="1" t="Int32" n="!IC" />
        <Key v="Tb" t="String" n="Typ" />
      </Data>
      <Data n="20207209761284e">
        <Key v="20205344030099" t="String" n="$T" />
        <Key v="700,150" t="Vector2" n="!$P" />
        <Key v="add" t="String" n="Mod" />
        <Key v="-9" t="Decimal" n="Val" />
        <Key v="0" t="String" n="!UV" />
      </Data>
      <Data n="20207209406428e">
        <Key v="20205484483351" t="String" n="$T" />
        <Key v="200,50" t="Vector2" n="!$P" />
        <Key v="cg2" t="String" n="!BA" />
        <Key v="X20207209776230,X20207137234439,X20207137085967" t="String" n="Eff" />
      </Data>
      <Data n="20207209860500e">
        <Key v="20205484483351" t="String" n="$T" />
        <Key v="450,50" t="Vector2" n="!$P" />
        <Key v="cg1" t="String" n="!BA" />
        <Key v="EndCond" t="String" n="Act" />
        <Key v="EWld" t="String" n="EC" />
      </Data>
      <Data n="20207209806590e">
        <Key v="20205484464552" t="String" n="$T" />
        <Key v="200,-100" t="Vector2" n="!$P" />
        <Key v="1" t="Int32" n="!IT" />
        <Key v="Apply" t="String" n="Trig" />
      </Data>
      <Data n="20207209808496e">
        <Key v="20205502245113" t="String" n="$T" />
        <Key v="450,-100" t="Vector2" n="!$P" />
        <Key v="DE" t="String" n="Typ" />
        <Key v="Rem" t="String" n="Act" />
        <Key v="X20207137234439,X20207137085967" t="String" n="Eff" />
      </Data>
    </Data>
    <Data n="$Conns">
      <Data n="20207209749315c">
        <Key v="20207209406428e" t="String" n="$E" />
      </Data>
      <Data n="20207209757013c">
        <Key v="20207209756563e" t="String" n="$E" />
      </Data>
      <Data n="20207209758682c">
        <Key v="20207209756563e" t="String" n="$S" />
        <Key v="20207209758677e" t="String" n="$E" />
      </Data>
      <Data n="20207209761288c">
        <Key v="20207209758677e" t="String" n="$S" />
        <Key v="20207209761284e" t="String" n="$E" />
      </Data>
      <Data n="20207209806594c">
        <Key v="20207209806590e" t="String" n="$E" />
      </Data>
      <Data n="20207209808500c">
        <Key v="20207209806590e" t="String" n="$S" />
        <Key v="20207209808496e" t="String" n="$E" />
      </Data>
      <Data n="20207209860504c">
        <Key v="20207209406428e" t="String" n="$S" />
        <Key v="20207209860500e" t="String" n="$E" />
      </Data>
    </Data>
  </Data>
</DataRoot>