﻿<?xml version="1.0" encoding="utf-8"?>
<DataRoot n="X">
  <Data n="20205337712715">
    <Key v="-552,-16" t="Vector2" n="!$MP" />
    <Key v="1,1,1" t="Vector3" n="!$MZ" />
    <Data n="$Elems">
      <Data n="20205485573741e">
        <Key v="20205344030099" t="String" n="$T" />
        <Key v="150,50" t="Vector2" n="!$P" />
        <Key v="add" t="String" n="Mod" />
        <Key v="1" t="Decimal" n="Val" />
        <Key v="X20205337269344" t="String" n="Att" />
        <Key v="1" t="Int32" n="!K" />
        <Key v="0" t="String" n="!UV" />
      </Data>
      <Data n="20205485573845e">
        <Key v="20205344030099" t="String" n="$T" />
        <Key v="350,50" t="Vector2" n="!$P" />
        <Key v="add" t="String" n="Mod" />
        <Key v="1" t="Decimal" n="Val" />
        <Key v="X20205337370397" t="String" n="Att" />
        <Key v="1" t="Int32" n="!K" />
        <Key v="0" t="String" n="!UV" />
      </Data>
      <Data n="20205485573946e">
        <Key v="20205344030099" t="String" n="$T" />
        <Key v="550,50" t="Vector2" n="!$P" />
        <Key v="add" t="String" n="Mod" />
        <Key v="0.5" t="Decimal" n="Val" />
        <Key v="X20205337377236" t="String" n="Att" />
        <Key v="1" t="Int32" n="!K" />
        <Key v="0" t="String" n="!UV" />
      </Data>
      <Data n="20205485574409e">
        <Key v="20205344030099" t="String" n="$T" />
        <Key v="750,50" t="Vector2" n="!$P" />
        <Key v="add" t="String" n="Mod" />
        <Key v="30" t="Decimal" n="Val" />
      </Data>
      <Data n="20205485575339e">
        <Key v="20205484483351" t="String" n="$T" />
        <Key v="150,-100" t="Vector2" n="!$P" />
        <Key v="sa3" t="String" n="X" />
      </Data>
      <Data n="20205491651271e">
        <Key v="20205484483351" t="String" n="$T" />
        <Key v="400,-100" t="Vector2" n="!$P" />
        <Key v="sa1" t="String" n="X" />
      </Data>
      <Data n="20207216665696e">
        <Key v="20205484483351" t="String" n="$T" />
        <Key v="650,-100" t="Vector2" n="!$P" />
        <Key v="sa0" t="String" n="X" />
      </Data>
    </Data>
    <Data n="$Conns">
      <Data n="20205485576268c">
        <Key v="20205485573741e" t="String" n="$E" />
      </Data>
      <Data n="20205485576439c">
        <Key v="20205485573741e" t="String" n="$S" />
        <Key v="20205485573845e" t="String" n="$E" />
      </Data>
      <Data n="20205485576598c">
        <Key v="20205485573845e" t="String" n="$S" />
        <Key v="20205485573946e" t="String" n="$E" />
      </Data>
      <Data n="20205485576756c">
        <Key v="20205485573946e" t="String" n="$S" />
        <Key v="20205485574409e" t="String" n="$E" />
      </Data>
      <Data n="20205491651763c">
        <Key v="20205485575339e" t="String" n="$S" />
        <Key v="20205491651271e" t="String" n="$E" />
      </Data>
      <Data n="20205491652860c">
        <Key v="20205485575339e" t="String" n="$E" />
      </Data>
      <Data n="20207216665701c">
        <Key v="20205491651271e" t="String" n="$S" />
        <Key v="20207216665696e" t="String" n="$E" />
      </Data>
    </Data>
  </Data>
</DataRoot>