﻿<?xml version="1.0" encoding="utf-8"?>
<DataRoot n="X">
  <Data n="20206395180560">
    <Key v="-466,254" t="Vector2" n="!$MP" />
    <Key v="0.9,0.9,0.9" t="Vector3" n="!$MZ" />
    <Data n="$Elems">
      <Data n="20206394704400e">
        <Key v="20205410728894" t="String" n="$T" />
        <Key v="200,50" t="Vector2" n="!$P" />
        <Key v="ochrana" t="String" n="!!Att" />
        <Key v="X20205339168558" t="String" n="Att" />
        <Key v="1" t="Int32" n="BO" />
      </Data>
      <Data n="20206394704554e">
        <Key v="20205410728894" t="String" n="$T" />
        <Key v="450,50" t="Vector2" n="!$P" />
        <Key v="1" t="Int32" n="!IC" />
        <Key v="Tb" t="String" n="Typ" />
      </Data>
      <Data n="20206394705768e">
        <Key v="20205344030099" t="String" n="$T" />
        <Key v="700,50" t="Vector2" n="!$P" />
        <Key v="add" t="String" n="Mod" />
        <Key v="1" t="Decimal" n="Val" />
        <Key v="1" t="Int32" n="!UV" />
        <Key v="0" t="Decimal" n="Var" />
      </Data>
      <Data n="20206394719029e">
        <Key v="20205410728894" t="String" n="$T" />
        <Key v="200,-150" t="Vector2" n="!$P" />
        <Key v="1" t="Int32" n="!IC" />
        <Key v="1" t="Int32" n="!IV" />
        <Key v="0" t="Int32" n="V" />
      </Data>
      <Data n="20206394746094e">
        <Key v="20205344030099" t="String" n="$T" />
        <Key v="450,-150" t="Vector2" n="!$P" />
        <Key v="set" t="String" n="Mod" />
        <Key v="10" t="Decimal" n="Val" />
      </Data>
    </Data>
    <Data n="$Conns">
      <Data n="20206394706752c">
        <Key v="20206394704400e" t="String" n="$E" />
      </Data>
      <Data n="20206394709179c">
        <Key v="20206394704400e" t="String" n="$S" />
        <Key v="20206394704554e" t="String" n="$E" />
      </Data>
      <Data n="20206394709884c">
        <Key v="20206394704554e" t="String" n="$S" />
        <Key v="20206394705768e" t="String" n="$E" />
      </Data>
      <Data n="20206394721015c">
        <Key v="20206394719029e" t="String" n="$E" />
      </Data>
      <Data n="20206394746098c">
        <Key v="20206394719029e" t="String" n="$S" />
        <Key v="20206394746094e" t="String" n="$E" />
      </Data>
    </Data>
  </Data>
</DataRoot>