﻿<?xml version="1.0" encoding="utf-8"?>
<DataRoot n="X">
  <Data n="20207190098571">
    <Data n="$Elems">
      <Data n="20207190084208e">
        <Key v="20205502245113" t="String" n="$T" />
        <Key v="200,50" t="Vector2" n="!$P" />
        <Key v="SL" t="String" n="Typ" />
        <Key v="" t="String" n="!!Eff" />
        <Key v="Mana" t="String" n="X" />
      </Data>
    </Data>
    <Data n="$Conns">
      <Data n="20207190084608c">
        <Key v="20207190084208e" t="String" n="$E" />
      </Data>
    </Data>
  </Data>
</DataRoot>