﻿<?xml version="1.0" encoding="utf-8"?>
<DataRoot n="X">
  <Data n="20207137234439">
    <Data n="$Elems">
      <Data n="20207426150080e">
        <Key v="20205410728894" t="String" n="$T" />
        <Key v="200,250" t="Vector2" n="!$P" />
        <Key v="1" t="Int32" n="!IC" />
        <Key v="Tb" t="String" n="Typ" />
      </Data>
      <Data n="20207426157349e">
        <Key v="20205410728894" t="String" n="$T" />
        <Key v="450,250" t="Vector2" n="!$P" />
        <Key v="um" t="String" n="!!Att" />
        <Key v="X20205337712715" t="String" n="Att" />
      </Data>
      <Data n="20207426158262e">
        <Key v="20205344030099" t="String" n="$T" />
        <Key v="700,250" t="Vector2" n="!$P" />
        <Key v="mod" t="String" n="Mod" />
        <Key v="-0.25" t="Decimal" n="Val" />
        <Key v="0" t="String" n="!UV" />
      </Data>
      <Data n="20207426151790e">
        <Key v="20205410728894" t="String" n="$T" />
        <Key v="450,150" t="Vector2" n="!$P" />
        <Key v="hod" t="String" n="!!Att" />
        <Key v="X20205339294224" t="String" n="Att" />
      </Data>
      <Data n="20207426153838e">
        <Key v="20205344030099" t="String" n="$T" />
        <Key v="700,150" t="Vector2" n="!$P" />
        <Key v="mod" t="String" n="Mod" />
        <Key v="-0.25" t="Decimal" n="Val" />
        <Key v="0" t="String" n="!UV" />
      </Data>
      <Data n="20207137285429e">
        <Key v="20205484483351" t="String" n="$T" />
        <Key v="200,50" t="Vector2" n="!$P" />
        <Key v="cg1" t="String" n="!BA" />
        <Key v="EndCond" t="String" n="Act" />
        <Key v="EDmgS" t="String" n="EC" />
      </Data>
      <Data n="20207209408676e">
        <Key v="20205484483351" t="String" n="$T" />
        <Key v="450,50" t="Vector2" n="!$P" />
        <Key v="cg1" t="String" n="!BA" />
        <Key v="EndCond" t="String" n="Act" />
        <Key v="EWld" t="String" n="EC" />
      </Data>
      <Data n="20207219765578e">
        <Key v="20205484483351" t="String" n="$T" />
        <Key v="700,50" t="Vector2" n="!$P" />
        <Key v="cg2" t="String" n="!BA" />
        <Key v="str" t="String" n="!!Eff" />
        <Key v="X20207135677578" t="String" n="Eff" />
      </Data>
      <Data n="20207219751620e">
        <Key v="20205484464552" t="String" n="$T" />
        <Key v="200,-100" t="Vector2" n="!$P" />
        <Key v="1" t="Int32" n="!IT" />
        <Key v="Before" t="String" n="Trig" />
      </Data>
      <Data n="20207219754235e">
        <Key v="20205410728894" t="String" n="$T" />
        <Key v="450,-100" t="Vector2" n="!$P" />
        <Key v="ef" t="String" n="!!Att" />
        <Key v="X20206583646370" t="String" n="Att" />
      </Data>
      <Data n="20207219756116e">
        <Key v="20205344030099" t="String" n="$T" />
        <Key v="700,-100" t="Vector2" n="!$P" />
        <Key v="add" t="String" n="Mod" />
        <Key v="1" t="Decimal" n="Val" />
        <Key v="0" t="String" n="!UV" />
        <Key v="1" t="Int32" n="!K" />
        <Key v="1" t="Int32" n="!NP" />
        <Key v="nek" t="String" n="!!Att" />
        <Key v="X20207135677578" t="String" n="Att" />
      </Data>
      <Data n="20207219759794e">
        <Key v="20205484464552" t="String" n="$T" />
        <Key v="200,-200" t="Vector2" n="!$P" />
        <Key v="1" t="Int32" n="!IT" />
        <Key v="Apply" t="String" n="Trig" />
      </Data>
      <Data n="20207219761429e">
        <Key v="20205502245113" t="String" n="$T" />
        <Key v="450,-200" t="Vector2" n="!$P" />
        <Key v="DE" t="String" n="Typ" />
        <Key v="Rem" t="String" n="Act" />
        <Key v="str" t="String" n="!!Eff" />
        <Key v="X20207135677578" t="String" n="Eff" />
      </Data>
    </Data>
    <Data n="$Conns">
      <Data n="20207137286776c">
        <Key v="20207137285429e" t="String" n="$E" />
      </Data>
      <Data n="20207209409093c">
        <Key v="20207137285429e" t="String" n="$S" />
        <Key v="20207209408676e" t="String" n="$E" />
      </Data>
      <Data n="20207219751991c">
        <Key v="20207219751620e" t="String" n="$E" />
      </Data>
      <Data n="20207219755661c">
        <Key v="20207219751620e" t="String" n="$S" />
        <Key v="20207219754235e" t="String" n="$E" />
      </Data>
      <Data n="20207219756120c">
        <Key v="20207219754235e" t="String" n="$S" />
        <Key v="20207219756116e" t="String" n="$E" />
      </Data>
      <Data n="20207219760203c">
        <Key v="20207219759794e" t="String" n="$E" />
      </Data>
      <Data n="20207219761762c">
        <Key v="20207219759794e" t="String" n="$S" />
        <Key v="20207219761429e" t="String" n="$E" />
      </Data>
      <Data n="20207219765582c">
        <Key v="20207209408676e" t="String" n="$S" />
        <Key v="20207219765578e" t="String" n="$E" />
      </Data>
      <Data n="20207426150084c">
        <Key v="20207426150080e" t="String" n="$E" />
      </Data>
      <Data n="20207426152149c">
        <Key v="20207426150080e" t="String" n="$S" />
        <Key v="20207426151790e" t="String" n="$E" />
      </Data>
      <Data n="20207426153842c">
        <Key v="20207426151790e" t="String" n="$S" />
        <Key v="20207426153838e" t="String" n="$E" />
      </Data>
      <Data n="20207426157704c">
        <Key v="20207426150080e" t="String" n="$S" />
        <Key v="20207426157349e" t="String" n="$E" />
      </Data>
      <Data n="20207426158642c">
        <Key v="20207426157349e" t="String" n="$S" />
        <Key v="20207426158262e" t="String" n="$E" />
      </Data>
    </Data>
  </Data>
</DataRoot>