﻿<?xml version="1.0" encoding="utf-8"?>
<DataRoot n="X">
  <Data n="20207209646626">
    <Data n="$Elems">
      <Data n="20207135465981e">
        <Key v="20205502245113" t="String" n="$T" />
        <Key v="200,50" t="Vector2" n="!$P" />
        <Key v="DP" t="String" n="Typ" />
        <Key v="vyřaz" t="String" n="!!Eff" />
        <Key v="X20207135752198" t="String" n="Eff" />
      </Data>
      <Data n="20207209406428e">
        <Key v="20205484483351" t="String" n="$T" />
        <Key v="450,50" t="Vector2" n="!$P" />
        <Key v="cg2" t="String" n="!BA" />
        <Key v="X20207209646626" t="String" n="Eff" />
      </Data>
      <Data n="20207209756563e">
        <Key v="20205410728894" t="String" n="$T" />
        <Key v="450,-50" t="Vector2" n="!$P" />
        <Key v="ini" t="String" n="!!Att" />
        <Key v="X20205337445028" t="String" n="Att" />
      </Data>
      <Data n="20207136143927e">
        <Key v="20205484464552" t="String" n="$T" />
        <Key v="200,-50" t="Vector2" n="!$P" />
        <Key v="1" t="Int32" n="!IT" />
        <Key v="Apply" t="String" n="Trig" />
      </Data>
      <Data n="20207209758677e">
        <Key v="20205410728894" t="String" n="$T" />
        <Key v="700,-50" t="Vector2" n="!$P" />
        <Key v="1" t="Int32" n="!IC" />
        <Key v="Ta" t="String" n="Typ" />
      </Data>
      <Data n="20207209761284e">
        <Key v="20205344030099" t="String" n="$T" />
        <Key v="950,-50" t="Vector2" n="!$P" />
        <Key v="add" t="String" n="Mod" />
        <Key v="-10" t="Decimal" n="Val" />
        <Key v="0" t="String" n="!UV" />
      </Data>
      <Data n="20207209765483e">
        <Key v="20205484483351" t="String" n="$T" />
        <Key v="1200,-50" t="Vector2" n="!$P" />
        <Key v="cg1" t="String" n="!BA" />
        <Key v="Deactivate" t="String" n="Act" />
      </Data>
    </Data>
    <Data n="$Conns">
      <Data n="20207135466552c">
        <Key v="20207135465981e" t="String" n="$E" />
      </Data>
      <Data n="20207209749315c">
        <Key v="20207135465981e" t="String" n="$S" />
        <Key v="20207209406428e" t="String" n="$E" />
      </Data>
      <Data n="20207209757013c">
        <Key v="20207136143927e" t="String" n="$S" />
        <Key v="20207209756563e" t="String" n="$E" />
      </Data>
      <Data n="20207136145938c">
        <Key v="20207136143927e" t="String" n="$E" />
      </Data>
      <Data n="20207209758682c">
        <Key v="20207209756563e" t="String" n="$S" />
        <Key v="20207209758677e" t="String" n="$E" />
      </Data>
      <Data n="20207209761288c">
        <Key v="20207209758677e" t="String" n="$S" />
        <Key v="20207209761284e" t="String" n="$E" />
      </Data>
      <Data n="20207209765488c">
        <Key v="20207209761284e" t="String" n="$S" />
        <Key v="20207209765483e" t="String" n="$E" />
      </Data>
    </Data>
  </Data>
</DataRoot>