﻿<?xml version="1.0" encoding="utf-8"?>
<DataRoot n="X">
  <Data n="20207234670556">
    <Data n="$Elems">
      <Data n="20207135465981e">
        <Key v="20205502245113" t="String" n="$T" />
        <Key v="200,500" t="Vector2" n="!$P" />
        <Key v="DP" t="String" n="Typ" />
        <Key v="vyřaz" t="String" n="!!Eff" />
        <Key v="X20207135752198" t="String" n="Eff" />
      </Data>
      <Data n="20207209406428e">
        <Key v="20205484483351" t="String" n="$T" />
        <Key v="450,500" t="Vector2" n="!$P" />
        <Key v="cg3" t="String" n="!BA" />
        <Key v="para" t="String" n="!!Eff" />
        <Key v="Body" t="String" n="Elem" />
      </Data>
      <Data n="20207235585280e">
        <Key v="20205484483351" t="String" n="$T" />
        <Key v="700,500" t="Vector2" n="!$P" />
        <Key v="cg2" t="String" n="!BA" />
        <Key v="pro" t="String" n="!!Eff" />
        <Key v="X20207235590334,X20207089276802,X20207234670556,X20207088763520" t="String" n="Eff" />
      </Data>
      <Data n="20207237380547e">
        <Key v="20205484483351" t="String" n="$T" />
        <Key v="950,500" t="Vector2" n="!$P" />
        <Key v="cg1" t="String" n="!BA" />
        <Key v="EndCond" t="String" n="Act" />
        <Key v="EVal" t="String" n="EC" />
      </Data>
      <Data n="20207239638481e">
        <Key v="20205484483351" t="String" n="$T" />
        <Key v="1200,500" t="Vector2" n="!$P" />
        <Key v="cg1" t="String" n="!BA" />
        <Key v="Destroy" t="String" n="Act" />
      </Data>
      <Data n="20207234026631e">
        <Key v="20205410728894" t="String" n="$T" />
        <Key v="200,300" t="Vector2" n="!$P" />
        <Key v="1" t="Int32" n="!IC" />
        <Key v="Tb" t="String" n="Typ" />
      </Data>
      <Data n="20207234027895e">
        <Key v="20205410728894" t="String" n="$T" />
        <Key v="450,300" t="Vector2" n="!$P" />
        <Key v="" t="String" n="!!Att" />
        <Key v="X20205337442439" t="String" n="Att" />
      </Data>
      <Data n="20207234029884e">
        <Key v="20205344030099" t="String" n="$T" />
        <Key v="700,300" t="Vector2" n="!$P" />
        <Key v="set" t="String" n="Mod" />
        <Key v="0" t="Decimal" n="Val" />
        <Key v="0" t="String" n="!UV" />
      </Data>
      <Data n="20207234719532e">
        <Key v="20205344030099" t="String" n="$T" />
        <Key v="1200,300" t="Vector2" n="!$P" />
        <Key v="mod" t="String" n="Mod" />
        <Key v="-0.5" t="Decimal" n="Val" />
        <Key v="0" t="String" n="!UV" />
      </Data>
      <Data n="20207234707938e">
        <Key v="20205410728894" t="String" n="$T" />
        <Key v="950,300" t="Vector2" n="!$P" />
        <Key v="ini" t="String" n="!!Att" />
        <Key v="X20205337445028" t="String" n="Att" />
      </Data>
      <Data n="20207234767190e">
        <Key v="20205410728894" t="String" n="$T" />
        <Key v="450,200" t="Vector2" n="!$P" />
        <Key v="hod" t="String" n="!!Att" />
        <Key v="X20205339665872" t="String" n="Att" />
      </Data>
      <Data n="20207234768554e">
        <Key v="20205344030099" t="String" n="$T" />
        <Key v="700,200" t="Vector2" n="!$P" />
        <Key v="set" t="String" n="Mod" />
        <Key v="0" t="Decimal" n="Val" />
        <Key v="0" t="String" n="!UV" />
      </Data>
      <Data n="20207234819527e">
        <Key v="20205410728894" t="String" n="$T" />
        <Key v="450,100" t="Vector2" n="!$P" />
        <Key v="kva" t="String" n="!!Att" />
        <Key v="X20205337532536" t="String" n="Att" />
      </Data>
      <Data n="20207234824707e">
        <Key v="20205344030099" t="String" n="$T" />
        <Key v="700,100" t="Vector2" n="!$P" />
        <Key v="add" t="String" n="Mod" />
        <Key v="100" t="Decimal" n="Val" />
        <Key v="0" t="String" n="!UV" />
      </Data>
      <Data n="20207234734728e">
        <Key v="20205410728894" t="String" n="$T" />
        <Key v="200,0" t="Vector2" n="!$P" />
        <Key v="1" t="Int32" n="!IC" />
        <Key v="Tm" t="String" n="Typ" />
      </Data>
      <Data n="20207234737752e">
        <Key v="20205410728894" t="String" n="$T" />
        <Key v="950,0" t="Vector2" n="!$P" />
        <Key v="1" t="Int32" n="!IC" />
        <Key v="Tb" t="String" n="Typ" />
      </Data>
      <Data n="20207234729653e">
        <Key v="20205344030099" t="String" n="$T" />
        <Key v="700,0" t="Vector2" n="!$P" />
        <Key v="set" t="String" n="Mod" />
        <Key v="100" t="Decimal" n="Val" />
        <Key v="0" t="String" n="!UV" />
      </Data>
      <Data n="20207234724866e">
        <Key v="20205410728894" t="String" n="$T" />
        <Key v="450,0" t="Vector2" n="!$P" />
        <Key v="och" t="String" n="!!Att" />
        <Key v="X20205339173683" t="String" n="Att" />
      </Data>
      <Data n="20207234739149e">
        <Key v="20205344030099" t="String" n="$T" />
        <Key v="1200,0" t="Vector2" n="!$P" />
        <Key v="set" t="String" n="Mod" />
        <Key v="100" t="Decimal" n="Val" />
        <Key v="0" t="String" n="!UV" />
      </Data>
      <Data n="20207234741668e">
        <Key v="20205410728894" t="String" n="$T" />
        <Key v="200,-100" t="Vector2" n="!$P" />
        <Key v="1" t="Int32" n="!IC" />
        <Key v="Tm" t="String" n="Typ" />
      </Data>
      <Data n="20207234742418e">
        <Key v="20205410728894" t="String" n="$T" />
        <Key v="450,-100" t="Vector2" n="!$P" />
        <Key v="och" t="String" n="!!Att" />
        <Key v="X20205339177495" t="String" n="Att" />
      </Data>
      <Data n="20207234742669e">
        <Key v="20205344030099" t="String" n="$T" />
        <Key v="700,-100" t="Vector2" n="!$P" />
        <Key v="set" t="String" n="Mod" />
        <Key v="100" t="Decimal" n="Val" />
        <Key v="0" t="String" n="!UV" />
      </Data>
      <Data n="20207234742940e">
        <Key v="20205410728894" t="String" n="$T" />
        <Key v="950,-100" t="Vector2" n="!$P" />
        <Key v="1" t="Int32" n="!IC" />
        <Key v="Tb" t="String" n="Typ" />
      </Data>
      <Data n="20207234743361e">
        <Key v="20205344030099" t="String" n="$T" />
        <Key v="1200,-100" t="Vector2" n="!$P" />
        <Key v="set" t="String" n="Mod" />
        <Key v="100" t="Decimal" n="Val" />
        <Key v="0" t="String" n="!UV" />
      </Data>
      <Data n="20207234748003e">
        <Key v="20205410728894" t="String" n="$T" />
        <Key v="200,-200" t="Vector2" n="!$P" />
        <Key v="1" t="Int32" n="!IC" />
        <Key v="Tm" t="String" n="Typ" />
      </Data>
      <Data n="20207234752728e">
        <Key v="20205410728894" t="String" n="$T" />
        <Key v="450,-200" t="Vector2" n="!$P" />
        <Key v="och" t="String" n="!!Att" />
        <Key v="X20205339182699" t="String" n="Att" />
      </Data>
      <Data n="20207234753616e">
        <Key v="20205344030099" t="String" n="$T" />
        <Key v="700,-200" t="Vector2" n="!$P" />
        <Key v="set" t="String" n="Mod" />
        <Key v="100" t="Decimal" n="Val" />
        <Key v="0" t="String" n="!UV" />
      </Data>
      <Data n="20207234754191e">
        <Key v="20205410728894" t="String" n="$T" />
        <Key v="950,-200" t="Vector2" n="!$P" />
        <Key v="1" t="Int32" n="!IC" />
        <Key v="Tb" t="String" n="Typ" />
      </Data>
      <Data n="20207234754642e">
        <Key v="20205344030099" t="String" n="$T" />
        <Key v="1200,-200" t="Vector2" n="!$P" />
        <Key v="set" t="String" n="Mod" />
        <Key v="100" t="Decimal" n="Val" />
        <Key v="0" t="String" n="!UV" />
      </Data>
      <Data n="20207234795415e">
        <Key v="20205410728894" t="String" n="$T" />
        <Key v="200,-300" t="Vector2" n="!$P" />
        <Key v="1" t="Int32" n="!IC" />
        <Key v="Tm" t="String" n="Typ" />
      </Data>
      <Data n="20207234797166e">
        <Key v="20205410728894" t="String" n="$T" />
        <Key v="450,-300" t="Vector2" n="!$P" />
        <Key v="och" t="String" n="!!Att" />
        <Key v="X20205339168558" t="String" n="Att" />
      </Data>
      <Data n="20207234798121e">
        <Key v="20205344030099" t="String" n="$T" />
        <Key v="700,-300" t="Vector2" n="!$P" />
        <Key v="set" t="String" n="Mod" />
        <Key v="90" t="Decimal" n="Val" />
        <Key v="0" t="String" n="!UV" />
      </Data>
      <Data n="20207234802246e">
        <Key v="20205410728894" t="String" n="$T" />
        <Key v="950,-300" t="Vector2" n="!$P" />
        <Key v="1" t="Int32" n="!IC" />
        <Key v="Tb" t="String" n="Typ" />
      </Data>
      <Data n="20207234803764e">
        <Key v="20205344030099" t="String" n="$T" />
        <Key v="1200,-300" t="Vector2" n="!$P" />
        <Key v="set" t="String" n="Mod" />
        <Key v="90" t="Decimal" n="Val" />
        <Key v="0" t="String" n="!UV" />
      </Data>
      <Data n="20207234795657e">
        <Key v="20205410728894" t="String" n="$T" />
        <Key v="200,-400" t="Vector2" n="!$P" />
        <Key v="1" t="Int32" n="!IC" />
        <Key v="Tm" t="String" n="Typ" />
      </Data>
      <Data n="20207234797413e">
        <Key v="20205410728894" t="String" n="$T" />
        <Key v="450,-400" t="Vector2" n="!$P" />
        <Key v="och" t="String" n="!!Att" />
        <Key v="X20205339179859" t="String" n="Att" />
      </Data>
      <Data n="20207234799398e">
        <Key v="20205344030099" t="String" n="$T" />
        <Key v="700,-400" t="Vector2" n="!$P" />
        <Key v="set" t="String" n="Mod" />
        <Key v="90" t="Decimal" n="Val" />
        <Key v="0" t="String" n="!UV" />
      </Data>
      <Data n="20207234802688e">
        <Key v="20205410728894" t="String" n="$T" />
        <Key v="950,-400" t="Vector2" n="!$P" />
        <Key v="1" t="Int32" n="!IC" />
        <Key v="Tb" t="String" n="Typ" />
      </Data>
      <Data n="20207234804385e">
        <Key v="20205344030099" t="String" n="$T" />
        <Key v="1200,-400" t="Vector2" n="!$P" />
        <Key v="set" t="String" n="Mod" />
        <Key v="90" t="Decimal" n="Val" />
        <Key v="0" t="String" n="!UV" />
      </Data>
      <Data n="20207239660722e">
        <Key v="20205410728894" t="String" n="$T" />
        <Key v="200,-500" t="Vector2" n="!$P" />
        <Key v="1" t="Int32" n="!IV" />
        <Key v="0" t="Int32" n="V" />
      </Data>
      <Data n="20207239664496e">
        <Key v="20205344030099" t="String" n="$T" />
        <Key v="450,-500" t="Vector2" n="!$P" />
        <Key v="add" t="String" n="Mod" />
        <Key v="2" t="Decimal" n="Val" />
        <Key v="2" t="String" n="!UV" />
        <Key v="MaxDur" t="String" n="Key" />
      </Data>
      <Data n="20207282298544e">
        <Key v="20205410728894" t="String" n="$T" />
        <Key v="200,-650" t="Vector2" n="!$P" />
        <Key v="1" t="Int32" n="!IV" />
        <Key v="1" t="Int32" n="V" />
      </Data>
      <Data n="20207282298823e">
        <Key v="20205344030099" t="String" n="$T" />
        <Key v="450,-650" t="Vector2" n="!$P" />
        <Key v="add" t="String" n="Mod" />
        <Key v="1" t="Decimal" n="Val" />
        <Key v="2" t="String" n="!UV" />
        <Key v="MaxDur" t="String" n="Key" />
      </Data>
      <Data n="20207234032353e">
        <Key v="20205484464552" t="String" n="$T" />
        <Key v="100,-800" t="Vector2" n="!$P" />
        <Key v="1" t="Int32" n="!IT" />
        <Key v="Before" t="String" n="Trig" />
      </Data>
      <Data n="20207234033454e">
        <Key v="20205344030099" t="String" n="$T" />
        <Key v="800,-800" t="Vector2" n="!$P" />
        <Key v="add" t="String" n="Mod" />
        <Key v="1" t="Decimal" n="Val" />
        <Key v="0" t="String" n="!UV" />
        <Key v="1" t="Int32" n="!K" />
        <Key v="1" t="Int32" n="!NP" />
        <Key v="proch" t="String" n="!!Att" />
        <Key v="X20207122161586" t="String" n="Att" />
      </Data>
      <Data n="20207234040039e">
        <Key v="20205344030099" t="String" n="$T" />
        <Key v="600,-800" t="Vector2" n="!$P" />
        <Key v="add" t="String" n="Mod" />
        <Key v="1" t="Decimal" n="Val" />
        <Key v="0" t="String" n="!UV" />
        <Key v="1" t="Int32" n="!K" />
        <Key v="1" t="Int32" n="!NP" />
        <Key v="prom" t="String" n="!!Att" />
        <Key v="X20207088763520" t="String" n="Att" />
      </Data>
      <Data n="20207234042858e">
        <Key v="20205344030099" t="String" n="$T" />
        <Key v="1000,-800" t="Vector2" n="!$P" />
        <Key v="add" t="String" n="Mod" />
        <Key v="-2" t="Decimal" n="Val" />
        <Key v="0" t="String" n="!UV" />
        <Key v="1" t="Int32" n="!K" />
        <Key v="1" t="Int32" n="!NP" />
        <Key v="pře" t="String" n="!!Att" />
        <Key v="X20207122209494" t="String" n="Att" />
      </Data>
      <Data n="20207234106597e">
        <Key v="20205410728894" t="String" n="$T" />
        <Key v="350,-800" t="Vector2" n="!$P" />
        <Key v="ef" t="String" n="!!Att" />
        <Key v="X20206583646370" t="String" n="Att" />
      </Data>
      <Data n="20207234786590e">
        <Key v="20205502245113" t="String" n="$T" />
        <Key v="300,-950" t="Vector2" n="!$P" />
        <Key v="RE" t="String" n="Typ" />
        <Key v="Body,Fire" t="String" n="Elem" />
      </Data>
      <Data n="20207234895502e">
        <Key v="20205484464552" t="String" n="$T" />
        <Key v="50,-950" t="Vector2" n="!$P" />
        <Key v="1" t="Int32" n="!IT" />
        <Key v="Apply" t="String" n="Trig" />
      </Data>
      <Data n="20207235611728e">
        <Key v="20205502245113" t="String" n="$T" />
        <Key v="550,-950" t="Vector2" n="!$P" />
        <Key v="DE" t="String" n="Typ" />
        <Key v="Rem" t="String" n="Act" />
        <Key v="pro" t="String" n="!!Eff" />
        <Key v="X20207088763520,X20207122161586" t="String" n="Eff" />
      </Data>
      <Data n="20207239571344e">
        <Key v="20205484464552" t="String" n="$T" />
        <Key v="0,-1050" t="Vector2" n="!$P" />
        <Key v="1" t="Int32" n="!IT" />
        <Key v="Fail" t="String" n="Trig" />
      </Data>
      <Data n="20207239576644e">
        <Key v="20205502245113" t="String" n="$T" />
        <Key v="250,-1050" t="Vector2" n="!$P" />
        <Key v="DE" t="String" n="Typ" />
        <Key v="Mod" t="String" n="Act" />
        <Key v="pro" t="String" n="!!Eff" />
        <Key v="X20207088763520" t="String" n="Eff" />
        <Key v="omr" t="String" n="!!EffT" />
        <Key v="X20207122292254" t="String" n="EffT" />
      </Data>
      <Data n="20207239587095e">
        <Key v="20205484464552" t="String" n="$T" />
        <Key v="-50,-1200" t="Vector2" n="!$P" />
        <Key v="1" t="Int32" n="!IT" />
        <Key v="End" t="String" n="Trig" />
      </Data>
      <Data n="20207239610540e">
        <Key v="20207116075055" t="String" n="$T" />
        <Key v="250,-1200" t="Vector2" n="!$P" />
        <Key v="1" t="Int32" n="!IsD" />
        <Key v="0" t="Int32" n="Bns" />
        <Key v="Cold" t="String" n="DmgT" />
        <Key v="1" t="Int32" n="Pmhp" />
      </Data>
      <Data n="20207239642297e">
        <Key v="20205502245113" t="String" n="$T" />
        <Key v="550,-1200" t="Vector2" n="!$P" />
        <Key v="DE" t="String" n="Typ" />
        <Key v="omr" t="String" n="!!Eff" />
        <Key v="Cre" t="String" n="Act" />
        <Key v="X20207122292254" t="String" n="Eff" />
        <Key v="1" t="Int32" n="PI" />
        <Key v="1" t="Int32" n="P" />
      </Data>
    </Data>
    <Data n="$Conns">
      <Data n="20207135466552c">
        <Key v="20207135465981e" t="String" n="$E" />
      </Data>
      <Data n="20207209749315c">
        <Key v="20207135465981e" t="String" n="$S" />
        <Key v="20207209406428e" t="String" n="$E" />
      </Data>
      <Data n="20207234735179c">
        <Key v="20207234734728e" t="String" n="$E" />
      </Data>
      <Data n="20207234738403c">
        <Key v="20207234729653e" t="String" n="$S" />
        <Key v="20207234737752e" t="String" n="$E" />
      </Data>
      <Data n="20207234730049c">
        <Key v="20207234724866e" t="String" n="$S" />
        <Key v="20207234729653e" t="String" n="$E" />
      </Data>
      <Data n="20207234735967c">
        <Key v="20207234734728e" t="String" n="$S" />
        <Key v="20207234724866e" t="String" n="$E" />
      </Data>
      <Data n="20207234719891c">
        <Key v="20207234707938e" t="String" n="$S" />
        <Key v="20207234719532e" t="String" n="$E" />
      </Data>
      <Data n="20207234026635c">
        <Key v="20207234026631e" t="String" n="$E" />
      </Data>
      <Data n="20207234027899c">
        <Key v="20207234026631e" t="String" n="$S" />
        <Key v="20207234027895e" t="String" n="$E" />
      </Data>
      <Data n="20207234029888c">
        <Key v="20207234027895e" t="String" n="$S" />
        <Key v="20207234029884e" t="String" n="$E" />
      </Data>
      <Data n="20207234033028c">
        <Key v="20207234032353e" t="String" n="$E" />
      </Data>
      <Data n="20207234743703c">
        <Key v="20207234742418e" t="String" n="$S" />
        <Key v="20207234742669e" t="String" n="$E" />
      </Data>
      <Data n="20207234699256c">
        <Key v="20207234040039e" t="String" n="$S" />
        <Key v="20207234033454e" t="String" n="$E" />
      </Data>
      <Data n="20207234742110c">
        <Key v="20207234741668e" t="String" n="$E" />
      </Data>
      <Data n="20207234739708c">
        <Key v="20207234737752e" t="String" n="$S" />
        <Key v="20207234739149e" t="String" n="$E" />
      </Data>
      <Data n="20207237607700c">
        <Key v="20207234027895e" t="String" n="$S" />
        <Key v="20207234707938e" t="String" n="$E" />
      </Data>
      <Data n="20207234109637c">
        <Key v="20207234032353e" t="String" n="$S" />
        <Key v="20207234106597e" t="String" n="$E" />
      </Data>
      <Data n="20207234699448c">
        <Key v="20207234033454e" t="String" n="$S" />
        <Key v="20207234042858e" t="String" n="$E" />
      </Data>
      <Data n="20207234698026c">
        <Key v="20207234106597e" t="String" n="$S" />
        <Key v="20207234040039e" t="String" n="$E" />
      </Data>
      <Data n="20207234743907c">
        <Key v="20207234741668e" t="String" n="$S" />
        <Key v="20207234742418e" t="String" n="$E" />
      </Data>
      <Data n="20207234744158c">
        <Key v="20207234742669e" t="String" n="$S" />
        <Key v="20207234742940e" t="String" n="$E" />
      </Data>
      <Data n="20207234744667c">
        <Key v="20207234742940e" t="String" n="$S" />
        <Key v="20207234743361e" t="String" n="$E" />
      </Data>
      <Data n="20207234748528c">
        <Key v="20207234748003e" t="String" n="$E" />
      </Data>
      <Data n="20207234753483c">
        <Key v="20207234748003e" t="String" n="$S" />
        <Key v="20207234752728e" t="String" n="$E" />
      </Data>
      <Data n="20207234753937c">
        <Key v="20207234752728e" t="String" n="$S" />
        <Key v="20207234753616e" t="String" n="$E" />
      </Data>
      <Data n="20207234754525c">
        <Key v="20207234753616e" t="String" n="$S" />
        <Key v="20207234754191e" t="String" n="$E" />
      </Data>
      <Data n="20207234754971c">
        <Key v="20207234754191e" t="String" n="$S" />
        <Key v="20207234754642e" t="String" n="$E" />
      </Data>
      <Data n="20207234767649c">
        <Key v="20207234026631e" t="String" n="$S" />
        <Key v="20207234767190e" t="String" n="$E" />
      </Data>
      <Data n="20207234769117c">
        <Key v="20207234767190e" t="String" n="$S" />
        <Key v="20207234768554e" t="String" n="$E" />
      </Data>
      <Data n="20207234899969c">
        <Key v="20207234895502e" t="String" n="$S" />
        <Key v="20207234786590e" t="String" n="$E" />
      </Data>
      <Data n="20207234796457c">
        <Key v="20207234795415e" t="String" n="$E" />
      </Data>
      <Data n="20207234796737c">
        <Key v="20207234795657e" t="String" n="$E" />
      </Data>
      <Data n="20207234797767c">
        <Key v="20207234795415e" t="String" n="$S" />
        <Key v="20207234797166e" t="String" n="$E" />
      </Data>
      <Data n="20207234797996c">
        <Key v="20207234795657e" t="String" n="$S" />
        <Key v="20207234797413e" t="String" n="$E" />
      </Data>
      <Data n="20207234798518c">
        <Key v="20207234797166e" t="String" n="$S" />
        <Key v="20207234798121e" t="String" n="$E" />
      </Data>
      <Data n="20207234799990c">
        <Key v="20207234797413e" t="String" n="$S" />
        <Key v="20207234799398e" t="String" n="$E" />
      </Data>
      <Data n="20207234802567c">
        <Key v="20207234798121e" t="String" n="$S" />
        <Key v="20207234802246e" t="String" n="$E" />
      </Data>
      <Data n="20207234803180c">
        <Key v="20207234799398e" t="String" n="$S" />
        <Key v="20207234802688e" t="String" n="$E" />
      </Data>
      <Data n="20207234804248c">
        <Key v="20207234802246e" t="String" n="$S" />
        <Key v="20207234803764e" t="String" n="$E" />
      </Data>
      <Data n="20207234804894c">
        <Key v="20207234802688e" t="String" n="$S" />
        <Key v="20207234804385e" t="String" n="$E" />
      </Data>
      <Data n="20207234820462c">
        <Key v="20207234026631e" t="String" n="$S" />
        <Key v="20207234819527e" t="String" n="$E" />
      </Data>
      <Data n="20207234825133c">
        <Key v="20207234819527e" t="String" n="$S" />
        <Key v="20207234824707e" t="String" n="$E" />
      </Data>
      <Data n="20207234896107c">
        <Key v="20207234895502e" t="String" n="$E" />
        <Data n="!Node" />
      </Data>
      <Data n="20207235585818c">
        <Key v="20207209406428e" t="String" n="$S" />
        <Key v="20207235585280e" t="String" n="$E" />
      </Data>
      <Data n="20207235622666c">
        <Key v="20207234786590e" t="String" n="$S" />
        <Key v="20207235611728e" t="String" n="$E" />
      </Data>
      <Data n="20207237381019c">
        <Key v="20207235585280e" t="String" n="$S" />
        <Key v="20207237380547e" t="String" n="$E" />
      </Data>
      <Data n="20207239572057c">
        <Key v="20207239571344e" t="String" n="$E" />
      </Data>
      <Data n="20207239577078c">
        <Key v="20207239571344e" t="String" n="$S" />
        <Key v="20207239576644e" t="String" n="$E" />
      </Data>
      <Data n="20207239588071c">
        <Key v="20207239587095e" t="String" n="$E" />
      </Data>
      <Data n="20207239611016c">
        <Key v="20207239587095e" t="String" n="$S" />
        <Key v="20207239610540e" t="String" n="$E" />
      </Data>
      <Data n="20207239638840c">
        <Key v="20207237380547e" t="String" n="$S" />
        <Key v="20207239638481e" t="String" n="$E" />
      </Data>
      <Data n="20207239642301c">
        <Key v="20207239610540e" t="String" n="$S" />
        <Key v="20207239642297e" t="String" n="$E" />
      </Data>
      <Data n="20207239660726c">
        <Key v="20207239660722e" t="String" n="$E" />
      </Data>
      <Data n="20207239664500c">
        <Key v="20207239660722e" t="String" n="$S" />
        <Key v="20207239664496e" t="String" n="$E" />
      </Data>
      <Data n="20207282299186c">
        <Key v="20207282298544e" t="String" n="$S" />
        <Key v="20207282298823e" t="String" n="$E" />
      </Data>
      <Data n="20207282299666c">
        <Key v="20207282298544e" t="String" n="$E" />
      </Data>
    </Data>
  </Data>
</DataRoot>