﻿<?xml version="1.0" encoding="utf-8"?>
<DataRoot n="X">
  <Data n="20205339164517">
    <Key v="0,0" t="Vector2" n="!$MP" />
    <Key v="1,1,1" t="Vector3" n="!$MZ" />
    <Data n="$Elems">
      <Data n="20205485720480e">
        <Key v="20205344030099" t="String" n="$T" />
        <Key v="200,50" t="Vector2" n="!$P" />
        <Key v="add" t="String" n="Mod" />
        <Key v="2" t="Decimal" n="Val" />
        <Key v="X20205337380698" t="String" n="Att" />
        <Key v="1" t="Int32" n="!K" />
        <Key v="0" t="String" n="!UV" />
      </Data>
      <Data n="20205485720609e">
        <Key v="20205344030099" t="String" n="$T" />
        <Key v="450,50" t="Vector2" n="!$P" />
        <Key v="add" t="String" n="Mod" />
        <Key v="0.5" t="Decimal" n="Val" />
        <Key v="X20205337374305" t="String" n="Att" />
        <Key v="1" t="Int32" n="!K" />
        <Key v="0" t="String" n="!UV" />
      </Data>
      <Data n="20205491886423e">
        <Key v="20205484483351" t="String" n="$T" />
        <Key v="700,50" t="Vector2" n="!$P" />
        <Key v="sa1" t="String" n="X" />
      </Data>
    </Data>
    <Data n="$Conns">
      <Data n="20205485722694c">
        <Key v="20205485720480e" t="String" n="$E" />
      </Data>
      <Data n="20205485722957c">
        <Key v="20205485720480e" t="String" n="$S" />
        <Key v="20205485720609e" t="String" n="$E" />
      </Data>
      <Data n="20205491886869c">
        <Key v="20205485720609e" t="String" n="$S" />
        <Key v="20205491886423e" t="String" n="$E" />
      </Data>
    </Data>
  </Data>
</DataRoot>