﻿<?xml version="1.0" encoding="utf-8"?>
<DataRoot n="X">
  <Data n="20205339195764">
    <Key v="-497,-15" t="Vector2" n="!$MP" />
    <Key v="1,1,1" t="Vector3" n="!$MZ" />
    <Data n="$Elems">
      <Data n="20205535211688e">
        <Key v="20205344030099" t="String" n="$T" />
        <Key v="200,50" t="Vector2" n="!$P" />
        <Key v="add" t="String" n="Mod" />
        <Key v="-10" t="Decimal" n="Val" />
        <Key v="1" t="Int32" n="!UV" />
        <Key v="0" t="Decimal" n="Var" />
      </Data>
      <Data n="20205535202338e">
        <Key v="20205410728894" t="String" n="$T" />
        <Key v="200,-100" t="Vector2" n="!$P" />
        <Key v="1" t="Int32" n="!IV" />
        <Key v="0" t="Int32" n="V" />
      </Data>
      <Data n="20205535202617e">
        <Key v="20205344030099" t="String" n="$T" />
        <Key v="450,-100" t="Vector2" n="!$P" />
        <Key v="add" t="String" n="Mod" />
        <Key v="-1" t="Decimal" n="Val" />
        <Key v="X20205337370397" t="String" n="Att" />
        <Key v="1" t="Int32" n="!K" />
        <Key v="0" t="String" n="!UV" />
      </Data>
      <Data n="20205535202726e">
        <Key v="20205344030099" t="String" n="$T" />
        <Key v="650,-100" t="Vector2" n="!$P" />
        <Key v="add" t="String" n="Mod" />
        <Key v="5" t="Decimal" n="Val" />
        <Key v="0" t="String" n="!UV" />
      </Data>
      <Data n="20205535202980e">
        <Key v="20205484483351" t="String" n="$T" />
        <Key v="900,-100" t="Vector2" n="!$P" />
        <Key v="sa0" t="String" n="X" />
      </Data>
    </Data>
    <Data n="$Conns">
      <Data n="20205535204482c">
        <Key v="20205535202338e" t="String" n="$S" />
        <Key v="20205535202617e" t="String" n="$E" />
      </Data>
      <Data n="20205535204653c">
        <Key v="20205535202338e" t="String" n="$E" />
      </Data>
      <Data n="20205535205474c">
        <Key v="20205535202617e" t="String" n="$S" />
        <Key v="20205535202726e" t="String" n="$E" />
      </Data>
      <Data n="20205535205774c">
        <Key v="20205535202726e" t="String" n="$S" />
        <Key v="20205535202980e" t="String" n="$E" />
      </Data>
      <Data n="20205535211692c">
        <Key v="20205535211688e" t="String" n="$E" />
      </Data>
    </Data>
  </Data>
</DataRoot>