﻿<?xml version="1.0" encoding="utf-8"?>
<DataRoot n="X">
  <Data n="20207216138014">
    <Data n="$Elems">
      <Data n="20207216164250e">
        <Key v="20205502245113" t="String" n="$T" />
        <Key v="200,100" t="Vector2" n="!$P" />
        <Key v="DP" t="String" n="Typ" />
        <Key v="sl" t="String" n="!!Eff" />
        <Key v="X20207127065953" t="String" n="Eff" />
      </Data>
      <Data n="20207216180656e">
        <Key v="20205484483351" t="String" n="$T" />
        <Key v="700,100" t="Vector2" n="!$P" />
        <Key v="cg1" t="String" n="!BA" />
        <Key v="EndCond" t="String" n="Act" />
        <Key v="EVal" t="String" n="EC" />
      </Data>
      <Data n="20207216161956e">
        <Key v="20205502245113" t="String" n="$T" />
        <Key v="950,100" t="Vector2" n="!$P" />
        <Key v="SL" t="String" n="Typ" />
        <Key v="1" t="Int32" n="D" />
        <Key v="Move" t="String" n="X" />
      </Data>
      <Data n="20207233859051e">
        <Key v="20205484483351" t="String" n="$T" />
        <Key v="450,100" t="Vector2" n="!$P" />
        <Key v="cg2" t="String" n="!BA" />
        <Key v="sra" t="String" n="!!Eff" />
        <Key v="X20207210353313" t="String" n="Eff" />
      </Data>
      <Data n="20207210503824e">
        <Key v="20205484464552" t="String" n="$T" />
        <Key v="200,-50" t="Vector2" n="!$P" />
        <Key v="1" t="Int32" n="!IT" />
        <Key v="Before" t="String" n="Trig" />
      </Data>
      <Data n="20207210510367e">
        <Key v="20205410728894" t="String" n="$T" />
        <Key v="450,-50" t="Vector2" n="!$P" />
        <Key v="ef" t="String" n="!!Att" />
        <Key v="X20206583646370" t="String" n="Att" />
      </Data>
      <Data n="20207216086261e">
        <Key v="20205344030099" t="String" n="$T" />
        <Key v="700,-50" t="Vector2" n="!$P" />
        <Key v="add" t="String" n="Mod" />
        <Key v="2" t="Decimal" n="Val" />
        <Key v="0" t="String" n="!UV" />
        <Key v="1" t="Int32" n="!K" />
        <Key v="1" t="Int32" n="!NP" />
        <Key v="om" t="String" n="!!Att" />
        <Key v="X20207135538815" t="String" n="Att" />
      </Data>
    </Data>
    <Data n="$Conns">
      <Data n="20207216086670c">
        <Key v="20207210510367e" t="String" n="$S" />
        <Key v="20207216086261e" t="String" n="$E" />
      </Data>
      <Data n="20207216225291c">
        <Key v="20207216180656e" t="String" n="$S" />
        <Key v="20207216161956e" t="String" n="$E" />
      </Data>
      <Data n="20207210504375c">
        <Key v="20207210503824e" t="String" n="$E" />
      </Data>
      <Data n="20207210510371c">
        <Key v="20207210503824e" t="String" n="$S" />
        <Key v="20207210510367e" t="String" n="$E" />
      </Data>
      <Data n="20207233859552c">
        <Key v="20207216164250e" t="String" n="$S" />
        <Key v="20207233859051e" t="String" n="$E" />
      </Data>
      <Data n="20207216164254c">
        <Key v="20207216164250e" t="String" n="$E" />
      </Data>
      <Data n="20207233859718c">
        <Key v="20207233859051e" t="String" n="$S" />
        <Key v="20207216180656e" t="String" n="$E" />
      </Data>
    </Data>
  </Data>
</DataRoot>