﻿<?xml version="1.0" encoding="utf-8"?>
<DataRoot n="X">
  <Data n="20205341769177">
    <Key v="-535,107" t="Vector2" n="!$MP" />
    <Key v="1,1,1" t="Vector3" n="!$MZ" />
    <Data n="$Elems">
      <Data n="20205534375879e">
        <Key v="20205344030099" t="String" n="$T" />
        <Key v="200,100" t="Vector2" n="!$P" />
        <Key v="mod" t="String" n="Mod" />
        <Key v="1" t="Int32" n="!UV" />
        <Key v="0" t="Decimal" n="Var" />
        <Key v="0.05" t="Decimal" n="Val" />
      </Data>
      <Data n="20206447807808e">
        <Key v="20205484483351" t="String" n="$T" />
        <Key v="450,100" t="Vector2" n="!$P" />
        <Key v="sa1" t="String" n="X" />
      </Data>
      <Data n="20205534388181e">
        <Key v="20205484483351" t="String" n="$T" />
        <Key v="900,-100" t="Vector2" n="!$P" />
        <Key v="sa0" t="String" n="X" />
      </Data>
      <Data n="20205534377330e">
        <Key v="20205410728894" t="String" n="$T" />
        <Key v="200,-100" t="Vector2" n="!$P" />
        <Key v="1" t="Int32" n="!IV" />
        <Key v="0" t="Int32" n="V" />
      </Data>
      <Data n="20205534377755e">
        <Key v="20205344030099" t="String" n="$T" />
        <Key v="450,-100" t="Vector2" n="!$P" />
        <Key v="add" t="String" n="Mod" />
        <Key v="1" t="Decimal" n="Val" />
        <Key v="X20205337370397" t="String" n="Att" />
        <Key v="1" t="Int32" n="!K" />
        <Key v="0" t="String" n="!UV" />
      </Data>
      <Data n="20205534377843e">
        <Key v="20205344030099" t="String" n="$T" />
        <Key v="650,-100" t="Vector2" n="!$P" />
        <Key v="add" t="String" n="Mod" />
        <Key v="-15" t="Decimal" n="Val" />
      </Data>
    </Data>
    <Data n="$Conns">
      <Data n="20205534378343c">
        <Key v="20205534377330e" t="String" n="$E" />
      </Data>
      <Data n="20205534384323c">
        <Key v="20205534377330e" t="String" n="$S" />
        <Key v="20205534377755e" t="String" n="$E" />
      </Data>
      <Data n="20205534382797c">
        <Key v="20205534375879e" t="String" n="$E" />
      </Data>
      <Data n="20205534384486c">
        <Key v="20205534377755e" t="String" n="$S" />
        <Key v="20205534377843e" t="String" n="$E" />
      </Data>
      <Data n="20205534388631c">
        <Key v="20205534377843e" t="String" n="$S" />
        <Key v="20205534388181e" t="String" n="$E" />
      </Data>
      <Data n="20206447807813c">
        <Key v="20205534375879e" t="String" n="$S" />
        <Key v="20206447807808e" t="String" n="$E" />
      </Data>
    </Data>
  </Data>
</DataRoot>