﻿<?xml version="1.0" encoding="utf-8"?>
<DataRoot n="X">
  <Data n="20207209143357">
    <Data n="$Elems">
      <Data n="20207122860842e">
        <Key v="20205410728894" t="String" n="$T" />
        <Key v="200,150" t="Vector2" n="!$P" />
        <Key v="1" t="Int32" n="!IC" />
        <Key v="Tb" t="String" n="Typ" />
      </Data>
      <Data n="20207122866084e">
        <Key v="20205410728894" t="String" n="$T" />
        <Key v="500,150" t="Vector2" n="!$P" />
        <Key v="X20205337455624" t="String" n="Att" />
        <Key v="celková" t="String" n="!!Att" />
      </Data>
      <Data n="20207122884046e">
        <Key v="20205344030099" t="String" n="$T" />
        <Key v="750,150" t="Vector2" n="!$P" />
        <Key v="mod" t="String" n="Mod" />
        <Key v="0.5" t="Decimal" n="Val" />
        <Key v="0" t="String" n="!UV" />
      </Data>
      <Data n="20207209190064e">
        <Key v="20205410728894" t="String" n="$T" />
        <Key v="500,50" t="Vector2" n="!$P" />
        <Key v="X20205339763247" t="String" n="Att" />
        <Key v="h" t="String" n="!!Att" />
      </Data>
      <Data n="20207209196891e">
        <Key v="20205344030099" t="String" n="$T" />
        <Key v="750,50" t="Vector2" n="!$P" />
        <Key v="add" t="String" n="Mod" />
        <Key v="-2" t="Decimal" n="Val" />
        <Key v="0" t="String" n="!UV" />
      </Data>
      <Data n="20207209180735e">
        <Key v="20205484483351" t="String" n="$T" />
        <Key v="200,0" t="Vector2" n="!$P" />
        <Key v="cg1" t="String" n="!BA" />
        <Key v="Tool" t="String" n="Act" />
        <Key v="TTrav" t="String" n="Tool" />
      </Data>
      <Data n="20207209227847e">
        <Key v="20205484483351" t="String" n="$T" />
        <Key v="200,-100" t="Vector2" n="!$P" />
        <Key v="cg1" t="String" n="!BA" />
        <Key v="EndCond" t="String" n="Act" />
        <Key v="EBat" t="String" n="EC" />
      </Data>
      <Data n="20207209483041e">
        <Key v="20205484483351" t="String" n="$T" />
        <Key v="450,-100" t="Vector2" n="!$P" />
        <Key v="cg1" t="String" n="!BA" />
        <Key v="Recast" t="String" n="Act" />
      </Data>
      <Data n="20207209538051e">
        <Key v="20205484464552" t="String" n="$T" />
        <Key v="200,-250" t="Vector2" n="!$P" />
        <Key v="1" t="Int32" n="!IT" />
        <Key v="Apply" t="String" n="Trig" />
      </Data>
      <Data n="20207209540483e">
        <Key v="20205344030099" t="String" n="$T" />
        <Key v="700,-250" t="Vector2" n="!$P" />
        <Key v="add" t="String" n="Mod" />
        <Key v="2" t="Decimal" n="Val" />
        <Key v="0" t="String" n="!UV" />
        <Key v="1" t="Int32" n="PL" />
      </Data>
      <Data n="20207209543936e">
        <Key v="20205410728894" t="String" n="$T" />
        <Key v="450,-250" t="Vector2" n="!$P" />
        <Key v="trvání" t="String" n="!!Att" />
        <Key v="X20206561700652" t="String" n="Att" />
      </Data>
      <Data n="20207187150518e">
        <Key v="20205410801114" t="String" n="$T" />
        <Key v="250,-400" t="Vector2" n="!$P" />
      </Data>
    </Data>
    <Data n="$Conns">
      <Data n="20207122864954c">
        <Key v="20207122860842e" t="String" n="$E" />
      </Data>
      <Data n="20207122866088c">
        <Key v="20207122860842e" t="String" n="$S" />
        <Key v="20207122866084e" t="String" n="$E" />
      </Data>
      <Data n="20207122885201c">
        <Key v="20207122866084e" t="String" n="$S" />
        <Key v="20207122884046e" t="String" n="$E" />
      </Data>
      <Data n="20207209190510c">
        <Key v="20207122860842e" t="String" n="$S" />
        <Key v="20207209190064e" t="String" n="$E" />
      </Data>
      <Data n="20207187150522c">
        <Key v="20207187150518e" t="String" n="$E" />
      </Data>
      <Data n="20207209180739c">
        <Key v="20207209180735e" t="String" n="$E" />
      </Data>
      <Data n="20207209196895c">
        <Key v="20207209190064e" t="String" n="$S" />
        <Key v="20207209196891e" t="String" n="$E" />
      </Data>
      <Data n="20207209509293c">
        <Key v="20207209227847e" t="String" n="$E" />
      </Data>
      <Data n="20207209483533c">
        <Key v="20207209227847e" t="String" n="$S" />
        <Key v="20207209483041e" t="String" n="$E" />
      </Data>
      <Data n="20207209539473c">
        <Key v="20207209538051e" t="String" n="$E" />
      </Data>
      <Data n="20207209546255c">
        <Key v="20207209538051e" t="String" n="$S" />
        <Key v="20207209543936e" t="String" n="$E" />
      </Data>
      <Data n="20207209546901c">
        <Key v="20207209543936e" t="String" n="$S" />
        <Key v="20207209540483e" t="String" n="$E" />
      </Data>
    </Data>
  </Data>
</DataRoot>