﻿<?xml version="1.0" encoding="utf-8"?>
<DataRoot n="X">
  <Data n="20207126472531">
    <Data n="$Elems">
      <Data n="20207121455644e">
        <Key v="20205410801114" t="String" n="$T" />
        <Key v="300,400" t="Vector2" n="!$P" />
        <Key v="Mimo bitvu lze použít místo lopaty.&lt;b&gt;&lt;/b&gt;" t="String" n="%Txt" />
      </Data>
      <Data n="20207091437219e">
        <Key v="20207091356882" t="String" n="$T" />
        <Key v="200,200" t="Vector2" n="!$P" />
        <Key v="Earth" t="String" n="Cst" />
        <Key v="2" t="Int32" n="Val" />
      </Data>
      <Data n="20207091558625e">
        <Key v="20207091356882" t="String" n="$T" />
        <Key v="450,200" t="Vector2" n="!$P" />
        <Key v="AB" t="String" n="Cst" />
        <Key v="1" t="Int32" n="!IV" />
        <Key v="0" t="Int32" n="Inx" />
      </Data>
      <Data n="20207091566206e">
        <Key v="20207091356882" t="String" n="$T" />
        <Key v="700,200" t="Vector2" n="!$P" />
        <Key v="Mana" t="String" n="Cst" />
        <Key v="6" t="Int32" n="Val" />
      </Data>
      <Data n="20207088737777e">
        <Key v="20205484464552" t="String" n="$T" />
        <Key v="200,100" t="Vector2" n="!$P" />
        <Key v="Battle" t="String" n="Cond" />
      </Data>
      <Data n="20207119693022e">
        <Key v="20207116075055" t="String" n="$T" />
        <Key v="500,100" t="Vector2" n="!$P" />
        <Key v="Hex,Enemy,Obj,Party,Ally" t="String" n="Trg" />
        <Key v="1" t="Int32" n="MaxRng" />
        <Key v="1" t="Int32" n="MinRng" />
        <Key v="HxO" t="String" n="Area" />
      </Data>
      <Data n="20207088757144e">
        <Key v="20205502245113" t="String" n="$T" />
        <Key v="850,100" t="Vector2" n="!$P" />
        <Key v="DE" t="String" n="Typ" />
        <Key v="1" t="Int32" n="PI" />
        <Key v="Cre" t="String" n="Act" />
        <Key v="X20207135538815,X20207089549040" t="String" n="Eff" />
      </Data>
      <Data n="20207126685971e">
        <Key v="20205502245113" t="String" n="$T" />
        <Key v="1150,100" t="Vector2" n="!$P" />
        <Key v="HE" t="String" n="Typ" />
        <Key v="Cre" t="String" n="Act" />
        <Key v="X20207120563040,X20207120571701" t="String" n="Eff" />
      </Data>
      <Data n="20207126537429e">
        <Key v="20205484483351" t="String" n="$T" />
        <Key v="450,-150" t="Vector2" n="!$P" />
        <Key v="Tool" t="String" n="Act" />
        <Key v="TDigs" t="String" n="Tool" />
        <Key v="cg1" t="String" n="!BA" />
      </Data>
      <Data n="20207126535515e">
        <Key v="20205484464552" t="String" n="$T" />
        <Key v="200,-150" t="Vector2" n="!$P" />
        <Key v="World" t="String" n="Cond" />
      </Data>
      <Data n="20207091625404e">
        <Key v="20205410728894" t="String" n="$T" />
        <Key v="200,-300" t="Vector2" n="!$P" />
        <Key v="1" t="Int32" n="!IV" />
        <Key v="1" t="Int32" n="V" />
      </Data>
      <Data n="20207091638369e">
        <Key v="20205344030099" t="String" n="$T" />
        <Key v="700,-300" t="Vector2" n="!$P" />
        <Key v="add" t="String" n="Mod" />
        <Key v="1" t="Decimal" n="Val" />
        <Key v="2" t="String" n="!UV" />
        <Key v="Earth" t="String" n="Key" />
      </Data>
      <Data n="20207091657444e">
        <Key v="20205344030099" t="String" n="$T" />
        <Key v="450,-300" t="Vector2" n="!$P" />
        <Key v="add" t="String" n="Mod" />
        <Key v="1" t="Decimal" n="Val" />
        <Key v="0" t="String" n="!UV" />
      </Data>
      <Data n="20207121707923e">
        <Key v="20205410728894" t="String" n="$T" />
        <Key v="200,-450" t="Vector2" n="!$P" />
        <Key v="1" t="Int32" n="!IV" />
        <Key v="0" t="Int32" n="V" />
      </Data>
      <Data n="20207121710200e">
        <Key v="20205344030099" t="String" n="$T" />
        <Key v="450,-450" t="Vector2" n="!$P" />
        <Key v="add" t="String" n="Mod" />
        <Key v="8" t="Decimal" n="Val" />
        <Key v="0" t="String" n="!UV" />
      </Data>
      <Data n="20207121717339e">
        <Key v="20205484464552" t="String" n="$T" />
        <Key v="700,-450" t="Vector2" n="!$P" />
        <Key v="Exterior" t="String" n="Cond" />
      </Data>
      <Data n="20207121721939e">
        <Key v="20205344030099" t="String" n="$T" />
        <Key v="950,-450" t="Vector2" n="!$P" />
        <Key v="mod" t="String" n="Mod" />
        <Key v="-0.25" t="Decimal" n="Val" />
        <Key v="0" t="String" n="!UV" />
      </Data>
    </Data>
    <Data n="$Conns">
      <Data n="20207119871231c">
        <Key v="20207119693022e" t="String" n="$S" />
        <Key v="20207088757144e" t="String" n="$E" />
      </Data>
      <Data n="20207088738278c">
        <Key v="20207088737777e" t="String" n="$E" />
      </Data>
      <Data n="20207091437698c">
        <Key v="20207091437219e" t="String" n="$E" />
      </Data>
      <Data n="20207091565010c">
        <Key v="20207091437219e" t="String" n="$S" />
        <Key v="20207091558625e" t="String" n="$E" />
      </Data>
      <Data n="20207091566210c">
        <Key v="20207091558625e" t="String" n="$S" />
        <Key v="20207091566206e" t="String" n="$E" />
      </Data>
      <Data n="20207091628982c">
        <Key v="20207091625404e" t="String" n="$E" />
      </Data>
      <Data n="20207122627030c">
        <Key v="20207091657444e" t="String" n="$S" />
        <Key v="20207091638369e" t="String" n="$E" />
      </Data>
      <Data n="20207120390539c">
        <Key v="20207088737777e" t="String" n="$S" />
        <Key v="20207119693022e" t="String" n="$E" />
      </Data>
      <Data n="20207122625821c">
        <Key v="20207091625404e" t="String" n="$S" />
        <Key v="20207091657444e" t="String" n="$E" />
      </Data>
      <Data n="20207126535982c">
        <Key v="20207126535515e" t="String" n="$E" />
      </Data>
      <Data n="20207126538826c">
        <Key v="20207126535515e" t="String" n="$S" />
        <Key v="20207126537429e" t="String" n="$E" />
      </Data>
      <Data n="20207121456299c">
        <Key v="20207121455644e" t="String" n="$E" />
      </Data>
      <Data n="20207121708532c">
        <Key v="20207121707923e" t="String" n="$E" />
      </Data>
      <Data n="20207121710725c">
        <Key v="20207121707923e" t="String" n="$S" />
        <Key v="20207121710200e" t="String" n="$E" />
      </Data>
      <Data n="20207121718820c">
        <Key v="20207121710200e" t="String" n="$S" />
        <Key v="20207121717339e" t="String" n="$E" />
      </Data>
      <Data n="20207121721944c">
        <Key v="20207121717339e" t="String" n="$S" />
        <Key v="20207121721939e" t="String" n="$E" />
      </Data>
      <Data n="20207126703745c">
        <Key v="20207088757144e" t="String" n="$S" />
        <Key v="20207126685971e" t="String" n="$E" />
      </Data>
    </Data>
  </Data>
</DataRoot>