﻿<?xml version="1.0" encoding="utf-8"?>
<DataRoot n="X">
  <Data n="20205337450350">
    <Key v="-722,330" t="Vector2" n="!$MP" />
    <Key v="1,1,1" t="Vector3" n="!$MZ" />
    <Data n="$Elems">
      <Data n="20205485746260e">
        <Key v="20205344030099" t="String" n="$T" />
        <Key v="200,50" t="Vector2" n="!$P" />
        <Key v="add" t="String" n="Mod" />
        <Key v="20" t="Decimal" n="Val" />
      </Data>
      <Data n="20205534771396e">
        <Key v="20205344030099" t="String" n="$T" />
        <Key v="700,50" t="Vector2" n="!$P" />
        <Key v="add" t="String" n="Mod" />
        <Key v="-2" t="Decimal" n="Val" />
        <Key v="1" t="Int32" n="!UV" />
        <Key v="1" t="Decimal" n="Var" />
      </Data>
      <Data n="20205534767451e">
        <Key v="20205344030099" t="String" n="$T" />
        <Key v="450,50" t="Vector2" n="!$P" />
        <Key v="add" t="String" n="Mod" />
        <Key v="1" t="Int32" n="!UV" />
        <Key v="1" t="Decimal" n="Val" />
        <Key v="0" t="Decimal" n="Var" />
      </Data>
      <Data n="20205534775900e">
        <Key v="20205410728894" t="String" n="$T" />
        <Key v="200,-100" t="Vector2" n="!$P" />
        <Key v="1" t="Int32" n="!IV" />
        <Key v="0" t="Int32" n="V" />
      </Data>
      <Data n="20205534788732e">
        <Key v="20205344030099" t="String" n="$T" />
        <Key v="450,-100" t="Vector2" n="!$P" />
        <Key v="add" t="String" n="Mod" />
        <Key v="1" t="Decimal" n="Val" />
        <Key v="X20205337380698" t="String" n="Att" />
        <Key v="1" t="Int32" n="!K" />
        <Key v="0" t="String" n="!UV" />
      </Data>
      <Data n="20205534791088e">
        <Key v="20205344030099" t="String" n="$T" />
        <Key v="700,-100" t="Vector2" n="!$P" />
        <Key v="add" t="String" n="Mod" />
        <Key v="-15" t="Decimal" n="Val" />
      </Data>
      <Data n="20205534805538e">
        <Key v="20205484483351" t="String" n="$T" />
        <Key v="950,-100" t="Vector2" n="!$P" />
        <Key v="sa0" t="String" n="X" />
      </Data>
      <Data n="20205534776213e">
        <Key v="20205410728894" t="String" n="$T" />
        <Key v="200,-250" t="Vector2" n="!$P" />
        <Key v="1" t="Int32" n="!IV" />
        <Key v="1" t="Int32" n="V" />
      </Data>
      <Data n="20205534807573e">
        <Key v="20205344030099" t="String" n="$T" />
        <Key v="450,-250" t="Vector2" n="!$P" />
        <Key v="add" t="String" n="Mod" />
        <Key v="-1" t="Decimal" n="Val" />
        <Key v="X20205337380698" t="String" n="Att" />
        <Key v="1" t="Int32" n="!K" />
        <Key v="0" t="String" n="!UV" />
      </Data>
      <Data n="20205534810217e">
        <Key v="20205344030099" t="String" n="$T" />
        <Key v="700,-250" t="Vector2" n="!$P" />
        <Key v="add" t="String" n="Mod" />
        <Key v="5" t="Decimal" n="Val" />
      </Data>
      <Data n="20205534814517e">
        <Key v="20205484483351" t="String" n="$T" />
        <Key v="950,-250" t="Vector2" n="!$P" />
        <Key v="sa0" t="String" n="X" />
      </Data>
      <Data n="20205552383036e">
        <Key v="20205484483351" t="String" n="$T" />
        <Key v="200,-400" t="Vector2" n="!$P" />
        <Key v="sa5" t="String" n="X" />
      </Data>
    </Data>
    <Data n="$Conns">
      <Data n="20205534771868c">
        <Key v="20205534767451e" t="String" n="$S" />
        <Key v="20205534771396e" t="String" n="$E" />
      </Data>
      <Data n="20205534767456c">
        <Key v="20205485746260e" t="String" n="$S" />
        <Key v="20205534767451e" t="String" n="$E" />
      </Data>
      <Data n="20205515697586c">
        <Key v="20205485746260e" t="String" n="$E" />
      </Data>
      <Data n="20205534775904c">
        <Key v="20205534775900e" t="String" n="$E" />
      </Data>
      <Data n="20205534776609c">
        <Key v="20205534776213e" t="String" n="$E" />
      </Data>
      <Data n="20205534788736c">
        <Key v="20205534775900e" t="String" n="$S" />
        <Key v="20205534788732e" t="String" n="$E" />
      </Data>
      <Data n="20205534791092c">
        <Key v="20205534788732e" t="String" n="$S" />
        <Key v="20205534791088e" t="String" n="$E" />
      </Data>
      <Data n="20205534805542c">
        <Key v="20205534791088e" t="String" n="$S" />
        <Key v="20205534805538e" t="String" n="$E" />
      </Data>
      <Data n="20205534808424c">
        <Key v="20205534776213e" t="String" n="$S" />
        <Key v="20205534807573e" t="String" n="$E" />
      </Data>
      <Data n="20205534810221c">
        <Key v="20205534807573e" t="String" n="$S" />
        <Key v="20205534810217e" t="String" n="$E" />
      </Data>
      <Data n="20205534814875c">
        <Key v="20205534810217e" t="String" n="$S" />
        <Key v="20205534814517e" t="String" n="$E" />
      </Data>
      <Data n="20205554328198c">
        <Key v="20205552383036e" t="String" n="$E" />
      </Data>
    </Data>
  </Data>
</DataRoot>