﻿<?xml version="1.0" encoding="utf-8"?>
<DataRoot n="X">
  <Data n="20207136425832">
    <Data n="$Elems">
      <Data n="20207088811254e">
        <Key v="20205344030099" t="String" n="$T" />
        <Key v="750,250" t="Vector2" n="!$P" />
        <Key v="add" t="String" n="Mod" />
        <Key v="-25" t="Decimal" n="Val" />
        <Key v="0" t="String" n="!UV" />
      </Data>
      <Data n="20207088788863e">
        <Key v="20205410728894" t="String" n="$T" />
        <Key v="200,250" t="Vector2" n="!$P" />
        <Key v="1" t="Int32" n="!IC" />
        <Key v="Tb" t="String" n="Typ" />
      </Data>
      <Data n="20207088810466e">
        <Key v="20205410728894" t="String" n="$T" />
        <Key v="500,250" t="Vector2" n="!$P" />
        <Key v="" t="String" n="!!Att" />
        <Key v="X20205339179859" t="String" n="Att" />
      </Data>
      <Data n="20207136459749e">
        <Key v="20205502245113" t="String" n="$T" />
        <Key v="200,150" t="Vector2" n="!$P" />
        <Key v="SL" t="String" n="Typ" />
        <Key v="Mana" t="String" n="X" />
        <Key v="1" t="Int32" n="D" />
      </Data>
      <Data n="20207136462389e">
        <Key v="20205502245113" t="String" n="$T" />
        <Key v="450,150" t="Vector2" n="!$P" />
        <Key v="SL" t="String" n="Typ" />
        <Key v="Focus" t="String" n="X" />
        <Key v="1" t="Int32" n="D" />
      </Data>
      <Data n="20207136463602e">
        <Key v="20205502245113" t="String" n="$T" />
        <Key v="700,150" t="Vector2" n="!$P" />
        <Key v="SL" t="String" n="Typ" />
        <Key v="Rage" t="String" n="X" />
        <Key v="1" t="Int32" n="D" />
      </Data>
      <Data n="20207188802426e">
        <Key v="20205502245113" t="String" n="$T" />
        <Key v="950,150" t="Vector2" n="!$P" />
        <Key v="SL" t="String" n="Typ" />
        <Key v="React" t="String" n="X" />
        <Key v="1" t="Int32" n="D" />
      </Data>
      <Data n="20207136496048e">
        <Key v="20205410728894" t="String" n="$T" />
        <Key v="200,0" t="Vector2" n="!$P" />
        <Key v="1" t="Int32" n="!IV" />
        <Key v="0" t="Int32" n="V" />
      </Data>
      <Data n="20207136498487e">
        <Key v="20205344030099" t="String" n="$T" />
        <Key v="450,0" t="Vector2" n="!$P" />
        <Key v="add" t="String" n="Mod" />
        <Key v="1" t="Decimal" n="Val" />
        <Key v="0" t="String" n="!UV" />
        <Key v="1" t="Int32" n="PL" />
      </Data>
      <Data n="20207136601135e">
        <Key v="20205344030099" t="String" n="$T" />
        <Key v="650,0" t="Vector2" n="!$P" />
        <Key v="add" t="String" n="Mod" />
        <Key v="-1" t="Decimal" n="Val" />
        <Key v="0" t="String" n="!UV" />
        <Key v="1" t="Int32" n="!K" />
        <Key v="1" t="Int32" n="!NP" />
        <Key v="energ" t="String" n="!!Att" />
        <Key v="X20205337440745" t="String" n="Att" />
      </Data>
      <Data n="20207136617132e">
        <Key v="20205484483351" t="String" n="$T" />
        <Key v="900,0" t="Vector2" n="!$P" />
        <Key v="sa0" t="String" n="X" />
      </Data>
      <Data n="20207136640703e">
        <Key v="20205410728894" t="String" n="$T" />
        <Key v="200,-150" t="Vector2" n="!$P" />
        <Key v="1" t="Int32" n="!IV" />
        <Key v="1" t="Int32" n="V" />
      </Data>
      <Data n="20207136641875e">
        <Key v="20205344030099" t="String" n="$T" />
        <Key v="450,-150" t="Vector2" n="!$P" />
        <Key v="add" t="String" n="Mod" />
        <Key v="1" t="Decimal" n="Val" />
        <Key v="0" t="String" n="!UV" />
        <Key v="1" t="Int32" n="PL" />
      </Data>
      <Data n="20207136642817e">
        <Key v="20205344030099" t="String" n="$T" />
        <Key v="650,-150" t="Vector2" n="!$P" />
        <Key v="add" t="String" n="Mod" />
        <Key v="-1" t="Decimal" n="Val" />
        <Key v="1" t="String" n="!UV" />
      </Data>
      <Data n="20207136447922e">
        <Key v="20205484464552" t="String" n="$T" />
        <Key v="200,-300" t="Vector2" n="!$P" />
        <Key v="1" t="Int32" n="!IT" />
        <Key v="Apply" t="String" n="Trig" />
      </Data>
      <Data n="20207136449761e">
        <Key v="20205484483351" t="String" n="$T" />
        <Key v="450,-300" t="Vector2" n="!$P" />
        <Key v="cg1" t="String" n="!BA" />
        <Key v="Interrupt" t="String" n="Act" />
      </Data>
      <Data n="20207136468377e">
        <Key v="20205484464552" t="String" n="$T" />
        <Key v="200,-400" t="Vector2" n="!$P" />
        <Key v="1" t="Int32" n="!IT" />
        <Key v="RoundStart" t="String" n="Trig" />
      </Data>
      <Data n="20207136472148e">
        <Key v="20207116075055" t="String" n="$T" />
        <Key v="500,-400" t="Vector2" n="!$P" />
        <Key v="1" t="Int32" n="!IsD" />
        <Key v="1" t="Int32" n="Bns" />
        <Key v="Energy" t="String" n="DmgT" />
        <Key v="1" t="Int32" n="Pmhp" />
      </Data>
      <Data n="20207136653335e">
        <Key v="20205344030099" t="String" n="$T" />
        <Key v="1300,-400" t="Vector2" n="!$P" />
        <Key v="add" t="String" n="Mod" />
        <Key v="-1" t="Decimal" n="Val" />
        <Key v="1" t="String" n="!UV" />
        <Key v="1" t="Int32" n="!K" />
        <Key v="1" t="Decimal" n="Var" />
      </Data>
      <Data n="20207136656333e">
        <Key v="20205410728894" t="String" n="$T" />
        <Key v="800,-400" t="Vector2" n="!$P" />
        <Key v="1" t="Int32" n="!IC" />
        <Key v="Ta" t="String" n="Typ" />
      </Data>
      <Data n="20207136657960e">
        <Key v="20205410728894" t="String" n="$T" />
        <Key v="1050,-400" t="Vector2" n="!$P" />
        <Key v="ene" t="String" n="!!Att" />
        <Key v="X20205337440745" t="String" n="Att" />
      </Data>
      <Data n="20207091416067e">
        <Key v="20205410801114" t="String" n="$T" />
        <Key v="200,-550" t="Vector2" n="!$P" />
      </Data>
    </Data>
    <Data n="$Conns">
      <Data n="20207088789222c">
        <Key v="20207088788863e" t="String" n="$E" />
      </Data>
      <Data n="20207088810470c">
        <Key v="20207088788863e" t="String" n="$S" />
        <Key v="20207088810466e" t="String" n="$E" />
      </Data>
      <Data n="20207091418215c">
        <Key v="20207088810466e" t="String" n="$S" />
        <Key v="20207088811254e" t="String" n="$E" />
      </Data>
      <Data n="20207136447926c">
        <Key v="20207136447922e" t="String" n="$E" />
      </Data>
      <Data n="20207091416888c">
        <Key v="20207091416067e" t="String" n="$E" />
      </Data>
      <Data n="20207136450024c">
        <Key v="20207136447922e" t="String" n="$S" />
        <Key v="20207136449761e" t="String" n="$E" />
      </Data>
      <Data n="20207136459755c">
        <Key v="20207136459749e" t="String" n="$E" />
      </Data>
      <Data n="20207136462773c">
        <Key v="20207136459749e" t="String" n="$S" />
        <Key v="20207136462389e" t="String" n="$E" />
      </Data>
      <Data n="20207136463995c">
        <Key v="20207136462389e" t="String" n="$S" />
        <Key v="20207136463602e" t="String" n="$E" />
      </Data>
      <Data n="20207136468382c">
        <Key v="20207136468377e" t="String" n="$E" />
      </Data>
      <Data n="20207136472677c">
        <Key v="20207136468377e" t="String" n="$S" />
        <Key v="20207136472148e" t="String" n="$E" />
      </Data>
      <Data n="20207136497319c">
        <Key v="20207136496048e" t="String" n="$E" />
      </Data>
      <Data n="20207136641241c">
        <Key v="20207136640703e" t="String" n="$E" />
      </Data>
      <Data n="20207136634877c">
        <Key v="20207136601135e" t="String" n="$S" />
        <Key v="20207136617132e" t="String" n="$E" />
      </Data>
      <Data n="20207136633826c">
        <Key v="20207136498487e" t="String" n="$S" />
        <Key v="20207136601135e" t="String" n="$E" />
      </Data>
      <Data n="20207136627425c">
        <Key v="20207136496048e" t="String" n="$S" />
        <Key v="20207136498487e" t="String" n="$E" />
      </Data>
      <Data n="20207136642300c">
        <Key v="20207136640703e" t="String" n="$S" />
        <Key v="20207136641875e" t="String" n="$E" />
      </Data>
      <Data n="20207136642821c">
        <Key v="20207136641875e" t="String" n="$S" />
        <Key v="20207136642817e" t="String" n="$E" />
      </Data>
      <Data n="20207136661738c">
        <Key v="20207136657960e" t="String" n="$S" />
        <Key v="20207136653335e" t="String" n="$E" />
      </Data>
      <Data n="20207136657701c">
        <Key v="20207136472148e" t="String" n="$S" />
        <Key v="20207136656333e" t="String" n="$E" />
      </Data>
      <Data n="20207136659774c">
        <Key v="20207136656333e" t="String" n="$S" />
        <Key v="20207136657960e" t="String" n="$E" />
      </Data>
      <Data n="20207188802885c">
        <Key v="20207136463602e" t="String" n="$S" />
        <Key v="20207188802426e" t="String" n="$E" />
      </Data>
    </Data>
  </Data>
</DataRoot>