﻿<?xml version="1.0" encoding="utf-8"?>
<DataRoot n="">
  <Data n="!MAP">
    <Data n="_ROOTS">
      <Key v="-157,649" t="Vector2" n="!$MP" />
      <Key v="0.6,0.6,0.6" t="Vector3" n="!$MZ" />
    </Data>
    <Data n="E20158654758955">
      <Key v="-540,22" t="Vector2" n="!$MP" />
      <Key v="1,1,1" t="Vector3" n="!$MZ" />
    </Data>
    <Data n="E20157576778873">
      <Key v="0,0" t="Vector2" n="!$MP" />
      <Key v="1,1,1" t="Vector3" n="!$MZ" />
    </Data>
    <Data n="E20162628776990">
      <Key v="0,0" t="Vector2" n="!$MP" />
      <Key v="1,1,1" t="Vector3" n="!$MZ" />
    </Data>
    <Data n="E20209947549749">
      <Key v="-145,-144" t="Vector2" n="!$MP" />
      <Key v="0.8,0.8,0.8" t="Vector3" n="!$MZ" />
    </Data>
    <Data n="E20187908482268">
      <Key v="-602,121" t="Vector2" n="!$MP" />
      <Key v="0.9,0.9,0.9" t="Vector3" n="!$MZ" />
    </Data>
    <Data n="E20187908481309">
      <Key v="0,0" t="Vector2" n="!$MP" />
      <Key v="1,1,1" t="Vector3" n="!$MZ" />
    </Data>
    <Data n="E20186379188613">
      <Key v="0,0" t="Vector2" n="!$MP" />
      <Key v="1,1,1" t="Vector3" n="!$MZ" />
    </Data>
  </Data>
</DataRoot>