﻿<?xml version="1.0" encoding="utf-8"?>
<DataRoot n="E">
  <Data n="20186516237240">
    <Data n="$Elems">
      <Data n="20206514582403e">
        <Key v="300,100" t="Vector2" n="!$P" />
        <Key v="20206353320369" t="String" n="$T" />
        <Key v="CkP" t="String" n="GT" />
        <Key v="Bashed_hlidana_oblast" t="String" n="Z" />
        <Key v="1" t="String" n="I" />
        <Key v="CkC,CkI,CkP" t="String" n="Fil" />
      </Data>
      <Data n="20206514582404e">
        <Key v="300,-100" t="Vector2" n="!$P" />
        <Key v="20206353096456" t="String" n="$T" />
        <Key v="CkD" t="String" n="GT" />
        <Key v="D20178317668667" t="String" n="Dlg" />
      </Data>
    </Data>
    <Data n="$Conns">
      <Data n="20206514582403c">
        <Key v="20206514582403e" t="String" n="$E" />
      </Data>
      <Data n="20206514582404c">
        <Key v="20206514582404e" t="String" n="$E" />
      </Data>
    </Data>
  </Data>
</DataRoot>