﻿<?xml version="1.0" encoding="utf-8"?>
<DataRoot n="E">
  <Data n="20178581156764">
    <Data n="$Elems">
      <Data n="20206514582401e">
        <Key v="300,100" t="Vector2" n="!$P" />
        <Key v="20206353320369" t="String" n="$T" />
        <Key v="CkI" t="String" n="GT" />
        <Key v="SkH" t="String" n="T" />
        <Key v="I20167286301825" t="String" n="It" />
        <Key v="20" t="String" n="C" />
      </Data>
      <Data n="20206514582402e">
        <Key v="300,-100" t="Vector2" n="!$P" />
        <Key v="_EFunc" t="String" n="$T" />
        <Key v="G1" t="String" n="GT" />
        <Key v="1" t="Int32" n="T2" />
        <Key v="2" t="Decimal" n="Val" />
        <Key v="Quest_neco_za_neco_stav" t="String" n="Cnt" />
        <Key v="Os" t="String" n="O" />
      </Data>
    </Data>
    <Data n="$Conns">
      <Data n="20206514582401c">
        <Key v="20206514582401e" t="String" n="$E" />
      </Data>
      <Data n="20206514582402c">
        <Key v="20206514582402e" t="String" n="$E" />
      </Data>
    </Data>
  </Data>
</DataRoot>