﻿<?xml version="1.0" encoding="utf-8"?>
<DataRoot n="E">
  <Data n="20158654758955">
    <Data n="$Elems">
      <Data n="20206514582398e">
        <Key v="300,100" t="Vector2" n="!$P" />
        <Key v="20206353320369" t="String" n="$T" />
        <Key v="CkT" t="String" n="GT" />
        <Key v="StD" t="String" n="T" />
        <Key v="5" t="String" n="Dy" />
      </Data>
      <Data n="20206514582399e">
        <Key v="650,100" t="Vector2" n="!$P" />
        <Key v="20206353320369" t="String" n="$T" />
        <Key v="CkT" t="String" n="GT" />
        <Key v="StD" t="String" n="T" />
        <Key v="7" t="String" n="Dy" />
      </Data>
      <Data n="20206514582400e">
        <Key v="1000,100" t="Vector2" n="!$P" />
        <Key v="20206353320369" t="String" n="$T" />
        <Key v="CkT" t="String" n="GT" />
        <Key v="StI" t="String" n="T" />
        <Key v="22" t="String" n="Mi" />
      </Data>
      <Data n="20206514582401e">
        <Key v="300,-100" t="Vector2" n="!$P" />
        <Key v="20206353096456" t="String" n="$T" />
        <Key v="Inomos jde do hospody &quot;U plnoho břicha&quot;, vrací se kolem 2:00" t="String" n="!%Txt" />
        <Key v="" t="String" n="GT" />
      </Data>
    </Data>
    <Data n="$Conns">
      <Data n="20206514582398c">
        <Key v="20206514582398e" t="String" n="$E" />
      </Data>
      <Data n="20206514582399c">
        <Key v="20206514582399e" t="String" n="$E" />
        <Key v="20206514582398e" t="String" n="$S" />
      </Data>
      <Data n="20206514582400c">
        <Key v="20206514582400e" t="String" n="$E" />
        <Key v="20206514582399e" t="String" n="$S" />
      </Data>
      <Data n="20206514582401c">
        <Key v="20206514582401e" t="String" n="$E" />
      </Data>
    </Data>
  </Data>
</DataRoot>