﻿<?xml version="1.0" encoding="utf-8"?>
<DataRoot n="E">
  <Data n="20177241809853">
    <Data n="$Elems">
      <Data n="20206514582400e">
        <Key v="300,100" t="Vector2" n="!$P" />
        <Key v="20206353320369" t="String" n="$T" />
        <Key v="CkP" t="String" n="GT" />
        <Key v="Cross_hlidana_oblast" t="String" n="Z" />
        <Key v="1" t="String" n="I" />
        <Key v="CkC,CkI,CkP" t="String" n="Fil" />
      </Data>
      <Data n="20206514582401e">
        <Key v="300,-100" t="Vector2" n="!$P" />
        <Key v="20206353096456" t="String" n="$T" />
        <Key v="CkD" t="String" n="GT" />
        <Key v="D20181404634413" t="String" n="Dlg" />
      </Data>
      <Data n="20206514582402e">
        <Key v="650,-100" t="Vector2" n="!$P" />
        <Key v="20206353096456" t="String" n="$T" />
        <Key v="CkP" t="String" n="GT" />
        <Key v="Cross_vstup_zona" t="String" n="Z" />
        <Key v="0" t="String" n="TR" />
      </Data>
    </Data>
    <Data n="$Conns">
      <Data n="20206514582400c">
        <Key v="20206514582400e" t="String" n="$E" />
      </Data>
      <Data n="20206514582401c">
        <Key v="20206514582401e" t="String" n="$E" />
      </Data>
      <Data n="20206514582402c">
        <Key v="20206514582402e" t="String" n="$E" />
        <Key v="20206514582401e" t="String" n="$S" />
      </Data>
    </Data>
  </Data>
</DataRoot>