﻿<?xml version="1.0" encoding="utf-8"?>
<DataRoot n="E">
  <Data n="20186492805350">
    <Data n="$Elems">
      <Data n="20206514582403e">
        <Key v="300,100" t="Vector2" n="!$P" />
        <Key v="20206353320369" t="String" n="$T" />
        <Key v="CkP" t="String" n="GT" />
        <Key v="Condra_Skladiste_farma" t="String" n="Z" />
      </Data>
      <Data n="20206514582404e">
        <Key v="300,-100" t="Vector2" n="!$P" />
        <Key v="20206353096456" t="String" n="$T" />
        <Key v="CkP" t="String" n="GT" />
        <Key v="The_Sour_dialog" t="String" n="Z" />
        <Key v="0" t="String" n="TR" />
      </Data>
      <Data n="20206514582405e">
        <Key v="650,-100" t="Vector2" n="!$P" />
        <Key v="20206353096456" t="String" n="$T" />
        <Key v="CkD" t="String" n="GT" />
        <Key v="D20178318005420" t="String" n="Dlg" />
      </Data>
    </Data>
    <Data n="$Conns">
      <Data n="20206514582403c">
        <Key v="20206514582403e" t="String" n="$E" />
      </Data>
      <Data n="20206514582404c">
        <Key v="20206514582404e" t="String" n="$E" />
      </Data>
      <Data n="20206514582405c">
        <Key v="20206514582405e" t="String" n="$E" />
        <Key v="20206514582404e" t="String" n="$S" />
      </Data>
    </Data>
  </Data>
</DataRoot>