﻿<?xml version="1.0" encoding="utf-8"?>
<DataRoot n="E">
  <Data n="20157576778873">
    <Data n="$Elems">
      <Data n="20206514582397e">
        <Key v="300,100" t="Vector2" n="!$P" />
        <Key v="20206353320369" t="String" n="$T" />
        <Key v="CkT" t="String" n="GT" />
        <Key v="StA" t="String" n="T" />
        <Key v="24" t="String" n="Ho" />
      </Data>
      <Data n="20206514582398e">
        <Key v="300,-100" t="Vector2" n="!$P" />
        <Key v="_EFunc" t="String" n="$T" />
        <Key v="G1" t="String" n="GT" />
        <Key v="1" t="Int32" n="T2" />
        <Key v="2" t="Decimal" n="Val" />
        <Key v="Belif_q_dobytek_cas" t="String" n="Cnt" />
        <Key v="Os" t="String" n="O" />
      </Data>
      <Data n="20206514582400e">
        <Key v="650,100" t="Vector2" n="!$P" />
        <Key v="20206353320369" t="String" n="$T" />
        <Key v="CkT" t="String" n="GT" />
        <Key v="StI" t="String" n="T" />
        <Key v="6" t="String" n="Mi" />
      </Data>
    </Data>
    <Data n="$Conns">
      <Data n="20206514582397c">
        <Key v="20206514582397e" t="String" n="$E" />
      </Data>
      <Data n="20206514582399c">
        <Key v="20206514582398e" t="String" n="$E" />
      </Data>
      <Data n="20206514582400c">
        <Key v="20206514582400e" t="String" n="$E" />
        <Key v="20206514582397e" t="String" n="$S" />
      </Data>
    </Data>
  </Data>
</DataRoot>