﻿<?xml version="1.0" encoding="utf-8"?>
<DataRoot n="E">
  <Data n="20177575835915">
    <Data n="$Elems">
      <Data n="20206514582399e">
        <Key v="300,-100" t="Vector2" n="!$P" />
        <Key v="20206353096456" t="String" n="$T" />
        <Key v="CkC" t="String" n="GT" />
        <Key v="SaG" t="String" n="T" />
        <Key v="C20177574410331" t="String" n="Cont" />
        <Key v="Condra_bazina_05" t="String" n="TZ" />
      </Data>
      <Data n="20206514582400e">
        <Key v="650,-100" t="Vector2" n="!$P" />
        <Key v="20206353096456" t="String" n="$T" />
        <Key v="CkC" t="String" n="GT" />
        <Key v="SaG" t="String" n="T" />
        <Key v="C20177574410331" t="String" n="Cont" />
        <Key v="Condra_bazina_06" t="String" n="TZ" />
      </Data>
      <Data n="20206514582401e">
        <Key v="1000,-100" t="Vector2" n="!$P" />
        <Key v="20206353096456" t="String" n="$T" />
        <Key v="CkC" t="String" n="GT" />
        <Key v="SaG" t="String" n="T" />
        <Key v="C20177574410331" t="String" n="Cont" />
        <Key v="Condra_bazina_07" t="String" n="TZ" />
      </Data>
      <Data n="20206514582402e">
        <Key v="1350,-100" t="Vector2" n="!$P" />
        <Key v="20206353096456" t="String" n="$T" />
        <Key v="CkC" t="String" n="GT" />
        <Key v="SaG" t="String" n="T" />
        <Key v="C20177574363930" t="String" n="Cont" />
        <Key v="Condra_bazina_08" t="String" n="TZ" />
      </Data>
      <Data n="20206514582403e">
        <Key v="1700,-100" t="Vector2" n="!$P" />
        <Key v="20206353096456" t="String" n="$T" />
        <Key v="CkC" t="String" n="GT" />
        <Key v="SaG" t="String" n="T" />
        <Key v="C20177430649126" t="String" n="Cont" />
        <Key v="Condra_bazina_05" t="String" n="TZ" />
      </Data>
      <Data n="20206514582404e">
        <Key v="2050,-100" t="Vector2" n="!$P" />
        <Key v="20206353096456" t="String" n="$T" />
        <Key v="CkC" t="String" n="GT" />
        <Key v="SaG" t="String" n="T" />
        <Key v="C20177430649126" t="String" n="Cont" />
        <Key v="Condra_bazina_06" t="String" n="TZ" />
      </Data>
      <Data n="20206514582405e">
        <Key v="2400,-100" t="Vector2" n="!$P" />
        <Key v="20206353096456" t="String" n="$T" />
        <Key v="CkC" t="String" n="GT" />
        <Key v="SaG" t="String" n="T" />
        <Key v="C20177430649126" t="String" n="Cont" />
        <Key v="Condra_bazina_07" t="String" n="TZ" />
      </Data>
      <Data n="20206514582406e">
        <Key v="2750,-100" t="Vector2" n="!$P" />
        <Key v="20206353096456" t="String" n="$T" />
        <Key v="CkC" t="String" n="GT" />
        <Key v="SaG" t="String" n="T" />
        <Key v="C20177430649126" t="String" n="Cont" />
        <Key v="Condra_bazina_08" t="String" n="TZ" />
      </Data>
    </Data>
    <Data n="$Conns">
      <Data n="20206514582399c">
        <Key v="20206514582399e" t="String" n="$E" />
      </Data>
      <Data n="20206514582400c">
        <Key v="20206514582400e" t="String" n="$E" />
        <Key v="20206514582399e" t="String" n="$S" />
      </Data>
      <Data n="20206514582401c">
        <Key v="20206514582401e" t="String" n="$E" />
        <Key v="20206514582400e" t="String" n="$S" />
      </Data>
      <Data n="20206514582402c">
        <Key v="20206514582402e" t="String" n="$E" />
        <Key v="20206514582401e" t="String" n="$S" />
      </Data>
      <Data n="20206514582403c">
        <Key v="20206514582403e" t="String" n="$E" />
        <Key v="20206514582402e" t="String" n="$S" />
      </Data>
      <Data n="20206514582404c">
        <Key v="20206514582404e" t="String" n="$E" />
        <Key v="20206514582403e" t="String" n="$S" />
      </Data>
      <Data n="20206514582405c">
        <Key v="20206514582405e" t="String" n="$E" />
        <Key v="20206514582404e" t="String" n="$S" />
      </Data>
      <Data n="20206514582406c">
        <Key v="20206514582406e" t="String" n="$E" />
        <Key v="20206514582405e" t="String" n="$S" />
      </Data>
    </Data>
  </Data>
</DataRoot>