﻿<?xml version="1.0" encoding="utf-8"?>
<DataRoot n="E">
  <Data n="20162628776990">
    <Data n="$Elems">
      <Data n="20206514582399e">
        <Key v="300,100" t="Vector2" n="!$P" />
        <Key v="20206353320369" t="String" n="$T" />
        <Key v="Niome není v dosahu." t="String" n="!%Txt" />
        <Key v="" t="String" n="GT" />
      </Data>
      <Data n="20206514582400e">
        <Key v="300,-100" t="Vector2" n="!$P" />
        <Key v="20206353096456" t="String" n="$T" />
        <Key v="Iaia vyběhne za družinou ven z laboratoře" t="String" n="!%Txt" />
        <Key v="" t="String" n="GT" />
      </Data>
    </Data>
    <Data n="$Conns">
      <Data n="20206514582399c">
        <Key v="20206514582399e" t="String" n="$E" />
      </Data>
      <Data n="20206514582400c">
        <Key v="20206514582400e" t="String" n="$E" />
      </Data>
    </Data>
  </Data>
</DataRoot>