﻿<?xml version="1.0" encoding="utf-8"?>
<DataRoot n="E">
  <Data n="20158654672390">
    <Data n="$Elems">
      <Data n="20206514582398e">
        <Key v="300,100" t="Vector2" n="!$P" />
        <Key v="20206353320369" t="String" n="$T" />
        <Key v="CkT" t="String" n="GT" />
        <Key v="StA" t="String" n="T" />
        <Key v="4" t="String" n="Ho" />
      </Data>
      <Data n="20206514582399e">
        <Key v="650,100" t="Vector2" n="!$P" />
        <Key v="_EGate" t="String" n="$T" />
        <Key v="G1" t="String" n="GT" />
        <Key v="1" t="Int32" n="T2" />
        <Key v="1" t="Decimal" n="Val" />
        <Key v="Zeis_q_Vloupacka_stav_bezpecnosti" t="String" n="Cnt" />
        <Key v="Oeg" t="String" n="O" />
      </Data>
      <Data n="20206514582400e">
        <Key v="1000,100" t="Vector2" n="!$P" />
        <Key v="_EGate" t="String" n="$T" />
        <Key v="G1" t="String" n="GT" />
        <Key v="1" t="Int32" n="T2" />
        <Key v="2" t="Decimal" n="Val" />
        <Key v="Zeis_q_Vloupacka_stav_bezpecnosti" t="String" n="Cnt" />
        <Key v="Oel" t="String" n="O" />
      </Data>
      <Data n="20206514582401e">
        <Key v="1350,100" t="Vector2" n="!$P" />
        <Key v="_EGate" t="String" n="$T" />
        <Key v="G1" t="String" n="GT" />
        <Key v="1" t="Int32" n="T2" />
        <Key v="0" t="Decimal" n="Val" />
        <Key v="Denni_doba" t="String" n="Cnt" />
        <Key v="Oe" t="String" n="O" />
      </Data>
      <Data n="20206514582402e">
        <Key v="300,-100" t="Vector2" n="!$P" />
        <Key v="20206353096456" t="String" n="$T" />
        <Key v="Zámky a pasti, které byly poškozeny se opraví. Veškeré pasti a zámky se navýší o 2 stupně nebezpečnosti." t="String" n="!%Txt" />
        <Key v="" t="String" n="GT" />
      </Data>
    </Data>
    <Data n="$Conns">
      <Data n="20206514582398c">
        <Key v="20206514582398e" t="String" n="$E" />
      </Data>
      <Data n="20206514582399c">
        <Key v="20206514582399e" t="String" n="$E" />
        <Key v="20206514582398e" t="String" n="$S" />
      </Data>
      <Data n="20206514582400c">
        <Key v="20206514582400e" t="String" n="$E" />
        <Key v="20206514582399e" t="String" n="$S" />
      </Data>
      <Data n="20206514582401c">
        <Key v="20206514582401e" t="String" n="$E" />
        <Key v="20206514582400e" t="String" n="$S" />
      </Data>
      <Data n="20206514582402c">
        <Key v="20206514582402e" t="String" n="$E" />
      </Data>
    </Data>
  </Data>
</DataRoot>