﻿<?xml version="1.0" encoding="utf-8"?>
<DataRoot n="">
  <Data n="_ROOTS">
    <Key v="-172,-9" t="Vector2" n="!$MP" />
    <Key v="1.2,1.2,1.2" t="Vector3" n="!$MZ" />
    <Key v="20208343389537" t="String" n="!$LC" />
    <Data n="$Elems">
      <Data n="T20206536874365">
        <Key v="0,0" t="Vector2" n="!$P" />
        <Key v="20208343387620" t="String" n="!$LC" />
        <Key v="Tomb_Dextra_wall" t="String" n="!KN" />
        <Key v="Co je pravdy na legendě o Warfinovi, to se dnes už asi nedozvíme. Intuice nám říká, že vše, co se jsme se o něm ze starých písní naučili, není a nemůže být skutečnost. Protože pokud se nad jeho životem a skutky jen trochu zamyslíme, musí nám býti více než jasné, že by tato osoba musela být polobohem, aby dokázala vykonat veškeré ty bájné činy.&#xD;&#xA;Vypráví se, že procestoval svět křížem krážem a bojoval snad se vším, co kdy spatřilo světlo světa. Chamtiví draci, krvelační obři, zdivočelí elementálové. Všichni se před ním museli sklonit, včetně přírodních živlů. Ohni a vodě se vysmíval, větru a dešti poroučel. Celá příroda se stala jeho vazalem. Stromy ve strachu vytrhávaly své kořeny ze země a prchaly pryč, když se přiblížil. Řeky se ho bály natolik, že měnily svá koryta, jen aby jim nikdy nezkřížil cestu. Hory pukaly vedví, aby mu mohly ustoupit stranou. Zdálo se, že mu na světě není rovno. Leč i on nakonec nalezl svého přemožitele. Když ve své pýše a marnivosti vyzval na souboj samotné Slunce a Měsíc, prohrál a celý svět si konečně vydechl. Jeho nehybné tělo bylo naloženo na vůz tažený šestnácti býky a odvezeno do zapečené mohyly, kde spočívá dodnes.&#xD;&#xA;Zde tedy leží jeden z nejstrašlivějších bojovníků světa, jehož slovo bylo mocnější než jakýkoliv zákon. Hrobka je zapečetěna tou nejsilnější magií tohoto světa, aby se nikdy nemohla obnovit jeho krutovláda nad světem. Pro blaho a spokojenost nás všech. Protože pokud by se přeci jen někdy probudil z věčného spánku, nastal by jistě konec světa." t="String" n="%Txt" />
        <Key v="Lim" t="String" n="!L" />
        <Key v="Organizace Dextra" t="String" n="!P" />
      </Data>
    </Data>
  </Data>
</DataRoot>