﻿<?xml version="1.0" encoding="utf-8"?>
<DataRoot n="">
  <Data n="!FOLD">
    <Key v="1" t="Int32" n="D20181355635846" />
    <Key v="1" t="Int32" n="D20178318855664" />
    <Key v="1" t="Int32" n="D20178321773553" />
    <Key v="1" t="Int32" n="D20178318879788" />
    <Key v="1" t="Int32" n="D20178321782046" />
    <Key v="1" t="Int32" n="D20178321782138" />
    <Key v="1" t="Int32" n="D20178321866246" />
    <Key v="1" t="Int32" n="D20178322000375" />
    <Key v="1" t="Int32" n="D20181404790674" />
    <Key v="1" t="Int32" n="D20178964669485" />
    <Key v="1" t="Int32" n="D20178413643806" />
    <Key v="1" t="Int32" n="D20181355744755" />
    <Key v="1" t="Int32" n="D20181118522760" />
    <Key v="1" t="Int32" n="D20178317784298" />
    <Key v="1" t="Int32" n="D20181405769088" />
    <Key v="1" t="Int32" n="D20181405769434" />
    <Key v="1" t="Int32" n="D20181405769588" />
    <Key v="1" t="Int32" n="D20181405769717" />
    <Key v="1" t="Int32" n="D20181405769913" />
    <Key v="1" t="Int32" n="D20178491860941" />
    <Key v="1" t="Int32" n="D20177241735695" />
    <Key v="1" t="Int32" n="D20176881779573" />
    <Key v="1" t="Int32" n="D20177011283460" />
    <Key v="1" t="Int32" n="D20178317571640" />
    <Key v="1" t="Int32" n="D20178317622670" />
    <Key v="1" t="Int32" n="D20178317668667" />
    <Key v="1" t="Int32" n="D20178317784377" />
    <Key v="1" t="Int32" n="D20178318005420" />
    <Key v="1" t="Int32" n="D20182078796500" />
    <Key v="1" t="Int32" n="D20177241787709" />
    <Key v="1" t="Int32" n="D20178317052275" />
    <Key v="1" t="Int32" n="D20178317150340" />
    <Key v="1" t="Int32" n="D20178317231758" />
    <Key v="1" t="Int32" n="D20181404634413" />
    <Key v="1" t="Int32" n="D20156900334667" />
    <Key v="1" t="Int32" n="D20197717865991" />
    <Key v="1" t="Int32" n="D20197717871392" />
    <Key v="1" t="Int32" n="D20197718090779" />
    <Key v="1" t="Int32" n="D20197576626919" />
    <Key v="1" t="Int32" n="D20197576597973" />
    <Key v="1" t="Int32" n="D20197717884092" />
    <Key v="1" t="Int32" n="D20197716051120" />
    <Key v="1" t="Int32" n="D20197717855809" />
    <Key v="1" t="Int32" n="D20156096659732" />
    <Key v="1" t="Int32" n="D20156257268762" />
    <Key v="1" t="Int32" n="D20156330065598" />
    <Key v="1" t="Int32" n="D20156330695022" />
    <Key v="1" t="Int32" n="D20156449650147" />
    <Key v="1" t="Int32" n="D20156715531177" />
    <Key v="1" t="Int32" n="D20156900334935" />
    <Key v="1" t="Int32" n="D20162629375301" />
    <Key v="1" t="Int32" n="D20156900340661" />
    <Key v="1" t="Int32" n="D20162629441161" />
    <Key v="1" t="Int32" n="D20158518327152" />
    <Key v="1" t="Int32" n="D20156900354477" />
    <Key v="1" t="Int32" n="D20156900346567" />
    <Key v="1" t="Int32" n="D20156900346701" />
    <Key v="1" t="Int32" n="D20156406060544" />
    <Key v="1" t="Int32" n="D20183184152348" />
    <Key v="1" t="Int32" n="D20165198199267" />
  </Data>
</DataRoot>