﻿<?xml version="1.0" encoding="utf-8"?>
<DataRoot n="">
  <Data n="_ROOTS">
    <Key v="20214287241683" t="String" n="!$LC" />
    <Data n="$Elems">
      <Data n="D20181355635846">
        <Key v="20206616255859" t="String" n="!$LC" />
        <Key v="Renton 'Shifty' Ross" t="String" n="%M1" />
        <Key v="43" t="Int32" n="OldID" />
        <Key v="310,0" t="Vector2" n="!$P" />
      </Data>
      <Data n="D20156096659732">
        <Key v="20206616255859" t="String" n="!$LC" />
        <Key v="Zeis" t="String" n="%M1" />
        <Key v="0" t="Int32" n="OldID" />
        <Key v="2480,0" t="Vector2" n="!$P" />
      </Data>
      <Data n="D20156257268762">
        <Key v="20206616255859" t="String" n="!$LC" />
        <Key v="Nodra" t="String" n="%M1" />
        <Key v="1" t="Int32" n="OldID" />
        <Key v="2170,0" t="Vector2" n="!$P" />
      </Data>
      <Data n="D20156330065598">
        <Key v="20206616255859" t="String" n="!$LC" />
        <Key v="Swaon" t="String" n="%M1" />
        <Key v="2" t="Int32" n="OldID" />
        <Key v="1860,0" t="Vector2" n="!$P" />
      </Data>
      <Data n="D20156330695022">
        <Key v="20206616255859" t="String" n="!$LC" />
        <Key v="Zinnanda" t="String" n="%M1" />
        <Key v="3" t="Int32" n="OldID" />
        <Key v="1550,0" t="Vector2" n="!$P" />
      </Data>
      <Data n="D20156449650147">
        <Key v="20206616255859" t="String" n="!$LC" />
        <Key v="Belif" t="String" n="%M1" />
        <Key v="5" t="Int32" n="OldID" />
        <Key v="1240,0" t="Vector2" n="!$P" />
      </Data>
      <Data n="D20156715531177">
        <Key v="20206616255859" t="String" n="!$LC" />
        <Key v="Rey Grimm" t="String" n="%M1" />
        <Key v="Rusty Alcott" t="String" n="%M2" />
        <Key v="Shark Jason" t="String" n="%M3" />
        <Key v="6" t="Int32" n="OldID" />
        <Key v="930,0" t="Vector2" n="!$P" />
      </Data>
      <Data n="D20183184152348">
        <Key v="20206616255859" t="String" n="!$LC" />
        <Key v="Walbart" t="String" n="%M1" />
        <Key v="53" t="Int32" n="OldID" />
        <Key v="0,0" t="Vector2" n="!$P" />
      </Data>
      <Data n="D20165198199267">
        <Key v="20206616255859" t="String" n="!$LC" />
        <Key v="Oughim" t="String" n="%M1" />
        <Key v="18" t="Int32" n="OldID" />
        <Key v="620,0" t="Vector2" n="!$P" />
      </Data>
      <Data n="D20178318855664">
        <Key v="20206616255859" t="String" n="!$LC" />
        <Key v="Wolcott &quot;Spravedlivý muž&quot;" t="String" n="%M1" />
        <Key v="C01 - Dům spravedlivého muže" t="String" n="!P" />
        <Key v="32" t="Int32" n="OldID" />
        <Key v="0,-80" t="Vector2" n="!$P" />
      </Data>
      <Data n="D20178318879788">
        <Key v="20206616255859" t="String" n="!$LC" />
        <Key v="Felton 'Tricky' Hammett" t="String" n="%M1" />
        <Key v="C02 - Kouzla a čáry" t="String" n="!P" />
        <Key v="33" t="Int32" n="OldID" />
        <Key v="310,-160" t="Vector2" n="!$P" />
      </Data>
      <Data n="D20178321773553">
        <Key v="20206616255859" t="String" n="!$LC" />
        <Key v="Bradburn 'Toxic' Kellam" t="String" n="%M1" />
        <Key v="C02 - Kouzla a čáry" t="String" n="!P" />
        <Key v="34" t="Int32" n="OldID" />
        <Key v="0,-160" t="Vector2" n="!$P" />
      </Data>
      <Data n="D20178321782046">
        <Key v="20206616255859" t="String" n="!$LC" />
        <Key v="Farold 'Black Beard' Atherton" t="String" n="%M1" />
        <Key v="C03 - Zbrojířství" t="String" n="!P" />
        <Key v="35" t="Int32" n="OldID" />
        <Key v="0,-240" t="Vector2" n="!$P" />
      </Data>
      <Data n="D20178321782138">
        <Key v="20206616255859" t="String" n="!$LC" />
        <Key v="Atwell 'Grim' Shadow" t="String" n="%M1" />
        <Key v="C04 - Vetešnictví" t="String" n="!P" />
        <Key v="36" t="Int32" n="OldID" />
        <Key v="0,-320" t="Vector2" n="!$P" />
      </Data>
      <Data n="D20178321866246">
        <Key v="20206616255859" t="String" n="!$LC" />
        <Key v="Booth 'Silver Teeth' Swailes" t="String" n="%M1" />
        <Key v="C05 - Sídlo &quot;Silver Teetha&quot;" t="String" n="!P" />
        <Key v="37" t="Int32" n="OldID" />
        <Key v="0,-400" t="Vector2" n="!$P" />
      </Data>
      <Data n="D20178322000375">
        <Key v="20206616255859" t="String" n="!$LC" />
        <Key v="Nelson 'Marooner' Firion" t="String" n="%M1" />
        <Key v="C06 - Hospoda &quot;Stříbrný nůž&quot;" t="String" n="!P" />
        <Key v="38" t="Int32" n="OldID" />
        <Key v="310,-480" t="Vector2" n="!$P" />
      </Data>
      <Data n="D20181404790674">
        <Key v="20206616255859" t="String" n="!$LC" />
        <Key v="Erkel &quot;Knife&quot; Oneeyed" t="String" n="%M1" />
        <Key v="C06 - Hospoda &quot;Stříbrný nůž&quot;" t="String" n="!P" />
        <Key v="46" t="Int32" n="OldID" />
        <Key v="0,-480" t="Vector2" n="!$P" />
      </Data>
      <Data n="D20178964669485">
        <Key v="20206616255859" t="String" n="!$LC" />
        <Key v="Winter &quot;Hardon&quot; Payne" t="String" n="%M1" />
        <Key v="C10 - Loď - Zabijákův Dublon" t="String" n="!P" />
        <Key v="41" t="Int32" n="OldID" />
        <Key v="0,-560" t="Vector2" n="!$P" />
      </Data>
      <Data n="D20178413643806">
        <Key v="20206616255859" t="String" n="!$LC" />
        <Key v="Doris 'The Fox' Puck" t="String" n="%M1" />
        <Key v="C11 - Hosoda &quot;U vypíchlýho voka&quot;" t="String" n="!P" />
        <Key v="39" t="Int32" n="OldID" />
        <Key v="310,-640" t="Vector2" n="!$P" />
      </Data>
      <Data n="D20181355744755">
        <Key v="20206616255859" t="String" n="!$LC" />
        <Key v="Roper 'Rough Dog' Outerbridge" t="String" n="%M1" />
        <Key v="C11 - Hosoda &quot;U vypíchlýho voka&quot;" t="String" n="!P" />
        <Key v="44" t="Int32" n="OldID" />
        <Key v="0,-640" t="Vector2" n="!$P" />
      </Data>
      <Data n="D20181118522760">
        <Key v="20206616255859" t="String" n="!$LC" />
        <Key v="Dallin &quot;Lishak&quot; Blade" t="String" n="%M1" />
        <Key v="C12 - Lishákův dům" t="String" n="!P" />
        <Key v="42" t="Int32" n="OldID" />
        <Key v="0,-720" t="Vector2" n="!$P" />
      </Data>
      <Data n="D20178317784298">
        <Key v="20206616255859" t="String" n="!$LC" />
        <Key v="Beverly 'Raider' Voss" t="String" n="%M1" />
        <Key v="C13 - Aréna" t="String" n="!P" />
        <Key v="29" t="Int32" n="OldID" />
        <Key v="1550,-800" t="Vector2" n="!$P" />
      </Data>
      <Data n="D20181405769088">
        <Key v="20206616255859" t="String" n="!$LC" />
        <Key v="Spalding 'Plankton' Rutland" t="String" n="%M1" />
        <Key v="C13 - Aréna" t="String" n="!P" />
        <Key v="47" t="Int32" n="OldID" />
        <Key v="1240,-800" t="Vector2" n="!$P" />
      </Data>
      <Data n="D20181405769434">
        <Key v="20206616255859" t="String" n="!$LC" />
        <Key v="Amsden 'Grisly' Hayley" t="String" n="%M1" />
        <Key v="C13 - Aréna" t="String" n="!P" />
        <Key v="48" t="Int32" n="OldID" />
        <Key v="930,-800" t="Vector2" n="!$P" />
      </Data>
      <Data n="D20181405769588">
        <Key v="20206616255859" t="String" n="!$LC" />
        <Key v="Langhorne 'Savage' Ulrik" t="String" n="%M1" />
        <Key v="C13 - Aréna" t="String" n="!P" />
        <Key v="49" t="Int32" n="OldID" />
        <Key v="620,-800" t="Vector2" n="!$P" />
      </Data>
      <Data n="D20181405769717">
        <Key v="20206616255859" t="String" n="!$LC" />
        <Key v="Matilda 'Grimace' Thorne" t="String" n="%M1" />
        <Key v="C13 - Aréna" t="String" n="!P" />
        <Key v="50" t="Int32" n="OldID" />
        <Key v="310,-800" t="Vector2" n="!$P" />
      </Data>
      <Data n="D20181405769913">
        <Key v="20206616255859" t="String" n="!$LC" />
        <Key v="Walworth 'Golden Sabre' Cloven" t="String" n="%M1" />
        <Key v="C13 - Aréna" t="String" n="!P" />
        <Key v="51" t="Int32" n="OldID" />
        <Key v="0,-800" t="Vector2" n="!$P" />
      </Data>
      <Data n="D20178491860941">
        <Key v="20206616255859" t="String" n="!$LC" />
        <Key v="Bevotaine Bluntborn" t="String" n="%M1" />
        <Key v="C7 - Kovárna" t="String" n="!P" />
        <Key v="40" t="Int32" n="OldID" />
        <Key v="0,-880" t="Vector2" n="!$P" />
      </Data>
      <Data n="D20156900334935">
        <Key v="20206616255859" t="String" n="!$LC" />
        <Key v="Onot" t="String" n="%M1" />
        <Key v="Hospoda &quot;U mostu&quot;" t="String" n="!P" />
        <Key v="8" t="Int32" n="OldID" />
        <Key v="310,-960" t="Vector2" n="!$P" />
      </Data>
      <Data n="D20162629375301">
        <Key v="20206616255859" t="String" n="!$LC" />
        <Key v="Mosdany" t="String" n="%M1" />
        <Key v="Hospoda &quot;U mostu&quot;" t="String" n="!P" />
        <Key v="14" t="Int32" n="OldID" />
        <Key v="0,-960" t="Vector2" n="!$P" />
      </Data>
      <Data n="D20156900340661">
        <Key v="20206616255859" t="String" n="!$LC" />
        <Key v="Muper" t="String" n="%M1" />
        <Key v="Hospoda &quot;U plného břicha&quot;" t="String" n="!P" />
        <Key v="9" t="Int32" n="OldID" />
        <Key v="310,-1040" t="Vector2" n="!$P" />
      </Data>
      <Data n="D20162629441161">
        <Key v="20206616255859" t="String" n="!$LC" />
        <Key v="Inomos" t="String" n="%M1" />
        <Key v="Hospoda &quot;U plného břicha&quot;" t="String" n="!P" />
        <Key v="15" t="Int32" n="OldID" />
        <Key v="0,-1040" t="Vector2" n="!$P" />
      </Data>
      <Data n="D20158518327152">
        <Key v="20206616255859" t="String" n="!$LC" />
        <Key v="Kimller" t="String" n="%M1" />
        <Key v="Lesík u Manta" t="String" n="!P" />
        <Key v="13" t="Int32" n="OldID" />
        <Key v="0,-1120" t="Vector2" n="!$P" />
      </Data>
      <Data n="D20165034204153">
        <Key v="20214287102474" t="String" n="!$LC" />
        <Key v="Waldak Loyalar" t="String" n="%M1" />
        <Key v="Hlavní třída" t="String" n="!P" />
        <Key v="Městská knihovna" t="String" n="!P2" />
        <Key v="16" t="Int32" n="OldID" />
        <Key v="0,-1200" t="Vector2" n="!$P" />
        <Key v="Lim" t="String" n="!L" />
      </Data>
      <Data n="D20165156705493">
        <Key v="20214287109384" t="String" n="!$LC" />
        <Key v="Mornog" t="String" n="%M1" />
        <Key v="Hlavní třída" t="String" n="!P" />
        <Key v="Radnice" t="String" n="!P2" />
        <Key v="17" t="Int32" n="OldID" />
        <Key v="0,-1280" t="Vector2" n="!$P" />
        <Key v="Lim" t="String" n="!L" />
      </Data>
      <Data n="D20156900334667">
        <Key v="20206616255859" t="String" n="!$LC" />
        <Key v="Riny Ormves" t="String" n="%M1" />
        <Key v="Mantská Radnice" t="String" n="!P" />
        <Key v="7" t="Int32" n="OldID" />
        <Key v="0,-1360" t="Vector2" n="!$P" />
      </Data>
      <Data n="D20156900354477">
        <Key v="20206616255859" t="String" n="!$LC" />
        <Key v="Morg" t="String" n="%M1" />
        <Key v="Morgův skromný dům" t="String" n="!P" />
        <Key v="12" t="Int32" n="OldID" />
        <Key v="0,-1440" t="Vector2" n="!$P" />
      </Data>
      <Data n="D20156900346567">
        <Key v="20206616255859" t="String" n="!$LC" />
        <Key v="Niomy Herballower" t="String" n="%M1" />
        <Key v="Niominina alchymistická laboratoř" t="String" n="!P" />
        <Key v="10" t="Int32" n="OldID" />
        <Key v="310,-1520" t="Vector2" n="!$P" />
      </Data>
      <Data n="D20156900346701">
        <Key v="20206616255859" t="String" n="!$LC" />
        <Key v="Iaia" t="String" n="%M1" />
        <Key v="Niominina alchymistická laboratoř" t="String" n="!P" />
        <Key v="11" t="Int32" n="OldID" />
        <Key v="0,-1520" t="Vector2" n="!$P" />
      </Data>
      <Data n="D20197717865991">
        <Key v="20206616255859" t="String" n="!$LC" />
        <Key v="Ravakain Soldshort" t="String" n="%M1" />
        <Key v="Obchodní čtvrť" t="String" n="!P" />
        <Key v="Alchymistická gilda" t="String" n="!P2" />
        <Key v="58" t="Int32" n="OldID" />
        <Key v="310,-1600" t="Vector2" n="!$P" />
      </Data>
      <Data n="D20197717871392">
        <Key v="20206616255859" t="String" n="!$LC" />
        <Key v="Jamhand" t="String" n="%M1" />
        <Key v="Obchodní čtvrť" t="String" n="!P" />
        <Key v="Alchymistická gilda" t="String" n="!P2" />
        <Key v="59" t="Int32" n="OldID" />
        <Key v="0,-1600" t="Vector2" n="!$P" />
      </Data>
      <Data n="D20197718090779">
        <Key v="20206616255859" t="String" n="!$LC" />
        <Key v="Laura Basi" t="String" n="%M1" />
        <Key v="Obchodní čtvrť" t="String" n="!P" />
        <Key v="Cech zlodějů" t="String" n="!P2" />
        <Key v="61" t="Int32" n="OldID" />
        <Key v="0,-1680" t="Vector2" n="!$P" />
      </Data>
      <Data n="D20197576626919">
        <Key v="20206616255859" t="String" n="!$LC" />
        <Key v="Walmorn" t="String" n="%M1" />
        <Key v="Obchodní čtvrť" t="String" n="!P" />
        <Key v="Hospoda &quot;Růžek&quot;" t="String" n="!P2" />
        <Key v="55" t="Int32" n="OldID" />
        <Key v="0,-1760" t="Vector2" n="!$P" />
      </Data>
      <Data n="D20197576597973">
        <Key v="20206616255859" t="String" n="!$LC" />
        <Key v="Greegis" t="String" n="%M1" />
        <Key v="Obchodní čtvrť" t="String" n="!P" />
        <Key v="Hospoda &quot;U šneka&quot;" t="String" n="!P2" />
        <Key v="54" t="Int32" n="OldID" />
        <Key v="0,-1840" t="Vector2" n="!$P" />
      </Data>
      <Data n="D20197717884092">
        <Key v="20206616255859" t="String" n="!$LC" />
        <Key v="Vickul" t="String" n="%M1" />
        <Key v="Obchodní čtvrť" t="String" n="!P" />
        <Key v="Kovárna &quot;Ocelová paže&quot;" t="String" n="!P2" />
        <Key v="60" t="Int32" n="OldID" />
        <Key v="0,-1920" t="Vector2" n="!$P" />
      </Data>
      <Data n="D20197716051120">
        <Key v="20206616255859" t="String" n="!$LC" />
        <Key v="Ianroar Darkeyes" t="String" n="%M1" />
        <Key v="Obchodní čtvrť" t="String" n="!P" />
        <Key v="Vetešnictví &quot;Temné oko&quot;" t="String" n="!P2" />
        <Key v="56" t="Int32" n="OldID" />
        <Key v="0,-2000" t="Vector2" n="!$P" />
      </Data>
      <Data n="D20197717855809">
        <Key v="20206616255859" t="String" n="!$LC" />
        <Key v="Krisonna" t="String" n="%M1" />
        <Key v="Obchodní čtvrť" t="String" n="!P" />
        <Key v="Vetešnictví &quot;Wonderlust&quot;" t="String" n="!P2" />
        <Key v="57" t="Int32" n="OldID" />
        <Key v="0,-2080" t="Vector2" n="!$P" />
      </Data>
      <Data n="D20177241735695">
        <Key v="20206616255859" t="String" n="!$LC" />
        <Key v="Claxton 'Treason' Granite" t="String" n="%M1" />
        <Key v="Skupiny - Hardon" t="String" n="!P" />
        <Key v="19" t="Int32" n="OldID" />
        <Key v="0,-2160" t="Vector2" n="!$P" />
      </Data>
      <Data n="D20176881779573">
        <Key v="20206616255859" t="String" n="!$LC" />
        <Key v="Derwin &quot;Hook&quot; Clare" t="String" n="%M1" />
        <Key v="Skupiny - Hardon" t="String" n="!P" />
        <Key v="20" t="Int32" n="OldID" />
        <Key v="620,-2160" t="Vector2" n="!$P" />
      </Data>
      <Data n="D20177011283460">
        <Key v="20206616255859" t="String" n="!$LC" />
        <Key v="Sedgwick &quot;Crabby&quot; Webb" t="String" n="%M1" />
        <Key v="Beacher &quot;Shark Bait&quot; Seymour" t="String" n="%M2" />
        <Key v="Derwin Clare" t="String" n="%M3" />
        <Key v="Skupiny - Hardon" t="String" n="!P" />
        <Key v="21" t="Int32" n="OldID" />
        <Key v="310,-2160" t="Vector2" n="!$P" />
      </Data>
      <Data n="D20178317571640">
        <Key v="20206616255859" t="String" n="!$LC" />
        <Key v="Afton 'The Wall' Outerbridge" t="String" n="%M1" />
        <Key v="Skupiny - Lishak" t="String" n="!P" />
        <Key v="26" t="Int32" n="OldID" />
        <Key v="1550,-2240" t="Vector2" n="!$P" />
      </Data>
      <Data n="D20178317622670">
        <Key v="20206616255859" t="String" n="!$LC" />
        <Key v="Broderick 'Seafarer' Keetes" t="String" n="%M1" />
        <Key v="Afton 'The Wall' Outerbridge" t="String" n="%M2" />
        <Key v="Skupiny - Lishak" t="String" n="!P" />
        <Key v="27" t="Int32" n="OldID" />
        <Key v="1240,-2240" t="Vector2" n="!$P" />
      </Data>
      <Data n="D20178317668667">
        <Key v="20206616255859" t="String" n="!$LC" />
        <Key v="Egberta 'Bashed' Xander" t="String" n="%M1" />
        <Key v="Skupiny - Lishak" t="String" n="!P" />
        <Key v="28" t="Int32" n="OldID" />
        <Key v="930,-2240" t="Vector2" n="!$P" />
      </Data>
      <Data n="D20178317784377">
        <Key v="20206616255859" t="String" n="!$LC" />
        <Key v="Hayley 'Softy' Yeardley" t="String" n="%M1" />
        <Key v="Skupiny - Lishak" t="String" n="!P" />
        <Key v="30" t="Int32" n="OldID" />
        <Key v="620,-2240" t="Vector2" n="!$P" />
      </Data>
      <Data n="D20178318005420">
        <Key v="20206616255859" t="String" n="!$LC" />
        <Key v="Blakely 'The Sour' Parch" t="String" n="%M1" />
        <Key v="Skupiny - Lishak" t="String" n="!P" />
        <Key v="31" t="Int32" n="OldID" />
        <Key v="310,-2240" t="Vector2" n="!$P" />
      </Data>
      <Data n="D20182078796500">
        <Key v="20206616255859" t="String" n="!$LC" />
        <Key v="Lind 'Silver-Eye' Denholm" t="String" n="%M1" />
        <Key v="Skupiny - Lishak" t="String" n="!P" />
        <Key v="52" t="Int32" n="OldID" />
        <Key v="0,-2240" t="Vector2" n="!$P" />
      </Data>
      <Data n="D20177241787709">
        <Key v="20206616255859" t="String" n="!$LC" />
        <Key v="Goldwin 'Howler' Mollor" t="String" n="%M1" />
        <Key v="Skupiny - Spravedlivý muž" t="String" n="!P" />
        <Key v="22" t="Int32" n="OldID" />
        <Key v="1240,-2320" t="Vector2" n="!$P" />
      </Data>
      <Data n="D20178317052275">
        <Key v="20206616255859" t="String" n="!$LC" />
        <Key v="Todhunter 'Ghostly' Beasant" t="String" n="%M1" />
        <Key v="Skupiny - Spravedlivý muž" t="String" n="!P" />
        <Key v="23" t="Int32" n="OldID" />
        <Key v="930,-2320" t="Vector2" n="!$P" />
      </Data>
      <Data n="D20178317150340">
        <Key v="20206616255859" t="String" n="!$LC" />
        <Key v="Loraine 'Merry' Chandler" t="String" n="%M1" />
        <Key v="Skupiny - Spravedlivý muž" t="String" n="!P" />
        <Key v="24" t="Int32" n="OldID" />
        <Key v="620,-2320" t="Vector2" n="!$P" />
      </Data>
      <Data n="D20178317231758">
        <Key v="20206616255859" t="String" n="!$LC" />
        <Key v="Goldie 'Snake' Huckabee" t="String" n="%M1" />
        <Key v="Skupiny - Spravedlivý muž" t="String" n="!P" />
        <Key v="25" t="Int32" n="OldID" />
        <Key v="310,-2320" t="Vector2" n="!$P" />
      </Data>
      <Data n="D20181404634413">
        <Key v="20206616255859" t="String" n="!$LC" />
        <Key v="Meldrick 'Cross' Hayhurst" t="String" n="%M1" />
        <Key v="Skupiny - Spravedlivý muž" t="String" n="!P" />
        <Key v="45" t="Int32" n="OldID" />
        <Key v="0,-2320" t="Vector2" n="!$P" />
      </Data>
      <Data n="D20156406060544">
        <Key v="20206616255859" t="String" n="!$LC" />
        <Key v="Vereg" t="String" n="%M1" />
        <Key v="Veregovo vetešnictví" t="String" n="!P" />
        <Key v="4" t="Int32" n="OldID" />
        <Key v="0,-2400" t="Vector2" n="!$P" />
      </Data>
    </Data>
  </Data>
</DataRoot>