﻿<?xml version="1.0" encoding="utf-8"?>
<DataRoot n="D">
  <Data n="20181118522760">
    <Data n="$Elems">
      <Data n="20181334789506e">
        <Key v="450,0" t="Vector2" n="!$P" />
        <Key v="20206352251934" t="String" n="$T" />
        <Key v="CkQ" t="String" n="GT" />
        <Key v="SkA" t="String" n="T" />
        <Key v="Q20179542555384" t="String" n="Qs" />
      </Data>
      <Data n="20181311390899e">
        <Key v="450,-800" t="Vector2" n="!$P" />
        <Key v="_EGate" t="String" n="$T" />
        <Key v="G1" t="String" n="GT" />
        <Key v="1" t="Int32" n="T2" />
        <Key v="-10" t="Decimal" n="Val" />
        <Key v="Lishak" t="String" n="Cnt" />
        <Key v="Oel" t="String" n="O" />
      </Data>
      <Data n="20181312304351e">
        <Key v="750,-800" t="Vector2" n="!$P" />
        <Key v="_EGate" t="String" n="$T" />
        <Key v="G0" t="String" n="GT" />
        <Key v="Condra_Lishak_prvni_setkani" t="String" n="Var" />
      </Data>
      <Data n="20181312308743e">
        <Key v="1050,-800" t="Vector2" n="!$P" />
        <Key v="_EFunc" t="String" n="$T" />
        <Key v="G0" t="String" n="GT" />
        <Key v="Condra_Lishak_prvni_setkani" t="String" n="Var" />
      </Data>
      <Data n="20181311395115e">
        <Key v="450,-1200" t="Vector2" n="!$P" />
        <Key v="_EGate" t="String" n="$T" />
        <Key v="G1" t="String" n="GT" />
        <Key v="1" t="Int32" n="T2" />
        <Key v="19" t="Decimal" n="Val" />
        <Key v="Lishak" t="String" n="Cnt" />
        <Key v="Oel" t="String" n="O" />
      </Data>
      <Data n="20181311398609e">
        <Key v="750,-1200" t="Vector2" n="!$P" />
        <Key v="_EGate" t="String" n="$T" />
        <Key v="G1" t="String" n="GT" />
        <Key v="1" t="Int32" n="T2" />
        <Key v="-9" t="Decimal" n="Val" />
        <Key v="Lishak" t="String" n="Cnt" />
        <Key v="Oeg" t="String" n="O" />
      </Data>
      <Data n="20181312308167e">
        <Key v="1050,-1200" t="Vector2" n="!$P" />
        <Key v="_EGate" t="String" n="$T" />
        <Key v="G0" t="String" n="GT" />
        <Key v="Condra_Lishak_prvni_setkani" t="String" n="Var" />
      </Data>
      <Data n="20181312310399e">
        <Key v="1350,-1200" t="Vector2" n="!$P" />
        <Key v="_EFunc" t="String" n="$T" />
        <Key v="G0" t="String" n="GT" />
        <Key v="Condra_Lishak_prvni_setkani" t="String" n="Var" />
      </Data>
      <Data n="20181311396445e">
        <Key v="450,-1600" t="Vector2" n="!$P" />
        <Key v="_EGate" t="String" n="$T" />
        <Key v="G1" t="String" n="GT" />
        <Key v="1" t="Int32" n="T2" />
        <Key v="20" t="Decimal" n="Val" />
        <Key v="Lishak" t="String" n="Cnt" />
        <Key v="Oeg" t="String" n="O" />
      </Data>
      <Data n="20181312308430e">
        <Key v="750,-1600" t="Vector2" n="!$P" />
        <Key v="_EGate" t="String" n="$T" />
        <Key v="G0" t="String" n="GT" />
        <Key v="Condra_Lishak_prvni_setkani" t="String" n="Var" />
      </Data>
      <Data n="20181312310666e">
        <Key v="1050,-1600" t="Vector2" n="!$P" />
        <Key v="_EFunc" t="String" n="$T" />
        <Key v="G0" t="String" n="GT" />
        <Key v="Condra_Lishak_prvni_setkani" t="String" n="Var" />
      </Data>
      <Data n="20181337253114e">
        <Key v="450,-1800" t="Vector2" n="!$P" />
        <Key v="20206352251934" t="String" n="$T" />
        <Key v="CkQ" t="String" n="GT" />
        <Key v="SkF" t="String" n="T" />
        <Key v="Q20179542555384" t="String" n="Qs" />
      </Data>
      <Data n="20181337255583e">
        <Key v="900,-1800" t="Vector2" n="!$P" />
        <Key v="20206352251934" t="String" n="$T" />
        <Key v="CkQ" t="String" n="GT" />
        <Key v="SkN" t="String" n="T" />
        <Key v="Q20181337263927" t="String" n="Qs" />
      </Data>
      <Data n="20181357436317e">
        <Key v="450,-2000" t="Vector2" n="!$P" />
        <Key v="20206352251934" t="String" n="$T" />
        <Key v="CkQ" t="String" n="GT" />
        <Key v="SkA" t="String" n="T" />
        <Key v="Q20181337263927" t="String" n="Qs" />
      </Data>
      <Data n="20181358098964e">
        <Key v="450,-3400" t="Vector2" n="!$P" />
        <Key v="20206352251934" t="String" n="$T" />
        <Key v="CkQ" t="String" n="GT" />
        <Key v="SkF" t="String" n="T" />
        <Key v="Q20181337263927" t="String" n="Qs" />
      </Data>
      <Data n="20181358103613e">
        <Key v="900,-3400" t="Vector2" n="!$P" />
        <Key v="20206352251934" t="String" n="$T" />
        <Key v="CkQ" t="String" n="GT" />
        <Key v="SkN" t="String" n="T" />
        <Key v="Q20180857017720" t="String" n="Qs" />
      </Data>
      <Data n="20181358267638e">
        <Key v="1350,-3400" t="Vector2" n="!$P" />
        <Key v="_EGate" t="String" n="$T" />
        <Key v="G0" t="String" n="GT" />
        <Key v="Quest_Pisek_a_krev_info" t="String" n="Var" />
      </Data>
      <Data n="20181358273547e">
        <Key v="450,-4000" t="Vector2" n="!$P" />
        <Key v="_EGate" t="String" n="$T" />
        <Key v="G0" t="String" n="GT" />
        <Key v="1" t="Int32" n="Ex" />
        <Key v="Quest_Pisek_a_krev_info" t="String" n="Var" />
      </Data>
      <Data n="20181358283055e">
        <Key v="750,-4000" t="Vector2" n="!$P" />
        <Key v="20206352251934" t="String" n="$T" />
        <Key v="CkQ" t="String" n="GT" />
        <Key v="SkN" t="String" n="T" />
        <Key v="Q20180857017720" t="String" n="Qs" />
      </Data>
      <Data n="20181358439031e">
        <Key v="450,-4200" t="Vector2" n="!$P" />
        <Key v="20206352251934" t="String" n="$T" />
        <Key v="CkQ" t="String" n="GT" />
        <Key v="SkA" t="String" n="T" />
        <Key v="Q20180857017720" t="String" n="Qs" />
      </Data>
      <Data n="20181358457372e">
        <Key v="900,-4200" t="Vector2" n="!$P" />
        <Key v="_EGate" t="String" n="$T" />
        <Key v="G1" t="String" n="GT" />
        <Key v="1" t="Int32" n="T2" />
        <Key v="1" t="Decimal" n="Val" />
        <Key v="Pisek_a_krev" t="String" n="Cnt" />
        <Key v="Oe" t="String" n="O" />
      </Data>
      <Data n="20181358465178e">
        <Key v="450,-4400" t="Vector2" n="!$P" />
        <Key v="_EGate" t="String" n="$T" />
        <Key v="G1" t="String" n="GT" />
        <Key v="1" t="Int32" n="T2" />
        <Key v="2" t="Decimal" n="Val" />
        <Key v="Pisek_a_krev" t="String" n="Cnt" />
        <Key v="Oe" t="String" n="O" />
      </Data>
      <Data n="20181358465508e">
        <Key v="750,-4400" t="Vector2" n="!$P" />
        <Key v="20206352251934" t="String" n="$T" />
        <Key v="CkQ" t="String" n="GT" />
        <Key v="SkA" t="String" n="T" />
        <Key v="Q20180857017720" t="String" n="Qs" />
      </Data>
      <Data n="20181358477009e">
        <Key v="1200,-4400" t="Vector2" n="!$P" />
        <Key v="_EFunc" t="String" n="$T" />
        <Key v="G1" t="String" n="GT" />
        <Key v="1" t="Int32" n="T2" />
        <Key v="3" t="Decimal" n="Val" />
        <Key v="Pisek_a_krev" t="String" n="Cnt" />
        <Key v="Os" t="String" n="O" />
      </Data>
      <Data n="20181358712931e">
        <Key v="450,-4600" t="Vector2" n="!$P" />
        <Key v="_EGate" t="String" n="$T" />
        <Key v="G1" t="String" n="GT" />
        <Key v="1" t="Int32" n="T2" />
        <Key v="-9" t="Decimal" n="Val" />
        <Key v="Lishak" t="String" n="Cnt" />
        <Key v="Oeg" t="String" n="O" />
      </Data>
      <Data n="20181358738756e">
        <Key v="750,-4600" t="Vector2" n="!$P" />
        <Key v="_EGate" t="String" n="$T" />
        <Key v="G1" t="String" n="GT" />
        <Key v="1" t="Int32" n="T2" />
        <Key v="19" t="Decimal" n="Val" />
        <Key v="Lishak" t="String" n="Cnt" />
        <Key v="Oel" t="String" n="O" />
      </Data>
      <Data n="20181358725291e">
        <Key v="450,-5000" t="Vector2" n="!$P" />
        <Key v="_EGate" t="String" n="$T" />
        <Key v="G1" t="String" n="GT" />
        <Key v="1" t="Int32" n="T2" />
        <Key v="-10" t="Decimal" n="Val" />
        <Key v="Lishak" t="String" n="Cnt" />
        <Key v="Oel" t="String" n="O" />
      </Data>
      <Data n="20181358736914e">
        <Key v="450,-5200" t="Vector2" n="!$P" />
        <Key v="_EGate" t="String" n="$T" />
        <Key v="G1" t="String" n="GT" />
        <Key v="1" t="Int32" n="T2" />
        <Key v="20" t="Decimal" n="Val" />
        <Key v="Lishak" t="String" n="Cnt" />
        <Key v="Oeg" t="String" n="O" />
      </Data>
      <Data n="20181334414918e">
        <Key v="900,0" t="Vector2" n="!$P" />
        <Key v="20202866798502" t="String" n="$T" />
        <Key v="%M1" t="String" n="T" />
        <Key v="Tak jak to vypadá s tím bubákem. Už farmáři konečně zas makaj?" t="String" n="%X" />
      </Data>
      <Data n="20181311389031e">
        <Key v="1500,-800" t="Vector2" n="!$P" />
        <Key v="20202866798502" t="String" n="$T" />
        <Key v="%M1" t="String" n="T" />
        <Key v="A jestli tohle není ta pakáž, co mi dělá takové potíže. Měl bych vás rovnou nechat oběsit, ale něco mi říká, že bych Vás mohl využít." t="String" n="%X" />
      </Data>
      <Data n="20181311389260e">
        <Key v="1800,-1200" t="Vector2" n="!$P" />
        <Key v="20202866798502" t="String" n="$T" />
        <Key v="%M1" t="String" n="T" />
        <Key v="Tak a vy jste kdo, krucinál?" t="String" n="%X" />
      </Data>
      <Data n="20181311389418e">
        <Key v="1500,-1600" t="Vector2" n="!$P" />
        <Key v="20202866798502" t="String" n="$T" />
        <Key v="%M1" t="String" n="T" />
        <Key v="A vaše reputace vás předchází. Tak co vás ke mě přivedlo? Slyšel jsem, že jste Hardonovi už pěkně zatopili. Skvělá práce." t="String" n="%X" />
      </Data>
      <Data n="20181337252726e">
        <Key v="1350,-1800" t="Vector2" n="!$P" />
        <Key v="20202866798502" t="String" n="$T" />
        <Key v="%M1" t="String" n="T" />
        <Key v="Tak koukám, že jste zpátky. Nakonec sis to rozmyslel? Pomůžeš tedy starýmu Lishakovi s jeho problémem?" t="String" n="%X" />
      </Data>
      <Data n="20181357435733e">
        <Key v="900,-2000" t="Vector2" n="!$P" />
        <Key v="20202866798502" t="String" n="$T" />
        <Key v="%M1" t="String" n="T" />
        <Key v="Tak jak to vypadá s tím práskačem. Máš už něco?" t="String" n="%X" />
      </Data>
      <Data n="20181358095365e">
        <Key v="1800,-3400" t="Vector2" n="!$P" />
        <Key v="20202866798502" t="String" n="$T" />
        <Key v="%M1" t="String" n="T" />
        <Key v="Ah, výborně. Moji oblíbení cestovatelé. Jistě ste si přišli pro další práci." t="String" n="%X" />
      </Data>
      <Data n="20181358270128e">
        <Key v="1200,-4000" t="Vector2" n="!$P" />
        <Key v="20202866798502" t="String" n="$T" />
        <Key v="%M1" t="String" n="T" />
        <Key v="Tak jste si to rozmysleli? Půjdete bojovat do arény?" t="String" n="%X" />
      </Data>
      <Data n="20181358409582e">
        <Key v="1350,-4200" t="Vector2" n="!$P" />
        <Key v="20202866798502" t="String" n="$T" />
        <Key v="%M1" t="String" n="T" />
        <Key v="Pokud dobře vím, tak Lishak se pořád naparuje. Dokud nebudou jeho muži ksichtem v písku, tak se nevracej." t="String" n="%X" />
      </Data>
      <Data n="20181358464048e">
        <Key v="1650,-4400" t="Vector2" n="!$P" />
        <Key v="20202866798502" t="String" n="$T" />
        <Key v="%M1" t="String" n="T" />
        <Key v="Dobrá práce. Viděl jsem tu show. Tak teď Hardon konečně pochopí, kdo je lepší kapitán a už z tý svojí lodi nevyleze. Tady vaše odměna." t="String" n="%X" />
      </Data>
      <Data n="20181358701855e">
        <Key v="1200,-4600" t="Vector2" n="!$P" />
        <Key v="20202866798502" t="String" n="$T" />
        <Key v="%M1" t="String" n="T" />
        <Key v="Ah, to jste vy. Tak copak mi chcete?" t="String" n="%X" />
      </Data>
      <Data n="20181358724666e">
        <Key v="900,-5000" t="Vector2" n="!$P" />
        <Key v="20202866798502" t="String" n="$T" />
        <Key v="%M1" t="String" n="T" />
        <Key v="Co tady vy parchanti chcete? Na ně hoši. Zbavte mě jich." t="String" n="%X" />
      </Data>
      <Data n="20181358735754e">
        <Key v="900,-5200" t="Vector2" n="!$P" />
        <Key v="20202866798502" t="String" n="$T" />
        <Key v="%M1" t="String" n="T" />
        <Key v="Aa zdravím vás přátelé, rád vás vidím, tak co pro vás mohu udělat?" t="String" n="%X" />
      </Data>
      <Data n="20181334830561e">
        <Key v="1500,0" t="Vector2" n="!$P" />
        <Key v="_EGate" t="String" n="$T" />
        <Key v="G1" t="String" n="GT" />
        <Key v="1" t="Int32" n="T2" />
        <Key v="442" t="Decimal" n="Val" />
        <Key v="Straseni_na_farme" t="String" n="Cnt" />
        <Key v="Oe" t="String" n="O" />
      </Data>
      <Data n="20181334829460e">
        <Key v="1800,0" t="Vector2" n="!$P" />
        <Key v="20202934699316" t="String" n="$T" />
        <Key v="Hotovo" t="String" n="%CX" />
        <Key v="MrQ" t="String" n="Spc" />
      </Data>
      <Data n="20181334799956e">
        <Key v="1500,-400" t="Vector2" n="!$P" />
        <Key v="20202934699316" t="String" n="$T" />
        <Key v="In progress" t="String" n="%CX" />
      </Data>
      <Data n="20181334818405e">
        <Key v="1500,-600" t="Vector2" n="!$P" />
        <Key v="_EGate" t="String" n="$T" />
        <Key v="G1" t="String" n="GT" />
        <Key v="1" t="Int32" n="T2" />
        <Key v="9" t="Decimal" n="Val" />
        <Key v="Straseni_na_farme" t="String" n="Cnt" />
        <Key v="Oe" t="String" n="O" />
      </Data>
      <Data n="20181334800119e">
        <Key v="1800,-600" t="Vector2" n="!$P" />
        <Key v="20202934699316" t="String" n="$T" />
        <Key v="Hotovo" t="String" n="%CX" />
        <Key v="MrQ" t="String" n="Spc" />
      </Data>
      <Data n="20181311628680e">
        <Key v="2100,-800" t="Vector2" n="!$P" />
        <Key v="20202866798502" t="String" n="$T" />
        <Key v="%M1" t="String" n="T" />
        <Key v="Mám pro vás nabídku, jak odsud odejít živí. Stačí, když pro mě něco uděláte, ale než k tomu dojdeme, bude třeba si vás prověřit. Co říkáte? Chcete žít, nebo zemřít." t="String" n="%X" />
      </Data>
      <Data n="20181312323868e">
        <Key v="2400,-1200" t="Vector2" n="!$P" />
        <Key v="20202866798502" t="String" n="$T" />
        <Key v="Jsme prachsprostí cestovatelé..." t="String" n="%X" />
      </Data>
      <Data n="20181334395656e">
        <Key v="2100,-1600" t="Vector2" n="!$P" />
        <Key v="20202866798502" t="String" n="$T" />
        <Key v="Někoho sháníme. Hledáme jistého Dunga. Znáte ho?" t="String" n="%X" />
      </Data>
      <Data n="20181336622938e">
        <Key v="1950,-1800" t="Vector2" n="!$P" />
        <Key v="20206495856812" t="String" n="$T" />
        <Key v="Nůž v zádech - zadání" t="String" n="!%Txt" />
      </Data>
      <Data n="20181357825811e">
        <Key v="1500,-2000" t="Vector2" n="!$P" />
        <Key v="_EGate" t="String" n="$T" />
        <Key v="G1" t="String" n="GT" />
        <Key v="1" t="Int32" n="T2" />
        <Key v="5" t="Decimal" n="Val" />
        <Key v="Kudla_v_zadech" t="String" n="Cnt" />
        <Key v="Oe" t="String" n="O" />
      </Data>
      <Data n="20181357757608e">
        <Key v="1800,-2000" t="Vector2" n="!$P" />
        <Key v="20202934699316" t="String" n="$T" />
        <Key v="Nahlásit Shiftyho a předat důkaz" t="String" n="%CX" />
        <Key v="MrQ" t="String" n="Spc" />
      </Data>
      <Data n="20181358036628e">
        <Key v="2250,-2000" t="Vector2" n="!$P" />
        <Key v="_EFunc" t="String" n="$T" />
        <Key v="G1" t="String" n="GT" />
        <Key v="1" t="Int32" n="T2" />
        <Key v="7" t="Decimal" n="Val" />
        <Key v="Kudla_v_zadech" t="String" n="Cnt" />
        <Key v="Os" t="String" n="O" />
      </Data>
      <Data n="20181357564684e">
        <Key v="1500,-2200" t="Vector2" n="!$P" />
        <Key v="20202934699316" t="String" n="$T" />
        <Key v="In progress" t="String" n="%CX" />
      </Data>
      <Data n="20181357621706e">
        <Key v="1500,-2400" t="Vector2" n="!$P" />
        <Key v="_EGate" t="String" n="$T" />
        <Key v="G1" t="String" n="GT" />
        <Key v="1" t="Int32" n="T2" />
        <Key v="2" t="Decimal" n="Val" />
        <Key v="Kudla_v_zadech" t="String" n="Cnt" />
        <Key v="Oe" t="String" n="O" />
      </Data>
      <Data n="20181357564847e">
        <Key v="1800,-2400" t="Vector2" n="!$P" />
        <Key v="20202934699316" t="String" n="$T" />
        <Key v="Nahlásit Shiftyho" t="String" n="%CX" />
      </Data>
      <Data n="20181357826799e">
        <Key v="1500,-3000" t="Vector2" n="!$P" />
        <Key v="_EGate" t="String" n="$T" />
        <Key v="G1" t="String" n="GT" />
        <Key v="1" t="Int32" n="T2" />
        <Key v="5" t="Decimal" n="Val" />
        <Key v="Kudla_v_zadech" t="String" n="Cnt" />
        <Key v="Oe" t="String" n="O" />
      </Data>
      <Data n="20181357762225e">
        <Key v="1800,-3000" t="Vector2" n="!$P" />
        <Key v="20202934699316" t="String" n="$T" />
        <Key v="Nahlásit Rougha Doga a předat důkaz" t="String" n="%CX" />
      </Data>
      <Data n="20181358036995e">
        <Key v="2250,-3000" t="Vector2" n="!$P" />
        <Key v="_EFunc" t="String" n="$T" />
        <Key v="G1" t="String" n="GT" />
        <Key v="1" t="Int32" n="T2" />
        <Key v="6" t="Decimal" n="Val" />
        <Key v="Kudla_v_zadech" t="String" n="Cnt" />
        <Key v="Os" t="String" n="O" />
      </Data>
      <Data n="20181357827437e">
        <Key v="1500,-3200" t="Vector2" n="!$P" />
        <Key v="_EGate" t="String" n="$T" />
        <Key v="G1" t="String" n="GT" />
        <Key v="1" t="Int32" n="T2" />
        <Key v="4" t="Decimal" n="Val" />
        <Key v="Kudla_v_zadech" t="String" n="Cnt" />
        <Key v="Oe" t="String" n="O" />
      </Data>
      <Data n="20181357767329e">
        <Key v="1800,-3200" t="Vector2" n="!$P" />
        <Key v="20202934699316" t="String" n="$T" />
        <Key v="Říci o Shiftym a předat důkaz" t="String" n="%CX" />
        <Key v="MrQ" t="String" n="Spc" />
      </Data>
      <Data n="20181358086332e">
        <Key v="2250,-3200" t="Vector2" n="!$P" />
        <Key v="_EFunc" t="String" n="$T" />
        <Key v="G1" t="String" n="GT" />
        <Key v="1" t="Int32" n="T2" />
        <Key v="9" t="Decimal" n="Val" />
        <Key v="Kudla_v_zadech" t="String" n="Cnt" />
        <Key v="Os" t="String" n="O" />
      </Data>
      <Data n="20181358127888e">
        <Key v="2400,-3400" t="Vector2" n="!$P" />
        <Key v="20202934699316" t="String" n="$T" />
        <Key v="Nesouhlasit" t="String" n="%CX" />
      </Data>
      <Data n="20181358127380e">
        <Key v="2400,-3600" t="Vector2" n="!$P" />
        <Key v="20202934699316" t="String" n="$T" />
        <Key v="Souhlasit" t="String" n="%CX" />
      </Data>
      <Data n="20181358261124e">
        <Key v="2850,-3600" t="Vector2" n="!$P" />
        <Key v="_EFunc" t="String" n="$T" />
        <Key v="G0" t="String" n="GT" />
        <Key v="Quest_Pisek_a_krev_info" t="String" n="Var" />
      </Data>
      <Data n="20181358210911e">
        <Key v="1800,-4000" t="Vector2" n="!$P" />
        <Key v="20206495856812" t="String" n="$T" />
        <Key v="Písek a krev - možnsoti" t="String" n="!%Txt" />
      </Data>
      <Data n="20181358476213e">
        <Key v="2250,-4400" t="Vector2" n="!$P" />
        <Key v="20202866798502" t="String" n="$T" />
        <Key v="Peníze se samozřejmě hodí, ale myslím, že jsme se dohodli na trochu jiné odměně. Takže teď nám povíš o Dungovi." t="String" n="%X" />
      </Data>
      <Data n="20181358710946e">
        <Key v="1800,-4600" t="Vector2" n="!$P" />
        <Key v="20206495856812" t="String" n="$T" />
        <Key v="Možnosti - Lishak" t="String" n="!%Txt" />
      </Data>
      <Data n="20181334829461e">
        <Key v="2250,0" t="Vector2" n="!$P" />
        <Key v="20202866798502" t="String" n="$T" />
        <Key v="Ano, je hotovo. Za vším stála nešťastná láska. Místní pirát Knife zabil a okradl ženu, která jej milovala. Vše jsme urovnali a duch ženy může odpočívat v pokoji." t="String" n="%X" />
      </Data>
      <Data n="20181334799957e">
        <Key v="1950,-400" t="Vector2" n="!$P" />
        <Key v="20202866798502" t="String" n="$T" />
        <Key v="Ještě na tom pracujem." t="String" n="%X" />
      </Data>
      <Data n="20181334800118e">
        <Key v="2250,-600" t="Vector2" n="!$P" />
        <Key v="20202866798502" t="String" n="$T" />
        <Key v="Ano, se strašidlem je jendou provždy pokoj. Tu bytost jsme zničili a místo vysvětili." t="String" n="%X" />
      </Data>
      <Data n="20181311642467e">
        <Key v="2700,-800" t="Vector2" n="!$P" />
        <Key v="20202934699316" t="String" n="$T" />
        <Key v="Žít" t="String" n="%CX" />
      </Data>
      <Data n="20181312298351e">
        <Key v="3150,-800" t="Vector2" n="!$P" />
        <Key v="_EFunc" t="String" n="$T" />
        <Key v="G1" t="String" n="GT" />
        <Key v="1" t="Int32" n="T2" />
        <Key v="0" t="Decimal" n="Val" />
        <Key v="Lishak" t="String" n="Cnt" />
        <Key v="Os" t="String" n="O" />
      </Data>
      <Data n="20181311642655e">
        <Key v="2700,-1000" t="Vector2" n="!$P" />
        <Key v="20202934699316" t="String" n="$T" />
        <Key v="Zemřít (začátek boje)" t="String" n="%CX" />
        <Key v="MrA" t="String" n="Spc" />
      </Data>
      <Data n="20181312327408e">
        <Key v="3000,-1200" t="Vector2" n="!$P" />
        <Key v="20202866798502" t="String" n="$T" />
        <Key v="%M1" t="String" n="T" />
        <Key v="Tak vypadněte cestovat nějak jinam, nebo přísahám u všech bohů, že jste docestovali!" t="String" n="%X" />
      </Data>
      <Data n="20181334401999e">
        <Key v="2700,-1600" t="Vector2" n="!$P" />
        <Key v="20202866798502" t="String" n="$T" />
        <Key v="%M1" t="String" n="T" />
        <Key v="Ale jistě, že ho znám. A proč ho hledáte?" t="String" n="%X" />
      </Data>
      <Data n="20181336625123e">
        <Key v="2550,-1800" t="Vector2" n="!$P" />
        <Key v="20202934699316" t="String" n="$T" />
        <Key v="Odmítnout" t="String" n="%CX" />
      </Data>
      <Data n="20181336624660e">
        <Key v="2550,-2000" t="Vector2" n="!$P" />
        <Key v="20202934699316" t="String" n="$T" />
        <Key v="Projevit zájem" t="String" n="%CX" />
      </Data>
      <Data n="20181357432522e">
        <Key v="3000,-2000" t="Vector2" n="!$P" />
        <Key v="20206371455404" t="String" n="$T" />
        <Key v="CkQ" t="String" n="GT" />
        <Key v="Q20181337263927" t="String" n="Qs" />
      </Data>
      <Data n="20181357757609e">
        <Key v="2700,-2000" t="Vector2" n="!$P" />
        <Key v="20202866798502" t="String" n="$T" />
        <Key v="Tím zrádem byl Rentom &quot;Shifty&quot; Ross. Tady to sem mu sebral, měl to u sebe." t="String" n="%X" />
      </Data>
      <Data n="20181357564683e">
        <Key v="1950,-2200" t="Vector2" n="!$P" />
        <Key v="20202866798502" t="String" n="$T" />
        <Key v="Stále na tom pracujeme" t="String" n="%X" />
      </Data>
      <Data n="20181357564846e">
        <Key v="2250,-2400" t="Vector2" n="!$P" />
        <Key v="20202866798502" t="String" n="$T" />
        <Key v="Tou krysou je Renton 'Shifty' Ross." t="String" n="%X" />
      </Data>
      <Data n="20181357762224e">
        <Key v="2700,-3000" t="Vector2" n="!$P" />
        <Key v="20202866798502" t="String" n="$T" />
        <Key v="Tím zrádem byl Roper &quot;Rough Dog&quot; Outerbridge. Tady to sem mu sebral, měl to u sebe." t="String" n="%X" />
      </Data>
      <Data n="20181357767328e">
        <Key v="2700,-3200" t="Vector2" n="!$P" />
        <Key v="20202866798502" t="String" n="$T" />
        <Key v="Tím zrádcem byl Renton &quot;Shifty&quot; Ross. Bohužel, když jsem ho konfrontoval, tak na mě zaútočil a tak jsem s ním udělal krátkej proces." t="String" n="%X" />
      </Data>
      <Data n="20181358127889e">
        <Key v="2850,-3400" t="Vector2" n="!$P" />
        <Key v="20202866798502" t="String" n="$T" />
        <Key v="Ne, zatím žádnou další práci nehledáme." t="String" n="%X" />
      </Data>
      <Data n="20181358127379e">
        <Key v="3300,-3600" t="Vector2" n="!$P" />
        <Key v="20202866798502" t="String" n="$T" />
        <Key v="Ano, je to přesně tak. Přeci jen prvně jsme za tebou přšili kvůli Dungovi a tys nám nedal moc na vybranou." t="String" n="%X" />
      </Data>
      <Data n="20181358215011e">
        <Key v="2400,-4000" t="Vector2" n="!$P" />
        <Key v="20202934699316" t="String" n="$T" />
        <Key v="Vzít práci" t="String" n="%CX" />
      </Data>
      <Data n="20181358249085e">
        <Key v="2850,-4000" t="Vector2" n="!$P" />
        <Key v="20206371455404" t="String" n="$T" />
        <Key v="CkQ" t="String" n="GT" />
        <Key v="Q20180857017720" t="String" n="Qs" />
      </Data>
      <Data n="20181358215207e">
        <Key v="2400,-4200" t="Vector2" n="!$P" />
        <Key v="20202934699316" t="String" n="$T" />
        <Key v="Ještě si to rozmyslet" t="String" n="%CX" />
      </Data>
      <Data n="20181358598035e">
        <Key v="2850,-4400" t="Vector2" n="!$P" />
        <Key v="20202866798502" t="String" n="$T" />
        <Key v="%M1" t="String" n="T" />
        <Key v="Pravda. To kde teď Dung je, to vím naprosto přesně. Nicméně úplně nevím, jak se k němu dostat." t="String" n="%X" />
      </Data>
      <Data n="20181358717573e">
        <Key v="2400,-4600" t="Vector2" n="!$P" />
        <Key v="20202934699316" t="String" n="$T" />
        <Key v="Odejít" t="String" n="%CX" />
      </Data>
      <Data n="20181358716964e">
        <Key v="2400,-4800" t="Vector2" n="!$P" />
        <Key v="20202934699316" t="String" n="$T" />
        <Key v="Pozdravit" t="String" n="%CX" />
      </Data>
      <Data n="20181336589501e">
        <Key v="2850,0" t="Vector2" n="!$P" />
        <Key v="20202866798502" t="String" n="$T" />
        <Key v="%M1" t="String" n="T" />
        <Key v="Skvělé. Jsem rád, že se to vyřešilo. Tady máš něco za odměnu, abys neřekl." t="String" n="%X" />
      </Data>
      <Data n="20181334807933e">
        <Key v="2550,-400" t="Vector2" n="!$P" />
        <Key v="20202866798502" t="String" n="$T" />
        <Key v="%M1" t="String" n="T" />
        <Key v="Tak neotálejte a jděte mě toho strašidla zbavit..." t="String" n="%X" />
      </Data>
      <Data n="20181311642468e">
        <Key v="3600,-800" t="Vector2" n="!$P" />
        <Key v="20202866798502" t="String" n="$T" />
        <Key v="No, rádi bychom odsud odešli živý, takže co můžem udělat?" t="String" n="%X" />
      </Data>
      <Data n="20181311642656e">
        <Key v="3150,-1000" t="Vector2" n="!$P" />
        <Key v="20202866798502" t="String" n="$T" />
        <Key v="Zemřít nehodláme, nicméně pro tebe nic dělat nebudem." t="String" n="%X" />
      </Data>
      <Data n="20181312337325e">
        <Key v="3600,-1200" t="Vector2" n="!$P" />
        <Key v="20202866798502" t="String" n="$T" />
        <Key v="Vlastně nejsme cestovatelé, ale spíše hledači..." t="String" n="%X" />
      </Data>
      <Data n="20181312506825e">
        <Key v="3300,-1600" t="Vector2" n="!$P" />
        <Key v="20206495856812" t="String" n="$T" />
        <Key v="Informace o kronice" t="String" n="!%Txt" />
      </Data>
      <Data n="20181336625124e">
        <Key v="3000,-1800" t="Vector2" n="!$P" />
        <Key v="20202866798502" t="String" n="$T" />
        <Key v="No, moc se mi to nezdá. Od toho dáme ruce pryč..." t="String" n="%X" />
      </Data>
      <Data n="20181336624661e">
        <Key v="3450,-2000" t="Vector2" n="!$P" />
        <Key v="20202866798502" t="String" n="$T" />
        <Key v="No tak jelikož se potřebujem dostat k Dungovi, tak nám ani nic moc jiného nezbývá. Takže pokračuj." t="String" n="%X" />
      </Data>
      <Data n="20181358009760e">
        <Key v="3300,-2000" t="Vector2" n="!$P" />
        <Key v="20202866798502" t="String" n="$T" />
        <Key v="%M1" t="String" n="T" />
        <Key v="Ukaž. &lt;čte&gt; hm hm. Moc tomu nerozumím, je to nějaká šifra. Nicméně podpis Hardona je jasnej." t="String" n="%X" />
      </Data>
      <Data n="20181357615251e">
        <Key v="2550,-2200" t="Vector2" n="!$P" />
        <Key v="20202866798502" t="String" n="$T" />
        <Key v="%M1" t="String" n="T" />
        <Key v="Tak tady neotálejte..." t="String" n="%X" />
      </Data>
      <Data n="20181357636990e">
        <Key v="2850,-2400" t="Vector2" n="!$P" />
        <Key v="20202866798502" t="String" n="$T" />
        <Key v="%M1" t="String" n="T" />
        <Key v="Máš k tomu nějakej důkaz?" t="String" n="%X" />
      </Data>
      <Data n="20181358050994e">
        <Key v="3300,-3200" t="Vector2" n="!$P" />
        <Key v="20202866798502" t="String" n="$T" />
        <Key v="Jako důkaz nesu tento vzkaz, kterej měl u sebe." t="String" n="%X" />
      </Data>
      <Data n="20181358139406e">
        <Key v="3450,-3400" t="Vector2" n="!$P" />
        <Key v="20202866798502" t="String" n="$T" />
        <Key v="%M1" t="String" n="T" />
        <Key v="Tak snad příště." t="String" n="%X" />
      </Data>
      <Data n="20181358170695e">
        <Key v="3900,-3600" t="Vector2" n="!$P" />
        <Key v="20202866798502" t="String" n="$T" />
        <Key v="%M1" t="String" n="T" />
        <Key v="No, je to trochu tak. Nicméně, po tomhle úkolu už vám o Dungovi řeknu vše, co budete chtít vědět." t="String" n="%X" />
      </Data>
      <Data n="20181358215012e">
        <Key v="3300,-4000" t="Vector2" n="!$P" />
        <Key v="20202866798502" t="String" n="$T" />
        <Key v="Jasný, jdem do toho. Ať už to máme z krku." t="String" n="%X" />
      </Data>
      <Data n="20181358215208e">
        <Key v="2850,-4200" t="Vector2" n="!$P" />
        <Key v="20202866798502" t="String" n="$T" />
        <Key v="Ještě si to musíme nechat projít hlavou." t="String" n="%X" />
      </Data>
      <Data n="20181358605721e">
        <Key v="3450,-4400" t="Vector2" n="!$P" />
        <Key v="20202866798502" t="String" n="$T" />
        <Key v="Cože? Tys nám lhal." t="String" n="%X" />
      </Data>
      <Data n="20181358717572e">
        <Key v="2850,-4600" t="Vector2" n="!$P" />
        <Key v="20202866798502" t="String" n="$T" />
        <Key v="Ale nic, už jdeme" t="String" n="%X" />
      </Data>
      <Data n="20181358716963e">
        <Key v="2850,-4800" t="Vector2" n="!$P" />
        <Key v="20202866798502" t="String" n="$T" />
        <Key v="Jen jsme tě chtěli pozdravit" t="String" n="%X" />
      </Data>
      <Data n="20181336607203e">
        <Key v="3450,0" t="Vector2" n="!$P" />
        <Key v="20202866798502" t="String" n="$T" />
        <Key v="%M1" t="String" n="T" />
        <Key v="Teď pro tebe mám další práci. Je to trochu delikátní záležitost a potřebuju na to někoho, kdo není zdejší a hlavní není můj člověk. Máš zájem?" t="String" n="%X" />
      </Data>
      <Data n="20181312237517e">
        <Key v="4200,-800" t="Vector2" n="!$P" />
        <Key v="20202866798502" t="String" n="$T" />
        <Key v="%M1" t="String" n="T" />
        <Key v="Věděl jsem, že s váma půjde mluvit. Tak tedy k věci. Je tady jeden kapitán, co mi pije krev a rád bych mu pořádně zatopil. Než se na něj vrhnem, raděj si vás předem otestuju." t="String" n="%X" />
      </Data>
      <Data n="20181311659327e">
        <Key v="3750,-1000" t="Vector2" n="!$P" />
        <Key v="20202866798502" t="String" n="$T" />
        <Key v="%M1" t="String" n="T" />
        <Key v="Myslel jsem si, že budete chytřejší. Dobrá tedy, na ně chlapci..." t="String" n="%X" />
      </Data>
      <Data n="20181312342312e">
        <Key v="4200,-1200" t="Vector2" n="!$P" />
        <Key v="20202866798502" t="String" n="$T" />
        <Key v="%M1" t="String" n="T" />
        <Key v="Tak běžte hldat to, co hledáte, někam jinam, nebo přísahám u všech bohů, že jste dohledali!" t="String" n="%X" />
      </Data>
      <Data n="20181312508226e">
        <Key v="3900,-1600" t="Vector2" n="!$P" />
        <Key v="20202934699316" t="String" n="$T" />
        <Key v="Povědět o kronice" t="String" n="%CX" />
      </Data>
      <Data n="20181312508447e">
        <Key v="3900,-1800" t="Vector2" n="!$P" />
        <Key v="20202934699316" t="String" n="$T" />
        <Key v="Odmítnout sdělit důvod" t="String" n="%CX" />
      </Data>
      <Data n="20181337242480e">
        <Key v="3600,-1800" t="Vector2" n="!$P" />
        <Key v="20202866798502" t="String" n="$T" />
        <Key v="%M1" t="String" n="T" />
        <Key v="Jak chcete, nicméně takhle Dunga nenajdete. &lt;úškleb&gt;" t="String" n="%X" />
      </Data>
      <Data n="20181337020962e">
        <Key v="4050,-2000" t="Vector2" n="!$P" />
        <Key v="20202866798502" t="String" n="$T" />
        <Key v="%M1" t="String" n="T" />
        <Key v="NO, je to tak no. &lt;úsměv&gt; Tak tedy poslouchej. Už nějakou dobu si myslím, že mám ve svých řadách Hardonova špeha. Tvým cílem jej bude vypátrat a udělat z něj exemplární příklad." t="String" n="%X" />
      </Data>
      <Data n="20181358025131e">
        <Key v="3900,-2000" t="Vector2" n="!$P" />
        <Key v="20202866798502" t="String" n="$T" />
        <Key v="%M1" t="String" n="T" />
        <Key v="Dobrá práce. Zde slíbená odměna. Až budeš chtít, mám pro tebe třetí, poslední úkol." t="String" n="%X" />
      </Data>
      <Data n="20181357662053e">
        <Key v="3450,-2400" t="Vector2" n="!$P" />
        <Key v="20202934699316" t="String" n="$T" />
        <Key v="Jen doměnky" t="String" n="%CX" />
      </Data>
      <Data n="20181357645815e">
        <Key v="3450,-2600" t="Vector2" n="!$P" />
        <Key v="20202934699316" t="String" n="$T" />
        <Key v="Povědět o Shiftyho noční výpravě" t="String" n="%CX" />
        <Key v="RoP" t="String" n="Spc" />
        <Key v="L2" t="String" n="Lvl" />
      </Data>
      <Data n="20181358177625e">
        <Key v="4500,-3600" t="Vector2" n="!$P" />
        <Key v="20202866798502" t="String" n="$T" />
        <Key v="%M1" t="String" n="T" />
        <Key v="Teď ale k věci. Je třeba Hardonovi zasadit pořádnou ránu a nenapadá mě k tomu účelu nikdo lepší, než právě vy." t="String" n="%X" />
      </Data>
      <Data n="20181358223918e">
        <Key v="3900,-4000" t="Vector2" n="!$P" />
        <Key v="20202866798502" t="String" n="$T" />
        <Key v="%M1" t="String" n="T" />
        <Key v="Výborně. Vše je domluveno, stačí si promluvit se správcem arény Raiderem." t="String" n="%X" />
      </Data>
      <Data n="20181358288243e">
        <Key v="3450,-4200" t="Vector2" n="!$P" />
        <Key v="20202866798502" t="String" n="$T" />
        <Key v="%M1" t="String" n="T" />
        <Key v="Chápu, cesta do arény chce přípravu. Tak já počkám." t="String" n="%X" />
      </Data>
      <Data n="20181358611117e">
        <Key v="4050,-4400" t="Vector2" n="!$P" />
        <Key v="20202866798502" t="String" n="$T" />
        <Key v="%M1" t="String" n="T" />
        <Key v="Nelhal, jen neřekl celou pravdu, ale počkejte chvíli." t="String" n="%X" />
      </Data>
      <Data n="20181312253826e">
        <Key v="4800,-800" t="Vector2" n="!$P" />
        <Key v="20202866798502" t="String" n="$T" />
        <Key v="%M1" t="String" n="T" />
        <Key v="Nedaleko od centra Condry mám farmu. Na farmě mi pracujou otroci a hlídaj je moji muži. Problémem je, že poslední dobou se otroci bojej pracovat, protože tam prej straší nějaký strašidlo z bažin. Moji chlapi to tam byli jednou prošetřit, ale nic nenašli." t="String" n="%X" />
      </Data>
      <Data n="20181312352350e">
        <Key v="4800,-1200" t="Vector2" n="!$P" />
        <Key v="20202866798502" t="String" n="$T" />
        <Key v="Jak si přejete, kapitáne. Nicméně máme pro vás obchodní nabídku." t="String" n="%X" />
      </Data>
      <Data n="20181312508227e">
        <Key v="4350,-1600" t="Vector2" n="!$P" />
        <Key v="20202866798502" t="String" n="$T" />
        <Key v="Od knihovníka v Limu jsme se dozvěděli, že jistá informace, kterou hledáme má být v knize, kterou Dung vlastní. Proto ho potřebujem najít." t="String" n="%X" />
      </Data>
      <Data n="20181312508448e">
        <Key v="4350,-1800" t="Vector2" n="!$P" />
        <Key v="20202866798502" t="String" n="$T" />
        <Key v="To je naše věc. Tak víte, kde bychom ho mohli hledat?" t="String" n="%X" />
      </Data>
      <Data n="20181337059156e">
        <Key v="4650,-2000" t="Vector2" n="!$P" />
        <Key v="20202866798502" t="String" n="$T" />
        <Key v="Dobrá teda a poradíš nám třebas kde začít?" t="String" n="%X" />
      </Data>
      <Data n="20181357662054e">
        <Key v="3900,-2400" t="Vector2" n="!$P" />
        <Key v="20202866798502" t="String" n="$T" />
        <Key v="Bohužel zatím jen doměnky." t="String" n="%X" />
      </Data>
      <Data n="20181357645814e">
        <Key v="3900,-2600" t="Vector2" n="!$P" />
        <Key v="20202866798502" t="String" n="$T" />
        <Key v="Jistě. V noci jsem ho viděl, jak se nenápadně proplížil k Zabijákovu Dublonu a tam se bez problémů dostal na palubu." t="String" n="%X" />
      </Data>
      <Data n="20181358185173e">
        <Key v="5100,-3600" t="Vector2" n="!$P" />
        <Key v="20202866798502" t="String" n="$T" />
        <Key v="%M1" t="String" n="T" />
        <Key v="A popravdě bude to přímo jednoduché. Vyzveme jeho bandu k souboji v aréně a mě budete zastupovat právě vy. Jemu ubude pár můžu a hlavně ztratí na reputaci." t="String" n="%X" />
      </Data>
      <Data n="20181358240974e">
        <Key v="4500,-4000" t="Vector2" n="!$P" />
        <Key v="20202866798502" t="String" n="$T" />
        <Key v="%M1" t="String" n="T" />
        <Key v="Vrať se až budou jeho chlapy ležet v písku a krvi..." t="String" n="%X" />
      </Data>
      <Data n="20181358614828e">
        <Key v="4650,-4400" t="Vector2" n="!$P" />
        <Key v="20202866798502" t="String" n="$T" />
        <Key v="%M1" t="String" n="T" />
        <Key v="Dung šel prozkoumat starej opuštěnej chrám do bažin. Problémem je, že brána do chrámu je magicky uzavřena a je třba znát příslušnou formuli." t="String" n="%X" />
      </Data>
      <Data n="20181312273972e">
        <Key v="5400,-800" t="Vector2" n="!$P" />
        <Key v="20202866798502" t="String" n="$T" />
        <Key v="%M1" t="String" n="T" />
        <Key v="Takže zde je váš úkol. Je mi jedno, jak toho docílíte, ale potřebuju, aby mi tam zase začli makat, jelikož takhle je mi to k ničemu. Jasný?" t="String" n="%X" />
      </Data>
      <Data n="20181312356040e">
        <Key v="5400,-1200" t="Vector2" n="!$P" />
        <Key v="20202866798502" t="String" n="$T" />
        <Key v="%M1" t="String" n="T" />
        <Key v="Takže nejste ani cestovatelé, ani hledači, ale obchodníci?!" t="String" n="%X" />
      </Data>
      <Data n="20181334093802e">
        <Key v="4950,-1600" t="Vector2" n="!$P" />
        <Key v="20202866798502" t="String" n="$T" />
        <Key v="%M1" t="String" n="T" />
        <Key v="Dobrá tedy, pomohu vám ho najít. Popravdě vím, kde právě teď je, ale není snadné se k němu dostat. Nicméně to nebude zadarmo." t="String" n="%X" />
      </Data>
      <Data n="20181334104922e">
        <Key v="4950,-1800" t="Vector2" n="!$P" />
        <Key v="20202866798502" t="String" n="$T" />
        <Key v="%M1" t="String" n="T" />
        <Key v="Pravda, nic mi do toho není. A je mi to celkem fuk. Vím, kde Dung právě teď je a klidně vám to povím. Ale nebude to zadarmo." t="String" n="%X" />
      </Data>
      <Data n="20181337062742e">
        <Key v="5250,-2000" t="Vector2" n="!$P" />
        <Key v="20202866798502" t="String" n="$T" />
        <Key v="%M1" t="String" n="T" />
        <Key v="No určitě nic neztratíš tím, když se budeš vyptávat mojich lidí. Dřív nebo později určo někdo něco prokecne. Není špatný někomu pomoci si rozpomenout nějakým tím stříbrňákem." t="String" n="%X" />
      </Data>
      <Data n="20181357744197e">
        <Key v="4500,-2400" t="Vector2" n="!$P" />
        <Key v="_EFunc" t="String" n="$T" />
        <Key v="G1" t="String" n="GT" />
        <Key v="1" t="Int32" n="T2" />
        <Key v="3" t="Decimal" n="Val" />
        <Key v="Kudla_v_zadech" t="String" n="Cnt" />
        <Key v="Os" t="String" n="O" />
      </Data>
      <Data n="20181357715035e">
        <Key v="4500,-2600" t="Vector2" n="!$P" />
        <Key v="_EFunc" t="String" n="$T" />
        <Key v="G1" t="String" n="GT" />
        <Key v="1" t="Int32" n="T2" />
        <Key v="10" t="Decimal" n="Val" />
        <Key v="Kudla_v_zadech" t="String" n="Cnt" />
        <Key v="Os" t="String" n="O" />
      </Data>
      <Data n="20181357721866e">
        <Key v="4500,-2800" t="Vector2" n="!$P" />
        <Key v="_EFunc" t="String" n="$T" />
        <Key v="G1" t="String" n="GT" />
        <Key v="1" t="Int32" n="T2" />
        <Key v="3" t="Decimal" n="Val" />
        <Key v="Kudla_v_zadech" t="String" n="Cnt" />
        <Key v="Os" t="String" n="O" />
      </Data>
      <Data n="20181358195607e">
        <Key v="5700,-3600" t="Vector2" n="!$P" />
        <Key v="20202866798502" t="String" n="$T" />
        <Key v="%M1" t="String" n="T" />
        <Key v="Čímž já získám a konečně získám převahu tady na ostrově. Co říkáš?" t="String" n="%X" />
      </Data>
      <Data n="20181358629169e">
        <Key v="5250,-4400" t="Vector2" n="!$P" />
        <Key v="20202866798502" t="String" n="$T" />
        <Key v="%M1" t="String" n="T" />
        <Key v="A tu já neznám, ale vím, kde má Dung svůj dům. Tady v Condře. Ukaž, podej mi tu vaší mapu, udělám ti tam značku. Jak znám starýho Dunga, určitě to heslo bude mít někde doma schovaný." t="String" n="%X" />
      </Data>
      <Data n="20181334141448e">
        <Key v="6000,-800" t="Vector2" n="!$P" />
        <Key v="20206371455404" t="String" n="$T" />
        <Key v="CkQ" t="String" n="GT" />
        <Key v="Q20179542555384" t="String" n="Qs" />
      </Data>
      <Data n="20186492373268e">
        <Key v="6450,-800" t="Vector2" n="!$P" />
        <Key v="_EFunc" t="String" n="$T" />
        <Key v="G0" t="String" n="GT" />
        <Key v="Lishak_pruchod_farma" t="String" n="Var" />
      </Data>
      <Data n="20181312361061e">
        <Key v="6000,-1200" t="Vector2" n="!$P" />
        <Key v="20202866798502" t="String" n="$T" />
        <Key v="Jsme tak trochu všechno z toho. Ale hledáme jistého Dunga, neznáte ho náhodou. Za tuto informaci rádi zaplatíme." t="String" n="%X" />
      </Data>
      <Data n="20181334114676e">
        <Key v="5550,-1600" t="Vector2" n="!$P" />
        <Key v="20202866798502" t="String" n="$T" />
        <Key v="Dobrá teda, tak kolik?" t="String" n="%X" />
      </Data>
      <Data n="20181337074619e">
        <Key v="5850,-2000" t="Vector2" n="!$P" />
        <Key v="20202866798502" t="String" n="$T" />
        <Key v="%M1" t="String" n="T" />
        <Key v="A ještě jednu informaci ti můžu dát. Minulej tejden jsme pozdě vnoci naplánovali přepad ranní zásilky zbraní pro Hardona. Nicméně ráno, jakoby to ten parchant věděl, šla zásilka úplně jinou cestou." t="String" n="%X" />
      </Data>
      <Data n="20181357664309e">
        <Key v="4950,-2400" t="Vector2" n="!$P" />
        <Key v="20202866798502" t="String" n="$T" />
        <Key v="%M1" t="String" n="T" />
        <Key v="Tak bez důkazu to nepůjde. Musíš mi sehnat něco, co bude přesvědčivý i pro ostatní piráty." t="String" n="%X" />
      </Data>
      <Data n="20181357656077e">
        <Key v="4950,-2600" t="Vector2" n="!$P" />
        <Key v="20202866798502" t="String" n="$T" />
        <Key v="%M1" t="String" n="T" />
        <Key v="Ta krysa proradná. Hned ho dám popravit. Díky. Skvělá práce. Zde slíbená odměna." t="String" n="%X" />
      </Data>
      <Data n="20181357656290e">
        <Key v="4950,-2800" t="Vector2" n="!$P" />
        <Key v="20202866798502" t="String" n="$T" />
        <Key v="%M1" t="String" n="T" />
        <Key v="To je bohužel málo. Mohl tam jít jen něco kšeftovat, či to nemusel být ani on. Navíc Je to jen tvoje slovo, proti jemu. Potřebuju nějakej pádnější důkaz. Jdi a sežeň ho." t="String" n="%X" />
      </Data>
      <Data n="20181358641667e">
        <Key v="5850,-4400" t="Vector2" n="!$P" />
        <Key v="20202866798502" t="String" n="$T" />
        <Key v="%M1" t="String" n="T" />
        <Key v="Klíč si Dung schovává za kamenem kousek od dveří, takže se mu do baráku snadno dostanete. To je vše co vím." t="String" n="%X" />
      </Data>
      <Data n="20181312284068e">
        <Key v="6900,-800" t="Vector2" n="!$P" />
        <Key v="20202866798502" t="String" n="$T" />
        <Key v="Jasný. Vrátíme se, až probém se strašidlem bude vyřešen." t="String" n="%X" />
      </Data>
      <Data n="20181312499093e">
        <Key v="6600,-1200" t="Vector2" n="!$P" />
        <Key v="20202866798502" t="String" n="$T" />
        <Key v="%M1" t="String" n="T" />
        <Key v="Ale, ale. Znám Dunga. A pročpak ho potřebujete najít?" t="String" n="%X" />
      </Data>
      <Data n="20181334117483e">
        <Key v="6150,-1600" t="Vector2" n="!$P" />
        <Key v="20202866798502" t="String" n="$T" />
        <Key v="%M1" t="String" n="T" />
        <Key v="Tady nejde o peníze. Spíš o jistou formu protislužby, co říkáte?" t="String" n="%X" />
      </Data>
      <Data n="20181337088197e">
        <Key v="6450,-2000" t="Vector2" n="!$P" />
        <Key v="20202866798502" t="String" n="$T" />
        <Key v="%M1" t="String" n="T" />
        <Key v="Znamená to tedy, že informace musela prosáknout ještě tu noc. Otázkou je, zda to byla náhoda, nebo informace předává právě někdy v noci." t="String" n="%X" />
      </Data>
      <Data n="20181358650254e">
        <Key v="6450,-4400" t="Vector2" n="!$P" />
        <Key v="20202866798502" t="String" n="$T" />
        <Key v="No Lishaku, je vidět, že tvá přezdívka není jen přezdívkou. Pěkně si nás vypekl. Tak snad u Dunga doma něco najdem. I tak dík a měj se" t="String" n="%X" />
      </Data>
      <Data n="20181312289623e">
        <Key v="7500,-800" t="Vector2" n="!$P" />
        <Key v="20202866798502" t="String" n="$T" />
        <Key v="%M1" t="String" n="T" />
        <Key v="Výborně, tak neotálejte a mazejte vodsud." t="String" n="%X" />
      </Data>
      <Data n="20181334123438e">
        <Key v="6750,-1600" t="Vector2" n="!$P" />
        <Key v="20202866798502" t="String" n="$T" />
        <Key v="No záleží na tom, o jakou protislužbu půjde." t="String" n="%X" />
      </Data>
      <Data n="20181337103906e">
        <Key v="7050,-2000" t="Vector2" n="!$P" />
        <Key v="20202866798502" t="String" n="$T" />
        <Key v="%M1" t="String" n="T" />
        <Key v="To je tak vše, co mě k tomu napadlo. Když se o to postaráš, budu pro tebe mít nemalou odměnu." t="String" n="%X" />
      </Data>
      <Data n="20181358657685e">
        <Key v="7050,-4400" t="Vector2" n="!$P" />
        <Key v="20202866798502" t="String" n="$T" />
        <Key v="%M1" t="String" n="T" />
        <Key v="I já děkuji a klidně se někdy stavte na kus řeči &lt;úšklebek&gt;" t="String" n="%X" />
      </Data>
      <Data n="20181337105954e">
        <Key v="7650,-2000" t="Vector2" n="!$P" />
        <Key v="20202866798502" t="String" n="$T" />
        <Key v="Dobrá, hned se do toho pustíme." t="String" n="%X" />
      </Data>
    </Data>
    <Data n="$Conns">
      <Data n="20181334789506c">
        <Key v="20181334789506e" t="String" n="$E" />
      </Data>
      <Data n="20181311390899c">
        <Key v="20181311390899e" t="String" n="$E" />
      </Data>
      <Data n="20181312304351c">
        <Key v="20181312304351e" t="String" n="$E" />
        <Key v="20181311390899e" t="String" n="$S" />
      </Data>
      <Data n="20181312308743c">
        <Key v="20181312308743e" t="String" n="$E" />
        <Key v="20181312304351e" t="String" n="$S" />
      </Data>
      <Data n="20181311395115c">
        <Key v="20181311395115e" t="String" n="$E" />
      </Data>
      <Data n="20181311398609c">
        <Key v="20181311398609e" t="String" n="$E" />
        <Key v="20181311395115e" t="String" n="$S" />
      </Data>
      <Data n="20181312308167c">
        <Key v="20181312308167e" t="String" n="$E" />
        <Key v="20181311398609e" t="String" n="$S" />
      </Data>
      <Data n="20181312310399c">
        <Key v="20181312310399e" t="String" n="$E" />
        <Key v="20181312308167e" t="String" n="$S" />
      </Data>
      <Data n="20181311396445c">
        <Key v="20181311396445e" t="String" n="$E" />
      </Data>
      <Data n="20181312308430c">
        <Key v="20181312308430e" t="String" n="$E" />
        <Key v="20181311396445e" t="String" n="$S" />
      </Data>
      <Data n="20181312310666c">
        <Key v="20181312310666e" t="String" n="$E" />
        <Key v="20181312308430e" t="String" n="$S" />
      </Data>
      <Data n="20181337253114c">
        <Key v="20181337253114e" t="String" n="$E" />
      </Data>
      <Data n="20181337255583c">
        <Key v="20181337255583e" t="String" n="$E" />
        <Key v="20181337253114e" t="String" n="$S" />
      </Data>
      <Data n="20181357436317c">
        <Key v="20181357436317e" t="String" n="$E" />
      </Data>
      <Data n="20181358098964c">
        <Key v="20181358098964e" t="String" n="$E" />
      </Data>
      <Data n="20181358103613c">
        <Key v="20181358103613e" t="String" n="$E" />
        <Key v="20181358098964e" t="String" n="$S" />
      </Data>
      <Data n="20181358267638c">
        <Key v="20181358267638e" t="String" n="$E" />
        <Key v="20181358103613e" t="String" n="$S" />
      </Data>
      <Data n="20181358273547c">
        <Key v="20181358273547e" t="String" n="$E" />
      </Data>
      <Data n="20181358283055c">
        <Key v="20181358283055e" t="String" n="$E" />
        <Key v="20181358273547e" t="String" n="$S" />
      </Data>
      <Data n="20181358439031c">
        <Key v="20181358439031e" t="String" n="$E" />
      </Data>
      <Data n="20181358457372c">
        <Key v="20181358457372e" t="String" n="$E" />
        <Key v="20181358439031e" t="String" n="$S" />
      </Data>
      <Data n="20181358465178c">
        <Key v="20181358465178e" t="String" n="$E" />
      </Data>
      <Data n="20181358465508c">
        <Key v="20181358465508e" t="String" n="$E" />
        <Key v="20181358465178e" t="String" n="$S" />
      </Data>
      <Data n="20181358477009c">
        <Key v="20181358477009e" t="String" n="$E" />
        <Key v="20181358465508e" t="String" n="$S" />
      </Data>
      <Data n="20181358712931c">
        <Key v="20181358712931e" t="String" n="$E" />
      </Data>
      <Data n="20181358738756c">
        <Key v="20181358738756e" t="String" n="$E" />
        <Key v="20181358712931e" t="String" n="$S" />
      </Data>
      <Data n="20181358725291c">
        <Key v="20181358725291e" t="String" n="$E" />
      </Data>
      <Data n="20181358736914c">
        <Key v="20181358736914e" t="String" n="$E" />
      </Data>
      <Data n="20181334414918c">
        <Key v="20181334414918e" t="String" n="$E" />
        <Key v="20181334789506e" t="String" n="$S" />
      </Data>
      <Data n="20181311389031c">
        <Key v="20181311389031e" t="String" n="$E" />
        <Key v="20181312308743e" t="String" n="$S" />
      </Data>
      <Data n="20181311389260c">
        <Key v="20181311389260e" t="String" n="$E" />
        <Key v="20181312310399e" t="String" n="$S" />
      </Data>
      <Data n="20181311389418c">
        <Key v="20181311389418e" t="String" n="$E" />
        <Key v="20181312310666e" t="String" n="$S" />
      </Data>
      <Data n="20181337252726c">
        <Key v="20181337252726e" t="String" n="$E" />
        <Key v="20181337255583e" t="String" n="$S" />
      </Data>
      <Data n="20181357435733c">
        <Key v="20181357435733e" t="String" n="$E" />
        <Key v="20181357436317e" t="String" n="$S" />
      </Data>
      <Data n="20181358095365c">
        <Key v="20181358095365e" t="String" n="$E" />
        <Key v="20181358267638e" t="String" n="$S" />
      </Data>
      <Data n="20181358270128c">
        <Key v="20181358270128e" t="String" n="$E" />
        <Key v="20181358283055e" t="String" n="$S" />
      </Data>
      <Data n="20181358409582c">
        <Key v="20181358409582e" t="String" n="$E" />
        <Key v="20181358457372e" t="String" n="$S" />
      </Data>
      <Data n="20181358464048c">
        <Key v="20181358464048e" t="String" n="$E" />
        <Key v="20181358477009e" t="String" n="$S" />
      </Data>
      <Data n="20181358701855c">
        <Key v="20181358701855e" t="String" n="$E" />
        <Key v="20181358738756e" t="String" n="$S" />
      </Data>
      <Data n="20181358724666c">
        <Key v="20181358724666e" t="String" n="$E" />
        <Key v="20181358725291e" t="String" n="$S" />
      </Data>
      <Data n="20181358735754c">
        <Key v="20181358735754e" t="String" n="$E" />
        <Key v="20181358736914e" t="String" n="$S" />
      </Data>
      <Data n="20181334830561c">
        <Key v="20181334830561e" t="String" n="$E" />
        <Key v="20181334414918e" t="String" n="$S" />
      </Data>
      <Data n="20181334829460c">
        <Key v="20181334829460e" t="String" n="$E" />
        <Key v="20181334830561e" t="String" n="$S" />
      </Data>
      <Data n="20181334799956c">
        <Key v="20181334799956e" t="String" n="$E" />
        <Key v="20181334414918e" t="String" n="$S" />
      </Data>
      <Data n="20181334818405c">
        <Key v="20181334818405e" t="String" n="$E" />
        <Key v="20181334414918e" t="String" n="$S" />
      </Data>
      <Data n="20181334800119c">
        <Key v="20181334800119e" t="String" n="$E" />
        <Key v="20181334818405e" t="String" n="$S" />
      </Data>
      <Data n="20181311628680c">
        <Key v="20181311628680e" t="String" n="$E" />
        <Key v="20181311389031e" t="String" n="$S" />
      </Data>
      <Data n="20181312323868c">
        <Key v="20181312323868e" t="String" n="$E" />
        <Key v="20181311389260e" t="String" n="$S" />
      </Data>
      <Data n="20181334395656c">
        <Key v="20181334395656e" t="String" n="$E" />
        <Key v="20181311389418e" t="String" n="$S" />
      </Data>
      <Data n="20181336622938c">
        <Key v="20181336622938e" t="String" n="$E" />
        <Key v="20181337252726e" t="String" n="$S" />
      </Data>
      <Data n="20181357825811c">
        <Key v="20181357825811e" t="String" n="$E" />
        <Key v="20181357435733e" t="String" n="$S" />
      </Data>
      <Data n="20181357757608c">
        <Key v="20181357757608e" t="String" n="$E" />
        <Key v="20181357825811e" t="String" n="$S" />
      </Data>
      <Data n="20181358036628c">
        <Key v="20181358036628e" t="String" n="$E" />
        <Key v="20181357757608e" t="String" n="$S" />
      </Data>
      <Data n="20181357564684c">
        <Key v="20181357564684e" t="String" n="$E" />
        <Key v="20181357435733e" t="String" n="$S" />
      </Data>
      <Data n="20181357621706c">
        <Key v="20181357621706e" t="String" n="$E" />
        <Key v="20181357435733e" t="String" n="$S" />
      </Data>
      <Data n="20181357564847c">
        <Key v="20181357564847e" t="String" n="$E" />
        <Key v="20181357621706e" t="String" n="$S" />
      </Data>
      <Data n="20181357826799c">
        <Key v="20181357826799e" t="String" n="$E" />
        <Key v="20181357435733e" t="String" n="$S" />
      </Data>
      <Data n="20181357762225c">
        <Key v="20181357762225e" t="String" n="$E" />
        <Key v="20181357826799e" t="String" n="$S" />
      </Data>
      <Data n="20181358036995c">
        <Key v="20181358036995e" t="String" n="$E" />
        <Key v="20181357762225e" t="String" n="$S" />
      </Data>
      <Data n="20181357827437c">
        <Key v="20181357827437e" t="String" n="$E" />
        <Key v="20181357435733e" t="String" n="$S" />
      </Data>
      <Data n="20181357767329c">
        <Key v="20181357767329e" t="String" n="$E" />
        <Key v="20181357827437e" t="String" n="$S" />
      </Data>
      <Data n="20181358086332c">
        <Key v="20181358086332e" t="String" n="$E" />
        <Key v="20181357767329e" t="String" n="$S" />
      </Data>
      <Data n="20181358127888c">
        <Key v="20181358127888e" t="String" n="$E" />
        <Key v="20181358095365e" t="String" n="$S" />
      </Data>
      <Data n="20181358127380c">
        <Key v="20181358127380e" t="String" n="$E" />
        <Key v="20181358095365e" t="String" n="$S" />
      </Data>
      <Data n="20181358261124c">
        <Key v="20181358261124e" t="String" n="$E" />
        <Key v="20181358127380e" t="String" n="$S" />
      </Data>
      <Data n="20181358210911c">
        <Key v="20181358210911e" t="String" n="$E" />
        <Key v="20181358270128e" t="String" n="$S" />
      </Data>
      <Data n="20181358476213c">
        <Key v="20181358476213e" t="String" n="$E" />
        <Key v="20181358464048e" t="String" n="$S" />
      </Data>
      <Data n="20181358710946c">
        <Key v="20181358710946e" t="String" n="$E" />
        <Key v="20181358701855e" t="String" n="$S" />
      </Data>
      <Data n="20206616256083c">
        <Key v="20181358710946e" t="String" n="$E" />
        <Key v="20181358735754e" t="String" n="$S" />
      </Data>
      <Data n="20181334829461c">
        <Key v="20181334829461e" t="String" n="$E" />
        <Key v="20181334829460e" t="String" n="$S" />
      </Data>
      <Data n="20181334799957c">
        <Key v="20181334799957e" t="String" n="$E" />
        <Key v="20181334799956e" t="String" n="$S" />
      </Data>
      <Data n="20181334800118c">
        <Key v="20181334800118e" t="String" n="$E" />
        <Key v="20181334800119e" t="String" n="$S" />
      </Data>
      <Data n="20181311642467c">
        <Key v="20181311642467e" t="String" n="$E" />
        <Key v="20181311628680e" t="String" n="$S" />
      </Data>
      <Data n="20181312298351c">
        <Key v="20181312298351e" t="String" n="$E" />
        <Key v="20181311642467e" t="String" n="$S" />
      </Data>
      <Data n="20181311642655c">
        <Key v="20181311642655e" t="String" n="$E" />
        <Key v="20181311628680e" t="String" n="$S" />
      </Data>
      <Data n="20181312327408c">
        <Key v="20181312327408e" t="String" n="$E" />
        <Key v="20181312323868e" t="String" n="$S" />
      </Data>
      <Data n="20181334401999c">
        <Key v="20181334401999e" t="String" n="$E" />
        <Key v="20181334395656e" t="String" n="$S" />
      </Data>
      <Data n="20181336625123c">
        <Key v="20181336625123e" t="String" n="$E" />
        <Key v="20181336622938e" t="String" n="$S" />
      </Data>
      <Data n="20181336624660c">
        <Key v="20181336624660e" t="String" n="$E" />
        <Key v="20181336622938e" t="String" n="$S" />
      </Data>
      <Data n="20181357432522c">
        <Key v="20181357432522e" t="String" n="$E" />
        <Key v="20181336624660e" t="String" n="$S" />
      </Data>
      <Data n="20181357757609c">
        <Key v="20181357757609e" t="String" n="$E" />
        <Key v="20181358036628e" t="String" n="$S" />
      </Data>
      <Data n="20181357564683c">
        <Key v="20181357564683e" t="String" n="$E" />
        <Key v="20181357564684e" t="String" n="$S" />
      </Data>
      <Data n="20181357564846c">
        <Key v="20181357564846e" t="String" n="$E" />
        <Key v="20181357564847e" t="String" n="$S" />
      </Data>
      <Data n="20181357762224c">
        <Key v="20181357762224e" t="String" n="$E" />
        <Key v="20181358036995e" t="String" n="$S" />
      </Data>
      <Data n="20181357767328c">
        <Key v="20181357767328e" t="String" n="$E" />
        <Key v="20181358086332e" t="String" n="$S" />
      </Data>
      <Data n="20181358127889c">
        <Key v="20181358127889e" t="String" n="$E" />
        <Key v="20181358127888e" t="String" n="$S" />
      </Data>
      <Data n="20181358127379c">
        <Key v="20181358127379e" t="String" n="$E" />
        <Key v="20181358261124e" t="String" n="$S" />
      </Data>
      <Data n="20181358215011c">
        <Key v="20181358215011e" t="String" n="$E" />
        <Key v="20181358210911e" t="String" n="$S" />
      </Data>
      <Data n="20181358249085c">
        <Key v="20181358249085e" t="String" n="$E" />
        <Key v="20181358215011e" t="String" n="$S" />
      </Data>
      <Data n="20181358215207c">
        <Key v="20181358215207e" t="String" n="$E" />
        <Key v="20181358210911e" t="String" n="$S" />
      </Data>
      <Data n="20181358598035c">
        <Key v="20181358598035e" t="String" n="$E" />
        <Key v="20181358476213e" t="String" n="$S" />
      </Data>
      <Data n="20181358717573c">
        <Key v="20181358717573e" t="String" n="$E" />
        <Key v="20181358710946e" t="String" n="$S" />
      </Data>
      <Data n="20181358716964c">
        <Key v="20181358716964e" t="String" n="$E" />
        <Key v="20181358710946e" t="String" n="$S" />
      </Data>
      <Data n="20181336589501c">
        <Key v="20181336589501e" t="String" n="$E" />
        <Key v="20181334829461e" t="String" n="$S" />
      </Data>
      <Data n="20181334807933c">
        <Key v="20181334807933e" t="String" n="$E" />
        <Key v="20181334799957e" t="String" n="$S" />
      </Data>
      <Data n="20206616256111c">
        <Key v="20181336589501e" t="String" n="$E" />
        <Key v="20181334800118e" t="String" n="$S" />
      </Data>
      <Data n="20181311642468c">
        <Key v="20181311642468e" t="String" n="$E" />
        <Key v="20181312298351e" t="String" n="$S" />
      </Data>
      <Data n="20181311642656c">
        <Key v="20181311642656e" t="String" n="$E" />
        <Key v="20181311642655e" t="String" n="$S" />
      </Data>
      <Data n="20181312337325c">
        <Key v="20181312337325e" t="String" n="$E" />
        <Key v="20181312327408e" t="String" n="$S" />
      </Data>
      <Data n="20181312506825c">
        <Key v="20181312506825e" t="String" n="$E" />
        <Key v="20181334401999e" t="String" n="$S" />
      </Data>
      <Data n="20181336625124c">
        <Key v="20181336625124e" t="String" n="$E" />
        <Key v="20181336625123e" t="String" n="$S" />
      </Data>
      <Data n="20181336624661c">
        <Key v="20181336624661e" t="String" n="$E" />
        <Key v="20181357432522e" t="String" n="$S" />
      </Data>
      <Data n="20181358009760c">
        <Key v="20181358009760e" t="String" n="$E" />
        <Key v="20181357757609e" t="String" n="$S" />
      </Data>
      <Data n="20181357615251c">
        <Key v="20181357615251e" t="String" n="$E" />
        <Key v="20181357564683e" t="String" n="$S" />
      </Data>
      <Data n="20181357636990c">
        <Key v="20181357636990e" t="String" n="$E" />
        <Key v="20181357564846e" t="String" n="$S" />
      </Data>
      <Data n="20206616256121c">
        <Key v="20181358009760e" t="String" n="$E" />
        <Key v="20181357762224e" t="String" n="$S" />
      </Data>
      <Data n="20181358050994c">
        <Key v="20181358050994e" t="String" n="$E" />
        <Key v="20181357767328e" t="String" n="$S" />
      </Data>
      <Data n="20181358139406c">
        <Key v="20181358139406e" t="String" n="$E" />
        <Key v="20181358127889e" t="String" n="$S" />
      </Data>
      <Data n="20181358170695c">
        <Key v="20181358170695e" t="String" n="$E" />
        <Key v="20181358127379e" t="String" n="$S" />
      </Data>
      <Data n="20181358215012c">
        <Key v="20181358215012e" t="String" n="$E" />
        <Key v="20181358249085e" t="String" n="$S" />
      </Data>
      <Data n="20181358215208c">
        <Key v="20181358215208e" t="String" n="$E" />
        <Key v="20181358215207e" t="String" n="$S" />
      </Data>
      <Data n="20181358605721c">
        <Key v="20181358605721e" t="String" n="$E" />
        <Key v="20181358598035e" t="String" n="$S" />
      </Data>
      <Data n="20181358717572c">
        <Key v="20181358717572e" t="String" n="$E" />
        <Key v="20181358717573e" t="String" n="$S" />
      </Data>
      <Data n="20181358716963c">
        <Key v="20181358716963e" t="String" n="$E" />
        <Key v="20181358716964e" t="String" n="$S" />
      </Data>
      <Data n="20181336607203c">
        <Key v="20181336607203e" t="String" n="$E" />
        <Key v="20181336589501e" t="String" n="$S" />
      </Data>
      <Data n="20181312237517c">
        <Key v="20181312237517e" t="String" n="$E" />
        <Key v="20181311642468e" t="String" n="$S" />
      </Data>
      <Data n="20181311659327c">
        <Key v="20181311659327e" t="String" n="$E" />
        <Key v="20181311642656e" t="String" n="$S" />
      </Data>
      <Data n="20181312342312c">
        <Key v="20181312342312e" t="String" n="$E" />
        <Key v="20181312337325e" t="String" n="$S" />
      </Data>
      <Data n="20181312508226c">
        <Key v="20181312508226e" t="String" n="$E" />
        <Key v="20181312506825e" t="String" n="$S" />
      </Data>
      <Data n="20181312508447c">
        <Key v="20181312508447e" t="String" n="$E" />
        <Key v="20181312506825e" t="String" n="$S" />
      </Data>
      <Data n="20181337242480c">
        <Key v="20181337242480e" t="String" n="$E" />
        <Key v="20181336625124e" t="String" n="$S" />
      </Data>
      <Data n="20181337020962c">
        <Key v="20181337020962e" t="String" n="$E" />
        <Key v="20181336624661e" t="String" n="$S" />
      </Data>
      <Data n="20181358025131c">
        <Key v="20181358025131e" t="String" n="$E" />
        <Key v="20181358009760e" t="String" n="$S" />
      </Data>
      <Data n="20181357662053c">
        <Key v="20181357662053e" t="String" n="$E" />
        <Key v="20181357636990e" t="String" n="$S" />
      </Data>
      <Data n="20181357645815c">
        <Key v="20181357645815e" t="String" n="$E" />
        <Key v="20181357636990e" t="String" n="$S" />
      </Data>
      <Data n="20206616256142c">
        <Key v="20181358025131e" t="String" n="$E" />
        <Key v="20181358050994e" t="String" n="$S" />
      </Data>
      <Data n="20181358177625c">
        <Key v="20181358177625e" t="String" n="$E" />
        <Key v="20181358170695e" t="String" n="$S" />
      </Data>
      <Data n="20181358223918c">
        <Key v="20181358223918e" t="String" n="$E" />
        <Key v="20181358215012e" t="String" n="$S" />
      </Data>
      <Data n="20181358288243c">
        <Key v="20181358288243e" t="String" n="$E" />
        <Key v="20181358215208e" t="String" n="$S" />
      </Data>
      <Data n="20181358611117c">
        <Key v="20181358611117e" t="String" n="$E" />
        <Key v="20181358605721e" t="String" n="$S" />
      </Data>
      <Data n="20206616256147c">
        <Key v="20181336622938e" t="String" n="$E" />
        <Key v="20181336607203e" t="String" n="$S" />
      </Data>
      <Data n="20181312253826c">
        <Key v="20181312253826e" t="String" n="$E" />
        <Key v="20181312237517e" t="String" n="$S" />
      </Data>
      <Data n="20181312352350c">
        <Key v="20181312352350e" t="String" n="$E" />
        <Key v="20181312342312e" t="String" n="$S" />
      </Data>
      <Data n="20181312508227c">
        <Key v="20181312508227e" t="String" n="$E" />
        <Key v="20181312508226e" t="String" n="$S" />
      </Data>
      <Data n="20181312508448c">
        <Key v="20181312508448e" t="String" n="$E" />
        <Key v="20181312508447e" t="String" n="$S" />
      </Data>
      <Data n="20181337059156c">
        <Key v="20181337059156e" t="String" n="$E" />
        <Key v="20181337020962e" t="String" n="$S" />
      </Data>
      <Data n="20181357662054c">
        <Key v="20181357662054e" t="String" n="$E" />
        <Key v="20181357662053e" t="String" n="$S" />
      </Data>
      <Data n="20181357645814c">
        <Key v="20181357645814e" t="String" n="$E" />
        <Key v="20181357645815e" t="String" n="$S" />
      </Data>
      <Data n="20181358185173c">
        <Key v="20181358185173e" t="String" n="$E" />
        <Key v="20181358177625e" t="String" n="$S" />
      </Data>
      <Data n="20181358240974c">
        <Key v="20181358240974e" t="String" n="$E" />
        <Key v="20181358223918e" t="String" n="$S" />
      </Data>
      <Data n="20181358614828c">
        <Key v="20181358614828e" t="String" n="$E" />
        <Key v="20181358611117e" t="String" n="$S" />
      </Data>
      <Data n="20181312273972c">
        <Key v="20181312273972e" t="String" n="$E" />
        <Key v="20181312253826e" t="String" n="$S" />
      </Data>
      <Data n="20181312356040c">
        <Key v="20181312356040e" t="String" n="$E" />
        <Key v="20181312352350e" t="String" n="$S" />
      </Data>
      <Data n="20181334093802c">
        <Key v="20181334093802e" t="String" n="$E" />
        <Key v="20181312508227e" t="String" n="$S" />
      </Data>
      <Data n="20181334104922c">
        <Key v="20181334104922e" t="String" n="$E" />
        <Key v="20181312508448e" t="String" n="$S" />
      </Data>
      <Data n="20181337062742c">
        <Key v="20181337062742e" t="String" n="$E" />
        <Key v="20181337059156e" t="String" n="$S" />
      </Data>
      <Data n="20181357744197c">
        <Key v="20181357744197e" t="String" n="$E" />
        <Key v="20181357662054e" t="String" n="$S" />
      </Data>
      <Data n="20181357715035c">
        <Key v="20181357715035e" t="String" n="$E" />
        <Key v="20181357645814e" t="String" n="$S" />
      </Data>
      <Data n="20181357721866c">
        <Key v="20181357721866e" t="String" n="$E" />
        <Key v="20181357645814e" t="String" n="$S" />
      </Data>
      <Data n="20181358195607c">
        <Key v="20181358195607e" t="String" n="$E" />
        <Key v="20181358185173e" t="String" n="$S" />
      </Data>
      <Data n="20181358629169c">
        <Key v="20181358629169e" t="String" n="$E" />
        <Key v="20181358614828e" t="String" n="$S" />
      </Data>
      <Data n="20181334141448c">
        <Key v="20181334141448e" t="String" n="$E" />
        <Key v="20181312273972e" t="String" n="$S" />
      </Data>
      <Data n="20186492373268c">
        <Key v="20186492373268e" t="String" n="$E" />
        <Key v="20181334141448e" t="String" n="$S" />
      </Data>
      <Data n="20181312361061c">
        <Key v="20181312361061e" t="String" n="$E" />
        <Key v="20181312356040e" t="String" n="$S" />
      </Data>
      <Data n="20181334114676c">
        <Key v="20181334114676e" t="String" n="$E" />
        <Key v="20181334093802e" t="String" n="$S" />
      </Data>
      <Data n="20206616256173c">
        <Key v="20181334114676e" t="String" n="$E" />
        <Key v="20181334104922e" t="String" n="$S" />
      </Data>
      <Data n="20181337074619c">
        <Key v="20181337074619e" t="String" n="$E" />
        <Key v="20181337062742e" t="String" n="$S" />
      </Data>
      <Data n="20181357664309c">
        <Key v="20181357664309e" t="String" n="$E" />
        <Key v="20181357744197e" t="String" n="$S" />
      </Data>
      <Data n="20181357656077c">
        <Key v="20181357656077e" t="String" n="$E" />
        <Key v="20181357715035e" t="String" n="$S" />
      </Data>
      <Data n="20181357656290c">
        <Key v="20181357656290e" t="String" n="$E" />
        <Key v="20181357721866e" t="String" n="$S" />
      </Data>
      <Data n="20206616256178c">
        <Key v="20181358210911e" t="String" n="$E" />
        <Key v="20181358195607e" t="String" n="$S" />
      </Data>
      <Data n="20181358641667c">
        <Key v="20181358641667e" t="String" n="$E" />
        <Key v="20181358629169e" t="String" n="$S" />
      </Data>
      <Data n="20181312284068c">
        <Key v="20181312284068e" t="String" n="$E" />
        <Key v="20186492373268e" t="String" n="$S" />
      </Data>
      <Data n="20181312499093c">
        <Key v="20181312499093e" t="String" n="$E" />
        <Key v="20181312361061e" t="String" n="$S" />
      </Data>
      <Data n="20181334117483c">
        <Key v="20181334117483e" t="String" n="$E" />
        <Key v="20181334114676e" t="String" n="$S" />
      </Data>
      <Data n="20181337088197c">
        <Key v="20181337088197e" t="String" n="$E" />
        <Key v="20181337074619e" t="String" n="$S" />
      </Data>
      <Data n="20181358650254c">
        <Key v="20181358650254e" t="String" n="$E" />
        <Key v="20181358641667e" t="String" n="$S" />
      </Data>
      <Data n="20181312289623c">
        <Key v="20181312289623e" t="String" n="$E" />
        <Key v="20181312284068e" t="String" n="$S" />
      </Data>
      <Data n="20206616256186c">
        <Key v="20181312506825e" t="String" n="$E" />
        <Key v="20181312499093e" t="String" n="$S" />
      </Data>
      <Data n="20181334123438c">
        <Key v="20181334123438e" t="String" n="$E" />
        <Key v="20181334117483e" t="String" n="$S" />
      </Data>
      <Data n="20181337103906c">
        <Key v="20181337103906e" t="String" n="$E" />
        <Key v="20181337088197e" t="String" n="$S" />
      </Data>
      <Data n="20181358657685c">
        <Key v="20181358657685e" t="String" n="$E" />
        <Key v="20181358650254e" t="String" n="$S" />
      </Data>
      <Data n="20206616256191c">
        <Key v="20181312237517e" t="String" n="$E" />
        <Key v="20181334123438e" t="String" n="$S" />
      </Data>
      <Data n="20181337105954c">
        <Key v="20181337105954e" t="String" n="$E" />
        <Key v="20181337103906e" t="String" n="$S" />
      </Data>
    </Data>
  </Data>
</DataRoot>