﻿<?xml version="1.0" encoding="utf-8"?>
<DataRoot n="D">
  <Data n="20177011283460">
    <Data n="$Elems">
      <Data n="20178075358563e">
        <Key v="450,0" t="Vector2" n="!$P" />
        <Key v="_EGate" t="String" n="$T" />
        <Key v="G1" t="String" n="GT" />
        <Key v="1" t="Int32" n="T2" />
        <Key v="-9" t="Decimal" n="Val" />
        <Key v="Hardon" t="String" n="Cnt" />
        <Key v="Oeg" t="String" n="O" />
      </Data>
      <Data n="20178075364126e">
        <Key v="750,0" t="Vector2" n="!$P" />
        <Key v="_EGate" t="String" n="$T" />
        <Key v="G1" t="String" n="GT" />
        <Key v="1" t="Int32" n="T2" />
        <Key v="19" t="Decimal" n="Val" />
        <Key v="Hardon" t="String" n="Cnt" />
        <Key v="Oel" t="String" n="O" />
      </Data>
      <Data n="20178028526058e">
        <Key v="450,-2400" t="Vector2" n="!$P" />
        <Key v="_EGate" t="String" n="$T" />
        <Key v="G0" t="String" n="GT" />
        <Key v="1" t="Int32" n="Ex" />
        <Key v="Derwin_doprovod" t="String" n="Var" />
      </Data>
      <Data n="20178028548861e">
        <Key v="750,-2400" t="Vector2" n="!$P" />
        <Key v="_EGate" t="String" n="$T" />
        <Key v="G4" t="String" n="GT" />
      </Data>
      <Data n="20178075377304e">
        <Key v="450,-2600" t="Vector2" n="!$P" />
        <Key v="_EGate" t="String" n="$T" />
        <Key v="G1" t="String" n="GT" />
        <Key v="1" t="Int32" n="T2" />
        <Key v="20" t="Decimal" n="Val" />
        <Key v="Hardon" t="String" n="Cnt" />
        <Key v="Oeg" t="String" n="O" />
      </Data>
      <Data n="20182820209146e">
        <Key v="750,-2600" t="Vector2" n="!$P" />
        <Key v="20206371455404" t="String" n="$T" />
        <Key v="CkE" t="String" n="GT" />
        <Key v="SaD" t="String" n="T" />
        <Key v="E20177241809853" t="String" n="Ev" />
      </Data>
      <Data n="20182820232070e">
        <Key v="450,-2800" t="Vector2" n="!$P" />
        <Key v="20206371455404" t="String" n="$T" />
        <Key v="CkE" t="String" n="GT" />
        <Key v="SaD" t="String" n="T" />
        <Key v="E20177241809853" t="String" n="Ev" />
      </Data>
      <Data n="20178028507105e">
        <Key v="1200,0" t="Vector2" n="!$P" />
        <Key v="20202866798502" t="String" n="$T" />
        <Key v="%M1" t="String" n="T" />
        <Key v="Kam si jako myslíte, že jdete?" t="String" n="%X" />
      </Data>
      <Data n="20178028505975e">
        <Key v="1200,-2400" t="Vector2" n="!$P" />
        <Key v="20202866798502" t="String" n="$T" />
        <Key v="%M1" t="String" n="T" />
        <Key v="Hej Derwine, kam si myslíš že je vedeš?" t="String" n="%X" />
      </Data>
      <Data n="20178028507389e">
        <Key v="1200,-2600" t="Vector2" n="!$P" />
        <Key v="20202866798502" t="String" n="$T" />
        <Key v="%M1" t="String" n="T" />
        <Key v="Jo to jste vy, můžete projít" t="String" n="%X" />
      </Data>
      <Data n="20182820225043e">
        <Key v="900,-2800" t="Vector2" n="!$P" />
        <Key v="20202866798502" t="String" n="$T" />
        <Key v="%M1" t="String" n="T" />
        <Key v="Jo to jste vy, v pořádku... Ale žádný vylomeniny!" t="String" n="%X" />
      </Data>
      <Data n="20178028652836e">
        <Key v="1800,0" t="Vector2" n="!$P" />
        <Key v="20202934699316" t="String" n="$T" />
        <Key v="Nikam" t="String" n="%CX" />
        <Key v="MrE" t="String" n="Spc" />
      </Data>
      <Data n="20178075694608e">
        <Key v="1800,-200" t="Vector2" n="!$P" />
        <Key v="20206352251934" t="String" n="$T" />
        <Key v="CkQ" t="String" n="GT" />
        <Key v="SkN" t="String" n="T" />
        <Key v="Q20178075565265" t="String" n="Qs" />
      </Data>
      <Data n="20178028652301e">
        <Key v="2250,-200" t="Vector2" n="!$P" />
        <Key v="20202934699316" t="String" n="$T" />
        <Key v="Na Loď?" t="String" n="%CX" />
      </Data>
      <Data n="20178075478089e">
        <Key v="1800,-2000" t="Vector2" n="!$P" />
        <Key v="20202934699316" t="String" n="$T" />
        <Key v="Bezeslova zaútočit" t="String" n="%CX" />
        <Key v="MrA" t="String" n="Spc" />
      </Data>
      <Data n="20178075510399e">
        <Key v="2250,-2000" t="Vector2" n="!$P" />
        <Key v="_EFunc" t="String" n="$T" />
        <Key v="G1" t="String" n="GT" />
        <Key v="1" t="Int32" n="T2" />
        <Key v="5" t="Decimal" n="Val" />
        <Key v="Lishak" t="String" n="Cnt" />
        <Key v="O+" t="String" n="O" />
      </Data>
      <Data n="20178075618723e">
        <Key v="2550,-2000" t="Vector2" n="!$P" />
        <Key v="_EFunc" t="String" n="$T" />
        <Key v="G1" t="String" n="GT" />
        <Key v="1" t="Int32" n="T2" />
        <Key v="-5" t="Decimal" n="Val" />
        <Key v="Hardon" t="String" n="Cnt" />
        <Key v="O+" t="String" n="O" />
      </Data>
      <Data n="20182820205586e">
        <Key v="2850,-2000" t="Vector2" n="!$P" />
        <Key v="20206371455404" t="String" n="$T" />
        <Key v="CkE" t="String" n="GT" />
        <Key v="SaD" t="String" n="T" />
        <Key v="E20177241809853" t="String" n="Ev" />
      </Data>
      <Data n="20178075682860e">
        <Key v="1800,-2200" t="Vector2" n="!$P" />
        <Key v="20206352251934" t="String" n="$T" />
        <Key v="CkQ" t="String" n="GT" />
        <Key v="SkH" t="String" n="T" />
        <Key v="Q20178075565265" t="String" n="Qs" />
      </Data>
      <Data n="20178075677598e">
        <Key v="2250,-2200" t="Vector2" n="!$P" />
        <Key v="20202934699316" t="String" n="$T" />
        <Key v="Za Hardonem" t="String" n="%CX" />
      </Data>
      <Data n="20182820215076e">
        <Key v="2700,-2200" t="Vector2" n="!$P" />
        <Key v="20206371455404" t="String" n="$T" />
        <Key v="CkE" t="String" n="GT" />
        <Key v="SaD" t="String" n="T" />
        <Key v="E20177241809853" t="String" n="Ev" />
      </Data>
      <Data n="20178028558440e">
        <Key v="1800,-2400" t="Vector2" n="!$P" />
        <Key v="20202866798502" t="String" n="$T" />
        <Key v="%M3" t="String" n="T" />
        <Key v="Mám svý rozkazy přímo od Hardona. Chceš to snad řešit?" t="String" n="%X" />
      </Data>
      <Data n="20178028652835e">
        <Key v="2250,0" t="Vector2" n="!$P" />
        <Key v="20202866798502" t="String" n="$T" />
      </Data>
      <Data n="20178028652302e">
        <Key v="2700,-200" t="Vector2" n="!$P" />
        <Key v="20202866798502" t="String" n="$T" />
      </Data>
      <Data n="20178075478088e">
        <Key v="3300,-2000" t="Vector2" n="!$P" />
        <Key v="20202866798502" t="String" n="$T" />
      </Data>
      <Data n="20178075677599e">
        <Key v="3150,-2200" t="Vector2" n="!$P" />
        <Key v="20202866798502" t="String" n="$T" />
      </Data>
      <Data n="20178028565395e">
        <Key v="2400,-2400" t="Vector2" n="!$P" />
        <Key v="20202866798502" t="String" n="$T" />
        <Key v="%M1" t="String" n="T" />
        <Key v="Ne, to ne... Tak teda pokračuj. Hej Baite, uvolni jim cestu." t="String" n="%X" />
      </Data>
      <Data n="20178028659198e">
        <Key v="2850,0" t="Vector2" n="!$P" />
        <Key v="20202866798502" t="String" n="$T" />
        <Key v="%M2" t="String" n="T" />
        <Key v="To bych vám taky radil." t="String" n="%X" />
      </Data>
      <Data n="20178075323000e">
        <Key v="3300,-200" t="Vector2" n="!$P" />
        <Key v="_EGate" t="String" n="$T" />
        <Key v="G1" t="String" n="GT" />
        <Key v="1" t="Int32" n="T2" />
        <Key v="10" t="Decimal" n="Val" />
        <Key v="Hardon" t="String" n="Cnt" />
        <Key v="Oeg" t="String" n="O" />
      </Data>
      <Data n="20182820218488e">
        <Key v="3600,-200" t="Vector2" n="!$P" />
        <Key v="20206371455404" t="String" n="$T" />
        <Key v="CkE" t="String" n="GT" />
        <Key v="SaD" t="String" n="T" />
        <Key v="E20177241809853" t="String" n="Ev" />
      </Data>
      <Data n="20178075337200e">
        <Key v="3300,-400" t="Vector2" n="!$P" />
        <Key v="_EGate" t="String" n="$T" />
        <Key v="G1" t="String" n="GT" />
        <Key v="1" t="Int32" n="T2" />
        <Key v="9" t="Decimal" n="Val" />
        <Key v="Hardon" t="String" n="Cnt" />
        <Key v="Oel" t="String" n="O" />
      </Data>
      <Data n="20178075321712e">
        <Key v="3750,-2200" t="Vector2" n="!$P" />
        <Key v="20202866798502" t="String" n="$T" />
        <Key v="%M2" t="String" n="T" />
        <Key v="Dobrá, ale nedělejte žádný potíže, nebo si vás podáme" t="String" n="%X" />
      </Data>
      <Data n="20178028573293e">
        <Key v="3000,-2400" t="Vector2" n="!$P" />
        <Key v="20202866798502" t="String" n="$T" />
        <Key v="%M2" t="String" n="T" />
        <Key v="Jasný šéfe." t="String" n="%X" />
      </Data>
      <Data n="20178075322095e">
        <Key v="3750,-400" t="Vector2" n="!$P" />
        <Key v="20202866798502" t="String" n="$T" />
        <Key v="%M1" t="String" n="T" />
        <Key v="Vy jste se asi zbláznili, koukejte odsud padat." t="String" n="%X" />
      </Data>
      <Data n="20188222489556e">
        <Key v="3600,-2400" t="Vector2" n="!$P" />
        <Key v="20206371455404" t="String" n="$T" />
        <Key v="CkE" t="String" n="GT" />
        <Key v="SaS" t="String" n="T" />
        <Key v="E20188222467583" t="String" n="Ev" />
      </Data>
      <Data n="20178075389264e">
        <Key v="4350,-400" t="Vector2" n="!$P" />
        <Key v="20206495856812" t="String" n="$T" />
        <Key v="Jak se dostat na loď" t="String" n="!%Txt" />
      </Data>
      <Data n="20178075453017e">
        <Key v="4950,-400" t="Vector2" n="!$P" />
        <Key v="_EGate" t="String" n="$T" />
        <Key v="G4" t="String" n="GT" />
      </Data>
      <Data n="20178075491116e">
        <Key v="5250,-400" t="Vector2" n="!$P" />
        <Key v="20206352251934" t="String" n="$T" />
        <Key v="CkI" t="String" n="GT" />
        <Key v="SkH" t="String" n="T" />
        <Key v="1" t="String" n="M" />
        <Key v="200" t="String" n="C" />
      </Data>
      <Data n="20178075395169e">
        <Key v="5700,-400" t="Vector2" n="!$P" />
        <Key v="20202934699316" t="String" n="$T" />
        <Key v="Úplatek" t="String" n="%CX" />
        <Key v="RoT" t="String" n="Spc" />
        <Key v="L1" t="String" n="Lvl" />
      </Data>
      <Data n="20178075449723e">
        <Key v="4950,-800" t="Vector2" n="!$P" />
        <Key v="_EGate" t="String" n="$T" />
        <Key v="G4" t="String" n="GT" />
      </Data>
      <Data n="20178075391557e">
        <Key v="5250,-800" t="Vector2" n="!$P" />
        <Key v="20202934699316" t="String" n="$T" />
        <Key v="Vyhrožování" t="String" n="%CX" />
        <Key v="RoI" t="String" n="Spc" />
        <Key v="L3" t="String" n="Lvl" />
      </Data>
      <Data n="20178075452638e">
        <Key v="4950,-1200" t="Vector2" n="!$P" />
        <Key v="_EGate" t="String" n="$T" />
        <Key v="G4" t="String" n="GT" />
      </Data>
      <Data n="20178075391799e">
        <Key v="5250,-1200" t="Vector2" n="!$P" />
        <Key v="20202934699316" t="String" n="$T" />
        <Key v="Přemlouvání" t="String" n="%CX" />
        <Key v="RoP" t="String" n="Spc" />
        <Key v="L2" t="String" n="Lvl" />
      </Data>
      <Data n="20178075456954e">
        <Key v="4950,-1600" t="Vector2" n="!$P" />
        <Key v="20202934699316" t="String" n="$T" />
        <Key v="Zaútočit" t="String" n="%CX" />
        <Key v="MrA" t="String" n="Spc" />
      </Data>
      <Data n="20178075506224e">
        <Key v="5400,-1600" t="Vector2" n="!$P" />
        <Key v="_EFunc" t="String" n="$T" />
        <Key v="G1" t="String" n="GT" />
        <Key v="1" t="Int32" n="T2" />
        <Key v="5" t="Decimal" n="Val" />
        <Key v="Lishak" t="String" n="Cnt" />
        <Key v="O+" t="String" n="O" />
      </Data>
      <Data n="20178075612893e">
        <Key v="5700,-1600" t="Vector2" n="!$P" />
        <Key v="_EFunc" t="String" n="$T" />
        <Key v="G1" t="String" n="GT" />
        <Key v="1" t="Int32" n="T2" />
        <Key v="-5" t="Decimal" n="Val" />
        <Key v="Hardon" t="String" n="Cnt" />
        <Key v="O+" t="String" n="O" />
      </Data>
      <Data n="20182820220427e">
        <Key v="6000,-1600" t="Vector2" n="!$P" />
        <Key v="20206371455404" t="String" n="$T" />
        <Key v="CkE" t="String" n="GT" />
        <Key v="SaD" t="String" n="T" />
        <Key v="E20177241809853" t="String" n="Ev" />
      </Data>
      <Data n="20182820243676e">
        <Key v="6450,-1600" t="Vector2" n="!$P" />
        <Key v="_EFunc" t="String" n="$T" />
        <Key v="G0" t="String" n="GT" />
        <Key v="Crabby&amp;Shark_vstup" t="String" n="Var" />
      </Data>
      <Data n="20178075458756e">
        <Key v="4950,-1800" t="Vector2" n="!$P" />
        <Key v="20202934699316" t="String" n="$T" />
        <Key v="Odejít" t="String" n="%CX" />
        <Key v="MrE" t="String" n="Spc" />
      </Data>
      <Data n="20178075395170e">
        <Key v="6150,-400" t="Vector2" n="!$P" />
        <Key v="20202866798502" t="String" n="$T" />
      </Data>
      <Data n="20178075391558e">
        <Key v="5700,-800" t="Vector2" n="!$P" />
        <Key v="20202866798502" t="String" n="$T" />
      </Data>
      <Data n="20178075391800e">
        <Key v="5700,-1200" t="Vector2" n="!$P" />
        <Key v="20202866798502" t="String" n="$T" />
      </Data>
      <Data n="20178075456955e">
        <Key v="6900,-1600" t="Vector2" n="!$P" />
        <Key v="20202866798502" t="String" n="$T" />
      </Data>
      <Data n="20178075458755e">
        <Key v="5400,-1800" t="Vector2" n="!$P" />
        <Key v="20202866798502" t="String" n="$T" />
      </Data>
      <Data n="20178075444498e">
        <Key v="6750,-400" t="Vector2" n="!$P" />
        <Key v="_EGate" t="String" n="$T" />
        <Key v="G1" t="String" n="GT" />
        <Key v="1" t="Int32" n="T2" />
        <Key v="2" t="Decimal" n="Val" />
        <Key v="XResult" t="String" n="Cnt" />
        <Key v="Oeg" t="String" n="O" />
      </Data>
      <Data n="20178075487062e">
        <Key v="7050,-400" t="Vector2" n="!$P" />
        <Key v="20206371455404" t="String" n="$T" />
        <Key v="CkI" t="String" n="GT" />
        <Key v="SaT" t="String" n="T" />
        <Key v="1" t="String" n="M" />
        <Key v="200" t="String" n="C" />
      </Data>
      <Data n="20182820210960e">
        <Key v="7500,-400" t="Vector2" n="!$P" />
        <Key v="20206371455404" t="String" n="$T" />
        <Key v="CkE" t="String" n="GT" />
        <Key v="SaD" t="String" n="T" />
        <Key v="E20177241809853" t="String" n="Ev" />
      </Data>
      <Data n="20182820241461e">
        <Key v="7950,-400" t="Vector2" n="!$P" />
        <Key v="_EFunc" t="String" n="$T" />
        <Key v="G0" t="String" n="GT" />
        <Key v="Crabby&amp;Shark_vstup" t="String" n="Var" />
      </Data>
      <Data n="20178075447442e">
        <Key v="6750,-600" t="Vector2" n="!$P" />
        <Key v="_EGate" t="String" n="$T" />
        <Key v="G1" t="String" n="GT" />
        <Key v="1" t="Int32" n="T2" />
        <Key v="0" t="Decimal" n="Val" />
        <Key v="XResult" t="String" n="Cnt" />
        <Key v="Oeg" t="String" n="O" />
      </Data>
      <Data n="20178075441458e">
        <Key v="6300,-800" t="Vector2" n="!$P" />
        <Key v="_EGate" t="String" n="$T" />
        <Key v="G1" t="String" n="GT" />
        <Key v="1" t="Int32" n="T2" />
        <Key v="2" t="Decimal" n="Val" />
        <Key v="XResult" t="String" n="Cnt" />
        <Key v="Oeg" t="String" n="O" />
      </Data>
      <Data n="20182820211911e">
        <Key v="6600,-800" t="Vector2" n="!$P" />
        <Key v="20206371455404" t="String" n="$T" />
        <Key v="CkE" t="String" n="GT" />
        <Key v="SaD" t="String" n="T" />
        <Key v="E20177241809853" t="String" n="Ev" />
      </Data>
      <Data n="20182820233375e">
        <Key v="7050,-800" t="Vector2" n="!$P" />
        <Key v="_EFunc" t="String" n="$T" />
        <Key v="G0" t="String" n="GT" />
        <Key v="Crabby&amp;Shark_vstup" t="String" n="Var" />
      </Data>
      <Data n="20178075446324e">
        <Key v="6300,-1000" t="Vector2" n="!$P" />
        <Key v="_EGate" t="String" n="$T" />
        <Key v="G1" t="String" n="GT" />
        <Key v="1" t="Int32" n="T2" />
        <Key v="0" t="Decimal" n="Val" />
        <Key v="XResult" t="String" n="Cnt" />
        <Key v="Oeg" t="String" n="O" />
      </Data>
      <Data n="20178075444189e">
        <Key v="6300,-1200" t="Vector2" n="!$P" />
        <Key v="_EGate" t="String" n="$T" />
        <Key v="G1" t="String" n="GT" />
        <Key v="1" t="Int32" n="T2" />
        <Key v="2" t="Decimal" n="Val" />
        <Key v="XResult" t="String" n="Cnt" />
        <Key v="Oeg" t="String" n="O" />
      </Data>
      <Data n="20182820211294e">
        <Key v="6600,-1200" t="Vector2" n="!$P" />
        <Key v="20206371455404" t="String" n="$T" />
        <Key v="CkE" t="String" n="GT" />
        <Key v="SaD" t="String" n="T" />
        <Key v="E20177241809853" t="String" n="Ev" />
      </Data>
      <Data n="20182820241161e">
        <Key v="7050,-1200" t="Vector2" n="!$P" />
        <Key v="_EFunc" t="String" n="$T" />
        <Key v="G0" t="String" n="GT" />
        <Key v="Crabby&amp;Shark_vstup" t="String" n="Var" />
      </Data>
      <Data n="20178075447171e">
        <Key v="6300,-1400" t="Vector2" n="!$P" />
        <Key v="_EGate" t="String" n="$T" />
        <Key v="G1" t="String" n="GT" />
        <Key v="1" t="Int32" n="T2" />
        <Key v="0" t="Decimal" n="Val" />
        <Key v="XResult" t="String" n="Cnt" />
        <Key v="Oeg" t="String" n="O" />
      </Data>
      <Data n="20178075428793e">
        <Key v="8400,-400" t="Vector2" n="!$P" />
        <Key v="20202866798502" t="String" n="$T" />
        <Key v="%M1" t="String" n="T" />
      </Data>
      <Data n="20178075429047e">
        <Key v="7200,-600" t="Vector2" n="!$P" />
        <Key v="20202866798502" t="String" n="$T" />
        <Key v="%M2" t="String" n="T" />
      </Data>
      <Data n="20178075426966e">
        <Key v="7500,-800" t="Vector2" n="!$P" />
        <Key v="20202866798502" t="String" n="$T" />
        <Key v="%M1" t="String" n="T" />
      </Data>
      <Data n="20178075427187e">
        <Key v="6750,-1000" t="Vector2" n="!$P" />
        <Key v="20202866798502" t="String" n="$T" />
        <Key v="%M2" t="String" n="T" />
      </Data>
      <Data n="20178075427917e">
        <Key v="7500,-1200" t="Vector2" n="!$P" />
        <Key v="20202866798502" t="String" n="$T" />
        <Key v="%M1" t="String" n="T" />
      </Data>
      <Data n="20178075428101e">
        <Key v="6750,-1400" t="Vector2" n="!$P" />
        <Key v="20202866798502" t="String" n="$T" />
        <Key v="%M2" t="String" n="T" />
      </Data>
    </Data>
    <Data n="$Conns">
      <Data n="20178075358563c">
        <Key v="20178075358563e" t="String" n="$E" />
      </Data>
      <Data n="20178075364126c">
        <Key v="20178075364126e" t="String" n="$E" />
        <Key v="20178075358563e" t="String" n="$S" />
      </Data>
      <Data n="20178028526058c">
        <Key v="20178028526058e" t="String" n="$E" />
      </Data>
      <Data n="20178028548861c">
        <Key v="20178028548861e" t="String" n="$E" />
        <Key v="20178028526058e" t="String" n="$S" />
      </Data>
      <Data n="20178075377304c">
        <Key v="20178075377304e" t="String" n="$E" />
      </Data>
      <Data n="20182820209146c">
        <Key v="20182820209146e" t="String" n="$E" />
        <Key v="20178075377304e" t="String" n="$S" />
      </Data>
      <Data n="20182820232070c">
        <Key v="20182820232070e" t="String" n="$E" />
      </Data>
      <Data n="20178028507105c">
        <Key v="20178028507105e" t="String" n="$E" />
        <Key v="20178075364126e" t="String" n="$S" />
      </Data>
      <Data n="20178028505975c">
        <Key v="20178028505975e" t="String" n="$E" />
        <Key v="20178028548861e" t="String" n="$S" />
      </Data>
      <Data n="20178028507389c">
        <Key v="20178028507389e" t="String" n="$E" />
        <Key v="20182820209146e" t="String" n="$S" />
      </Data>
      <Data n="20182820225043c">
        <Key v="20182820225043e" t="String" n="$E" />
        <Key v="20182820232070e" t="String" n="$S" />
      </Data>
      <Data n="20178028652836c">
        <Key v="20178028652836e" t="String" n="$E" />
        <Key v="20178028507105e" t="String" n="$S" />
      </Data>
      <Data n="20178075694608c">
        <Key v="20178075694608e" t="String" n="$E" />
        <Key v="20178028507105e" t="String" n="$S" />
      </Data>
      <Data n="20178028652301c">
        <Key v="20178028652301e" t="String" n="$E" />
        <Key v="20178075694608e" t="String" n="$S" />
      </Data>
      <Data n="20178075478089c">
        <Key v="20178075478089e" t="String" n="$E" />
        <Key v="20178028507105e" t="String" n="$S" />
      </Data>
      <Data n="20178075510399c">
        <Key v="20178075510399e" t="String" n="$E" />
        <Key v="20178075478089e" t="String" n="$S" />
      </Data>
      <Data n="20178075618723c">
        <Key v="20178075618723e" t="String" n="$E" />
        <Key v="20178075510399e" t="String" n="$S" />
      </Data>
      <Data n="20182820205586c">
        <Key v="20182820205586e" t="String" n="$E" />
        <Key v="20178075618723e" t="String" n="$S" />
      </Data>
      <Data n="20178075682860c">
        <Key v="20178075682860e" t="String" n="$E" />
        <Key v="20178028507105e" t="String" n="$S" />
      </Data>
      <Data n="20178075677598c">
        <Key v="20178075677598e" t="String" n="$E" />
        <Key v="20178075682860e" t="String" n="$S" />
      </Data>
      <Data n="20182820215076c">
        <Key v="20182820215076e" t="String" n="$E" />
        <Key v="20178075677598e" t="String" n="$S" />
      </Data>
      <Data n="20178028558440c">
        <Key v="20178028558440e" t="String" n="$E" />
        <Key v="20178028505975e" t="String" n="$S" />
      </Data>
      <Data n="20178028652835c">
        <Key v="20178028652835e" t="String" n="$E" />
        <Key v="20178028652836e" t="String" n="$S" />
      </Data>
      <Data n="20178028652302c">
        <Key v="20178028652302e" t="String" n="$E" />
        <Key v="20178028652301e" t="String" n="$S" />
      </Data>
      <Data n="20178075478088c">
        <Key v="20178075478088e" t="String" n="$E" />
        <Key v="20182820205586e" t="String" n="$S" />
      </Data>
      <Data n="20178075677599c">
        <Key v="20178075677599e" t="String" n="$E" />
        <Key v="20182820215076e" t="String" n="$S" />
      </Data>
      <Data n="20178028565395c">
        <Key v="20178028565395e" t="String" n="$E" />
        <Key v="20178028558440e" t="String" n="$S" />
      </Data>
      <Data n="20178028659198c">
        <Key v="20178028659198e" t="String" n="$E" />
        <Key v="20178028652835e" t="String" n="$S" />
      </Data>
      <Data n="20178075323000c">
        <Key v="20178075323000e" t="String" n="$E" />
        <Key v="20178028652302e" t="String" n="$S" />
      </Data>
      <Data n="20182820218488c">
        <Key v="20182820218488e" t="String" n="$E" />
        <Key v="20178075323000e" t="String" n="$S" />
      </Data>
      <Data n="20178075337200c">
        <Key v="20178075337200e" t="String" n="$E" />
        <Key v="20178028652302e" t="String" n="$S" />
      </Data>
      <Data n="20178075321712c">
        <Key v="20178075321712e" t="String" n="$E" />
        <Key v="20178075677599e" t="String" n="$S" />
      </Data>
      <Data n="20178028573293c">
        <Key v="20178028573293e" t="String" n="$E" />
        <Key v="20178028565395e" t="String" n="$S" />
      </Data>
      <Data n="20206616255979c">
        <Key v="20178075321712e" t="String" n="$E" />
        <Key v="20182820218488e" t="String" n="$S" />
      </Data>
      <Data n="20178075322095c">
        <Key v="20178075322095e" t="String" n="$E" />
        <Key v="20178075337200e" t="String" n="$S" />
      </Data>
      <Data n="20188222489556c">
        <Key v="20188222489556e" t="String" n="$E" />
        <Key v="20178028573293e" t="String" n="$S" />
      </Data>
      <Data n="20178075389264c">
        <Key v="20178075389264e" t="String" n="$E" />
        <Key v="20178075322095e" t="String" n="$S" />
      </Data>
      <Data n="20178075453017c">
        <Key v="20178075453017e" t="String" n="$E" />
        <Key v="20178075389264e" t="String" n="$S" />
      </Data>
      <Data n="20178075491116c">
        <Key v="20178075491116e" t="String" n="$E" />
        <Key v="20178075453017e" t="String" n="$S" />
      </Data>
      <Data n="20178075395169c">
        <Key v="20178075395169e" t="String" n="$E" />
        <Key v="20178075491116e" t="String" n="$S" />
      </Data>
      <Data n="20178075449723c">
        <Key v="20178075449723e" t="String" n="$E" />
        <Key v="20178075389264e" t="String" n="$S" />
      </Data>
      <Data n="20178075391557c">
        <Key v="20178075391557e" t="String" n="$E" />
        <Key v="20178075449723e" t="String" n="$S" />
      </Data>
      <Data n="20178075452638c">
        <Key v="20178075452638e" t="String" n="$E" />
        <Key v="20178075389264e" t="String" n="$S" />
      </Data>
      <Data n="20178075391799c">
        <Key v="20178075391799e" t="String" n="$E" />
        <Key v="20178075452638e" t="String" n="$S" />
      </Data>
      <Data n="20178075456954c">
        <Key v="20178075456954e" t="String" n="$E" />
        <Key v="20178075389264e" t="String" n="$S" />
      </Data>
      <Data n="20178075506224c">
        <Key v="20178075506224e" t="String" n="$E" />
        <Key v="20178075456954e" t="String" n="$S" />
      </Data>
      <Data n="20178075612893c">
        <Key v="20178075612893e" t="String" n="$E" />
        <Key v="20178075506224e" t="String" n="$S" />
      </Data>
      <Data n="20182820220427c">
        <Key v="20182820220427e" t="String" n="$E" />
        <Key v="20178075612893e" t="String" n="$S" />
      </Data>
      <Data n="20182820243676c">
        <Key v="20182820243676e" t="String" n="$E" />
        <Key v="20182820220427e" t="String" n="$S" />
      </Data>
      <Data n="20178075458756c">
        <Key v="20178075458756e" t="String" n="$E" />
        <Key v="20178075389264e" t="String" n="$S" />
      </Data>
      <Data n="20178075395170c">
        <Key v="20178075395170e" t="String" n="$E" />
        <Key v="20178075395169e" t="String" n="$S" />
      </Data>
      <Data n="20178075391558c">
        <Key v="20178075391558e" t="String" n="$E" />
        <Key v="20178075391557e" t="String" n="$S" />
      </Data>
      <Data n="20178075391800c">
        <Key v="20178075391800e" t="String" n="$E" />
        <Key v="20178075391799e" t="String" n="$S" />
      </Data>
      <Data n="20178075456955c">
        <Key v="20178075456955e" t="String" n="$E" />
        <Key v="20182820243676e" t="String" n="$S" />
      </Data>
      <Data n="20178075458755c">
        <Key v="20178075458755e" t="String" n="$E" />
        <Key v="20178075458756e" t="String" n="$S" />
      </Data>
      <Data n="20178075444498c">
        <Key v="20178075444498e" t="String" n="$E" />
        <Key v="20178075395170e" t="String" n="$S" />
      </Data>
      <Data n="20178075487062c">
        <Key v="20178075487062e" t="String" n="$E" />
        <Key v="20178075444498e" t="String" n="$S" />
      </Data>
      <Data n="20182820210960c">
        <Key v="20182820210960e" t="String" n="$E" />
        <Key v="20178075487062e" t="String" n="$S" />
      </Data>
      <Data n="20182820241461c">
        <Key v="20182820241461e" t="String" n="$E" />
        <Key v="20182820210960e" t="String" n="$S" />
      </Data>
      <Data n="20178075447442c">
        <Key v="20178075447442e" t="String" n="$E" />
        <Key v="20178075395170e" t="String" n="$S" />
      </Data>
      <Data n="20178075441458c">
        <Key v="20178075441458e" t="String" n="$E" />
        <Key v="20178075391558e" t="String" n="$S" />
      </Data>
      <Data n="20182820211911c">
        <Key v="20182820211911e" t="String" n="$E" />
        <Key v="20178075441458e" t="String" n="$S" />
      </Data>
      <Data n="20182820233375c">
        <Key v="20182820233375e" t="String" n="$E" />
        <Key v="20182820211911e" t="String" n="$S" />
      </Data>
      <Data n="20178075446324c">
        <Key v="20178075446324e" t="String" n="$E" />
        <Key v="20178075391558e" t="String" n="$S" />
      </Data>
      <Data n="20178075444189c">
        <Key v="20178075444189e" t="String" n="$E" />
        <Key v="20178075391800e" t="String" n="$S" />
      </Data>
      <Data n="20182820211294c">
        <Key v="20182820211294e" t="String" n="$E" />
        <Key v="20178075444189e" t="String" n="$S" />
      </Data>
      <Data n="20182820241161c">
        <Key v="20182820241161e" t="String" n="$E" />
        <Key v="20182820211294e" t="String" n="$S" />
      </Data>
      <Data n="20178075447171c">
        <Key v="20178075447171e" t="String" n="$E" />
        <Key v="20178075391800e" t="String" n="$S" />
      </Data>
      <Data n="20178075428793c">
        <Key v="20178075428793e" t="String" n="$E" />
        <Key v="20182820241461e" t="String" n="$S" />
      </Data>
      <Data n="20178075429047c">
        <Key v="20178075429047e" t="String" n="$E" />
        <Key v="20178075447442e" t="String" n="$S" />
      </Data>
      <Data n="20178075426966c">
        <Key v="20178075426966e" t="String" n="$E" />
        <Key v="20182820233375e" t="String" n="$S" />
      </Data>
      <Data n="20178075427187c">
        <Key v="20178075427187e" t="String" n="$E" />
        <Key v="20178075446324e" t="String" n="$S" />
      </Data>
      <Data n="20178075427917c">
        <Key v="20178075427917e" t="String" n="$E" />
        <Key v="20182820241161e" t="String" n="$S" />
      </Data>
      <Data n="20178075428101c">
        <Key v="20178075428101e" t="String" n="$E" />
        <Key v="20178075447171e" t="String" n="$S" />
      </Data>
      <Data n="20206616256021c">
        <Key v="20178075389264e" t="String" n="$E" />
        <Key v="20178075429047e" t="String" n="$S" />
      </Data>
      <Data n="20206616256022c">
        <Key v="20178075389264e" t="String" n="$E" />
        <Key v="20178075427187e" t="String" n="$S" />
      </Data>
      <Data n="20206616256023c">
        <Key v="20178075389264e" t="String" n="$E" />
        <Key v="20178075428101e" t="String" n="$S" />
      </Data>
    </Data>
  </Data>
</DataRoot>