﻿<?xml version="1.0" encoding="utf-8"?>
<DataRoot n="D">
  <Data n="20156715531177">
    <Data n="$Elems">
      <Data n="20162604556317e">
        <Key v="450,0" t="Vector2" n="!$P" />
        <Key v="_EGate" t="String" n="$T" />
        <Key v="G0" t="String" n="GT" />
        <Key v="Banditi_prvni_setkani" t="String" n="Var" />
      </Data>
      <Data n="20162604550423e">
        <Key v="750,0" t="Vector2" n="!$P" />
        <Key v="_EFunc" t="String" n="$T" />
        <Key v="G0" t="String" n="GT" />
        <Key v="Banditi_prvni_setkani" t="String" n="Var" />
      </Data>
      <Data n="20162604488794e">
        <Key v="450,-3000" t="Vector2" n="!$P" />
        <Key v="20202866798502" t="String" n="$T" />
        <Key v="%M1" t="String" n="T" />
        <Key v="Ach, zase vy? Hele jděte si po svých..." t="String" n="%X" />
      </Data>
      <Data n="20156715555403e">
        <Key v="1200,0" t="Vector2" n="!$P" />
        <Key v="20202866798502" t="String" n="$T" />
        <Key v="%M1" t="String" n="T" />
        <Key v="Zdravím vás cestovatelé. Mé jméno je Rey Grimm a rád bych vás informoval, že se blížíte do městečka Manto. Je mou svatou povinností od vás požadovat 10 stříbrných jako mýtné za využití této cesty." t="String" n="%X" />
      </Data>
      <Data n="20162604541814e">
        <Key v="1050,-3000" t="Vector2" n="!$P" />
        <Key v="20202934699316" t="String" n="$T" />
        <Key v="Bezeslova zaútočit" t="String" n="%CX" />
        <Key v="MrA" t="String" n="Spc" />
      </Data>
      <Data n="20162604539802e">
        <Key v="1050,-3200" t="Vector2" n="!$P" />
        <Key v="20202934699316" t="String" n="$T" />
        <Key v="Odejít" t="String" n="%CX" />
        <Key v="MrE" t="String" n="Spc" />
      </Data>
      <Data n="20156736848532e">
        <Key v="1800,0" t="Vector2" n="!$P" />
        <Key v="20206495856812" t="String" n="$T" />
        <Key v="Reakce na očividné vydírání" t="String" n="!%Txt" />
      </Data>
      <Data n="20156883056286e">
        <Key v="1500,-3000" t="Vector2" n="!$P" />
        <Key v="20202866798502" t="String" n="$T" />
        <Key v="Uaaaaaaaaaa na ně !!!!" t="String" n="%X" />
      </Data>
      <Data n="20162604539803e">
        <Key v="1500,-3200" t="Vector2" n="!$P" />
        <Key v="20202866798502" t="String" n="$T" />
      </Data>
      <Data n="20156761268670e">
        <Key v="2400,0" t="Vector2" n="!$P" />
        <Key v="20202934699316" t="String" n="$T" />
        <Key v="Agresivně" t="String" n="%CX" />
      </Data>
      <Data n="20162850771928e">
        <Key v="2400,-1800" t="Vector2" n="!$P" />
        <Key v="20206352251934" t="String" n="$T" />
        <Key v="CkI" t="String" n="GT" />
        <Key v="SkH" t="String" n="T" />
        <Key v="1" t="String" n="M" />
        <Key v="1000" t="String" n="C" />
      </Data>
      <Data n="20156736853538e">
        <Key v="2850,-1800" t="Vector2" n="!$P" />
        <Key v="20202934699316" t="String" n="$T" />
        <Key v="Zaplatit" t="String" n="%CX" />
      </Data>
      <Data n="20156899787303e">
        <Key v="2400,-2000" t="Vector2" n="!$P" />
        <Key v="_EGate" t="String" n="$T" />
        <Key v="G0" t="String" n="GT" />
        <Key v="Banditi_nezaplatit" t="String" n="Var" />
      </Data>
      <Data n="20156736853689e">
        <Key v="2700,-2000" t="Vector2" n="!$P" />
        <Key v="20202934699316" t="String" n="$T" />
        <Key v="Nezaplatit" t="String" n="%CX" />
      </Data>
      <Data n="20156899774760e">
        <Key v="3150,-2000" t="Vector2" n="!$P" />
        <Key v="_EFunc" t="String" n="$T" />
        <Key v="G0" t="String" n="GT" />
        <Key v="Banditi_nezaplatit" t="String" n="Var" />
      </Data>
      <Data n="20156761276276e">
        <Key v="2400,-2800" t="Vector2" n="!$P" />
        <Key v="20202934699316" t="String" n="$T" />
        <Key v="Bezeslova zaútočit" t="String" n="%CX" />
        <Key v="MrA" t="String" n="Spc" />
      </Data>
      <Data n="20156761268671e">
        <Key v="2850,0" t="Vector2" n="!$P" />
        <Key v="20202866798502" t="String" n="$T" />
        <Key v="Táhněte odsud vy zpropadení banditi." t="String" n="%X" />
      </Data>
      <Data n="20156736853539e">
        <Key v="3300,-1800" t="Vector2" n="!$P" />
        <Key v="20202866798502" t="String" n="$T" />
        <Key v="Nechceme mít žádné problémy, tady je vašich 10 stříbrných." t="String" n="%X" />
      </Data>
      <Data n="20156736853690e">
        <Key v="3600,-2000" t="Vector2" n="!$P" />
        <Key v="20202866798502" t="String" n="$T" />
        <Key v="No, nějak se nám to nezdá. Ta cesta se zdá být veřejná. Nepřijde nám, že byste tady měli vybírat." t="String" n="%X" />
      </Data>
      <Data n="20156761297230e">
        <Key v="3450,0" t="Vector2" n="!$P" />
        <Key v="20202866798502" t="String" n="$T" />
        <Key v="%M2" t="String" n="T" />
        <Key v="Hehe, ono si to myslí, že nás jen tak vodežene..." t="String" n="%X" />
      </Data>
      <Data n="20157525235160e">
        <Key v="3900,-1800" t="Vector2" n="!$P" />
        <Key v="20206371455404" t="String" n="$T" />
        <Key v="CkI" t="String" n="GT" />
        <Key v="SaT" t="String" n="T" />
        <Key v="I20157375210590" t="String" n="It" />
        <Key v="10" t="String" n="C" />
      </Data>
      <Data n="20156760038739e">
        <Key v="4200,-2000" t="Vector2" n="!$P" />
        <Key v="20202866798502" t="String" n="$T" />
        <Key v="%M1" t="String" n="T" />
        <Key v="No, tak to řeknu trochu jinak. Je ve vašem nejlepším zájmu nám zaplatit..." t="String" n="%X" />
      </Data>
      <Data n="20156761306913e">
        <Key v="4050,0" t="Vector2" n="!$P" />
        <Key v="20202866798502" t="String" n="$T" />
        <Key v="%M3" t="String" n="T" />
        <Key v="Měli bychom jim dát pořádně za vyučenou." t="String" n="%X" />
      </Data>
      <Data n="20156737014002e">
        <Key v="4350,-1800" t="Vector2" n="!$P" />
        <Key v="20202866798502" t="String" n="$T" />
        <Key v="%M2" t="String" n="T" />
        <Key v="Hele Rey, to bylo nějaký snadný..." t="String" n="%X" />
      </Data>
      <Data n="20156760047371e">
        <Key v="4800,-2000" t="Vector2" n="!$P" />
        <Key v="20202866798502" t="String" n="$T" />
        <Key v="%M3" t="String" n="T" />
        <Key v="Mohlo by se vám totiž stát, že přijdete k úrazu." t="String" n="%X" />
      </Data>
      <Data n="20156761312912e">
        <Key v="4650,0" t="Vector2" n="!$P" />
        <Key v="20202866798502" t="String" n="$T" />
        <Key v="%M1" t="String" n="T" />
        <Key v="No tak pánové, PÁNOVÉ. Nebudeme se přece chovat jako barbaři. Tato společnost nás asi špatně pochopila. Dáme jim teda ještě jednu šanci. Jste si opravdu jisti, že nechcete zaplatit?" t="String" n="%X" />
      </Data>
      <Data n="20156737056569e">
        <Key v="4950,-1800" t="Vector2" n="!$P" />
        <Key v="20202866798502" t="String" n="$T" />
        <Key v="%M3" t="String" n="T" />
        <Key v="Žejo viď. Dám krk na to, že u sebe maj o hodně víc." t="String" n="%X" />
      </Data>
      <Data n="20156760081795e">
        <Key v="5400,-2000" t="Vector2" n="!$P" />
        <Key v="20202866798502" t="String" n="$T" />
        <Key v="%M2" t="String" n="T" />
        <Key v="Hehe, jojo jde především o vaši bezpečnost. &lt;smích&gt;" t="String" n="%X" />
      </Data>
      <Data n="20156761353350e">
        <Key v="5250,0" t="Vector2" n="!$P" />
        <Key v="20202934699316" t="String" n="$T" />
        <Key v="Bezeslova zaútočit" t="String" n="%CX" />
        <Key v="MrA" t="String" n="Spc" />
      </Data>
      <Data n="20156761350188e">
        <Key v="5250,-200" t="Vector2" n="!$P" />
        <Key v="20202934699316" t="String" n="$T" />
        <Key v="Zaplatit" t="String" n="%CX" />
      </Data>
      <Data n="20156761350420e">
        <Key v="5250,-1400" t="Vector2" n="!$P" />
        <Key v="20202934699316" t="String" n="$T" />
        <Key v="Nezaplatit a vyhrožovat" t="String" n="%CX" />
        <Key v="RoI" t="String" n="Spc" />
        <Key v="L3" t="String" n="Lvl" />
      </Data>
      <Data n="20156737156879e">
        <Key v="5550,-1800" t="Vector2" n="!$P" />
        <Key v="20202866798502" t="String" n="$T" />
        <Key v="%M1" t="String" n="T" />
        <Key v="Pravda, pravda. No Vážení. Myslím, že došlo k malému nedorozumění. Řekl jsem sice 10 stříbrných, ale myslel jsem za osobu, takže to ve vašem případě bude rovných 30. Teda, 10 už jsem dostal, takže samozřejmě jenom 20. Nejsme přeci žádní vyděrači. &lt;smích&gt;" t="String" n="%X" />
      </Data>
      <Data n="20156899676349e">
        <Key v="6000,-2000" t="Vector2" n="!$P" />
        <Key v="20202934699316" t="String" n="$T" />
        <Key v="Bezeslova zaútočit" t="String" n="%CX" />
        <Key v="MrA" t="String" n="Spc" />
      </Data>
      <Data n="20156899634477e">
        <Key v="6000,-2200" t="Vector2" n="!$P" />
        <Key v="20202934699316" t="String" n="$T" />
        <Key v="Zaplatit" t="String" n="%CX" />
      </Data>
      <Data n="20156899634771e">
        <Key v="6000,-2400" t="Vector2" n="!$P" />
        <Key v="20202934699316" t="String" n="$T" />
        <Key v="Přesvědčit je, že platit nemusíme" t="String" n="%CX" />
        <Key v="RoP" t="String" n="Spc" />
        <Key v="L2" t="String" n="Lvl" />
      </Data>
      <Data n="20156761350421e">
        <Key v="5700,-1400" t="Vector2" n="!$P" />
        <Key v="20202866798502" t="String" n="$T" />
        <Key v="Nic od nás neuvidíte a zároveň vám dáváme poslední varování, abyste odsud vystřelili. Jinak to pro vás nedopadne dobře." t="String" n="%X" />
      </Data>
      <Data n="20156882868805e">
        <Key v="6150,-1800" t="Vector2" n="!$P" />
        <Key v="20206495856812" t="String" n="$T" />
        <Key v="Reakce na vydírání." t="String" n="!%Txt" />
      </Data>
      <Data n="20156899634772e">
        <Key v="6450,-2400" t="Vector2" n="!$P" />
        <Key v="20202866798502" t="String" n="$T" />
        <Key v="Heleďte, naprosto chápu, že si prostě potřebujete v těchto těžkých dobách nějak přivydělat. Ale nevybrali jste si pro své snažení zrovna správný cíl. Je totiž velmi pravděpodobné, že by někdo mohl přijít k úrazu a to nejen mezi námi. Jen se na nás podívejte, nevypadáme zrovna jako bezbraní obchodníci. Stojí vám to riziko vůbec za těch pár stříbrných? Já myslím, že ne." t="String" n="%X" />
      </Data>
      <Data n="20157525301013e">
        <Key v="6300,-1400" t="Vector2" n="!$P" />
        <Key v="_EGate" t="String" n="$T" />
        <Key v="G1" t="String" n="GT" />
        <Key v="1" t="Int32" n="T2" />
        <Key v="2" t="Decimal" n="Val" />
        <Key v="XResult" t="String" n="Cnt" />
        <Key v="Oeg" t="String" n="O" />
      </Data>
      <Data n="20157525302822e">
        <Key v="6300,-1600" t="Vector2" n="!$P" />
        <Key v="_EGate" t="String" n="$T" />
        <Key v="G1" t="String" n="GT" />
        <Key v="1" t="Int32" n="T2" />
        <Key v="0" t="Decimal" n="Val" />
        <Key v="XResult" t="String" n="Cnt" />
        <Key v="Oeg" t="String" n="O" />
      </Data>
      <Data n="20156882872556e">
        <Key v="6750,-1800" t="Vector2" n="!$P" />
        <Key v="20202934699316" t="String" n="$T" />
        <Key v="Vyhrožovat" t="String" n="%CX" />
        <Key v="RoI" t="String" n="Spc" />
        <Key v="L2" t="String" n="Lvl" />
      </Data>
      <Data n="20162850793652e">
        <Key v="6750,-2400" t="Vector2" n="!$P" />
        <Key v="20206352251934" t="String" n="$T" />
        <Key v="CkI" t="String" n="GT" />
        <Key v="SkH" t="String" n="T" />
        <Key v="1" t="String" n="M" />
        <Key v="2000" t="String" n="C" />
      </Data>
      <Data n="20156882871860e">
        <Key v="7200,-2400" t="Vector2" n="!$P" />
        <Key v="20202934699316" t="String" n="$T" />
        <Key v="Souhlasit s podmínkami a zaplatit" t="String" n="%CX" />
      </Data>
      <Data n="20156883185014e">
        <Key v="6750,-2600" t="Vector2" n="!$P" />
        <Key v="_EGate" t="String" n="$T" />
        <Key v="G0" t="String" n="GT" />
        <Key v="Banditi_premlouvani_01" t="String" n="Var" />
      </Data>
      <Data n="20156882872136e">
        <Key v="7050,-2600" t="Vector2" n="!$P" />
        <Key v="20202934699316" t="String" n="$T" />
        <Key v="Oponovat" t="String" n="%CX" />
        <Key v="RoP" t="String" n="Spc" />
        <Key v="L2" t="String" n="Lvl" />
      </Data>
      <Data n="20156883177364e">
        <Key v="7500,-2600" t="Vector2" n="!$P" />
        <Key v="_EFunc" t="String" n="$T" />
        <Key v="G0" t="String" n="GT" />
        <Key v="Banditi_premlouvani_01" t="String" n="Var" />
      </Data>
      <Data n="20157525306972e">
        <Key v="7050,-2400" t="Vector2" n="!$P" />
        <Key v="_EGate" t="String" n="$T" />
        <Key v="G1" t="String" n="GT" />
        <Key v="1" t="Int32" n="T2" />
        <Key v="2" t="Decimal" n="Val" />
        <Key v="XResult" t="String" n="Cnt" />
        <Key v="Oeg" t="String" n="O" />
      </Data>
      <Data n="20157525308445e">
        <Key v="7050,-2600" t="Vector2" n="!$P" />
        <Key v="_EGate" t="String" n="$T" />
        <Key v="G1" t="String" n="GT" />
        <Key v="1" t="Int32" n="T2" />
        <Key v="0" t="Decimal" n="Val" />
        <Key v="XResult" t="String" n="Cnt" />
        <Key v="Oeg" t="String" n="O" />
      </Data>
      <Data n="20156899826805e">
        <Key v="6750,-1400" t="Vector2" n="!$P" />
        <Key v="20202866798502" t="String" n="$T" />
        <Key v="%M2" t="String" n="T" />
        <Key v="Hele Rey, možná bychom tyhle měli prostě nechat projít." t="String" n="%X" />
      </Data>
      <Data n="20156883248404e">
        <Key v="6750,-1600" t="Vector2" n="!$P" />
        <Key v="20202866798502" t="String" n="$T" />
        <Key v="%M2" t="String" n="T" />
        <Key v="Hele tak ono nám to vyhrožuje." t="String" n="%X" />
      </Data>
      <Data n="20156882872557e">
        <Key v="7200,-1800" t="Vector2" n="!$P" />
        <Key v="20202866798502" t="String" n="$T" />
        <Key v="Heleďte, vy zpropadení banditi. Svých 10 stříbrných jste dostali. Můžete být rádi, že to pro vás dopadlo takhle. Nezkoušejte dále naší trpělivost. Mohli byste přijít o více, než jen o těch 10, právě nabytých stříbrňáků..." t="String" n="%X" />
      </Data>
      <Data n="20156882871861e">
        <Key v="7650,-2400" t="Vector2" n="!$P" />
        <Key v="20202866798502" t="String" n="$T" />
        <Key v="No dobrá, tady je zbylých 20 stříbrných." t="String" n="%X" />
      </Data>
      <Data n="20156882872137e">
        <Key v="7950,-2600" t="Vector2" n="!$P" />
        <Key v="20202866798502" t="String" n="$T" />
        <Key v="Poslouchej, to že jsme s tím souhlasili tak okamžitě, znamená, že nepotřebujeme žádné další problémy. Nikoli, že máme k dispozici tolik peněz. Jasně jsi řekl deset stříbrných a ty jsi dostal. Naší část dohody jsme splnili." t="String" n="%X" />
      </Data>
      <Data n="20156899691430e">
        <Key v="7500,-2400" t="Vector2" n="!$P" />
        <Key v="20202866798502" t="String" n="$T" />
        <Key v="%M3" t="String" n="T" />
        <Key v="No Rey, něco na tom bude. Koukej na jejich zbraně, možná bychom je mohli pustit, co říkáš..." t="String" n="%X" />
      </Data>
      <Data n="20156899691696e">
        <Key v="7500,-2600" t="Vector2" n="!$P" />
        <Key v="20202866798502" t="String" n="$T" />
        <Key v="%M1" t="String" n="T" />
        <Key v="Hehe, pěkný pokus. Přijde mi, že tvůj jazyk je ostřejší, než vaše zbraně a toho se opravdu nezaleknem, že hoši." t="String" n="%X" />
      </Data>
      <Data n="20156900087109e">
        <Key v="7350,-1400" t="Vector2" n="!$P" />
        <Key v="20202866798502" t="String" n="$T" />
        <Key v="%M1" t="String" n="T" />
        <Key v="No, já nevím, co myslíš ty Sharku?" t="String" n="%X" />
      </Data>
      <Data n="20156899508819e">
        <Key v="7350,-1600" t="Vector2" n="!$P" />
        <Key v="20202866798502" t="String" n="$T" />
        <Key v="%M3" t="String" n="T" />
        <Key v="Asi bychom to měli naučit správnému chování." t="String" n="%X" />
      </Data>
      <Data n="20157525276039e">
        <Key v="7800,-1800" t="Vector2" n="!$P" />
        <Key v="_EGate" t="String" n="$T" />
        <Key v="G1" t="String" n="GT" />
        <Key v="1" t="Int32" n="T2" />
        <Key v="2" t="Decimal" n="Val" />
        <Key v="XResult" t="String" n="Cnt" />
        <Key v="Oeg" t="String" n="O" />
      </Data>
      <Data n="20157525277924e">
        <Key v="7800,-2200" t="Vector2" n="!$P" />
        <Key v="_EGate" t="String" n="$T" />
        <Key v="G1" t="String" n="GT" />
        <Key v="1" t="Int32" n="T2" />
        <Key v="0" t="Decimal" n="Val" />
        <Key v="XResult" t="String" n="Cnt" />
        <Key v="Oeg" t="String" n="O" />
      </Data>
      <Data n="20156883197809e">
        <Key v="8250,-2400" t="Vector2" n="!$P" />
        <Key v="20206371455404" t="String" n="$T" />
        <Key v="CkI" t="String" n="GT" />
        <Key v="SaT" t="String" n="T" />
        <Key v="I20157375210590" t="String" n="It" />
        <Key v="20" t="String" n="C" />
      </Data>
      <Data n="20157525255932e">
        <Key v="8550,-2600" t="Vector2" n="!$P" />
        <Key v="_EGate" t="String" n="$T" />
        <Key v="G1" t="String" n="GT" />
        <Key v="1" t="Int32" n="T2" />
        <Key v="0" t="Decimal" n="Val" />
        <Key v="XResult" t="String" n="Cnt" />
        <Key v="Oeg" t="String" n="O" />
      </Data>
      <Data n="20157525253083e">
        <Key v="8550,-2800" t="Vector2" n="!$P" />
        <Key v="_EGate" t="String" n="$T" />
        <Key v="G1" t="String" n="GT" />
        <Key v="1" t="Int32" n="T2" />
        <Key v="2" t="Decimal" n="Val" />
        <Key v="XResult" t="String" n="Cnt" />
        <Key v="Oeg" t="String" n="O" />
      </Data>
      <Data n="20156899708886e">
        <Key v="8100,-2400" t="Vector2" n="!$P" />
        <Key v="20202866798502" t="String" n="$T" />
        <Key v="%M2" t="String" n="T" />
        <Key v="Jojo, já jsem pro. Myslím, že by měli prostě jít." t="String" n="%X" />
      </Data>
      <Data n="20156899732883e">
        <Key v="8100,-2600" t="Vector2" n="!$P" />
        <Key v="20202866798502" t="String" n="$T" />
        <Key v="%M2" t="String" n="T" />
        <Key v="Tož to rozhodně ne. Takže zpět k našemu byznisu." t="String" n="%X" />
      </Data>
      <Data n="20156900094623e">
        <Key v="7950,-1400" t="Vector2" n="!$P" />
        <Key v="20202866798502" t="String" n="$T" />
        <Key v="%M3" t="String" n="T" />
        <Key v="Jojo, rozhodně by měli jít." t="String" n="%X" />
      </Data>
      <Data n="20156899512719e">
        <Key v="7950,-1600" t="Vector2" n="!$P" />
        <Key v="20202866798502" t="String" n="$T" />
        <Key v="%M1" t="String" n="T" />
        <Key v="Na ně hoši." t="String" n="%X" />
      </Data>
      <Data n="20156883248207e">
        <Key v="8250,-1800" t="Vector2" n="!$P" />
        <Key v="20202866798502" t="String" n="$T" />
        <Key v="%M2" t="String" n="T" />
        <Key v="Tož, mě možná těch 10 stříbrných stačí, co říkáš Sharku?" t="String" n="%X" />
      </Data>
      <Data n="20156882895359e">
        <Key v="8700,-2400" t="Vector2" n="!$P" />
        <Key v="20202866798502" t="String" n="$T" />
        <Key v="%M1" t="String" n="T" />
        <Key v="Radost s váma obchodovat. Prosím, můžete pokračovat. Cesta je pro vás nyní volná." t="String" n="%X" />
      </Data>
      <Data n="20156883087314e">
        <Key v="9000,-2600" t="Vector2" n="!$P" />
        <Key v="20202866798502" t="String" n="$T" />
        <Key v="%M1" t="String" n="T" />
        <Key v="No a právě proto, že nechcete žádné další problémy, je třeba přidat těch 20 stříbrných, jinak bychom si je museli vzít násilím a to přece nechcete." t="String" n="%X" />
      </Data>
      <Data n="20156883084674e">
        <Key v="9000,-2800" t="Vector2" n="!$P" />
        <Key v="20202866798502" t="String" n="$T" />
        <Key v="%M1" t="String" n="T" />
        <Key v="Dobrá tedy, příště si musím dát pozor na formulaci, nejsme přece žádní vyděrači. &lt;smích&gt; Tak tedy prosím, cesta do Manta je pro vás volná." t="String" n="%X" />
      </Data>
      <Data n="20156899714860e">
        <Key v="8700,-2400" t="Vector2" n="!$P" />
        <Key v="20202866798502" t="String" n="$T" />
        <Key v="%M1" t="String" n="T" />
        <Key v="No, tak tedy vítejte v Mantu, cesta je pro vás nadále volná." t="String" n="%X" />
      </Data>
      <Data n="20156900098525e">
        <Key v="8550,-1400" t="Vector2" n="!$P" />
        <Key v="20202866798502" t="String" n="$T" />
        <Key v="%M1" t="String" n="T" />
        <Key v="Dobrá tedy, tak tedy pokračujte..." t="String" n="%X" />
      </Data>
      <Data n="20156899526464e">
        <Key v="8850,-1800" t="Vector2" n="!$P" />
        <Key v="20202866798502" t="String" n="$T" />
        <Key v="%M3" t="String" n="T" />
        <Key v="Jojo, těch deset je dobrejch." t="String" n="%X" />
      </Data>
      <Data n="20156883050816e">
        <Key v="9300,-2400" t="Vector2" n="!$P" />
        <Key v="20206495856812" t="String" n="$T" />
        <Key v="Reakce na propuštění do Manta." t="String" n="!%Txt" />
      </Data>
      <Data n="20156883160323e">
        <Key v="9600,-2600" t="Vector2" n="!$P" />
        <Key v="20202866798502" t="String" n="$T" />
        <Key v="%M3" t="String" n="T" />
        <Key v="Jojo, navalte ty prašule vy poseroutkové." t="String" n="%X" />
      </Data>
      <Data n="20156899530148e">
        <Key v="9450,-1800" t="Vector2" n="!$P" />
        <Key v="20202866798502" t="String" n="$T" />
        <Key v="%M1" t="String" n="T" />
        <Key v="No dobrá, myslím, že za 10 stříbrných již máte cestu do Manta volnou..." t="String" n="%X" />
      </Data>
      <Data n="20156883056068e">
        <Key v="9900,-2400" t="Vector2" n="!$P" />
        <Key v="20202934699316" t="String" n="$T" />
        <Key v="Odejít" t="String" n="%CX" />
        <Key v="MrE" t="String" n="Spc" />
      </Data>
      <Data n="20156883056287e">
        <Key v="9900,-2600" t="Vector2" n="!$P" />
        <Key v="20202934699316" t="String" n="$T" />
        <Key v="Bezeslova zaútočit" t="String" n="%CX" />
        <Key v="MrA" t="String" n="Spc" />
      </Data>
    </Data>
    <Data n="$Conns">
      <Data n="20162604556317c">
        <Key v="20162604556317e" t="String" n="$E" />
      </Data>
      <Data n="20162604550423c">
        <Key v="20162604550423e" t="String" n="$E" />
        <Key v="20162604556317e" t="String" n="$S" />
      </Data>
      <Data n="20162604488794c">
        <Key v="20162604488794e" t="String" n="$E" />
      </Data>
      <Data n="20156715555403c">
        <Key v="20156715555403e" t="String" n="$E" />
        <Key v="20162604550423e" t="String" n="$S" />
      </Data>
      <Data n="20162604541814c">
        <Key v="20162604541814e" t="String" n="$E" />
        <Key v="20162604488794e" t="String" n="$S" />
      </Data>
      <Data n="20162604539802c">
        <Key v="20162604539802e" t="String" n="$E" />
        <Key v="20162604488794e" t="String" n="$S" />
      </Data>
      <Data n="20156736848532c">
        <Key v="20156736848532e" t="String" n="$E" />
        <Key v="20156715555403e" t="String" n="$S" />
      </Data>
      <Data n="20156883056286c">
        <Key v="20156883056286e" t="String" n="$E" />
        <Key v="20162604541814e" t="String" n="$S" />
      </Data>
      <Data n="20162604539803c">
        <Key v="20162604539803e" t="String" n="$E" />
        <Key v="20162604539802e" t="String" n="$S" />
      </Data>
      <Data n="20156761268670c">
        <Key v="20156761268670e" t="String" n="$E" />
        <Key v="20156736848532e" t="String" n="$S" />
      </Data>
      <Data n="20162850771928c">
        <Key v="20162850771928e" t="String" n="$E" />
        <Key v="20156736848532e" t="String" n="$S" />
      </Data>
      <Data n="20156736853538c">
        <Key v="20156736853538e" t="String" n="$E" />
        <Key v="20162850771928e" t="String" n="$S" />
      </Data>
      <Data n="20156899787303c">
        <Key v="20156899787303e" t="String" n="$E" />
        <Key v="20156736848532e" t="String" n="$S" />
      </Data>
      <Data n="20156736853689c">
        <Key v="20156736853689e" t="String" n="$E" />
        <Key v="20156899787303e" t="String" n="$S" />
      </Data>
      <Data n="20156899774760c">
        <Key v="20156899774760e" t="String" n="$E" />
        <Key v="20156736853689e" t="String" n="$S" />
      </Data>
      <Data n="20156761276276c">
        <Key v="20156761276276e" t="String" n="$E" />
        <Key v="20156736848532e" t="String" n="$S" />
      </Data>
      <Data n="20156761268671c">
        <Key v="20156761268671e" t="String" n="$E" />
        <Key v="20156761268670e" t="String" n="$S" />
      </Data>
      <Data n="20156736853539c">
        <Key v="20156736853539e" t="String" n="$E" />
        <Key v="20156736853538e" t="String" n="$S" />
      </Data>
      <Data n="20156736853690c">
        <Key v="20156736853690e" t="String" n="$E" />
        <Key v="20156899774760e" t="String" n="$S" />
      </Data>
      <Data n="20206616255918c">
        <Key v="20156883056286e" t="String" n="$E" />
        <Key v="20156761276276e" t="String" n="$S" />
      </Data>
      <Data n="20156761297230c">
        <Key v="20156761297230e" t="String" n="$E" />
        <Key v="20156761268671e" t="String" n="$S" />
      </Data>
      <Data n="20157525235160c">
        <Key v="20157525235160e" t="String" n="$E" />
        <Key v="20156736853539e" t="String" n="$S" />
      </Data>
      <Data n="20156760038739c">
        <Key v="20156760038739e" t="String" n="$E" />
        <Key v="20156736853690e" t="String" n="$S" />
      </Data>
      <Data n="20156761306913c">
        <Key v="20156761306913e" t="String" n="$E" />
        <Key v="20156761297230e" t="String" n="$S" />
      </Data>
      <Data n="20156737014002c">
        <Key v="20156737014002e" t="String" n="$E" />
        <Key v="20157525235160e" t="String" n="$S" />
      </Data>
      <Data n="20156760047371c">
        <Key v="20156760047371e" t="String" n="$E" />
        <Key v="20156760038739e" t="String" n="$S" />
      </Data>
      <Data n="20156761312912c">
        <Key v="20156761312912e" t="String" n="$E" />
        <Key v="20156761306913e" t="String" n="$S" />
      </Data>
      <Data n="20156737056569c">
        <Key v="20156737056569e" t="String" n="$E" />
        <Key v="20156737014002e" t="String" n="$S" />
      </Data>
      <Data n="20156760081795c">
        <Key v="20156760081795e" t="String" n="$E" />
        <Key v="20156760047371e" t="String" n="$S" />
      </Data>
      <Data n="20156761353350c">
        <Key v="20156761353350e" t="String" n="$E" />
        <Key v="20156761312912e" t="String" n="$S" />
      </Data>
      <Data n="20156761350188c">
        <Key v="20156761350188e" t="String" n="$E" />
        <Key v="20156761312912e" t="String" n="$S" />
      </Data>
      <Data n="20156761350420c">
        <Key v="20156761350420e" t="String" n="$E" />
        <Key v="20156761312912e" t="String" n="$S" />
      </Data>
      <Data n="20156737156879c">
        <Key v="20156737156879e" t="String" n="$E" />
        <Key v="20156737056569e" t="String" n="$S" />
      </Data>
      <Data n="20156899676349c">
        <Key v="20156899676349e" t="String" n="$E" />
        <Key v="20156760081795e" t="String" n="$S" />
      </Data>
      <Data n="20156899634477c">
        <Key v="20156899634477e" t="String" n="$E" />
        <Key v="20156760081795e" t="String" n="$S" />
      </Data>
      <Data n="20156899634771c">
        <Key v="20156899634771e" t="String" n="$E" />
        <Key v="20156760081795e" t="String" n="$S" />
      </Data>
      <Data n="20206616255935c">
        <Key v="20156883056286e" t="String" n="$E" />
        <Key v="20156761353350e" t="String" n="$S" />
      </Data>
      <Data n="20206616255936c">
        <Key v="20156736853539e" t="String" n="$E" />
        <Key v="20156761350188e" t="String" n="$S" />
      </Data>
      <Data n="20156761350421c">
        <Key v="20156761350421e" t="String" n="$E" />
        <Key v="20156761350420e" t="String" n="$S" />
      </Data>
      <Data n="20156882868805c">
        <Key v="20156882868805e" t="String" n="$E" />
        <Key v="20156737156879e" t="String" n="$S" />
      </Data>
      <Data n="20206616255941c">
        <Key v="20156883056286e" t="String" n="$E" />
        <Key v="20156899676349e" t="String" n="$S" />
      </Data>
      <Data n="20206616255942c">
        <Key v="20156736853539e" t="String" n="$E" />
        <Key v="20156899634477e" t="String" n="$S" />
      </Data>
      <Data n="20156899634772c">
        <Key v="20156899634772e" t="String" n="$E" />
        <Key v="20156899634771e" t="String" n="$S" />
      </Data>
      <Data n="20157525301013c">
        <Key v="20157525301013e" t="String" n="$E" />
        <Key v="20156761350421e" t="String" n="$S" />
      </Data>
      <Data n="20157525302822c">
        <Key v="20157525302822e" t="String" n="$E" />
        <Key v="20156761350421e" t="String" n="$S" />
      </Data>
      <Data n="20156882872556c">
        <Key v="20156882872556e" t="String" n="$E" />
        <Key v="20156882868805e" t="String" n="$S" />
      </Data>
      <Data n="20162850793652c">
        <Key v="20162850793652e" t="String" n="$E" />
        <Key v="20156882868805e" t="String" n="$S" />
      </Data>
      <Data n="20156882871860c">
        <Key v="20156882871860e" t="String" n="$E" />
        <Key v="20162850793652e" t="String" n="$S" />
      </Data>
      <Data n="20156883185014c">
        <Key v="20156883185014e" t="String" n="$E" />
        <Key v="20156882868805e" t="String" n="$S" />
      </Data>
      <Data n="20156882872136c">
        <Key v="20156882872136e" t="String" n="$E" />
        <Key v="20156883185014e" t="String" n="$S" />
      </Data>
      <Data n="20156883177364c">
        <Key v="20156883177364e" t="String" n="$E" />
        <Key v="20156882872136e" t="String" n="$S" />
      </Data>
      <Data n="20157525306972c">
        <Key v="20157525306972e" t="String" n="$E" />
        <Key v="20156899634772e" t="String" n="$S" />
      </Data>
      <Data n="20157525308445c">
        <Key v="20157525308445e" t="String" n="$E" />
        <Key v="20156899634772e" t="String" n="$S" />
      </Data>
      <Data n="20156899826805c">
        <Key v="20156899826805e" t="String" n="$E" />
        <Key v="20157525301013e" t="String" n="$S" />
      </Data>
      <Data n="20156883248404c">
        <Key v="20156883248404e" t="String" n="$E" />
        <Key v="20157525302822e" t="String" n="$S" />
      </Data>
      <Data n="20156882872557c">
        <Key v="20156882872557e" t="String" n="$E" />
        <Key v="20156882872556e" t="String" n="$S" />
      </Data>
      <Data n="20156882871861c">
        <Key v="20156882871861e" t="String" n="$E" />
        <Key v="20156882871860e" t="String" n="$S" />
      </Data>
      <Data n="20156882872137c">
        <Key v="20156882872137e" t="String" n="$E" />
        <Key v="20156883177364e" t="String" n="$S" />
      </Data>
      <Data n="20156899691430c">
        <Key v="20156899691430e" t="String" n="$E" />
        <Key v="20157525306972e" t="String" n="$S" />
      </Data>
      <Data n="20156899691696c">
        <Key v="20156899691696e" t="String" n="$E" />
        <Key v="20157525308445e" t="String" n="$S" />
      </Data>
      <Data n="20156900087109c">
        <Key v="20156900087109e" t="String" n="$E" />
        <Key v="20156899826805e" t="String" n="$S" />
      </Data>
      <Data n="20156899508819c">
        <Key v="20156899508819e" t="String" n="$E" />
        <Key v="20156883248404e" t="String" n="$S" />
      </Data>
      <Data n="20157525276039c">
        <Key v="20157525276039e" t="String" n="$E" />
        <Key v="20156882872557e" t="String" n="$S" />
      </Data>
      <Data n="20157525277924c">
        <Key v="20157525277924e" t="String" n="$E" />
        <Key v="20156882872557e" t="String" n="$S" />
      </Data>
      <Data n="20156883197809c">
        <Key v="20156883197809e" t="String" n="$E" />
        <Key v="20156882871861e" t="String" n="$S" />
      </Data>
      <Data n="20157525255932c">
        <Key v="20157525255932e" t="String" n="$E" />
        <Key v="20156882872137e" t="String" n="$S" />
      </Data>
      <Data n="20157525253083c">
        <Key v="20157525253083e" t="String" n="$E" />
        <Key v="20156882872137e" t="String" n="$S" />
      </Data>
      <Data n="20156899708886c">
        <Key v="20156899708886e" t="String" n="$E" />
        <Key v="20156899691430e" t="String" n="$S" />
      </Data>
      <Data n="20156899732883c">
        <Key v="20156899732883e" t="String" n="$E" />
        <Key v="20156899691696e" t="String" n="$S" />
      </Data>
      <Data n="20156900094623c">
        <Key v="20156900094623e" t="String" n="$E" />
        <Key v="20156900087109e" t="String" n="$S" />
      </Data>
      <Data n="20156899512719c">
        <Key v="20156899512719e" t="String" n="$E" />
        <Key v="20156899508819e" t="String" n="$S" />
      </Data>
      <Data n="20156883248207c">
        <Key v="20156883248207e" t="String" n="$E" />
        <Key v="20157525276039e" t="String" n="$S" />
      </Data>
      <Data n="20206616255973c">
        <Key v="20156883248404e" t="String" n="$E" />
        <Key v="20157525277924e" t="String" n="$S" />
      </Data>
      <Data n="20156882895359c">
        <Key v="20156882895359e" t="String" n="$E" />
        <Key v="20156883197809e" t="String" n="$S" />
      </Data>
      <Data n="20156883087314c">
        <Key v="20156883087314e" t="String" n="$E" />
        <Key v="20157525255932e" t="String" n="$S" />
      </Data>
      <Data n="20156883084674c">
        <Key v="20156883084674e" t="String" n="$E" />
        <Key v="20157525253083e" t="String" n="$S" />
      </Data>
      <Data n="20156899714860c">
        <Key v="20156899714860e" t="String" n="$E" />
        <Key v="20156899708886e" t="String" n="$S" />
      </Data>
      <Data n="20206616255978c">
        <Key v="20156736848532e" t="String" n="$E" />
        <Key v="20156899732883e" t="String" n="$S" />
      </Data>
      <Data n="20156900098525c">
        <Key v="20156900098525e" t="String" n="$E" />
        <Key v="20156900094623e" t="String" n="$S" />
      </Data>
      <Data n="20156899526464c">
        <Key v="20156899526464e" t="String" n="$E" />
        <Key v="20156883248207e" t="String" n="$S" />
      </Data>
      <Data n="20156883050816c">
        <Key v="20156883050816e" t="String" n="$E" />
        <Key v="20156882895359e" t="String" n="$S" />
      </Data>
      <Data n="20156883160323c">
        <Key v="20156883160323e" t="String" n="$E" />
        <Key v="20156883087314e" t="String" n="$S" />
      </Data>
      <Data n="20206616255983c">
        <Key v="20156883050816e" t="String" n="$E" />
        <Key v="20156883084674e" t="String" n="$S" />
      </Data>
      <Data n="20206616255984c">
        <Key v="20156883050816e" t="String" n="$E" />
        <Key v="20156899714860e" t="String" n="$S" />
      </Data>
      <Data n="20206616255985c">
        <Key v="20156883050816e" t="String" n="$E" />
        <Key v="20156900098525e" t="String" n="$S" />
      </Data>
      <Data n="20156899530148c">
        <Key v="20156899530148e" t="String" n="$E" />
        <Key v="20156899526464e" t="String" n="$S" />
      </Data>
      <Data n="20156883056068c">
        <Key v="20156883056068e" t="String" n="$E" />
        <Key v="20156883050816e" t="String" n="$S" />
      </Data>
      <Data n="20156883056287c">
        <Key v="20156883056287e" t="String" n="$E" />
        <Key v="20156883050816e" t="String" n="$S" />
      </Data>
      <Data n="20206616255989c">
        <Key v="20156882868805e" t="String" n="$E" />
        <Key v="20156883160323e" t="String" n="$S" />
      </Data>
      <Data n="20206616255990c">
        <Key v="20156883050816e" t="String" n="$E" />
        <Key v="20156899530148e" t="String" n="$S" />
      </Data>
      <Data n="20206616255991c">
        <Key v="20156883056286e" t="String" n="$E" />
        <Key v="20156883056287e" t="String" n="$S" />
      </Data>
    </Data>
  </Data>
</DataRoot>