﻿<?xml version="1.0" encoding="utf-8"?>
<DataRoot n="D">
  <Data n="20178317668667">
    <Data n="$Elems">
      <Data n="20178943752572e">
        <Key v="450,0" t="Vector2" n="!$P" />
        <Key v="_EGate" t="String" n="$T" />
        <Key v="G1" t="String" n="GT" />
        <Key v="1" t="Int32" n="T2" />
        <Key v="-10" t="Decimal" n="Val" />
        <Key v="Lishak" t="String" n="Cnt" />
        <Key v="Oel" t="String" n="O" />
      </Data>
      <Data n="20178943742993e">
        <Key v="450,-200" t="Vector2" n="!$P" />
        <Key v="_EGate" t="String" n="$T" />
        <Key v="G1" t="String" n="GT" />
        <Key v="1" t="Int32" n="T2" />
        <Key v="-9" t="Decimal" n="Val" />
        <Key v="Lishak" t="String" n="Cnt" />
        <Key v="Oeg" t="String" n="O" />
      </Data>
      <Data n="20178943748711e">
        <Key v="750,-200" t="Vector2" n="!$P" />
        <Key v="_EGate" t="String" n="$T" />
        <Key v="G1" t="String" n="GT" />
        <Key v="1" t="Int32" n="T2" />
        <Key v="19" t="Decimal" n="Val" />
        <Key v="Lishak" t="String" n="Cnt" />
        <Key v="Oel" t="String" n="O" />
      </Data>
      <Data n="20178946304747e">
        <Key v="450,-5200" t="Vector2" n="!$P" />
        <Key v="_EGate" t="String" n="$T" />
        <Key v="G0" t="String" n="GT" />
        <Key v="1" t="Int32" n="Ex" />
        <Key v="Condra_Bashed_pristup" t="String" n="Var" />
      </Data>
      <Data n="20178943742291e">
        <Key v="900,0" t="Vector2" n="!$P" />
        <Key v="20202866798502" t="String" n="$T" />
        <Key v="%M1" t="String" n="T" />
        <Key v="Chlapi, to je on. Na něj!" t="String" n="%X" />
      </Data>
      <Data n="20178942678864e">
        <Key v="1200,-200" t="Vector2" n="!$P" />
        <Key v="20202866798502" t="String" n="$T" />
        <Key v="%M1" t="String" n="T" />
        <Key v="Hej hej, kam si myslíš, že jdeš?" t="String" n="%X" />
      </Data>
      <Data n="20178943742468e">
        <Key v="900,-5200" t="Vector2" n="!$P" />
        <Key v="20202866798502" t="String" n="$T" />
        <Key v="%M1" t="String" n="T" />
        <Key v="Jo to jsi ty, v pořádku." t="String" n="%X" />
      </Data>
      <Data n="20178942718956e">
        <Key v="1800,-200" t="Vector2" n="!$P" />
        <Key v="20202934699316" t="String" n="$T" />
        <Key v="Bezeslova zaútočit" t="String" n="%CX" />
        <Key v="MrA" t="String" n="Spc" />
      </Data>
      <Data n="20178943763273e">
        <Key v="2250,-200" t="Vector2" n="!$P" />
        <Key v="_EFunc" t="String" n="$T" />
        <Key v="G1" t="String" n="GT" />
        <Key v="1" t="Int32" n="T2" />
        <Key v="-5" t="Decimal" n="Val" />
        <Key v="Lishak" t="String" n="Cnt" />
        <Key v="O+" t="String" n="O" />
      </Data>
      <Data n="20178942683881e">
        <Key v="1800,-400" t="Vector2" n="!$P" />
        <Key v="20202934699316" t="String" n="$T" />
        <Key v="Procházka" t="String" n="%CX" />
      </Data>
      <Data n="20178942684052e">
        <Key v="1800,-600" t="Vector2" n="!$P" />
        <Key v="20202934699316" t="String" n="$T" />
        <Key v="Bedny?" t="String" n="%CX" />
      </Data>
      <Data n="20178942684194e">
        <Key v="1800,-5000" t="Vector2" n="!$P" />
        <Key v="20202934699316" t="String" n="$T" />
        <Key v="Odejít" t="String" n="%CX" />
        <Key v="MrE" t="String" n="Spc" />
      </Data>
      <Data n="20186516272009e">
        <Key v="2250,-5000" t="Vector2" n="!$P" />
        <Key v="20206371455404" t="String" n="$T" />
        <Key v="CkE" t="String" n="GT" />
        <Key v="SaS" t="String" n="T" />
        <Key v="E20186516237240" t="String" n="Ev" />
      </Data>
      <Data n="20178942718957e">
        <Key v="2700,-200" t="Vector2" n="!$P" />
        <Key v="20202866798502" t="String" n="$T" />
      </Data>
      <Data n="20178942683882e">
        <Key v="2250,-400" t="Vector2" n="!$P" />
        <Key v="20202866798502" t="String" n="$T" />
        <Key v="Jen se tady procházím." t="String" n="%X" />
      </Data>
      <Data n="20178942684053e">
        <Key v="2250,-600" t="Vector2" n="!$P" />
        <Key v="20202866798502" t="String" n="$T" />
        <Key v="Rád bych se kouknul do těch beden, co jsou za tebou." t="String" n="%X" />
      </Data>
      <Data n="20178942684195e">
        <Key v="2700,-5000" t="Vector2" n="!$P" />
        <Key v="20202866798502" t="String" n="$T" />
        <Key v="Nechtěl jsem překážet, odcházím" t="String" n="%X" />
      </Data>
      <Data n="20186516266326e">
        <Key v="2850,-400" t="Vector2" n="!$P" />
        <Key v="20206371455404" t="String" n="$T" />
        <Key v="CkE" t="String" n="GT" />
        <Key v="SaS" t="String" n="T" />
        <Key v="E20186516237240" t="String" n="Ev" />
      </Data>
      <Data n="20178943753719e">
        <Key v="2850,-600" t="Vector2" n="!$P" />
        <Key v="_EGate" t="String" n="$T" />
        <Key v="G1" t="String" n="GT" />
        <Key v="1" t="Int32" n="T2" />
        <Key v="20" t="Decimal" n="Val" />
        <Key v="Lishak" t="String" n="Cnt" />
        <Key v="Oeg" t="String" n="O" />
      </Data>
      <Data n="20178946325043e">
        <Key v="3150,-600" t="Vector2" n="!$P" />
        <Key v="_EFunc" t="String" n="$T" />
        <Key v="G0" t="String" n="GT" />
        <Key v="Condra_Bashed_pristup" t="String" n="Var" />
      </Data>
      <Data n="20178942703773e">
        <Key v="2850,-800" t="Vector2" n="!$P" />
        <Key v="20202866798502" t="String" n="$T" />
        <Key v="%M1" t="String" n="T" />
        <Key v="Jo a proč bych ti to měl dovolit? To bedny patří panu Lishakovi, takže nevidím důvod, proč tě k nim pouštět." t="String" n="%X" />
      </Data>
      <Data n="20178942690812e">
        <Key v="3300,-400" t="Vector2" n="!$P" />
        <Key v="20202866798502" t="String" n="$T" />
        <Key v="%M1" t="String" n="T" />
        <Key v="Tak se koukej procházet někde jinde." t="String" n="%X" />
      </Data>
      <Data n="20178946312504e">
        <Key v="3600,-600" t="Vector2" n="!$P" />
        <Key v="20202866798502" t="String" n="$T" />
        <Key v="%M1" t="String" n="T" />
        <Key v="Jsi s Lishakem zadobře, takže si můžeš z beden vzít co chceš." t="String" n="%X" />
      </Data>
      <Data n="20178942713139e">
        <Key v="3450,-800" t="Vector2" n="!$P" />
        <Key v="20206495856812" t="String" n="$T" />
        <Key v="Možnosti ohledně beden" t="String" n="!%Txt" />
      </Data>
      <Data n="20178943829541e">
        <Key v="4050,-800" t="Vector2" n="!$P" />
        <Key v="20202934699316" t="String" n="$T" />
        <Key v="Odejít" t="String" n="%CX" />
        <Key v="MrE" t="String" n="Spc" />
      </Data>
      <Data n="20186516270871e">
        <Key v="4500,-800" t="Vector2" n="!$P" />
        <Key v="20206371455404" t="String" n="$T" />
        <Key v="CkE" t="String" n="GT" />
        <Key v="SaS" t="String" n="T" />
        <Key v="E20186516237240" t="String" n="Ev" />
      </Data>
      <Data n="20178946335285e">
        <Key v="4050,-1000" t="Vector2" n="!$P" />
        <Key v="_EGate" t="String" n="$T" />
        <Key v="G4" t="String" n="GT" />
      </Data>
      <Data n="20186516279232e">
        <Key v="4350,-1000" t="Vector2" n="!$P" />
        <Key v="20206352251934" t="String" n="$T" />
        <Key v="CkI" t="String" n="GT" />
        <Key v="SkH" t="String" n="T" />
        <Key v="I20157375210590" t="String" n="It" />
        <Key v="1" t="String" n="C" />
      </Data>
      <Data n="20178943828190e">
        <Key v="4800,-1000" t="Vector2" n="!$P" />
        <Key v="20202934699316" t="String" n="$T" />
        <Key v="Podplatit" t="String" n="%CX" />
      </Data>
      <Data n="20178946336912e">
        <Key v="4050,-3400" t="Vector2" n="!$P" />
        <Key v="_EGate" t="String" n="$T" />
        <Key v="G4" t="String" n="GT" />
      </Data>
      <Data n="20178943828340e">
        <Key v="4350,-3400" t="Vector2" n="!$P" />
        <Key v="20202934699316" t="String" n="$T" />
        <Key v="Přemluvit" t="String" n="%CX" />
        <Key v="RoP" t="String" n="Spc" />
        <Key v="L4" t="String" n="Lvl" />
      </Data>
      <Data n="20178946337887e">
        <Key v="4050,-4200" t="Vector2" n="!$P" />
        <Key v="_EGate" t="String" n="$T" />
        <Key v="G4" t="String" n="GT" />
      </Data>
      <Data n="20178943828511e">
        <Key v="4350,-4200" t="Vector2" n="!$P" />
        <Key v="20202934699316" t="String" n="$T" />
        <Key v="Zastrašit" t="String" n="%CX" />
        <Key v="RoI" t="String" n="Spc" />
        <Key v="L3" t="String" n="Lvl" />
      </Data>
      <Data n="20178943829542e">
        <Key v="4950,-800" t="Vector2" n="!$P" />
        <Key v="20202866798502" t="String" n="$T" />
      </Data>
      <Data n="20178943828191e">
        <Key v="5250,-1000" t="Vector2" n="!$P" />
        <Key v="20202866798502" t="String" n="$T" />
        <Key v="Možná bychom se mohli dohodnout jinak" t="String" n="%X" />
      </Data>
      <Data n="20178943828341e">
        <Key v="4800,-3400" t="Vector2" n="!$P" />
        <Key v="20202866798502" t="String" n="$T" />
      </Data>
      <Data n="20178943828512e">
        <Key v="4800,-4200" t="Vector2" n="!$P" />
        <Key v="20202866798502" t="String" n="$T" />
      </Data>
      <Data n="20178946352187e">
        <Key v="5850,-1000" t="Vector2" n="!$P" />
        <Key v="20206352251934" t="String" n="$T" />
        <Key v="CkI" t="String" n="GT" />
        <Key v="SkH" t="String" n="T" />
        <Key v="I20157375210590" t="String" n="It" />
        <Key v="1" t="String" n="C" />
      </Data>
      <Data n="20178943844374e">
        <Key v="6300,-1000" t="Vector2" n="!$P" />
        <Key v="20202934699316" t="String" n="$T" />
        <Key v="Malý úplatek (1 st)" t="String" n="%CX" />
        <Key v="RoT" t="String" n="Spc" />
        <Key v="L3" t="String" n="Lvl" />
      </Data>
      <Data n="20178946361757e">
        <Key v="6750,-1000" t="Vector2" n="!$P" />
        <Key v="20206371455404" t="String" n="$T" />
        <Key v="CkI" t="String" n="GT" />
        <Key v="SaT" t="String" n="T" />
        <Key v="I20157375210590" t="String" n="It" />
        <Key v="1" t="String" n="C" />
      </Data>
      <Data n="20178946356378e">
        <Key v="5850,-1800" t="Vector2" n="!$P" />
        <Key v="20206352251934" t="String" n="$T" />
        <Key v="CkI" t="String" n="GT" />
        <Key v="SkH" t="String" n="T" />
        <Key v="I20157375210590" t="String" n="It" />
        <Key v="5" t="String" n="C" />
      </Data>
      <Data n="20178943844579e">
        <Key v="6300,-1800" t="Vector2" n="!$P" />
        <Key v="20202934699316" t="String" n="$T" />
        <Key v="Střední úplatek (5 st)" t="String" n="%CX" />
        <Key v="RoT" t="String" n="Spc" />
        <Key v="L2" t="String" n="Lvl" />
      </Data>
      <Data n="20178946363742e">
        <Key v="6750,-1800" t="Vector2" n="!$P" />
        <Key v="20206371455404" t="String" n="$T" />
        <Key v="CkI" t="String" n="GT" />
        <Key v="SaT" t="String" n="T" />
        <Key v="I20157375210590" t="String" n="It" />
        <Key v="5" t="String" n="C" />
      </Data>
      <Data n="20178946357692e">
        <Key v="5850,-2600" t="Vector2" n="!$P" />
        <Key v="20206352251934" t="String" n="$T" />
        <Key v="CkI" t="String" n="GT" />
        <Key v="SkH" t="String" n="T" />
        <Key v="I20157375210590" t="String" n="It" />
        <Key v="20" t="String" n="C" />
      </Data>
      <Data n="20178943844733e">
        <Key v="6300,-2600" t="Vector2" n="!$P" />
        <Key v="20202934699316" t="String" n="$T" />
        <Key v="Velků úplatek (20st)" t="String" n="%CX" />
        <Key v="RoT" t="String" n="Spc" />
        <Key v="L1" t="String" n="Lvl" />
      </Data>
      <Data n="20178946364084e">
        <Key v="6750,-2600" t="Vector2" n="!$P" />
        <Key v="20206371455404" t="String" n="$T" />
        <Key v="CkI" t="String" n="GT" />
        <Key v="SaT" t="String" n="T" />
        <Key v="I20157375210590" t="String" n="It" />
        <Key v="20" t="String" n="C" />
      </Data>
      <Data n="20178946283813e">
        <Key v="5400,-3400" t="Vector2" n="!$P" />
        <Key v="_EGate" t="String" n="$T" />
        <Key v="G1" t="String" n="GT" />
        <Key v="1" t="Int32" n="T2" />
        <Key v="3" t="Decimal" n="Val" />
        <Key v="XResult" t="String" n="Cnt" />
        <Key v="Oeg" t="String" n="O" />
      </Data>
      <Data n="20178946298680e">
        <Key v="5700,-3400" t="Vector2" n="!$P" />
        <Key v="_EFunc" t="String" n="$T" />
        <Key v="G0" t="String" n="GT" />
        <Key v="Condra_Bashed_pristup" t="String" n="Var" />
      </Data>
      <Data n="20178946283350e">
        <Key v="5400,-3600" t="Vector2" n="!$P" />
        <Key v="_EGate" t="String" n="$T" />
        <Key v="G1" t="String" n="GT" />
        <Key v="1" t="Int32" n="T2" />
        <Key v="2" t="Decimal" n="Val" />
        <Key v="XResult" t="String" n="Cnt" />
        <Key v="Oeg" t="String" n="O" />
      </Data>
      <Data n="20178946299201e">
        <Key v="5700,-3600" t="Vector2" n="!$P" />
        <Key v="_EFunc" t="String" n="$T" />
        <Key v="G0" t="String" n="GT" />
        <Key v="Condra_Bashed_pristup" t="String" n="Var" />
      </Data>
      <Data n="20178946282946e">
        <Key v="5400,-3800" t="Vector2" n="!$P" />
        <Key v="_EGate" t="String" n="$T" />
        <Key v="G1" t="String" n="GT" />
        <Key v="1" t="Int32" n="T2" />
        <Key v="1" t="Decimal" n="Val" />
        <Key v="XResult" t="String" n="Cnt" />
        <Key v="Oeg" t="String" n="O" />
      </Data>
      <Data n="20178946282579e">
        <Key v="5400,-4000" t="Vector2" n="!$P" />
        <Key v="_EGate" t="String" n="$T" />
        <Key v="G1" t="String" n="GT" />
        <Key v="1" t="Int32" n="T2" />
        <Key v="0" t="Decimal" n="Val" />
        <Key v="XResult" t="String" n="Cnt" />
        <Key v="Oeg" t="String" n="O" />
      </Data>
      <Data n="20178946286040e">
        <Key v="5400,-4200" t="Vector2" n="!$P" />
        <Key v="_EGate" t="String" n="$T" />
        <Key v="G1" t="String" n="GT" />
        <Key v="1" t="Int32" n="T2" />
        <Key v="3" t="Decimal" n="Val" />
        <Key v="XResult" t="String" n="Cnt" />
        <Key v="Oeg" t="String" n="O" />
      </Data>
      <Data n="20178946299789e">
        <Key v="5700,-4200" t="Vector2" n="!$P" />
        <Key v="_EFunc" t="String" n="$T" />
        <Key v="G0" t="String" n="GT" />
        <Key v="Condra_Bashed_pristup" t="String" n="Var" />
      </Data>
      <Data n="20178946285627e">
        <Key v="5400,-4400" t="Vector2" n="!$P" />
        <Key v="_EGate" t="String" n="$T" />
        <Key v="G1" t="String" n="GT" />
        <Key v="1" t="Int32" n="T2" />
        <Key v="2" t="Decimal" n="Val" />
        <Key v="XResult" t="String" n="Cnt" />
        <Key v="Oeg" t="String" n="O" />
      </Data>
      <Data n="20178946300248e">
        <Key v="5700,-4400" t="Vector2" n="!$P" />
        <Key v="_EFunc" t="String" n="$T" />
        <Key v="G0" t="String" n="GT" />
        <Key v="Condra_Bashed_pristup" t="String" n="Var" />
      </Data>
      <Data n="20178946285210e">
        <Key v="5400,-4600" t="Vector2" n="!$P" />
        <Key v="_EGate" t="String" n="$T" />
        <Key v="G1" t="String" n="GT" />
        <Key v="1" t="Int32" n="T2" />
        <Key v="1" t="Decimal" n="Val" />
        <Key v="XResult" t="String" n="Cnt" />
        <Key v="Oeg" t="String" n="O" />
      </Data>
      <Data n="20178946284801e">
        <Key v="5400,-4800" t="Vector2" n="!$P" />
        <Key v="_EGate" t="String" n="$T" />
        <Key v="G1" t="String" n="GT" />
        <Key v="1" t="Int32" n="T2" />
        <Key v="0" t="Decimal" n="Val" />
        <Key v="XResult" t="String" n="Cnt" />
        <Key v="Oeg" t="String" n="O" />
      </Data>
      <Data n="20178946345389e">
        <Key v="5700,-4800" t="Vector2" n="!$P" />
        <Key v="_EFunc" t="String" n="$T" />
        <Key v="G1" t="String" n="GT" />
        <Key v="1" t="Int32" n="T2" />
        <Key v="-5" t="Decimal" n="Val" />
        <Key v="Lishak" t="String" n="Cnt" />
        <Key v="O+" t="String" n="O" />
      </Data>
      <Data n="20178943844375e">
        <Key v="7200,-1000" t="Vector2" n="!$P" />
        <Key v="20202866798502" t="String" n="$T" />
      </Data>
      <Data n="20178943844578e">
        <Key v="7200,-1800" t="Vector2" n="!$P" />
        <Key v="20202866798502" t="String" n="$T" />
      </Data>
      <Data n="20178943844732e">
        <Key v="7200,-2600" t="Vector2" n="!$P" />
        <Key v="20202866798502" t="String" n="$T" />
      </Data>
      <Data n="20178943858715e">
        <Key v="6150,-3400" t="Vector2" n="!$P" />
        <Key v="20202866798502" t="String" n="$T" />
        <Key v="%M1" t="String" n="T" />
      </Data>
      <Data n="20178943858882e">
        <Key v="6150,-3600" t="Vector2" n="!$P" />
        <Key v="20202866798502" t="String" n="$T" />
        <Key v="%M1" t="String" n="T" />
      </Data>
      <Data n="20178943859044e">
        <Key v="5850,-3800" t="Vector2" n="!$P" />
        <Key v="20202866798502" t="String" n="$T" />
        <Key v="%M1" t="String" n="T" />
      </Data>
      <Data n="20178943859228e">
        <Key v="5850,-4000" t="Vector2" n="!$P" />
        <Key v="20202866798502" t="String" n="$T" />
        <Key v="%M1" t="String" n="T" />
      </Data>
      <Data n="20178943859979e">
        <Key v="6150,-4200" t="Vector2" n="!$P" />
        <Key v="20202866798502" t="String" n="$T" />
        <Key v="%M1" t="String" n="T" />
      </Data>
      <Data n="20178943860212e">
        <Key v="6150,-4400" t="Vector2" n="!$P" />
        <Key v="20202866798502" t="String" n="$T" />
        <Key v="%M1" t="String" n="T" />
      </Data>
      <Data n="20178943860387e">
        <Key v="5850,-4600" t="Vector2" n="!$P" />
        <Key v="20202866798502" t="String" n="$T" />
        <Key v="%M1" t="String" n="T" />
      </Data>
      <Data n="20178943860546e">
        <Key v="6150,-4800" t="Vector2" n="!$P" />
        <Key v="20202866798502" t="String" n="$T" />
        <Key v="%M1" t="String" n="T" />
      </Data>
      <Data n="20178946277854e">
        <Key v="7800,-1000" t="Vector2" n="!$P" />
        <Key v="_EGate" t="String" n="$T" />
        <Key v="G1" t="String" n="GT" />
        <Key v="1" t="Int32" n="T2" />
        <Key v="0" t="Decimal" n="Val" />
        <Key v="XResult" t="String" n="Cnt" />
        <Key v="Oeg" t="String" n="O" />
      </Data>
      <Data n="20178946272441e">
        <Key v="7800,-1200" t="Vector2" n="!$P" />
        <Key v="_EGate" t="String" n="$T" />
        <Key v="G1" t="String" n="GT" />
        <Key v="1" t="Int32" n="T2" />
        <Key v="3" t="Decimal" n="Val" />
        <Key v="XResult" t="String" n="Cnt" />
        <Key v="Oeg" t="String" n="O" />
      </Data>
      <Data n="20178946291828e">
        <Key v="8100,-1200" t="Vector2" n="!$P" />
        <Key v="_EFunc" t="String" n="$T" />
        <Key v="G0" t="String" n="GT" />
        <Key v="Condra_Bashed_pristup" t="String" n="Var" />
      </Data>
      <Data n="20178946277199e">
        <Key v="7800,-1400" t="Vector2" n="!$P" />
        <Key v="_EGate" t="String" n="$T" />
        <Key v="G1" t="String" n="GT" />
        <Key v="1" t="Int32" n="T2" />
        <Key v="2" t="Decimal" n="Val" />
        <Key v="XResult" t="String" n="Cnt" />
        <Key v="Oeg" t="String" n="O" />
      </Data>
      <Data n="20178946296132e">
        <Key v="8100,-1400" t="Vector2" n="!$P" />
        <Key v="_EFunc" t="String" n="$T" />
        <Key v="G0" t="String" n="GT" />
        <Key v="Condra_Bashed_pristup" t="String" n="Var" />
      </Data>
      <Data n="20178946277483e">
        <Key v="7800,-1600" t="Vector2" n="!$P" />
        <Key v="_EGate" t="String" n="$T" />
        <Key v="G1" t="String" n="GT" />
        <Key v="1" t="Int32" n="T2" />
        <Key v="1" t="Decimal" n="Val" />
        <Key v="XResult" t="String" n="Cnt" />
        <Key v="Oeg" t="String" n="O" />
      </Data>
      <Data n="20178946279668e">
        <Key v="7800,-1800" t="Vector2" n="!$P" />
        <Key v="_EGate" t="String" n="$T" />
        <Key v="G1" t="String" n="GT" />
        <Key v="1" t="Int32" n="T2" />
        <Key v="0" t="Decimal" n="Val" />
        <Key v="XResult" t="String" n="Cnt" />
        <Key v="Oeg" t="String" n="O" />
      </Data>
      <Data n="20178946276273e">
        <Key v="7800,-2000" t="Vector2" n="!$P" />
        <Key v="_EGate" t="String" n="$T" />
        <Key v="G1" t="String" n="GT" />
        <Key v="1" t="Int32" n="T2" />
        <Key v="3" t="Decimal" n="Val" />
        <Key v="XResult" t="String" n="Cnt" />
        <Key v="Oeg" t="String" n="O" />
      </Data>
      <Data n="20178946296807e">
        <Key v="8100,-2000" t="Vector2" n="!$P" />
        <Key v="_EFunc" t="String" n="$T" />
        <Key v="G0" t="String" n="GT" />
        <Key v="Condra_Bashed_pristup" t="String" n="Var" />
      </Data>
      <Data n="20178946280477e">
        <Key v="7800,-2200" t="Vector2" n="!$P" />
        <Key v="_EGate" t="String" n="$T" />
        <Key v="G1" t="String" n="GT" />
        <Key v="1" t="Int32" n="T2" />
        <Key v="2" t="Decimal" n="Val" />
        <Key v="XResult" t="String" n="Cnt" />
        <Key v="Oeg" t="String" n="O" />
      </Data>
      <Data n="20178946297078e">
        <Key v="8100,-2200" t="Vector2" n="!$P" />
        <Key v="_EFunc" t="String" n="$T" />
        <Key v="G0" t="String" n="GT" />
        <Key v="Condra_Bashed_pristup" t="String" n="Var" />
      </Data>
      <Data n="20178946280077e">
        <Key v="7800,-2400" t="Vector2" n="!$P" />
        <Key v="_EGate" t="String" n="$T" />
        <Key v="G1" t="String" n="GT" />
        <Key v="1" t="Int32" n="T2" />
        <Key v="1" t="Decimal" n="Val" />
        <Key v="XResult" t="String" n="Cnt" />
        <Key v="Oeg" t="String" n="O" />
      </Data>
      <Data n="20178946276590e">
        <Key v="7800,-2600" t="Vector2" n="!$P" />
        <Key v="_EGate" t="String" n="$T" />
        <Key v="G1" t="String" n="GT" />
        <Key v="1" t="Int32" n="T2" />
        <Key v="3" t="Decimal" n="Val" />
        <Key v="XResult" t="String" n="Cnt" />
        <Key v="Oeg" t="String" n="O" />
      </Data>
      <Data n="20178946297354e">
        <Key v="8100,-2600" t="Vector2" n="!$P" />
        <Key v="_EFunc" t="String" n="$T" />
        <Key v="G0" t="String" n="GT" />
        <Key v="Condra_Bashed_pristup" t="String" n="Var" />
      </Data>
      <Data n="20178946280760e">
        <Key v="7800,-2800" t="Vector2" n="!$P" />
        <Key v="_EGate" t="String" n="$T" />
        <Key v="G1" t="String" n="GT" />
        <Key v="1" t="Int32" n="T2" />
        <Key v="2" t="Decimal" n="Val" />
        <Key v="XResult" t="String" n="Cnt" />
        <Key v="Oeg" t="String" n="O" />
      </Data>
      <Data n="20178946297670e">
        <Key v="8100,-2800" t="Vector2" n="!$P" />
        <Key v="_EFunc" t="String" n="$T" />
        <Key v="G0" t="String" n="GT" />
        <Key v="Condra_Bashed_pristup" t="String" n="Var" />
      </Data>
      <Data n="20178946281799e">
        <Key v="7800,-3000" t="Vector2" n="!$P" />
        <Key v="_EGate" t="String" n="$T" />
        <Key v="G1" t="String" n="GT" />
        <Key v="1" t="Int32" n="T2" />
        <Key v="1" t="Decimal" n="Val" />
        <Key v="XResult" t="String" n="Cnt" />
        <Key v="Oeg" t="String" n="O" />
      </Data>
      <Data n="20178946281399e">
        <Key v="7800,-3200" t="Vector2" n="!$P" />
        <Key v="_EGate" t="String" n="$T" />
        <Key v="G1" t="String" n="GT" />
        <Key v="1" t="Int32" n="T2" />
        <Key v="0" t="Decimal" n="Val" />
        <Key v="XResult" t="String" n="Cnt" />
        <Key v="Oeg" t="String" n="O" />
      </Data>
      <Data n="20178943864837e">
        <Key v="8250,-1000" t="Vector2" n="!$P" />
        <Key v="20202866798502" t="String" n="$T" />
        <Key v="%M1" t="String" n="T" />
      </Data>
      <Data n="20178943862881e">
        <Key v="8550,-1200" t="Vector2" n="!$P" />
        <Key v="20202866798502" t="String" n="$T" />
        <Key v="%M1" t="String" n="T" />
      </Data>
      <Data n="20178943863152e">
        <Key v="8550,-1400" t="Vector2" n="!$P" />
        <Key v="20202866798502" t="String" n="$T" />
        <Key v="%M1" t="String" n="T" />
      </Data>
      <Data n="20178943863344e">
        <Key v="8250,-1600" t="Vector2" n="!$P" />
        <Key v="20202866798502" t="String" n="$T" />
        <Key v="%M1" t="String" n="T" />
      </Data>
      <Data n="20178943865391e">
        <Key v="8250,-1800" t="Vector2" n="!$P" />
        <Key v="20202866798502" t="String" n="$T" />
        <Key v="%M1" t="String" n="T" />
      </Data>
      <Data n="20178943863982e">
        <Key v="8550,-2000" t="Vector2" n="!$P" />
        <Key v="20202866798502" t="String" n="$T" />
        <Key v="%M1" t="String" n="T" />
      </Data>
      <Data n="20178943864220e">
        <Key v="8550,-2200" t="Vector2" n="!$P" />
        <Key v="20202866798502" t="String" n="$T" />
        <Key v="%M1" t="String" n="T" />
      </Data>
      <Data n="20178943864428e">
        <Key v="8250,-2400" t="Vector2" n="!$P" />
        <Key v="20202866798502" t="String" n="$T" />
        <Key v="%M1" t="String" n="T" />
      </Data>
      <Data n="20178943865892e">
        <Key v="8550,-2600" t="Vector2" n="!$P" />
        <Key v="20202866798502" t="String" n="$T" />
        <Key v="%M1" t="String" n="T" />
      </Data>
      <Data n="20178943866146e">
        <Key v="8550,-2800" t="Vector2" n="!$P" />
        <Key v="20202866798502" t="String" n="$T" />
        <Key v="%M1" t="String" n="T" />
      </Data>
      <Data n="20178943866384e">
        <Key v="8250,-3000" t="Vector2" n="!$P" />
        <Key v="20202866798502" t="String" n="$T" />
        <Key v="%M1" t="String" n="T" />
      </Data>
      <Data n="20178943866664e">
        <Key v="8250,-3200" t="Vector2" n="!$P" />
        <Key v="20202866798502" t="String" n="$T" />
        <Key v="%M1" t="String" n="T" />
      </Data>
    </Data>
    <Data n="$Conns">
      <Data n="20178943752572c">
        <Key v="20178943752572e" t="String" n="$E" />
      </Data>
      <Data n="20178943742993c">
        <Key v="20178943742993e" t="String" n="$E" />
      </Data>
      <Data n="20178943748711c">
        <Key v="20178943748711e" t="String" n="$E" />
        <Key v="20178943742993e" t="String" n="$S" />
      </Data>
      <Data n="20178946304747c">
        <Key v="20178946304747e" t="String" n="$E" />
      </Data>
      <Data n="20178943742291c">
        <Key v="20178943742291e" t="String" n="$E" />
        <Key v="20178943752572e" t="String" n="$S" />
      </Data>
      <Data n="20178942678864c">
        <Key v="20178942678864e" t="String" n="$E" />
        <Key v="20178943748711e" t="String" n="$S" />
      </Data>
      <Data n="20178943742468c">
        <Key v="20178943742468e" t="String" n="$E" />
        <Key v="20178946304747e" t="String" n="$S" />
      </Data>
      <Data n="20178942718956c">
        <Key v="20178942718956e" t="String" n="$E" />
        <Key v="20178942678864e" t="String" n="$S" />
      </Data>
      <Data n="20178943763273c">
        <Key v="20178943763273e" t="String" n="$E" />
        <Key v="20178942718956e" t="String" n="$S" />
      </Data>
      <Data n="20178942683881c">
        <Key v="20178942683881e" t="String" n="$E" />
        <Key v="20178942678864e" t="String" n="$S" />
      </Data>
      <Data n="20178942684052c">
        <Key v="20178942684052e" t="String" n="$E" />
        <Key v="20178942678864e" t="String" n="$S" />
      </Data>
      <Data n="20178942684194c">
        <Key v="20178942684194e" t="String" n="$E" />
        <Key v="20178942678864e" t="String" n="$S" />
      </Data>
      <Data n="20186516272009c">
        <Key v="20186516272009e" t="String" n="$E" />
        <Key v="20178942684194e" t="String" n="$S" />
      </Data>
      <Data n="20178942718957c">
        <Key v="20178942718957e" t="String" n="$E" />
        <Key v="20178943763273e" t="String" n="$S" />
      </Data>
      <Data n="20178942683882c">
        <Key v="20178942683882e" t="String" n="$E" />
        <Key v="20178942683881e" t="String" n="$S" />
      </Data>
      <Data n="20178942684053c">
        <Key v="20178942684053e" t="String" n="$E" />
        <Key v="20178942684052e" t="String" n="$S" />
      </Data>
      <Data n="20178942684195c">
        <Key v="20178942684195e" t="String" n="$E" />
        <Key v="20186516272009e" t="String" n="$S" />
      </Data>
      <Data n="20186516266326c">
        <Key v="20186516266326e" t="String" n="$E" />
        <Key v="20178942683882e" t="String" n="$S" />
      </Data>
      <Data n="20178943753719c">
        <Key v="20178943753719e" t="String" n="$E" />
        <Key v="20178942684053e" t="String" n="$S" />
      </Data>
      <Data n="20178946325043c">
        <Key v="20178946325043e" t="String" n="$E" />
        <Key v="20178943753719e" t="String" n="$S" />
      </Data>
      <Data n="20178942703773c">
        <Key v="20178942703773e" t="String" n="$E" />
        <Key v="20178942684053e" t="String" n="$S" />
      </Data>
      <Data n="20178942690812c">
        <Key v="20178942690812e" t="String" n="$E" />
        <Key v="20186516266326e" t="String" n="$S" />
      </Data>
      <Data n="20178946312504c">
        <Key v="20178946312504e" t="String" n="$E" />
        <Key v="20178946325043e" t="String" n="$S" />
      </Data>
      <Data n="20178942713139c">
        <Key v="20178942713139e" t="String" n="$E" />
        <Key v="20178942703773e" t="String" n="$S" />
      </Data>
      <Data n="20178943829541c">
        <Key v="20178943829541e" t="String" n="$E" />
        <Key v="20178942713139e" t="String" n="$S" />
      </Data>
      <Data n="20186516270871c">
        <Key v="20186516270871e" t="String" n="$E" />
        <Key v="20178943829541e" t="String" n="$S" />
      </Data>
      <Data n="20178946335285c">
        <Key v="20178946335285e" t="String" n="$E" />
        <Key v="20178942713139e" t="String" n="$S" />
      </Data>
      <Data n="20186516279232c">
        <Key v="20186516279232e" t="String" n="$E" />
        <Key v="20178946335285e" t="String" n="$S" />
      </Data>
      <Data n="20178943828190c">
        <Key v="20178943828190e" t="String" n="$E" />
        <Key v="20186516279232e" t="String" n="$S" />
      </Data>
      <Data n="20178946336912c">
        <Key v="20178946336912e" t="String" n="$E" />
        <Key v="20178942713139e" t="String" n="$S" />
      </Data>
      <Data n="20178943828340c">
        <Key v="20178943828340e" t="String" n="$E" />
        <Key v="20178946336912e" t="String" n="$S" />
      </Data>
      <Data n="20178946337887c">
        <Key v="20178946337887e" t="String" n="$E" />
        <Key v="20178942713139e" t="String" n="$S" />
      </Data>
      <Data n="20178943828511c">
        <Key v="20178943828511e" t="String" n="$E" />
        <Key v="20178946337887e" t="String" n="$S" />
      </Data>
      <Data n="20178943829542c">
        <Key v="20178943829542e" t="String" n="$E" />
        <Key v="20186516270871e" t="String" n="$S" />
      </Data>
      <Data n="20178943828191c">
        <Key v="20178943828191e" t="String" n="$E" />
        <Key v="20178943828190e" t="String" n="$S" />
      </Data>
      <Data n="20178943828341c">
        <Key v="20178943828341e" t="String" n="$E" />
        <Key v="20178943828340e" t="String" n="$S" />
      </Data>
      <Data n="20178943828512c">
        <Key v="20178943828512e" t="String" n="$E" />
        <Key v="20178943828511e" t="String" n="$S" />
      </Data>
      <Data n="20178946352187c">
        <Key v="20178946352187e" t="String" n="$E" />
        <Key v="20178943828191e" t="String" n="$S" />
      </Data>
      <Data n="20178943844374c">
        <Key v="20178943844374e" t="String" n="$E" />
        <Key v="20178946352187e" t="String" n="$S" />
      </Data>
      <Data n="20178946361757c">
        <Key v="20178946361757e" t="String" n="$E" />
        <Key v="20178943844374e" t="String" n="$S" />
      </Data>
      <Data n="20178946356378c">
        <Key v="20178946356378e" t="String" n="$E" />
        <Key v="20178943828191e" t="String" n="$S" />
      </Data>
      <Data n="20178943844579c">
        <Key v="20178943844579e" t="String" n="$E" />
        <Key v="20178946356378e" t="String" n="$S" />
      </Data>
      <Data n="20178946363742c">
        <Key v="20178946363742e" t="String" n="$E" />
        <Key v="20178943844579e" t="String" n="$S" />
      </Data>
      <Data n="20178946357692c">
        <Key v="20178946357692e" t="String" n="$E" />
        <Key v="20178943828191e" t="String" n="$S" />
      </Data>
      <Data n="20178943844733c">
        <Key v="20178943844733e" t="String" n="$E" />
        <Key v="20178946357692e" t="String" n="$S" />
      </Data>
      <Data n="20178946364084c">
        <Key v="20178946364084e" t="String" n="$E" />
        <Key v="20178943844733e" t="String" n="$S" />
      </Data>
      <Data n="20178946283813c">
        <Key v="20178946283813e" t="String" n="$E" />
        <Key v="20178943828341e" t="String" n="$S" />
      </Data>
      <Data n="20178946298680c">
        <Key v="20178946298680e" t="String" n="$E" />
        <Key v="20178946283813e" t="String" n="$S" />
      </Data>
      <Data n="20178946283350c">
        <Key v="20178946283350e" t="String" n="$E" />
        <Key v="20178943828341e" t="String" n="$S" />
      </Data>
      <Data n="20178946299201c">
        <Key v="20178946299201e" t="String" n="$E" />
        <Key v="20178946283350e" t="String" n="$S" />
      </Data>
      <Data n="20178946282946c">
        <Key v="20178946282946e" t="String" n="$E" />
        <Key v="20178943828341e" t="String" n="$S" />
      </Data>
      <Data n="20178946282579c">
        <Key v="20178946282579e" t="String" n="$E" />
        <Key v="20178943828341e" t="String" n="$S" />
      </Data>
      <Data n="20178946286040c">
        <Key v="20178946286040e" t="String" n="$E" />
        <Key v="20178943828512e" t="String" n="$S" />
      </Data>
      <Data n="20178946299789c">
        <Key v="20178946299789e" t="String" n="$E" />
        <Key v="20178946286040e" t="String" n="$S" />
      </Data>
      <Data n="20178946285627c">
        <Key v="20178946285627e" t="String" n="$E" />
        <Key v="20178943828512e" t="String" n="$S" />
      </Data>
      <Data n="20178946300248c">
        <Key v="20178946300248e" t="String" n="$E" />
        <Key v="20178946285627e" t="String" n="$S" />
      </Data>
      <Data n="20178946285210c">
        <Key v="20178946285210e" t="String" n="$E" />
        <Key v="20178943828512e" t="String" n="$S" />
      </Data>
      <Data n="20178946284801c">
        <Key v="20178946284801e" t="String" n="$E" />
        <Key v="20178943828512e" t="String" n="$S" />
      </Data>
      <Data n="20178946345389c">
        <Key v="20178946345389e" t="String" n="$E" />
        <Key v="20178946284801e" t="String" n="$S" />
      </Data>
      <Data n="20178943844375c">
        <Key v="20178943844375e" t="String" n="$E" />
        <Key v="20178946361757e" t="String" n="$S" />
      </Data>
      <Data n="20178943844578c">
        <Key v="20178943844578e" t="String" n="$E" />
        <Key v="20178946363742e" t="String" n="$S" />
      </Data>
      <Data n="20178943844732c">
        <Key v="20178943844732e" t="String" n="$E" />
        <Key v="20178946364084e" t="String" n="$S" />
      </Data>
      <Data n="20178943858715c">
        <Key v="20178943858715e" t="String" n="$E" />
        <Key v="20178946298680e" t="String" n="$S" />
      </Data>
      <Data n="20178943858882c">
        <Key v="20178943858882e" t="String" n="$E" />
        <Key v="20178946299201e" t="String" n="$S" />
      </Data>
      <Data n="20178943859044c">
        <Key v="20178943859044e" t="String" n="$E" />
        <Key v="20178946282946e" t="String" n="$S" />
      </Data>
      <Data n="20178943859228c">
        <Key v="20178943859228e" t="String" n="$E" />
        <Key v="20178946282579e" t="String" n="$S" />
      </Data>
      <Data n="20178943859979c">
        <Key v="20178943859979e" t="String" n="$E" />
        <Key v="20178946299789e" t="String" n="$S" />
      </Data>
      <Data n="20178943860212c">
        <Key v="20178943860212e" t="String" n="$E" />
        <Key v="20178946300248e" t="String" n="$S" />
      </Data>
      <Data n="20178943860387c">
        <Key v="20178943860387e" t="String" n="$E" />
        <Key v="20178946285210e" t="String" n="$S" />
      </Data>
      <Data n="20178943860546c">
        <Key v="20178943860546e" t="String" n="$E" />
        <Key v="20178946345389e" t="String" n="$S" />
      </Data>
      <Data n="20178946277854c">
        <Key v="20178946277854e" t="String" n="$E" />
        <Key v="20178943844375e" t="String" n="$S" />
      </Data>
      <Data n="20178946272441c">
        <Key v="20178946272441e" t="String" n="$E" />
        <Key v="20178943844375e" t="String" n="$S" />
      </Data>
      <Data n="20178946291828c">
        <Key v="20178946291828e" t="String" n="$E" />
        <Key v="20178946272441e" t="String" n="$S" />
      </Data>
      <Data n="20178946277199c">
        <Key v="20178946277199e" t="String" n="$E" />
        <Key v="20178943844375e" t="String" n="$S" />
      </Data>
      <Data n="20178946296132c">
        <Key v="20178946296132e" t="String" n="$E" />
        <Key v="20178946277199e" t="String" n="$S" />
      </Data>
      <Data n="20178946277483c">
        <Key v="20178946277483e" t="String" n="$E" />
        <Key v="20178943844375e" t="String" n="$S" />
      </Data>
      <Data n="20178946279668c">
        <Key v="20178946279668e" t="String" n="$E" />
        <Key v="20178943844578e" t="String" n="$S" />
      </Data>
      <Data n="20178946276273c">
        <Key v="20178946276273e" t="String" n="$E" />
        <Key v="20178943844578e" t="String" n="$S" />
      </Data>
      <Data n="20178946296807c">
        <Key v="20178946296807e" t="String" n="$E" />
        <Key v="20178946276273e" t="String" n="$S" />
      </Data>
      <Data n="20178946280477c">
        <Key v="20178946280477e" t="String" n="$E" />
        <Key v="20178943844578e" t="String" n="$S" />
      </Data>
      <Data n="20178946297078c">
        <Key v="20178946297078e" t="String" n="$E" />
        <Key v="20178946280477e" t="String" n="$S" />
      </Data>
      <Data n="20178946280077c">
        <Key v="20178946280077e" t="String" n="$E" />
        <Key v="20178943844578e" t="String" n="$S" />
      </Data>
      <Data n="20178946276590c">
        <Key v="20178946276590e" t="String" n="$E" />
        <Key v="20178943844732e" t="String" n="$S" />
      </Data>
      <Data n="20178946297354c">
        <Key v="20178946297354e" t="String" n="$E" />
        <Key v="20178946276590e" t="String" n="$S" />
      </Data>
      <Data n="20178946280760c">
        <Key v="20178946280760e" t="String" n="$E" />
        <Key v="20178943844732e" t="String" n="$S" />
      </Data>
      <Data n="20178946297670c">
        <Key v="20178946297670e" t="String" n="$E" />
        <Key v="20178946280760e" t="String" n="$S" />
      </Data>
      <Data n="20178946281799c">
        <Key v="20178946281799e" t="String" n="$E" />
        <Key v="20178943844732e" t="String" n="$S" />
      </Data>
      <Data n="20178946281399c">
        <Key v="20178946281399e" t="String" n="$E" />
        <Key v="20178943844732e" t="String" n="$S" />
      </Data>
      <Data n="20206616256053c">
        <Key v="20178942713139e" t="String" n="$E" />
        <Key v="20178943859044e" t="String" n="$S" />
      </Data>
      <Data n="20206616256054c">
        <Key v="20178942713139e" t="String" n="$E" />
        <Key v="20178943859228e" t="String" n="$S" />
      </Data>
      <Data n="20206616256055c">
        <Key v="20178942713139e" t="String" n="$E" />
        <Key v="20178943860387e" t="String" n="$S" />
      </Data>
      <Data n="20178943864837c">
        <Key v="20178943864837e" t="String" n="$E" />
        <Key v="20178946277854e" t="String" n="$S" />
      </Data>
      <Data n="20178943862881c">
        <Key v="20178943862881e" t="String" n="$E" />
        <Key v="20178946291828e" t="String" n="$S" />
      </Data>
      <Data n="20178943863152c">
        <Key v="20178943863152e" t="String" n="$E" />
        <Key v="20178946296132e" t="String" n="$S" />
      </Data>
      <Data n="20178943863344c">
        <Key v="20178943863344e" t="String" n="$E" />
        <Key v="20178946277483e" t="String" n="$S" />
      </Data>
      <Data n="20178943865391c">
        <Key v="20178943865391e" t="String" n="$E" />
        <Key v="20178946279668e" t="String" n="$S" />
      </Data>
      <Data n="20178943863982c">
        <Key v="20178943863982e" t="String" n="$E" />
        <Key v="20178946296807e" t="String" n="$S" />
      </Data>
      <Data n="20178943864220c">
        <Key v="20178943864220e" t="String" n="$E" />
        <Key v="20178946297078e" t="String" n="$S" />
      </Data>
      <Data n="20178943864428c">
        <Key v="20178943864428e" t="String" n="$E" />
        <Key v="20178946280077e" t="String" n="$S" />
      </Data>
      <Data n="20178943865892c">
        <Key v="20178943865892e" t="String" n="$E" />
        <Key v="20178946297354e" t="String" n="$S" />
      </Data>
      <Data n="20178943866146c">
        <Key v="20178943866146e" t="String" n="$E" />
        <Key v="20178946297670e" t="String" n="$S" />
      </Data>
      <Data n="20178943866384c">
        <Key v="20178943866384e" t="String" n="$E" />
        <Key v="20178946281799e" t="String" n="$S" />
      </Data>
      <Data n="20178943866664c">
        <Key v="20178943866664e" t="String" n="$E" />
        <Key v="20178946281399e" t="String" n="$S" />
      </Data>
      <Data n="20206616256069c">
        <Key v="20178942713139e" t="String" n="$E" />
        <Key v="20178943864837e" t="String" n="$S" />
      </Data>
      <Data n="20206616256070c">
        <Key v="20178942713139e" t="String" n="$E" />
        <Key v="20178943863344e" t="String" n="$S" />
      </Data>
      <Data n="20206616256071c">
        <Key v="20178942713139e" t="String" n="$E" />
        <Key v="20178943865391e" t="String" n="$S" />
      </Data>
      <Data n="20206616256072c">
        <Key v="20178942713139e" t="String" n="$E" />
        <Key v="20178943864428e" t="String" n="$S" />
      </Data>
      <Data n="20206616256073c">
        <Key v="20178942713139e" t="String" n="$E" />
        <Key v="20178943866384e" t="String" n="$S" />
      </Data>
      <Data n="20206616256074c">
        <Key v="20178942713139e" t="String" n="$E" />
        <Key v="20178943866664e" t="String" n="$S" />
      </Data>
    </Data>
  </Data>
</DataRoot>