﻿<?xml version="1.0" encoding="utf-8"?>
<DataRoot n="D">
  <Data n="20156330695022">
    <Data n="$Elems">
      <Data n="20156330715089e">
        <Key v="450,0" t="Vector2" n="!$P" />
        <Key v="20202866798502" t="String" n="$T" />
        <Key v="%M1" t="String" n="T" />
        <Key v="Dobrý den přeji panáčkové. Vypadáte, jakože by vám nějaké ovoce přišlo vhod. Jen vybírejte, nakupujte. &lt;vřelý úsměv&gt;" t="String" n="%X" />
      </Data>
      <Data n="20156334063666e">
        <Key v="1050,0" t="Vector2" n="!$P" />
        <Key v="20206495856812" t="String" n="$T" />
        <Key v="Možnosti u Zinnandy." t="String" n="!%Txt" />
      </Data>
      <Data n="20156334069732e">
        <Key v="1650,0" t="Vector2" n="!$P" />
        <Key v="20202934699316" t="String" n="$T" />
        <Key v="Něco si koupit" t="String" n="%CX" />
      </Data>
      <Data n="20156334069941e">
        <Key v="1650,-200" t="Vector2" n="!$P" />
        <Key v="20202934699316" t="String" n="$T" />
        <Key v="Získat nějaké informace" t="String" n="%CX" />
      </Data>
      <Data n="20156334070091e">
        <Key v="1650,-1000" t="Vector2" n="!$P" />
        <Key v="20202934699316" t="String" n="$T" />
        <Key v="Odejít" t="String" n="%CX" />
        <Key v="MrE" t="String" n="Spc" />
      </Data>
      <Data n="20156334069733e">
        <Key v="2100,0" t="Vector2" n="!$P" />
        <Key v="20202866798502" t="String" n="$T" />
        <Key v="Ale jo, nějaké to ovoce se vždy hodí. Pověz nám, co tady máš dobrýho." t="String" n="%X" />
      </Data>
      <Data n="20156334069942e">
        <Key v="2100,-200" t="Vector2" n="!$P" />
        <Key v="20202866798502" t="String" n="$T" />
        <Key v="No, zrovna teď na ovoce moc chuť nemáme. Raděj bychom se tě na něco zeptali. Co říkáš?" t="String" n="%X" />
      </Data>
      <Data n="20156334070092e">
        <Key v="2100,-1000" t="Vector2" n="!$P" />
        <Key v="20202866798502" t="String" n="$T" />
        <Key v="Díky za vše. Měj se..." t="String" n="%X" />
      </Data>
      <Data n="20156334152356e">
        <Key v="2700,0" t="Vector2" n="!$P" />
        <Key v="20206371455404" t="String" n="$T" />
        <Key v="přepnutí do GUI - OBCHOD" t="String" n="!%Txt" />
        <Key v="" t="String" n="GT" />
      </Data>
      <Data n="20156334179503e">
        <Key v="2700,-200" t="Vector2" n="!$P" />
        <Key v="20202866798502" t="String" n="$T" />
        <Key v="%M1" t="String" n="T" />
        <Key v="Ale jistě, jen se ptejte. Moc ráda si povídám." t="String" n="%X" />
      </Data>
      <Data n="20156334132743e">
        <Key v="3150,0" t="Vector2" n="!$P" />
        <Key v="20202866798502" t="String" n="$T" />
        <Key v="%M1" t="String" n="T" />
        <Key v="Budete si ještě něco přát?" t="String" n="%X" />
      </Data>
      <Data n="20156334206398e">
        <Key v="3300,-200" t="Vector2" n="!$P" />
        <Key v="20206495856812" t="String" n="$T" />
        <Key v="Na co se zeptat?" t="String" n="!%Txt" />
      </Data>
      <Data n="20156405817976e">
        <Key v="3900,-200" t="Vector2" n="!$P" />
        <Key v="20202934699316" t="String" n="$T" />
        <Key v="Informací bylo dost" t="String" n="%CX" />
      </Data>
      <Data n="20156334211521e">
        <Key v="3900,-400" t="Vector2" n="!$P" />
        <Key v="20202934699316" t="String" n="$T" />
        <Key v="Zeptat se na Manto" t="String" n="%CX" />
      </Data>
      <Data n="20162392093842e">
        <Key v="3900,-600" t="Vector2" n="!$P" />
        <Key v="_EGate" t="String" n="$T" />
        <Key v="G1" t="String" n="GT" />
        <Key v="1" t="Int32" n="T2" />
        <Key v="8" t="Decimal" n="Val" />
        <Key v="HL" t="String" n="Cnt" />
        <Key v="Oeg" t="String" n="O" />
      </Data>
      <Data n="20162392110197e">
        <Key v="4200,-600" t="Vector2" n="!$P" />
        <Key v="_EGate" t="String" n="$T" />
        <Key v="G1" t="String" n="GT" />
        <Key v="1" t="Int32" n="T2" />
        <Key v="9" t="Decimal" n="Val" />
        <Key v="HL" t="String" n="Cnt" />
        <Key v="Oel" t="String" n="O" />
      </Data>
      <Data n="20162392112313e">
        <Key v="4500,-600" t="Vector2" n="!$P" />
        <Key v="_EGate" t="String" n="$T" />
        <Key v="G0" t="String" n="GT" />
        <Key v="HL_9_Morg_lokace" t="String" n="Var" />
      </Data>
      <Data n="20156334211802e">
        <Key v="4800,-600" t="Vector2" n="!$P" />
        <Key v="20202934699316" t="String" n="$T" />
        <Key v="Zeptat se na Morga" t="String" n="%CX" />
      </Data>
      <Data n="20156334212059e">
        <Key v="3900,-800" t="Vector2" n="!$P" />
        <Key v="20202934699316" t="String" n="$T" />
        <Key v="Zeptat se na práci" t="String" n="%CX" />
      </Data>
      <Data n="20156405817977e">
        <Key v="4350,-200" t="Vector2" n="!$P" />
        <Key v="20202866798502" t="String" n="$T" />
        <Key v="To je pro tuto chvíli vše, co potřebujeme vědět." t="String" n="%X" />
      </Data>
      <Data n="20156334211522e">
        <Key v="4350,-400" t="Vector2" n="!$P" />
        <Key v="20202866798502" t="String" n="$T" />
        <Key v="Zajímá nás Manto. Co nám můžeš říci o tomhle městečku?" t="String" n="%X" />
      </Data>
      <Data n="20156334211803e">
        <Key v="5250,-600" t="Vector2" n="!$P" />
        <Key v="20202866798502" t="String" n="$T" />
        <Key v="Hledáme jednoho kouzelníka, který by měl sídlit právě zde, v Mantu. Jmenuje se Morg. Netušíš kde bychom ho našli?" t="String" n="%X" />
      </Data>
      <Data n="20156334212060e">
        <Key v="4350,-800" t="Vector2" n="!$P" />
        <Key v="20202866798502" t="String" n="$T" />
        <Key v="Zajímalo by nás, zda se zde nedá sehnat nějaká prácička. Víš jak, každý stříbrňák dobrej. Můžeš nám poradit?" t="String" n="%X" />
      </Data>
      <Data n="20156405828170e">
        <Key v="4950,-400" t="Vector2" n="!$P" />
        <Key v="20202866798502" t="String" n="$T" />
        <Key v="%M1" t="String" n="T" />
        <Key v="Tak kde bych začla. Nu máme tady 2 hospody. &quot;U plného břicha&quot;, tam si určitě můžete zahrát nějaké ty hazardní hry a celkem slušně se i najíst. Pak tady máme &quot;U mostu&quot;, ta je o něco horší, ale zase levnější. Dále je tady i obchůdek se vším možným, který vede &quot;Vereg&quot;, je to takové vetešnictví." t="String" n="%X" />
      </Data>
      <Data n="20156405828524e">
        <Key v="5850,-600" t="Vector2" n="!$P" />
        <Key v="20202866798502" t="String" n="$T" />
        <Key v="%M1" t="String" n="T" />
        <Key v="Jistě. Mornog je ctěným občanem Manta. Najdete ho kousek dál, přímo za rohem." t="String" n="%X" />
      </Data>
      <Data n="20156714121311e">
        <Key v="4950,-800" t="Vector2" n="!$P" />
        <Key v="_EFunc" t="String" n="$T" />
        <Key v="G0" t="String" n="GT" />
        <Key v="Belif_q_info" t="String" n="Var" />
      </Data>
      <Data n="20156714121590e">
        <Key v="5250,-800" t="Vector2" n="!$P" />
        <Key v="_EFunc" t="String" n="$T" />
        <Key v="G0" t="String" n="GT" />
        <Key v="Nioma_q_info" t="String" n="Var" />
      </Data>
      <Data n="20156405829701e">
        <Key v="5700,-800" t="Vector2" n="!$P" />
        <Key v="20202866798502" t="String" n="$T" />
        <Key v="%M1" t="String" n="T" />
        <Key v="No, tak se na to podíváme. Zaslechla jsem, že farmářovi Belifovi se ztrácí dobytek, určitě bude ochoten zpalatit někomu, aby mu s tímto problémem pomohl. Potom se též můžete optat aj v místních hospodách a naše alchymistka pořád shání nějaké ty bylinky, zajisté za ně ráda zaplatí." t="String" n="%X" />
      </Data>
    </Data>
    <Data n="$Conns">
      <Data n="20156330715089c">
        <Key v="20156330715089e" t="String" n="$E" />
      </Data>
      <Data n="20156334063666c">
        <Key v="20156334063666e" t="String" n="$E" />
        <Key v="20156330715089e" t="String" n="$S" />
      </Data>
      <Data n="20156334069732c">
        <Key v="20156334069732e" t="String" n="$E" />
        <Key v="20156334063666e" t="String" n="$S" />
      </Data>
      <Data n="20156334069941c">
        <Key v="20156334069941e" t="String" n="$E" />
        <Key v="20156334063666e" t="String" n="$S" />
      </Data>
      <Data n="20156334070091c">
        <Key v="20156334070091e" t="String" n="$E" />
        <Key v="20156334063666e" t="String" n="$S" />
      </Data>
      <Data n="20156334069733c">
        <Key v="20156334069733e" t="String" n="$E" />
        <Key v="20156334069732e" t="String" n="$S" />
      </Data>
      <Data n="20156334069942c">
        <Key v="20156334069942e" t="String" n="$E" />
        <Key v="20156334069941e" t="String" n="$S" />
      </Data>
      <Data n="20156334070092c">
        <Key v="20156334070092e" t="String" n="$E" />
        <Key v="20156334070091e" t="String" n="$S" />
      </Data>
      <Data n="20156334152356c">
        <Key v="20156334152356e" t="String" n="$E" />
        <Key v="20156334069733e" t="String" n="$S" />
      </Data>
      <Data n="20156334179503c">
        <Key v="20156334179503e" t="String" n="$E" />
        <Key v="20156334069942e" t="String" n="$S" />
      </Data>
      <Data n="20156334132743c">
        <Key v="20156334132743e" t="String" n="$E" />
        <Key v="20156334152356e" t="String" n="$S" />
      </Data>
      <Data n="20156334206398c">
        <Key v="20156334206398e" t="String" n="$E" />
        <Key v="20156334179503e" t="String" n="$S" />
      </Data>
      <Data n="20206616255906c">
        <Key v="20156334063666e" t="String" n="$E" />
        <Key v="20156334132743e" t="String" n="$S" />
      </Data>
      <Data n="20156405817976c">
        <Key v="20156405817976e" t="String" n="$E" />
        <Key v="20156334206398e" t="String" n="$S" />
      </Data>
      <Data n="20156334211521c">
        <Key v="20156334211521e" t="String" n="$E" />
        <Key v="20156334206398e" t="String" n="$S" />
      </Data>
      <Data n="20162392093842c">
        <Key v="20162392093842e" t="String" n="$E" />
        <Key v="20156334206398e" t="String" n="$S" />
      </Data>
      <Data n="20162392110197c">
        <Key v="20162392110197e" t="String" n="$E" />
        <Key v="20162392093842e" t="String" n="$S" />
      </Data>
      <Data n="20162392112313c">
        <Key v="20162392112313e" t="String" n="$E" />
        <Key v="20162392110197e" t="String" n="$S" />
      </Data>
      <Data n="20156334211802c">
        <Key v="20156334211802e" t="String" n="$E" />
        <Key v="20162392112313e" t="String" n="$S" />
      </Data>
      <Data n="20156334212059c">
        <Key v="20156334212059e" t="String" n="$E" />
        <Key v="20156334206398e" t="String" n="$S" />
      </Data>
      <Data n="20156405817977c">
        <Key v="20156405817977e" t="String" n="$E" />
        <Key v="20156405817976e" t="String" n="$S" />
      </Data>
      <Data n="20156334211522c">
        <Key v="20156334211522e" t="String" n="$E" />
        <Key v="20156334211521e" t="String" n="$S" />
      </Data>
      <Data n="20156334211803c">
        <Key v="20156334211803e" t="String" n="$E" />
        <Key v="20156334211802e" t="String" n="$S" />
      </Data>
      <Data n="20156334212060c">
        <Key v="20156334212060e" t="String" n="$E" />
        <Key v="20156334212059e" t="String" n="$S" />
      </Data>
      <Data n="20206616255918c">
        <Key v="20156334063666e" t="String" n="$E" />
        <Key v="20156405817977e" t="String" n="$S" />
      </Data>
      <Data n="20156405828170c">
        <Key v="20156405828170e" t="String" n="$E" />
        <Key v="20156334211522e" t="String" n="$S" />
      </Data>
      <Data n="20156405828524c">
        <Key v="20156405828524e" t="String" n="$E" />
        <Key v="20156334211803e" t="String" n="$S" />
      </Data>
      <Data n="20156714121311c">
        <Key v="20156714121311e" t="String" n="$E" />
        <Key v="20156334212060e" t="String" n="$S" />
      </Data>
      <Data n="20156714121590c">
        <Key v="20156714121590e" t="String" n="$E" />
        <Key v="20156714121311e" t="String" n="$S" />
      </Data>
      <Data n="20206616255923c">
        <Key v="20156334206398e" t="String" n="$E" />
        <Key v="20156405828170e" t="String" n="$S" />
      </Data>
      <Data n="20206616255924c">
        <Key v="20156334206398e" t="String" n="$E" />
        <Key v="20156405828524e" t="String" n="$S" />
      </Data>
      <Data n="20156405829701c">
        <Key v="20156405829701e" t="String" n="$E" />
        <Key v="20156714121590e" t="String" n="$S" />
      </Data>
      <Data n="20206616255926c">
        <Key v="20156334206398e" t="String" n="$E" />
        <Key v="20156405829701e" t="String" n="$S" />
      </Data>
    </Data>
  </Data>
</DataRoot>