﻿<?xml version="1.0" encoding="utf-8"?>
<DataRoot n="D">
  <Data n="20178964669485">
    <Data n="$Elems">
      <Data n="20179035691536e">
        <Key v="450,0" t="Vector2" n="!$P" />
        <Key v="_EGate" t="String" n="$T" />
        <Key v="G1" t="String" n="GT" />
        <Key v="1" t="Int32" n="T2" />
        <Key v="-10" t="Decimal" n="Val" />
        <Key v="Hardon" t="String" n="Cnt" />
        <Key v="Oel" t="String" n="O" />
      </Data>
      <Data n="20181311334089e">
        <Key v="750,0" t="Vector2" n="!$P" />
        <Key v="_EGate" t="String" n="$T" />
        <Key v="G0" t="String" n="GT" />
        <Key v="Condra_Hardon_prvni_setkani" t="String" n="Var" />
      </Data>
      <Data n="20181311333384e">
        <Key v="1050,0" t="Vector2" n="!$P" />
        <Key v="_EFunc" t="String" n="$T" />
        <Key v="G0" t="String" n="GT" />
        <Key v="Condra_Hardon_prvni_setkani" t="String" n="Var" />
      </Data>
      <Data n="20178964728252e">
        <Key v="450,-600" t="Vector2" n="!$P" />
        <Key v="_EGate" t="String" n="$T" />
        <Key v="G1" t="String" n="GT" />
        <Key v="1" t="Int32" n="T2" />
        <Key v="-9" t="Decimal" n="Val" />
        <Key v="Hardon" t="String" n="Cnt" />
        <Key v="Oeg" t="String" n="O" />
      </Data>
      <Data n="20178965133127e">
        <Key v="750,-600" t="Vector2" n="!$P" />
        <Key v="_EGate" t="String" n="$T" />
        <Key v="G1" t="String" n="GT" />
        <Key v="1" t="Int32" n="T2" />
        <Key v="19" t="Decimal" n="Val" />
        <Key v="Hardon" t="String" n="Cnt" />
        <Key v="Oel" t="String" n="O" />
      </Data>
      <Data n="20181311296794e">
        <Key v="1050,-600" t="Vector2" n="!$P" />
        <Key v="_EGate" t="String" n="$T" />
        <Key v="G0" t="String" n="GT" />
        <Key v="Condra_Hardon_prvni_setkani" t="String" n="Var" />
      </Data>
      <Data n="20181311302642e">
        <Key v="1350,-600" t="Vector2" n="!$P" />
        <Key v="_EFunc" t="String" n="$T" />
        <Key v="G0" t="String" n="GT" />
        <Key v="Condra_Hardon_prvni_setkani" t="String" n="Var" />
      </Data>
      <Data n="20179035703738e">
        <Key v="450,-1600" t="Vector2" n="!$P" />
        <Key v="_EGate" t="String" n="$T" />
        <Key v="G1" t="String" n="GT" />
        <Key v="1" t="Int32" n="T2" />
        <Key v="20" t="Decimal" n="Val" />
        <Key v="Hardon" t="String" n="Cnt" />
        <Key v="Oeg" t="String" n="O" />
      </Data>
      <Data n="20181311334452e">
        <Key v="750,-1600" t="Vector2" n="!$P" />
        <Key v="_EGate" t="String" n="$T" />
        <Key v="G0" t="String" n="GT" />
        <Key v="Condra_Hardon_prvni_setkani" t="String" n="Var" />
      </Data>
      <Data n="20181311333727e">
        <Key v="1050,-1600" t="Vector2" n="!$P" />
        <Key v="_EFunc" t="String" n="$T" />
        <Key v="G0" t="String" n="GT" />
        <Key v="Condra_Hardon_prvni_setkani" t="String" n="Var" />
      </Data>
      <Data n="20179184392666e">
        <Key v="450,-1800" t="Vector2" n="!$P" />
        <Key v="20206352251934" t="String" n="$T" />
        <Key v="CkQ" t="String" n="GT" />
        <Key v="SkA" t="String" n="T" />
        <Key v="Q20179184379175" t="String" n="Qs" />
      </Data>
      <Data n="20179422140089e">
        <Key v="450,-2600" t="Vector2" n="!$P" />
        <Key v="_EGate" t="String" n="$T" />
        <Key v="G1" t="String" n="GT" />
        <Key v="1" t="Int32" n="T2" />
        <Key v="-9" t="Decimal" n="Val" />
        <Key v="Hardon" t="String" n="Cnt" />
        <Key v="Oeg" t="String" n="O" />
      </Data>
      <Data n="20179422140644e">
        <Key v="750,-2600" t="Vector2" n="!$P" />
        <Key v="_EGate" t="String" n="$T" />
        <Key v="G1" t="String" n="GT" />
        <Key v="1" t="Int32" n="T2" />
        <Key v="19" t="Decimal" n="Val" />
        <Key v="Hardon" t="String" n="Cnt" />
        <Key v="Oel" t="String" n="O" />
      </Data>
      <Data n="20181021558400e">
        <Key v="450,-3600" t="Vector2" n="!$P" />
        <Key v="20206352251934" t="String" n="$T" />
        <Key v="CkQ" t="String" n="GT" />
        <Key v="SkA" t="String" n="T" />
        <Key v="Q20180853058127" t="String" n="Qs" />
      </Data>
      <Data n="20181116710930e">
        <Key v="900,-3600" t="Vector2" n="!$P" />
        <Key v="20206352251934" t="String" n="$T" />
        <Key v="CkE" t="String" n="GT" />
        <Key v="SkI" t="String" n="T" />
        <Key v="E20181044303816" t="String" n="Ev" />
      </Data>
      <Data n="20181021560410e">
        <Key v="450,-4200" t="Vector2" n="!$P" />
        <Key v="20206352251934" t="String" n="$T" />
        <Key v="CkQ" t="String" n="GT" />
        <Key v="SkA" t="String" n="T" />
        <Key v="Q20180857017262" t="String" n="Qs" />
      </Data>
      <Data n="20181044368304e">
        <Key v="450,-4400" t="Vector2" n="!$P" />
        <Key v="_EGate" t="String" n="$T" />
        <Key v="G0" t="String" n="GT" />
        <Key v="1" t="Int32" n="Ex" />
        <Key v="Piratska_pracka_dusledky" t="String" n="Var" />
      </Data>
      <Data n="20181044397845e">
        <Key v="750,-4400" t="Vector2" n="!$P" />
        <Key v="_EGate" t="String" n="$T" />
        <Key v="G1" t="String" n="GT" />
        <Key v="1" t="Int32" n="T2" />
        <Key v="2" t="Decimal" n="Val" />
        <Key v="Piratska_pracka_A" t="String" n="Cnt" />
        <Key v="Oeg" t="String" n="O" />
      </Data>
      <Data n="20181044382637e">
        <Key v="450,-7200" t="Vector2" n="!$P" />
        <Key v="20206352251934" t="String" n="$T" />
        <Key v="CkE" t="String" n="GT" />
        <Key v="SkA" t="String" n="T" />
        <Key v="E20181044303816" t="String" n="Ev" />
      </Data>
      <Data n="20181116894805e">
        <Key v="450,-7400" t="Vector2" n="!$P" />
        <Key v="_EGate" t="String" n="$T" />
        <Key v="G0" t="String" n="GT" />
        <Key v="1" t="Int32" n="Ex" />
        <Key v="Piratska_pracka_dusledky" t="String" n="Var" />
      </Data>
      <Data n="20181116895363e">
        <Key v="750,-7400" t="Vector2" n="!$P" />
        <Key v="_EGate" t="String" n="$T" />
        <Key v="G1" t="String" n="GT" />
        <Key v="1" t="Int32" n="T2" />
        <Key v="3" t="Decimal" n="Val" />
        <Key v="Piratska_pracka" t="String" n="Cnt" />
        <Key v="Oeg" t="String" n="O" />
      </Data>
      <Data n="20181117140155e">
        <Key v="1050,-7400" t="Vector2" n="!$P" />
        <Key v="_EFunc" t="String" n="$T" />
        <Key v="G1" t="String" n="GT" />
        <Key v="1" t="Int32" n="T2" />
        <Key v="4" t="Decimal" n="Val" />
        <Key v="Piratska_pracka" t="String" n="Cnt" />
        <Key v="Os" t="String" n="O" />
      </Data>
      <Data n="20181117488791e">
        <Key v="450,-7600" t="Vector2" n="!$P" />
        <Key v="20206352251934" t="String" n="$T" />
        <Key v="CkQ" t="String" n="GT" />
        <Key v="SkA" t="String" n="T" />
        <Key v="Q20180857017262" t="String" n="Qs" />
      </Data>
      <Data n="20181117489850e">
        <Key v="900,-7600" t="Vector2" n="!$P" />
        <Key v="_EGate" t="String" n="$T" />
        <Key v="G1" t="String" n="GT" />
        <Key v="1" t="Int32" n="T2" />
        <Key v="2" t="Decimal" n="Val" />
        <Key v="Krev_a_pisek" t="String" n="Cnt" />
        <Key v="Oe" t="String" n="O" />
      </Data>
      <Data n="20181117684709e">
        <Key v="450,-7800" t="Vector2" n="!$P" />
        <Key v="_EGate" t="String" n="$T" />
        <Key v="G1" t="String" n="GT" />
        <Key v="1" t="Int32" n="T2" />
        <Key v="20" t="Decimal" n="Val" />
        <Key v="Hardon" t="String" n="Cnt" />
        <Key v="Oeg" t="String" n="O" />
      </Data>
      <Data n="20181311317930e">
        <Key v="450,-8000" t="Vector2" n="!$P" />
        <Key v="_EGate" t="String" n="$T" />
        <Key v="G1" t="String" n="GT" />
        <Key v="1" t="Int32" n="T2" />
        <Key v="-10" t="Decimal" n="Val" />
        <Key v="Hardon" t="String" n="Cnt" />
        <Key v="Oel" t="String" n="O" />
      </Data>
      <Data n="20179035690806e">
        <Key v="1500,0" t="Vector2" n="!$P" />
        <Key v="20202866798502" t="String" n="$T" />
        <Key v="%M1" t="String" n="T" />
        <Key v="Tak to jsi ty, kdo mi tady dělá ty obrovské potíže. No co s tebou udělám." t="String" n="%X" />
      </Data>
      <Data n="20178964727172e">
        <Key v="1800,-600" t="Vector2" n="!$P" />
        <Key v="20202866798502" t="String" n="$T" />
        <Key v="%M1" t="String" n="T" />
        <Key v="Koho to tu máme? Vy nevypadáte jako příslušníci svobodného lidu zdejšího Ostrova svobody." t="String" n="%X" />
      </Data>
      <Data n="20179035703096e">
        <Key v="1500,-1600" t="Vector2" n="!$P" />
        <Key v="20202866798502" t="String" n="$T" />
        <Key v="%M1" t="String" n="T" />
        <Key v="Tvá reputace tě předchází. Slyšel jsem, že jsi Lishakovi pěkně zatopil. No rád tě konečně poznávám." t="String" n="%X" />
      </Data>
      <Data n="20179184389430e">
        <Key v="900,-1800" t="Vector2" n="!$P" />
        <Key v="20202866798502" t="String" n="$T" />
        <Key v="%M1" t="String" n="T" />
        <Key v="To jsi ty, tak jak to vypadá s mými chlapy?" t="String" n="%X" />
      </Data>
      <Data n="20179422126857e">
        <Key v="1200,-2600" t="Vector2" n="!$P" />
        <Key v="20202866798502" t="String" n="$T" />
        <Key v="%M1" t="String" n="T" />
        <Key v="Ach, to jsi ty. No tak co chceš?" t="String" n="%X" />
      </Data>
      <Data n="20181021555018e">
        <Key v="1350,-3600" t="Vector2" n="!$P" />
        <Key v="20202866798502" t="String" n="$T" />
        <Key v="%M1" t="String" n="T" />
        <Key v="Ah to jsi ty, tak jak to vypadá s naší záležitostí? Máš ty zásoby?" t="String" n="%X" />
      </Data>
      <Data n="20181021555723e">
        <Key v="900,-4200" t="Vector2" n="!$P" />
        <Key v="20202866798502" t="String" n="$T" />
        <Key v="%M1" t="String" n="T" />
        <Key v="Co tady pohledáváte. Máte přece jasný úkol. Tak šup a zdržuj mě zbytečnostmi." t="String" n="%X" />
      </Data>
      <Data n="20181044363379e">
        <Key v="1200,-4400" t="Vector2" n="!$P" />
        <Key v="20202866798502" t="String" n="$T" />
        <Key v="%M1" t="String" n="T" />
        <Key v="Ty parchante, ty si dovoluješ sem přijít? Po těch tvojich zásobách mám dva mrtvý muže a polovina chlapů sere, nebo bleje. To nemohlo být z farmy, ty zásoby byly stoprocentně otrávené..." t="String" n="%X" />
      </Data>
      <Data n="20181044381361e">
        <Key v="900,-7200" t="Vector2" n="!$P" />
        <Key v="20202866798502" t="String" n="$T" />
        <Key v="%M1" t="String" n="T" />
        <Key v="Jak jsem říkal, stav se zítra. Teď pro tebe nic nemám..." t="String" n="%X" />
      </Data>
      <Data n="20181116891460e">
        <Key v="1500,-7400" t="Vector2" n="!$P" />
        <Key v="20202866798502" t="String" n="$T" />
        <Key v="%M1" t="String" n="T" />
        <Key v="Výborně, jsi tady. Zásoby byly v pořádku, tak tady máš odměnu. Jak jsme se dohodli. A teď mám pro tebe poslední práci a tím bychom mohli Lishaka definitivně porazit." t="String" n="%X" />
      </Data>
      <Data n="20181117486856e">
        <Key v="1350,-7600" t="Vector2" n="!$P" />
        <Key v="20202866798502" t="String" n="$T" />
        <Key v="%M1" t="String" n="T" />
        <Key v="Cha cha. Viděl jsem ten boj na vlastní oči. Skvělá práce. Moc dobrá." t="String" n="%X" />
      </Data>
      <Data n="20181117683274e">
        <Key v="900,-7800" t="Vector2" n="!$P" />
        <Key v="20202866798502" t="String" n="$T" />
        <Key v="%M1" t="String" n="T" />
        <Key v="Ah, moji oblíbení dobrodruzi. Vítám. Tak co pro vás může tenhle kapitán udělat?" t="String" n="%X" />
      </Data>
      <Data n="20181311313743e">
        <Key v="900,-8000" t="Vector2" n="!$P" />
        <Key v="20202866798502" t="String" n="$T" />
        <Key v="%M1" t="String" n="T" />
        <Key v="Co tady chceš, okamžitě ho zabte!" t="String" n="%X" />
      </Data>
      <Data n="20179182706486e">
        <Key v="2100,0" t="Vector2" n="!$P" />
        <Key v="20202866798502" t="String" n="$T" />
        <Key v="%M1" t="String" n="T" />
        <Key v="Měl bych tě na místě nechat popravit. Na druhou stranu si ukázal, že v tobě něco je, narozdíl od těch mojich pohnutků." t="String" n="%X" />
      </Data>
      <Data n="20178964800358e">
        <Key v="2400,-600" t="Vector2" n="!$P" />
        <Key v="20202866798502" t="String" n="$T" />
        <Key v="Tím chcete říct, že nevypadáme jako piráti?" t="String" n="%X" />
      </Data>
      <Data n="20179035722129e">
        <Key v="2100,-1600" t="Vector2" n="!$P" />
        <Key v="20202866798502" t="String" n="$T" />
        <Key v="%M1" t="String" n="T" />
        <Key v="Nevypadáte zrovna jako příslušníci svobodného lidu zdejšího Ostrova svobody." t="String" n="%X" />
      </Data>
      <Data n="20179422164346e">
        <Key v="1500,-1800" t="Vector2" n="!$P" />
        <Key v="_EGate" t="String" n="$T" />
        <Key v="G1" t="String" n="GT" />
        <Key v="1" t="Int32" n="T2" />
        <Key v="3" t="Decimal" n="Val" />
        <Key v="Zahadna_mizeni" t="String" n="Cnt" />
        <Key v="Oe" t="String" n="O" />
      </Data>
      <Data n="20179422146682e">
        <Key v="1800,-1800" t="Vector2" n="!$P" />
        <Key v="20202934699316" t="String" n="$T" />
        <Key v="Vyřešeno" t="String" n="%CX" />
      </Data>
      <Data n="20179422146198e">
        <Key v="1500,-2400" t="Vector2" n="!$P" />
        <Key v="20202934699316" t="String" n="$T" />
        <Key v="In progress" t="String" n="%CX" />
      </Data>
      <Data n="20179422828007e">
        <Key v="1800,-2600" t="Vector2" n="!$P" />
        <Key v="20206495856812" t="String" n="$T" />
        <Key v="" t="String" n="!%Txt" />
      </Data>
      <Data n="20181044200664e">
        <Key v="1950,-3600" t="Vector2" n="!$P" />
        <Key v="_EGate" t="String" n="$T" />
        <Key v="G1" t="String" n="GT" />
        <Key v="1" t="Int32" n="T2" />
        <Key v="2" t="Decimal" n="Val" />
        <Key v="Piratska_pracka_A" t="String" n="Cnt" />
        <Key v="Oe" t="String" n="O" />
      </Data>
      <Data n="20181043839133e">
        <Key v="2250,-3600" t="Vector2" n="!$P" />
        <Key v="20202934699316" t="String" n="$T" />
        <Key v="Předat otrávené zásoby" t="String" n="%CX" />
      </Data>
      <Data n="20181043778474e">
        <Key v="1950,-3800" t="Vector2" n="!$P" />
        <Key v="20202934699316" t="String" n="$T" />
        <Key v="In progress" t="String" n="%CX" />
      </Data>
      <Data n="20181044193704e">
        <Key v="1950,-4000" t="Vector2" n="!$P" />
        <Key v="_EGate" t="String" n="$T" />
        <Key v="G1" t="String" n="GT" />
        <Key v="1" t="Int32" n="T2" />
        <Key v="3" t="Decimal" n="Val" />
        <Key v="Piratska_pracka" t="String" n="Cnt" />
        <Key v="Oe" t="String" n="O" />
      </Data>
      <Data n="20181043778741e">
        <Key v="2250,-4000" t="Vector2" n="!$P" />
        <Key v="20202934699316" t="String" n="$T" />
        <Key v="Předat zásoby" t="String" n="%CX" />
        <Key v="MrQ" t="String" n="Spc" />
      </Data>
      <Data n="20181116591648e">
        <Key v="1800,-4400" t="Vector2" n="!$P" />
        <Key v="20206352251934" t="String" n="$T" />
        <Key v="CkI" t="String" n="GT" />
        <Key v="SkH" t="String" n="T" />
        <Key v="I20157375210699" t="String" n="It" />
        <Key v="2" t="String" n="C" />
      </Data>
      <Data n="20181044564423e">
        <Key v="2250,-4400" t="Vector2" n="!$P" />
        <Key v="20202934699316" t="String" n="$T" />
        <Key v="Vyplatit se" t="String" n="%CX" />
        <Key v="RoT" t="String" n="Spc" />
        <Key v="L3" t="String" n="Lvl" />
      </Data>
      <Data n="20181044563322e">
        <Key v="1800,-5200" t="Vector2" n="!$P" />
        <Key v="20202934699316" t="String" n="$T" />
        <Key v="Vyhrožovat" t="String" n="%CX" />
        <Key v="RoI" t="String" n="Spc" />
        <Key v="L4" t="String" n="Lvl" />
      </Data>
      <Data n="20181044563618e">
        <Key v="1800,-6000" t="Vector2" n="!$P" />
        <Key v="20202934699316" t="String" n="$T" />
        <Key v="Přemlouvat" t="String" n="%CX" />
        <Key v="RoP" t="String" n="Spc" />
        <Key v="L4" t="String" n="Lvl" />
      </Data>
      <Data n="20181044572600e">
        <Key v="1800,-6800" t="Vector2" n="!$P" />
        <Key v="20202934699316" t="String" n="$T" />
        <Key v="Neříkat nic" t="String" n="%CX" />
      </Data>
      <Data n="20181044633267e">
        <Key v="1800,-7000" t="Vector2" n="!$P" />
        <Key v="20202934699316" t="String" n="$T" />
        <Key v="Přiznat se" t="String" n="%CX" />
      </Data>
      <Data n="20181116574691e">
        <Key v="2100,-7400" t="Vector2" n="!$P" />
        <Key v="20202866798502" t="String" n="$T" />
        <Key v="%M1" t="String" n="T" />
        <Key v="Přímo na Lishaka udeřit nemůžem, ale můžem vyzvat jeho muže a porazit je v aréně. Tím přijde o pár chlapů a o respekt. A hádej kdo je vyzve. Pokud je porazíš, vrať se a promluvíme si o Dungovi, co říkáš?" t="String" n="%X" />
      </Data>
      <Data n="20181117503520e">
        <Key v="1950,-7600" t="Vector2" n="!$P" />
        <Key v="20202866798502" t="String" n="$T" />
        <Key v="A teď ohledně naší odměne. Chceme ty informace o Dungovi." t="String" n="%X" />
      </Data>
      <Data n="20179182717335e">
        <Key v="2700,0" t="Vector2" n="!$P" />
        <Key v="20202866798502" t="String" n="$T" />
        <Key v="%M1" t="String" n="T" />
        <Key v="Mám pro tebe nabídku, ty pro mě něco uděláš a já ti odpustím to cos mi provedl, co říkáš?" t="String" n="%X" />
      </Data>
      <Data n="20178964803302e">
        <Key v="3000,-600" t="Vector2" n="!$P" />
        <Key v="20202866798502" t="String" n="$T" />
        <Key v="%M1" t="String" n="T" />
        <Key v="Pirát je ošklivé slovo. Vymysleli ho celníci, aby nás očernili v očích veřejnosti. My si říkáme svobodný lid. A toto je Ostrov svobody." t="String" n="%X" />
      </Data>
      <Data n="20179422146683e">
        <Key v="2250,-1800" t="Vector2" n="!$P" />
        <Key v="20202866798502" t="String" n="$T" />
        <Key v="Tvůj problém je vyřešen. Za všechno mohl medvěd, co měl brloch nedaleko v jeskyni. A z tvojich chlapů si dělal oběd." t="String" n="%X" />
      </Data>
      <Data n="20179422146199e">
        <Key v="1950,-2400" t="Vector2" n="!$P" />
        <Key v="20202866798502" t="String" n="$T" />
        <Key v="Ještě na tom pracujem" t="String" n="%X" />
      </Data>
      <Data n="20181021521274e">
        <Key v="2400,-2600" t="Vector2" n="!$P" />
        <Key v="20202934699316" t="String" n="$T" />
        <Key v="Odejít" t="String" n="%CX" />
        <Key v="MrE" t="String" n="Spc" />
      </Data>
      <Data n="20179422838603e">
        <Key v="2400,-2800" t="Vector2" n="!$P" />
        <Key v="20206352251934" t="String" n="$T" />
        <Key v="CkQ" t="String" n="GT" />
        <Key v="SkN" t="String" n="T" />
        <Key v="Q20179184379175" t="String" n="Qs" />
      </Data>
      <Data n="20179422831994e">
        <Key v="2850,-2800" t="Vector2" n="!$P" />
        <Key v="20202934699316" t="String" n="$T" />
        <Key v="Mizející piráti" t="String" n="%CX" />
      </Data>
      <Data n="20181043707961e">
        <Key v="2400,-3000" t="Vector2" n="!$P" />
        <Key v="20206352251934" t="String" n="$T" />
        <Key v="CkQ" t="String" n="GT" />
        <Key v="SkN" t="String" n="T" />
        <Key v="Q20180853058127" t="String" n="Qs" />
      </Data>
      <Data n="20181043706146e">
        <Key v="2850,-3000" t="Vector2" n="!$P" />
        <Key v="20202934699316" t="String" n="$T" />
        <Key v="Další práce?" t="String" n="%CX" />
      </Data>
      <Data n="20181117637507e">
        <Key v="2400,-3200" t="Vector2" n="!$P" />
        <Key v="20206352251934" t="String" n="$T" />
        <Key v="CkQ" t="String" n="GT" />
        <Key v="SkN" t="String" n="T" />
        <Key v="Q20180857017262" t="String" n="Qs" />
      </Data>
      <Data n="20181117636648e">
        <Key v="2850,-3200" t="Vector2" n="!$P" />
        <Key v="20202934699316" t="String" n="$T" />
        <Key v="Lishakovi muži" t="String" n="%CX" />
      </Data>
      <Data n="20181043839134e">
        <Key v="2700,-3600" t="Vector2" n="!$P" />
        <Key v="20202866798502" t="String" n="$T" />
        <Key v="Ano, na farmě vše proběhlo dle plánu a nesu ti je." t="String" n="%X" />
      </Data>
      <Data n="20181043778475e">
        <Key v="2400,-3800" t="Vector2" n="!$P" />
        <Key v="20202866798502" t="String" n="$T" />
        <Key v="Ještě ne, pracuji na tom." t="String" n="%X" />
      </Data>
      <Data n="20181043778742e">
        <Key v="2700,-4000" t="Vector2" n="!$P" />
        <Key v="20202866798502" t="String" n="$T" />
        <Key v="Ano, na farmě vše proběhlo dle plánu a nesu ti je." t="String" n="%X" />
      </Data>
      <Data n="20181044564422e">
        <Key v="2700,-4400" t="Vector2" n="!$P" />
        <Key v="20202866798502" t="String" n="$T" />
        <Key v="Hardone poslouchej. O ničem nevíme, opravdu ne. Musíš nám věřit. Jako kompenzaci ti zaplatíme za mrtvé muže. Za každého jeden zlaťák. To musela být nějaká Lishakova past či nehoda. Musíš nám věřit, my s tím nemáme opravdu nic společného." t="String" n="%X" />
      </Data>
      <Data n="20181044563321e">
        <Key v="2250,-5200" t="Vector2" n="!$P" />
        <Key v="20202866798502" t="String" n="$T" />
        <Key v="Tak poslouchej Hardone, myslíš že bychom byli tak blbý a dali ti otrávený zásoby a pak sem přišli. Jsi normální. Jestli nám nevěříš, tak uvidíš zač je toho loket kamaráde..." t="String" n="%X" />
      </Data>
      <Data n="20181044563617e">
        <Key v="2250,-6000" t="Vector2" n="!$P" />
        <Key v="20202866798502" t="String" n="$T" />
        <Key v="Hardone, poslouchej se. Si opravdu myslíš, že bychom byli tak hloupý, dali ti otrávené zásoby a pak sem s úsměvem na rtech přišli? Byla to jisto jistě past. Možná máš mezi svejma lidma špeha, nevím. Nicméně my s tím nemáme nic společného." t="String" n="%X" />
      </Data>
      <Data n="20181044572601e">
        <Key v="2250,-6800" t="Vector2" n="!$P" />
        <Key v="20202866798502" t="String" n="$T" />
      </Data>
      <Data n="20181044633268e">
        <Key v="2250,-7000" t="Vector2" n="!$P" />
        <Key v="20202866798502" t="String" n="$T" />
        <Key v="Je to tak Hardone. Nechali jsme se najmout Lishakem a ty jsi teď v hajzlu. Je to přesně jak si řekl, polovina tvojich můžů je nepoužitelná a druhá mrtvá. Takže my odsud teď v klidu odejdem, jelikož nám můžeš plně věřit, že jakýkoli pokus o naše zadržení by tě jen připravil o zbylé muže..." t="String" n="%X" />
      </Data>
      <Data n="20181117060322e">
        <Key v="2700,-7400" t="Vector2" n="!$P" />
        <Key v="20202934699316" t="String" n="$T" />
        <Key v="Souhlasit" t="String" n="%CX" />
      </Data>
      <Data n="20181117287377e">
        <Key v="3150,-7400" t="Vector2" n="!$P" />
        <Key v="20206371455404" t="String" n="$T" />
        <Key v="CkQ" t="String" n="GT" />
        <Key v="Q20180857017262" t="String" n="Qs" />
      </Data>
      <Data n="20181117060739e">
        <Key v="2700,-7600" t="Vector2" n="!$P" />
        <Key v="20202934699316" t="String" n="$T" />
        <Key v="Odmítnout" t="String" n="%CX" />
      </Data>
      <Data n="20181117507857e">
        <Key v="2550,-7600" t="Vector2" n="!$P" />
        <Key v="20202866798502" t="String" n="$T" />
        <Key v="%M1" t="String" n="T" />
        <Key v="Eh, jasně chápu. Neztrácite čas oslavami. Dobrá teda, povím co vím. Svou odměnu si rozhodně zasloužíte. Tak tedy poslouchejte." t="String" n="%X" />
      </Data>
      <Data n="20179182729821e">
        <Key v="3300,0" t="Vector2" n="!$P" />
        <Key v="20202934699316" t="String" n="$T" />
        <Key v="Nesouhlasit" t="String" n="%CX" />
      </Data>
      <Data n="20179182728182e">
        <Key v="3300,-200" t="Vector2" n="!$P" />
        <Key v="20202934699316" t="String" n="$T" />
        <Key v="Souhlasit" t="String" n="%CX" />
      </Data>
      <Data n="20179182732923e">
        <Key v="3300,-400" t="Vector2" n="!$P" />
        <Key v="20202934699316" t="String" n="$T" />
        <Key v="Bezeslova zaútočit" t="String" n="%CX" />
      </Data>
      <Data n="20178964811038e">
        <Key v="3600,-600" t="Vector2" n="!$P" />
        <Key v="20202866798502" t="String" n="$T" />
        <Key v="Myslíte Ostrov pirátů?" t="String" n="%X" />
      </Data>
      <Data n="20179422888716e">
        <Key v="2850,-1800" t="Vector2" n="!$P" />
        <Key v="20202866798502" t="String" n="$T" />
        <Key v="%M1" t="String" n="T" />
        <Key v="Výborně. Tento úkol byl i jakousi zkouškou a vy jste prošli. Pokud máte zájem, mám pro vás další práci." t="String" n="%X" />
      </Data>
      <Data n="20179422883591e">
        <Key v="2550,-2400" t="Vector2" n="!$P" />
        <Key v="20202866798502" t="String" n="$T" />
        <Key v="%M1" t="String" n="T" />
        <Key v="No tak se nezdržujte, nechci přijít o dalšího muže!" t="String" n="%X" />
      </Data>
      <Data n="20181021521273e">
        <Key v="2850,-2600" t="Vector2" n="!$P" />
        <Key v="20202866798502" t="String" n="$T" />
        <Key v="Ale nic..." t="String" n="%X" />
      </Data>
      <Data n="20179422831995e">
        <Key v="3300,-2800" t="Vector2" n="!$P" />
        <Key v="20202866798502" t="String" n="$T" />
        <Key v="Chtěli jsme se ještě jednou zeptat na ty zmizelé piráty." t="String" n="%X" />
      </Data>
      <Data n="20181043706138e">
        <Key v="3300,-3000" t="Vector2" n="!$P" />
        <Key v="20202866798502" t="String" n="$T" />
        <Key v="Předtím si mluvil o tom, že bys pro nás měl další práci. O co jde?" t="String" n="%X" />
      </Data>
      <Data n="20181117636649e">
        <Key v="3300,-3200" t="Vector2" n="!$P" />
        <Key v="20202866798502" t="String" n="$T" />
        <Key v="Přišli jsme ohledně té záležitosti v Aréně." t="String" n="%X" />
      </Data>
      <Data n="20181044001548e">
        <Key v="3300,-3600" t="Vector2" n="!$P" />
        <Key v="20202866798502" t="String" n="$T" />
        <Key v="%M1" t="String" n="T" />
        <Key v="Skvělá práce. Vedeš si dobře. Stav se zítra budu pro tebe mít další úkol." t="String" n="%X" />
      </Data>
      <Data n="20181043783073e">
        <Key v="3000,-3800" t="Vector2" n="!$P" />
        <Key v="20202866798502" t="String" n="$T" />
        <Key v="%M1" t="String" n="T" />
        <Key v="Tak neotálej a mazej je získat." t="String" n="%X" />
      </Data>
      <Data n="20181044722817e">
        <Key v="3300,-4400" t="Vector2" n="!$P" />
        <Key v="_EGate" t="String" n="$T" />
        <Key v="G1" t="String" n="GT" />
        <Key v="1" t="Int32" n="T2" />
        <Key v="3" t="Decimal" n="Val" />
        <Key v="XResult" t="String" n="Cnt" />
        <Key v="Oeg" t="String" n="O" />
      </Data>
      <Data n="20181044724773e">
        <Key v="3300,-4600" t="Vector2" n="!$P" />
        <Key v="_EGate" t="String" n="$T" />
        <Key v="G1" t="String" n="GT" />
        <Key v="1" t="Int32" n="T2" />
        <Key v="2" t="Decimal" n="Val" />
        <Key v="XResult" t="String" n="Cnt" />
        <Key v="Oeg" t="String" n="O" />
      </Data>
      <Data n="20181044727325e">
        <Key v="3300,-4800" t="Vector2" n="!$P" />
        <Key v="_EGate" t="String" n="$T" />
        <Key v="G1" t="String" n="GT" />
        <Key v="1" t="Int32" n="T2" />
        <Key v="1" t="Decimal" n="Val" />
        <Key v="XResult" t="String" n="Cnt" />
        <Key v="Oeg" t="String" n="O" />
      </Data>
      <Data n="20181044730169e">
        <Key v="3300,-5000" t="Vector2" n="!$P" />
        <Key v="_EGate" t="String" n="$T" />
        <Key v="G1" t="String" n="GT" />
        <Key v="1" t="Int32" n="T2" />
        <Key v="0" t="Decimal" n="Val" />
        <Key v="XResult" t="String" n="Cnt" />
        <Key v="Oeg" t="String" n="O" />
      </Data>
      <Data n="20181044719022e">
        <Key v="2850,-5200" t="Vector2" n="!$P" />
        <Key v="_EGate" t="String" n="$T" />
        <Key v="G1" t="String" n="GT" />
        <Key v="1" t="Int32" n="T2" />
        <Key v="3" t="Decimal" n="Val" />
        <Key v="XResult" t="String" n="Cnt" />
        <Key v="Oeg" t="String" n="O" />
      </Data>
      <Data n="20181044757550e">
        <Key v="3150,-5200" t="Vector2" n="!$P" />
        <Key v="_EFunc" t="String" n="$T" />
        <Key v="G1" t="String" n="GT" />
        <Key v="1" t="Int32" n="T2" />
        <Key v="5" t="Decimal" n="Val" />
        <Key v="Hardon" t="String" n="Cnt" />
        <Key v="O+" t="String" n="O" />
      </Data>
      <Data n="20181044727821e">
        <Key v="2850,-5400" t="Vector2" n="!$P" />
        <Key v="_EGate" t="String" n="$T" />
        <Key v="G1" t="String" n="GT" />
        <Key v="1" t="Int32" n="T2" />
        <Key v="2" t="Decimal" n="Val" />
        <Key v="XResult" t="String" n="Cnt" />
        <Key v="Oeg" t="String" n="O" />
      </Data>
      <Data n="20181044795932e">
        <Key v="3150,-5400" t="Vector2" n="!$P" />
        <Key v="_EFunc" t="String" n="$T" />
        <Key v="G1" t="String" n="GT" />
        <Key v="1" t="Int32" n="T2" />
        <Key v="2" t="Decimal" n="Val" />
        <Key v="Hardon" t="String" n="Cnt" />
        <Key v="O+" t="String" n="O" />
      </Data>
      <Data n="20181044726249e">
        <Key v="2850,-5600" t="Vector2" n="!$P" />
        <Key v="_EGate" t="String" n="$T" />
        <Key v="G1" t="String" n="GT" />
        <Key v="1" t="Int32" n="T2" />
        <Key v="1" t="Decimal" n="Val" />
        <Key v="XResult" t="String" n="Cnt" />
        <Key v="Oeg" t="String" n="O" />
      </Data>
      <Data n="20181069537666e">
        <Key v="3150,-5600" t="Vector2" n="!$P" />
        <Key v="_EFunc" t="String" n="$T" />
        <Key v="G1" t="String" n="GT" />
        <Key v="1" t="Int32" n="T2" />
        <Key v="-5" t="Decimal" n="Val" />
        <Key v="Hardon" t="String" n="Cnt" />
        <Key v="O+" t="String" n="O" />
      </Data>
      <Data n="20181044728718e">
        <Key v="2850,-5800" t="Vector2" n="!$P" />
        <Key v="_EGate" t="String" n="$T" />
        <Key v="G1" t="String" n="GT" />
        <Key v="1" t="Int32" n="T2" />
        <Key v="0" t="Decimal" n="Val" />
        <Key v="XResult" t="String" n="Cnt" />
        <Key v="Oeg" t="String" n="O" />
      </Data>
      <Data n="20181069536970e">
        <Key v="3150,-5800" t="Vector2" n="!$P" />
        <Key v="_EFunc" t="String" n="$T" />
        <Key v="G1" t="String" n="GT" />
        <Key v="1" t="Int32" n="T2" />
        <Key v="-5" t="Decimal" n="Val" />
        <Key v="Hardon" t="String" n="Cnt" />
        <Key v="O+" t="String" n="O" />
      </Data>
      <Data n="20181044722391e">
        <Key v="2850,-6000" t="Vector2" n="!$P" />
        <Key v="_EGate" t="String" n="$T" />
        <Key v="G1" t="String" n="GT" />
        <Key v="1" t="Int32" n="T2" />
        <Key v="3" t="Decimal" n="Val" />
        <Key v="XResult" t="String" n="Cnt" />
        <Key v="Oeg" t="String" n="O" />
      </Data>
      <Data n="20181044853447e">
        <Key v="3150,-6000" t="Vector2" n="!$P" />
        <Key v="_EFunc" t="String" n="$T" />
        <Key v="G1" t="String" n="GT" />
        <Key v="1" t="Int32" n="T2" />
        <Key v="5" t="Decimal" n="Val" />
        <Key v="Hardon" t="String" n="Cnt" />
        <Key v="O+" t="String" n="O" />
      </Data>
      <Data n="20181044724351e">
        <Key v="2850,-6200" t="Vector2" n="!$P" />
        <Key v="_EGate" t="String" n="$T" />
        <Key v="G1" t="String" n="GT" />
        <Key v="1" t="Int32" n="T2" />
        <Key v="2" t="Decimal" n="Val" />
        <Key v="XResult" t="String" n="Cnt" />
        <Key v="Oeg" t="String" n="O" />
      </Data>
      <Data n="20181044853893e">
        <Key v="3150,-6200" t="Vector2" n="!$P" />
        <Key v="_EFunc" t="String" n="$T" />
        <Key v="G1" t="String" n="GT" />
        <Key v="1" t="Int32" n="T2" />
        <Key v="2" t="Decimal" n="Val" />
        <Key v="Hardon" t="String" n="Cnt" />
        <Key v="O+" t="String" n="O" />
      </Data>
      <Data n="20181044723288e">
        <Key v="2850,-6400" t="Vector2" n="!$P" />
        <Key v="_EGate" t="String" n="$T" />
        <Key v="G1" t="String" n="GT" />
        <Key v="1" t="Int32" n="T2" />
        <Key v="1" t="Decimal" n="Val" />
        <Key v="XResult" t="String" n="Cnt" />
        <Key v="Oeg" t="String" n="O" />
      </Data>
      <Data n="20181069534222e">
        <Key v="3150,-6400" t="Vector2" n="!$P" />
        <Key v="_EFunc" t="String" n="$T" />
        <Key v="G1" t="String" n="GT" />
        <Key v="1" t="Int32" n="T2" />
        <Key v="-5" t="Decimal" n="Val" />
        <Key v="Hardon" t="String" n="Cnt" />
        <Key v="O+" t="String" n="O" />
      </Data>
      <Data n="20181044729735e">
        <Key v="2850,-6600" t="Vector2" n="!$P" />
        <Key v="_EGate" t="String" n="$T" />
        <Key v="G1" t="String" n="GT" />
        <Key v="1" t="Int32" n="T2" />
        <Key v="0" t="Decimal" n="Val" />
        <Key v="XResult" t="String" n="Cnt" />
        <Key v="Oeg" t="String" n="O" />
      </Data>
      <Data n="20181069536282e">
        <Key v="3150,-6600" t="Vector2" n="!$P" />
        <Key v="_EFunc" t="String" n="$T" />
        <Key v="G1" t="String" n="GT" />
        <Key v="1" t="Int32" n="T2" />
        <Key v="-5" t="Decimal" n="Val" />
        <Key v="Hardon" t="String" n="Cnt" />
        <Key v="O+" t="String" n="O" />
      </Data>
      <Data n="20181044656687e">
        <Key v="2850,-6800" t="Vector2" n="!$P" />
        <Key v="20202866798502" t="String" n="$T" />
        <Key v="%M1" t="String" n="T" />
        <Key v="Mlčíš. Jak tomu mám sakra rozumět. To si tak blbej, že sem přijdeš potom co mám polovinu chlapů otrávených a mlčíš. Nechceš k tomu nic říci. Dobrá. Chlapi vyřešte to s nima" t="String" n="%X" />
      </Data>
      <Data n="20181044686899e">
        <Key v="2850,-7000" t="Vector2" n="!$P" />
        <Key v="20202866798502" t="String" n="$T" />
        <Key v="%M1" t="String" n="T" />
        <Key v="Tsss. Vy parchanti, vy za*raní parchanti. Tohle vám nedaruju, to vás bude ještě mrzet! Táhněte odsud." t="String" n="%X" />
      </Data>
      <Data n="20181117060323e">
        <Key v="3600,-7400" t="Vector2" n="!$P" />
        <Key v="20202866798502" t="String" n="$T" />
        <Key v="Jasně, jdem do toho." t="String" n="%X" />
      </Data>
      <Data n="20181117060740e">
        <Key v="3150,-7600" t="Vector2" n="!$P" />
        <Key v="20202866798502" t="String" n="$T" />
        <Key v="Ty Hardone, to si budem muset ještě rozmyslet." t="String" n="%X" />
      </Data>
      <Data n="20181117584312e">
        <Key v="3150,-7600" t="Vector2" n="!$P" />
        <Key v="20202866798502" t="String" n="$T" />
        <Key v="%M1" t="String" n="T" />
        <Key v="Dung, jak už jsem řekl, šel prozkoumat starý opuštěný chrám hluboko v bažinách. Ten starej parchant je moc šikovnej scavenger a tím se také živí. Nicméně přístup do chrámu je umožněn pouze těm, kdož znají heslo. A to já samozřejmě znám." t="String" n="%X" />
      </Data>
      <Data n="20179182729820e">
        <Key v="3750,0" t="Vector2" n="!$P" />
        <Key v="20202866798502" t="String" n="$T" />
      </Data>
      <Data n="20179182728181e">
        <Key v="3750,-200" t="Vector2" n="!$P" />
        <Key v="20202866798502" t="String" n="$T" />
      </Data>
      <Data n="20179182732924e">
        <Key v="3750,-400" t="Vector2" n="!$P" />
        <Key v="20202866798502" t="String" n="$T" />
      </Data>
      <Data n="20178964813740e">
        <Key v="4200,-600" t="Vector2" n="!$P" />
        <Key v="20202866798502" t="String" n="$T" />
        <Key v="%M1" t="String" n="T" />
        <Key v="Nebudeme se chytat za slovo, pánové. Každému, co jeho jest. Na každý pád vy opravdu" t="String" n="%X" />
      </Data>
      <Data n="20181021041722e">
        <Key v="3450,-1800" t="Vector2" n="!$P" />
        <Key v="20202934699316" t="String" n="$T" />
        <Key v="Zajímat se" t="String" n="%CX" />
      </Data>
      <Data n="20181021042269e">
        <Key v="3450,-2200" t="Vector2" n="!$P" />
        <Key v="20202934699316" t="String" n="$T" />
        <Key v="Nezajímat se" t="String" n="%CX" />
      </Data>
      <Data n="20181021529672e">
        <Key v="3450,-2600" t="Vector2" n="!$P" />
        <Key v="20202866798502" t="String" n="$T" />
        <Key v="%M1" t="String" n="T" />
        <Key v="Tak co sem vůbec lezete..." t="String" n="%X" />
      </Data>
      <Data n="20179422851447e">
        <Key v="3900,-2800" t="Vector2" n="!$P" />
        <Key v="20202866798502" t="String" n="$T" />
        <Key v="%M1" t="String" n="T" />
        <Key v="No výborně. Rozhodli jste se, že mi s tím pomůžete?" t="String" n="%X" />
      </Data>
      <Data n="20181043723057e">
        <Key v="3900,-3000" t="Vector2" n="!$P" />
        <Key v="20202866798502" t="String" n="$T" />
        <Key v="%M1" t="String" n="T" />
        <Key v="A výborně, jsem rád, že ses vrátil. Tak teda poslouchej." t="String" n="%X" />
      </Data>
      <Data n="20181117663157e">
        <Key v="3900,-3200" t="Vector2" n="!$P" />
        <Key v="20202866798502" t="String" n="$T" />
        <Key v="%M1" t="String" n="T" />
        <Key v="To je dobře, že sis to rozmyslel, ale teď k věci." t="String" n="%X" />
      </Data>
      <Data n="20181044022636e">
        <Key v="3900,-3600" t="Vector2" n="!$P" />
        <Key v="20202866798502" t="String" n="$T" />
        <Key v="A co naše dohoda ohledně Dunga?!" t="String" n="%X" />
      </Data>
      <Data n="20181044716061e">
        <Key v="3750,-4400" t="Vector2" n="!$P" />
        <Key v="20202866798502" t="String" n="$T" />
        <Key v="%M1" t="String" n="T" />
        <Key v="Dobrá sakra. Věřím ti. Ty peníze si nechej. Je jasný, že to byla Lishakova práce a nějak nás oba převezl, ale to mu nedaruju. Mám pro tebe další úkol a tím to Lishakovi pořádně natřeme." t="String" n="%X" />
      </Data>
      <Data n="20181044716320e">
        <Key v="3750,-4600" t="Vector2" n="!$P" />
        <Key v="20202866798502" t="String" n="$T" />
        <Key v="%M1" t="String" n="T" />
        <Key v="Sakra, dobrá. Věřím ti, dej sem ty zlaťáky. Jako kompenzace to bude stčit. Nicméně teď to jistě chceš Lishakovi oplatit stejně jako já. Mám pro tebe úkol, kterým to Lishakovi pořádně vrátíme." t="String" n="%X" />
      </Data>
      <Data n="20181044716578e">
        <Key v="3750,-4800" t="Vector2" n="!$P" />
        <Key v="20202866798502" t="String" n="$T" />
        <Key v="%M1" t="String" n="T" />
        <Key v="Nevěřím ti, ale cením si tvé snahy. Dej sem ty zlaťáky a táhni odsud." t="String" n="%X" />
      </Data>
      <Data n="20181044716954e">
        <Key v="3750,-5000" t="Vector2" n="!$P" />
        <Key v="20202866798502" t="String" n="$T" />
        <Key v="%M1" t="String" n="T" />
        <Key v="Snažíš se me uplatit. Ty ses asi zbláznil. Tvé zlato si samozřejmě vezmu, ale až z vašich mrtvol. Na ně chlapi!" t="String" n="%X" />
      </Data>
      <Data n="20181044684189e">
        <Key v="3600,-5200" t="Vector2" n="!$P" />
        <Key v="20202866798502" t="String" n="$T" />
        <Key v="%M1" t="String" n="T" />
        <Key v="Ok, ok. Poslouchej. Věřím ti. Máš pravdu, nedává to smysl. Ale je jasný, že v tom má prsty ten parchant Lishak. Bude třeba mu to natřít jednou pro vždy." t="String" n="%X" />
      </Data>
      <Data n="20181044684439e">
        <Key v="3600,-5400" t="Vector2" n="!$P" />
        <Key v="20202866798502" t="String" n="$T" />
        <Key v="%M1" t="String" n="T" />
        <Key v="Ok, ok. Poslouchej. Věřím ti. Máš pravdu, nedává to smysl. Ale je jasný, že v tom má prsty ten parchant Lishak. Bude třeba mu to natřít jednou pro vždy." t="String" n="%X" />
      </Data>
      <Data n="20181044684764e">
        <Key v="3600,-5600" t="Vector2" n="!$P" />
        <Key v="20202866798502" t="String" n="$T" />
        <Key v="%M1" t="String" n="T" />
        <Key v="A víš co si myslím, že přesně takhle blbý ste a pak mi tady ještě vyhrožujete. Na ně chlapi!" t="String" n="%X" />
      </Data>
      <Data n="20181044685040e">
        <Key v="3600,-5800" t="Vector2" n="!$P" />
        <Key v="20202866798502" t="String" n="$T" />
        <Key v="%M1" t="String" n="T" />
        <Key v="A víš co si myslím, že přesně takhle blbý ste a pak mi tady ještě vyhrožujete. Na ně chlapi! [v boji mají piráti +10 INI]" t="String" n="%X" />
      </Data>
      <Data n="20181044713806e">
        <Key v="3600,-6000" t="Vector2" n="!$P" />
        <Key v="20202866798502" t="String" n="$T" />
        <Key v="%M1" t="String" n="T" />
        <Key v="Sakra, máš asi pravdu. Určitě. Doprčic, toho špeha budu muset najít co nejdřív. No nicméně bude třeba to co nejdříve Lishakovi vrátit. A už přesně vím jak." t="String" n="%X" />
      </Data>
      <Data n="20181044714055e">
        <Key v="3600,-6200" t="Vector2" n="!$P" />
        <Key v="20202866798502" t="String" n="$T" />
        <Key v="%M1" t="String" n="T" />
        <Key v="Sakra, máš asi pravdu. Určitě. Doprčic, toho špeha budu muset najít co nejdřív. No nicméně bude třeba to co nejdříve Lishakovi vrátit. A už přesně vím jak." t="String" n="%X" />
      </Data>
      <Data n="20181044714326e">
        <Key v="3600,-6400" t="Vector2" n="!$P" />
        <Key v="20202866798502" t="String" n="$T" />
        <Key v="%M1" t="String" n="T" />
        <Key v="Nevěřím ti. Nicméně nechám tě žít. Táhni odsud." t="String" n="%X" />
      </Data>
      <Data n="20181044714568e">
        <Key v="3600,-6600" t="Vector2" n="!$P" />
        <Key v="20202866798502" t="String" n="$T" />
        <Key v="%M1" t="String" n="T" />
        <Key v="Nevěřím ti ani slovo ty prolhanej bastarde. Spolčil ses s Lishakem, co? Tak to byla tvá poslední chyba. Na ně chlapi." t="String" n="%X" />
      </Data>
      <Data n="20181117082432e">
        <Key v="4200,-7400" t="Vector2" n="!$P" />
        <Key v="20202866798502" t="String" n="$T" />
        <Key v="%M1" t="String" n="T" />
        <Key v="Skvělé. Teď ti povím jak to uděláš. Přijdeš do hospody &quot;U vypíchlýho voka&quot; a uděláš tam rozruch. Hospodský &quot;Fox&quot; nejraděj řeší problémy tak, že všechny zúčastněné nažene do Arény a to je přesně náš cíl. Vyprovokovat bitku a následnou souboj v aréně." t="String" n="%X" />
      </Data>
      <Data n="20181117074846e">
        <Key v="3750,-7600" t="Vector2" n="!$P" />
        <Key v="20202866798502" t="String" n="$T" />
        <Key v="%M1" t="String" n="T" />
        <Key v="Škoda, no doufám, že se rozmyslíte a přijdete. Přeci jen, vy jste přišli za mnou, ne já za vámi &lt;úsměv&gt;" t="String" n="%X" />
      </Data>
      <Data n="20181117606151e">
        <Key v="3750,-7600" t="Vector2" n="!$P" />
        <Key v="20202866798502" t="String" n="$T" />
        <Key v="A teď je přesně ten moment, kdy nám ho povíš." t="String" n="%X" />
      </Data>
      <Data n="20179182744311e">
        <Key v="4350,0" t="Vector2" n="!$P" />
        <Key v="20202866798502" t="String" n="$T" />
        <Key v="%M1" t="String" n="T" />
        <Key v="No a co si myslíš, že se teď asi stane. No myslel jsem si, že jsi chytřejší. Zabte je..." t="String" n="%X" />
      </Data>
      <Data n="20179182873386e">
        <Key v="4350,-200" t="Vector2" n="!$P" />
        <Key v="_EFunc" t="String" n="$T" />
        <Key v="G1" t="String" n="GT" />
        <Key v="1" t="Int32" n="T2" />
        <Key v="0" t="Decimal" n="Val" />
        <Key v="Hardon" t="String" n="Cnt" />
        <Key v="Os" t="String" n="O" />
      </Data>
      <Data n="20178964838131e">
        <Key v="4800,-600" t="Vector2" n="!$P" />
        <Key v="20202866798502" t="String" n="$T" />
        <Key v="Ne" t="String" n="%X" />
      </Data>
      <Data n="20181021041723e">
        <Key v="3900,-1800" t="Vector2" n="!$P" />
        <Key v="20202866798502" t="String" n="$T" />
        <Key v="Ale jistě, dašlí stříbrňáky se vždycky hoděj." t="String" n="%X" />
      </Data>
      <Data n="20181021042268e">
        <Key v="3900,-2200" t="Vector2" n="!$P" />
        <Key v="20202866798502" t="String" n="$T" />
        <Key v="Teď nemáme zájem, možná jindy." t="String" n="%X" />
      </Data>
      <Data n="20179035519775e">
        <Key v="4500,-2800" t="Vector2" n="!$P" />
        <Key v="20206495856812" t="String" n="$T" />
        <Key v="Práce pro Hardona" t="String" n="!%Txt" />
      </Data>
      <Data n="20181021345447e">
        <Key v="4500,-3000" t="Vector2" n="!$P" />
        <Key v="20202866798502" t="String" n="$T" />
        <Key v="%M1" t="String" n="T" />
        <Key v="Je třeba pořádně zatopit Lishakovi a trochu si pomoci, co říkáš." t="String" n="%X" />
      </Data>
      <Data n="20181044353391e">
        <Key v="4500,-3600" t="Vector2" n="!$P" />
        <Key v="20206371455404" t="String" n="$T" />
        <Key v="CkE" t="String" n="GT" />
        <Key v="SaS" t="String" n="T" />
        <Key v="E20181044303816" t="String" n="Ev" />
      </Data>
      <Data n="20181117277758e">
        <Key v="4800,-7400" t="Vector2" n="!$P" />
        <Key v="20202866798502" t="String" n="$T" />
        <Key v="To zní jako plán. Jdem k &quot;Vypíchlýmu voku&quot;." t="String" n="%X" />
      </Data>
      <Data n="20181117609959e">
        <Key v="4350,-7600" t="Vector2" n="!$P" />
        <Key v="20202866798502" t="String" n="$T" />
        <Key v="%M1" t="String" n="T" />
        <Key v="Je to tak, přistup blíž. Pošeptám ti ho, nechci aby ho znal kde jakej pobuda. &lt;nakloní se k tobě&gt; Heslo je &quot;Ti kdož jsou mrtví&quot;. Tohle by mělo fungovat. No a nyní se s váma rouzloučím. AHOJ!" t="String" n="%X" />
      </Data>
      <Data n="20179182837189e">
        <Key v="4800,-200" t="Vector2" n="!$P" />
        <Key v="20202866798502" t="String" n="$T" />
        <Key v="%M1" t="String" n="T" />
        <Key v="Já věděl, že se s tebou bude dát mluvit." t="String" n="%X" />
      </Data>
      <Data n="20178964841522e">
        <Key v="5400,-600" t="Vector2" n="!$P" />
        <Key v="20202866798502" t="String" n="$T" />
        <Key v="%M1" t="String" n="T" />
        <Key v="Jistěže ne, na to nemáte dostatečně schvácený výraz. Najal vás hrabě jako zvědy?" t="String" n="%X" />
      </Data>
      <Data n="20181021338733e">
        <Key v="4500,-2200" t="Vector2" n="!$P" />
        <Key v="20202866798502" t="String" n="$T" />
        <Key v="%M1" t="String" n="T" />
        <Key v="Dobrá tedy, víte kde mě hledat." t="String" n="%X" />
      </Data>
      <Data n="20179035524738e">
        <Key v="5100,-2800" t="Vector2" n="!$P" />
        <Key v="20202934699316" t="String" n="$T" />
        <Key v="Souhlasit" t="String" n="%CX" />
      </Data>
      <Data n="20179422102190e">
        <Key v="5550,-2800" t="Vector2" n="!$P" />
        <Key v="20206371455404" t="String" n="$T" />
        <Key v="CkQ" t="String" n="GT" />
        <Key v="Q20179184379175" t="String" n="Qs" />
      </Data>
      <Data n="20179035524304e">
        <Key v="5100,-3000" t="Vector2" n="!$P" />
        <Key v="20202934699316" t="String" n="$T" />
        <Key v="O co jde?" t="String" n="%CX" />
      </Data>
      <Data n="20179035528474e">
        <Key v="5100,-3200" t="Vector2" n="!$P" />
        <Key v="20202934699316" t="String" n="$T" />
        <Key v="Nesouhlasit" t="String" n="%CX" />
      </Data>
      <Data n="20181021350409e">
        <Key v="5100,-3000" t="Vector2" n="!$P" />
        <Key v="20202866798502" t="String" n="$T" />
        <Key v="%M1" t="String" n="T" />
        <Key v="Jistě už víš, že farma na severovýchodě patří Lishakovi a o tu právě jde. Ten bastard ovládá většinu jídla na ostrově. Krom ryb samozřejmě, ale to také nejde žrát furt." t="String" n="%X" />
      </Data>
      <Data n="20181044025968e">
        <Key v="4950,-3600" t="Vector2" n="!$P" />
        <Key v="20202866798502" t="String" n="$T" />
        <Key v="%M1" t="String" n="T" />
        <Key v="Neboj, pamatuju si naší dohodu. Po té zítřejší prácičce už ti povím vše, co chceš vědět." t="String" n="%X" />
      </Data>
      <Data n="20181117624237e">
        <Key v="4950,-7600" t="Vector2" n="!$P" />
        <Key v="20202866798502" t="String" n="$T" />
        <Key v="Díky Hardone, měj se." t="String" n="%X" />
      </Data>
      <Data n="20179182860525e">
        <Key v="5400,-200" t="Vector2" n="!$P" />
        <Key v="20202866798502" t="String" n="$T" />
        <Key v="%M1" t="String" n="T" />
        <Key v="Je tady jistý Lishak a jeho banda, kteří mi pijou krev. Nicméně než se dostaneme k němu, rád bych si tě nejdříve otestoval. Pokud uspěješ, určitě nebudeš škodnej." t="String" n="%X" />
      </Data>
      <Data n="20178964844453e">
        <Key v="6000,-600" t="Vector2" n="!$P" />
        <Key v="20202866798502" t="String" n="$T" />
        <Key v="Ne" t="String" n="%X" />
      </Data>
      <Data n="20179035524737e">
        <Key v="6000,-2800" t="Vector2" n="!$P" />
        <Key v="20202866798502" t="String" n="$T" />
        <Key v="Přesně tak. Vrhnem se na to" t="String" n="%X" />
      </Data>
      <Data n="20179035524305e">
        <Key v="5550,-3000" t="Vector2" n="!$P" />
        <Key v="20202866798502" t="String" n="$T" />
        <Key v="Nejdříve bychom rádi věděli, oč přesně se jedná." t="String" n="%X" />
      </Data>
      <Data n="20179035528475e">
        <Key v="5550,-3200" t="Vector2" n="!$P" />
        <Key v="20202866798502" t="String" n="$T" />
        <Key v="Musíme si to ještě nechat projít hlavou." t="String" n="%X" />
      </Data>
      <Data n="20181021363879e">
        <Key v="5700,-3000" t="Vector2" n="!$P" />
        <Key v="20202866798502" t="String" n="$T" />
        <Key v="%M1" t="String" n="T" />
        <Key v="Co říkáš na to, že bychom mu od těch zásob trochu pomohli a sami si přilepšili. Samozřejmě to nebude zadarmo." t="String" n="%X" />
      </Data>
      <Data n="20179184304492e">
        <Key v="6000,-200" t="Vector2" n="!$P" />
        <Key v="20202866798502" t="String" n="$T" />
        <Key v="Dobrá tedy, co je třeba udělat?" t="String" n="%X" />
      </Data>
      <Data n="20178964845917e">
        <Key v="6600,-600" t="Vector2" n="!$P" />
        <Key v="20202866798502" t="String" n="$T" />
        <Key v="%M1" t="String" n="T" />
        <Key v="Správně. Na to máte moc velký zápal v očích. Tak kdo tedy jste? Hledáte snad něco?" t="String" n="%X" />
      </Data>
      <Data n="20179184351819e">
        <Key v="6600,-2800" t="Vector2" n="!$P" />
        <Key v="20202866798502" t="String" n="$T" />
        <Key v="%M1" t="String" n="T" />
        <Key v="Výborně. Jde o to, že u našeho hlavního doku, to je ten, u kterého kotví vaše loď, se nám v noci ztrácej chlapi. Našli jsme jen pár cákanců krve. Je třeba zjistit, co se tam děje a kdo za to může a ideálně to s ním skoncovat." t="String" n="%X" />
      </Data>
      <Data n="20179184351581e">
        <Key v="6150,-3000" t="Vector2" n="!$P" />
        <Key v="20202866798502" t="String" n="$T" />
        <Key v="%M1" t="String" n="T" />
        <Key v="U našeho hlavního doku se začali ztrácet moji muži. Je třeba zjistit, co se tam přesně děje. Zbytek se dovzíš, jeslti budeš souhlasit." t="String" n="%X" />
      </Data>
      <Data n="20179035536443e">
        <Key v="6150,-3200" t="Vector2" n="!$P" />
        <Key v="20202866798502" t="String" n="$T" />
        <Key v="%M1" t="String" n="T" />
        <Key v="Tak neotravujte" t="String" n="%X" />
      </Data>
      <Data n="20181021392508e">
        <Key v="6300,-3000" t="Vector2" n="!$P" />
        <Key v="20202934699316" t="String" n="$T" />
        <Key v="Nesouhlasit s úkolem" t="String" n="%CX" />
      </Data>
      <Data n="20181021391982e">
        <Key v="6300,-3200" t="Vector2" n="!$P" />
        <Key v="20202934699316" t="String" n="$T" />
        <Key v="Přijmout úkol" t="String" n="%CX" />
      </Data>
      <Data n="20181021506290e">
        <Key v="6750,-3200" t="Vector2" n="!$P" />
        <Key v="20206371455404" t="String" n="$T" />
        <Key v="CkQ" t="String" n="GT" />
        <Key v="Q20180853058127" t="String" n="Qs" />
      </Data>
      <Data n="20179184385034e">
        <Key v="6600,-200" t="Vector2" n="!$P" />
        <Key v="20206371455404" t="String" n="$T" />
        <Key v="CkQ" t="String" n="GT" />
        <Key v="Q20179184379175" t="String" n="Qs" />
      </Data>
      <Data n="20178965143961e">
        <Key v="7200,-600" t="Vector2" n="!$P" />
        <Key v="20202934699316" t="String" n="$T" />
        <Key v="Ne" t="String" n="%CX" />
      </Data>
      <Data n="20179183862775e">
        <Key v="7200,-800" t="Vector2" n="!$P" />
        <Key v="20206352251934" t="String" n="$T" />
        <Key v="CkQ" t="String" n="GT" />
        <Key v="SkA" t="String" n="T" />
        <Key v="Q20179183842483" t="String" n="Qs" />
      </Data>
      <Data n="20178964852923e">
        <Key v="7650,-800" t="Vector2" n="!$P" />
        <Key v="20202934699316" t="String" n="$T" />
        <Key v="Ano" t="String" n="%CX" />
      </Data>
      <Data n="20181021392507e">
        <Key v="6750,-3000" t="Vector2" n="!$P" />
        <Key v="20202866798502" t="String" n="$T" />
        <Key v="Do toho nejdem." t="String" n="%X" />
      </Data>
      <Data n="20181021391983e">
        <Key v="7200,-3200" t="Vector2" n="!$P" />
        <Key v="20202866798502" t="String" n="$T" />
        <Key v="Dobrá, uděláme to pro tebe." t="String" n="%X" />
      </Data>
      <Data n="20178965143962e">
        <Key v="7650,-600" t="Vector2" n="!$P" />
        <Key v="20202866798502" t="String" n="$T" />
      </Data>
      <Data n="20178964852924e">
        <Key v="8100,-800" t="Vector2" n="!$P" />
        <Key v="20202866798502" t="String" n="$T" />
        <Key v="Ano, hledáme." t="String" n="%X" />
      </Data>
      <Data n="20181021489776e">
        <Key v="7350,-3000" t="Vector2" n="!$P" />
        <Key v="20202866798502" t="String" n="$T" />
        <Key v="%M1" t="String" n="T" />
        <Key v="Tak kdyby ste si to rozmysleli, víte kde mě hledat." t="String" n="%X" />
      </Data>
      <Data n="20181021451719e">
        <Key v="7800,-3200" t="Vector2" n="!$P" />
        <Key v="20202866798502" t="String" n="$T" />
        <Key v="%M1" t="String" n="T" />
        <Key v="Výborně. Přineste mi alespoň 3 bedny zásob. Za každou vám dám 20 stříbrných." t="String" n="%X" />
      </Data>
      <Data n="20179035545226e">
        <Key v="8250,-600" t="Vector2" n="!$P" />
        <Key v="20202866798502" t="String" n="$T" />
        <Key v="%M1" t="String" n="T" />
        <Key v="No tak to jsem teda zvědav, co tady vlastně děláte." t="String" n="%X" />
      </Data>
      <Data n="20178964856201e">
        <Key v="8700,-800" t="Vector2" n="!$P" />
        <Key v="20202866798502" t="String" n="$T" />
        <Key v="%M1" t="String" n="T" />
        <Key v="Ale jistěže hledáte! Každý něco hledá. Někdo slávu, jiný peníze, někdo klid a mír. Ale co hledáte vy?" t="String" n="%X" />
      </Data>
      <Data n="20181021466957e">
        <Key v="8400,-3200" t="Vector2" n="!$P" />
        <Key v="20202866798502" t="String" n="$T" />
        <Key v="Takže pokud ti jich doneseme více, než 3, znamená to, že dostaneme i větší odměnu?" t="String" n="%X" />
      </Data>
      <Data n="20178964868469e">
        <Key v="9300,-800" t="Vector2" n="!$P" />
        <Key v="20202866798502" t="String" n="$T" />
        <Key v="Hledáme jistou knihu, nebo osobu, která by měla o knize něco vědět." t="String" n="%X" />
      </Data>
      <Data n="20181021479309e">
        <Key v="9000,-3200" t="Vector2" n="!$P" />
        <Key v="20202866798502" t="String" n="$T" />
        <Key v="%M1" t="String" n="T" />
        <Key v="Ano, ale myslel jsem si, že je to jasný &lt;úsměv&gt;. No možná nejste tak chytrý, jak jsem předpokládal. Tak šup, ať už jste zpátky." t="String" n="%X" />
      </Data>
      <Data n="20178965009887e">
        <Key v="9900,-800" t="Vector2" n="!$P" />
        <Key v="20202866798502" t="String" n="$T" />
        <Key v="%M1" t="String" n="T" />
        <Key v="No a povíte mi víc, nebo si tady budeme hrát na hádanky." t="String" n="%X" />
      </Data>
      <Data n="20179035364474e">
        <Key v="10500,-800" t="Vector2" n="!$P" />
        <Key v="20202934699316" t="String" n="$T" />
        <Key v="O Dungovi a knize" t="String" n="%CX" />
      </Data>
      <Data n="20179035364648e">
        <Key v="10500,-1400" t="Vector2" n="!$P" />
        <Key v="20202934699316" t="String" n="$T" />
        <Key v="Zapírat" t="String" n="%CX" />
      </Data>
      <Data n="20179035364473e">
        <Key v="10950,-800" t="Vector2" n="!$P" />
        <Key v="20202866798502" t="String" n="$T" />
        <Key v="Hledáme jistého Dunga. Hledače pokladů. Měl by mít jednu knihu, kterou potřebujeme." t="String" n="%X" />
      </Data>
      <Data n="20179035364649e">
        <Key v="10950,-1400" t="Vector2" n="!$P" />
        <Key v="20202866798502" t="String" n="$T" />
        <Key v="To je jen naše věc. Nicméně nás teď zajímá, proč přesně si nás chtěl vidět." t="String" n="%X" />
      </Data>
      <Data n="20179035487414e">
        <Key v="11550,-800" t="Vector2" n="!$P" />
        <Key v="20202866798502" t="String" n="$T" />
        <Key v="%M1" t="String" n="T" />
        <Key v="Znám Dunga. O žádné knize sice nevím, ale Dunga znám moc dobře." t="String" n="%X" />
      </Data>
      <Data n="20179035393665e">
        <Key v="11550,-1400" t="Vector2" n="!$P" />
        <Key v="20202866798502" t="String" n="$T" />
        <Key v="%M1" t="String" n="T" />
        <Key v="Dobrá, je to jen vaše věc. Ale k tomu, proč jste tady." t="String" n="%X" />
      </Data>
      <Data n="20179035493273e">
        <Key v="12150,-800" t="Vector2" n="!$P" />
        <Key v="20202866798502" t="String" n="$T" />
        <Key v="No a řeknete nám, kde ho najdem?" t="String" n="%X" />
      </Data>
      <Data n="20179035454637e">
        <Key v="12150,-1400" t="Vector2" n="!$P" />
        <Key v="20202866798502" t="String" n="$T" />
        <Key v="%M1" t="String" n="T" />
        <Key v="Je tady jistý Lishak a jeho banda, kteří mi pijou krev. Nicméně než se dostaneme k němu, rád bych si tě nejdříve otestoval. Pokud uspěješ, určitě nebudeš škodnej." t="String" n="%X" />
      </Data>
      <Data n="20179035495425e">
        <Key v="12750,-800" t="Vector2" n="!$P" />
        <Key v="20202866798502" t="String" n="$T" />
        <Key v="%M1" t="String" n="T" />
        <Key v="Řeknu, zajisté řeknu. Šel prozkoumat starý opuštěný chrám do bažin. Ovšem k přístupu do chrámu je třeba znát heslo. Bránu chrání silná magie. A to samozřejmě nebude zadarmo." t="String" n="%X" />
      </Data>
      <Data n="20179035499854e">
        <Key v="13350,-800" t="Vector2" n="!$P" />
        <Key v="20202866798502" t="String" n="$T" />
        <Key v="Tak kolik?" t="String" n="%X" />
      </Data>
      <Data n="20179035502131e">
        <Key v="13950,-800" t="Vector2" n="!$P" />
        <Key v="20202866798502" t="String" n="$T" />
        <Key v="%M1" t="String" n="T" />
        <Key v="Ale tady nejde o peníze, spíš bych vás rád k něčemu využil, jestli souhlasíte." t="String" n="%X" />
      </Data>
      <Data n="20179035514675e">
        <Key v="14550,-800" t="Vector2" n="!$P" />
        <Key v="20202866798502" t="String" n="$T" />
        <Key v="Záleží na tom, o co jde." t="String" n="%X" />
      </Data>
    </Data>
    <Data n="$Conns">
      <Data n="20179035691536c">
        <Key v="20179035691536e" t="String" n="$E" />
      </Data>
      <Data n="20181311334089c">
        <Key v="20181311334089e" t="String" n="$E" />
        <Key v="20179035691536e" t="String" n="$S" />
      </Data>
      <Data n="20181311333384c">
        <Key v="20181311333384e" t="String" n="$E" />
        <Key v="20181311334089e" t="String" n="$S" />
      </Data>
      <Data n="20178964728252c">
        <Key v="20178964728252e" t="String" n="$E" />
      </Data>
      <Data n="20178965133127c">
        <Key v="20178965133127e" t="String" n="$E" />
        <Key v="20178964728252e" t="String" n="$S" />
      </Data>
      <Data n="20181311296794c">
        <Key v="20181311296794e" t="String" n="$E" />
        <Key v="20178965133127e" t="String" n="$S" />
      </Data>
      <Data n="20181311302642c">
        <Key v="20181311302642e" t="String" n="$E" />
        <Key v="20181311296794e" t="String" n="$S" />
      </Data>
      <Data n="20179035703738c">
        <Key v="20179035703738e" t="String" n="$E" />
      </Data>
      <Data n="20181311334452c">
        <Key v="20181311334452e" t="String" n="$E" />
        <Key v="20179035703738e" t="String" n="$S" />
      </Data>
      <Data n="20181311333727c">
        <Key v="20181311333727e" t="String" n="$E" />
        <Key v="20181311334452e" t="String" n="$S" />
      </Data>
      <Data n="20179184392666c">
        <Key v="20179184392666e" t="String" n="$E" />
      </Data>
      <Data n="20179422140089c">
        <Key v="20179422140089e" t="String" n="$E" />
      </Data>
      <Data n="20179422140644c">
        <Key v="20179422140644e" t="String" n="$E" />
        <Key v="20179422140089e" t="String" n="$S" />
      </Data>
      <Data n="20181021558400c">
        <Key v="20181021558400e" t="String" n="$E" />
      </Data>
      <Data n="20181116710930c">
        <Key v="20181116710930e" t="String" n="$E" />
        <Key v="20181021558400e" t="String" n="$S" />
      </Data>
      <Data n="20181021560410c">
        <Key v="20181021560410e" t="String" n="$E" />
      </Data>
      <Data n="20181044368304c">
        <Key v="20181044368304e" t="String" n="$E" />
      </Data>
      <Data n="20181044397845c">
        <Key v="20181044397845e" t="String" n="$E" />
        <Key v="20181044368304e" t="String" n="$S" />
      </Data>
      <Data n="20181044382637c">
        <Key v="20181044382637e" t="String" n="$E" />
      </Data>
      <Data n="20181116894805c">
        <Key v="20181116894805e" t="String" n="$E" />
      </Data>
      <Data n="20181116895363c">
        <Key v="20181116895363e" t="String" n="$E" />
        <Key v="20181116894805e" t="String" n="$S" />
      </Data>
      <Data n="20181117140155c">
        <Key v="20181117140155e" t="String" n="$E" />
        <Key v="20181116895363e" t="String" n="$S" />
      </Data>
      <Data n="20181117488791c">
        <Key v="20181117488791e" t="String" n="$E" />
      </Data>
      <Data n="20181117489850c">
        <Key v="20181117489850e" t="String" n="$E" />
        <Key v="20181117488791e" t="String" n="$S" />
      </Data>
      <Data n="20181117684709c">
        <Key v="20181117684709e" t="String" n="$E" />
      </Data>
      <Data n="20181311317930c">
        <Key v="20181311317930e" t="String" n="$E" />
      </Data>
      <Data n="20179035690806c">
        <Key v="20179035690806e" t="String" n="$E" />
        <Key v="20181311333384e" t="String" n="$S" />
      </Data>
      <Data n="20178964727172c">
        <Key v="20178964727172e" t="String" n="$E" />
        <Key v="20181311302642e" t="String" n="$S" />
      </Data>
      <Data n="20179035703096c">
        <Key v="20179035703096e" t="String" n="$E" />
        <Key v="20181311333727e" t="String" n="$S" />
      </Data>
      <Data n="20179184389430c">
        <Key v="20179184389430e" t="String" n="$E" />
        <Key v="20179184392666e" t="String" n="$S" />
      </Data>
      <Data n="20179422126857c">
        <Key v="20179422126857e" t="String" n="$E" />
        <Key v="20179422140644e" t="String" n="$S" />
      </Data>
      <Data n="20181021555018c">
        <Key v="20181021555018e" t="String" n="$E" />
        <Key v="20181116710930e" t="String" n="$S" />
      </Data>
      <Data n="20181021555723c">
        <Key v="20181021555723e" t="String" n="$E" />
        <Key v="20181021560410e" t="String" n="$S" />
      </Data>
      <Data n="20181044363379c">
        <Key v="20181044363379e" t="String" n="$E" />
        <Key v="20181044397845e" t="String" n="$S" />
      </Data>
      <Data n="20181044381361c">
        <Key v="20181044381361e" t="String" n="$E" />
        <Key v="20181044382637e" t="String" n="$S" />
      </Data>
      <Data n="20181116891460c">
        <Key v="20181116891460e" t="String" n="$E" />
        <Key v="20181117140155e" t="String" n="$S" />
      </Data>
      <Data n="20181117486856c">
        <Key v="20181117486856e" t="String" n="$E" />
        <Key v="20181117489850e" t="String" n="$S" />
      </Data>
      <Data n="20181117683274c">
        <Key v="20181117683274e" t="String" n="$E" />
        <Key v="20181117684709e" t="String" n="$S" />
      </Data>
      <Data n="20181311313743c">
        <Key v="20181311313743e" t="String" n="$E" />
        <Key v="20181311317930e" t="String" n="$S" />
      </Data>
      <Data n="20179182706486c">
        <Key v="20179182706486e" t="String" n="$E" />
        <Key v="20179035690806e" t="String" n="$S" />
      </Data>
      <Data n="20178964800358c">
        <Key v="20178964800358e" t="String" n="$E" />
        <Key v="20178964727172e" t="String" n="$S" />
      </Data>
      <Data n="20179035722129c">
        <Key v="20179035722129e" t="String" n="$E" />
        <Key v="20179035703096e" t="String" n="$S" />
      </Data>
      <Data n="20179422164346c">
        <Key v="20179422164346e" t="String" n="$E" />
        <Key v="20179184389430e" t="String" n="$S" />
      </Data>
      <Data n="20179422146682c">
        <Key v="20179422146682e" t="String" n="$E" />
        <Key v="20179422164346e" t="String" n="$S" />
      </Data>
      <Data n="20179422146198c">
        <Key v="20179422146198e" t="String" n="$E" />
        <Key v="20179184389430e" t="String" n="$S" />
      </Data>
      <Data n="20179422828007c">
        <Key v="20179422828007e" t="String" n="$E" />
        <Key v="20179422126857e" t="String" n="$S" />
      </Data>
      <Data n="20181044200664c">
        <Key v="20181044200664e" t="String" n="$E" />
        <Key v="20181021555018e" t="String" n="$S" />
      </Data>
      <Data n="20181043839133c">
        <Key v="20181043839133e" t="String" n="$E" />
        <Key v="20181044200664e" t="String" n="$S" />
      </Data>
      <Data n="20181043778474c">
        <Key v="20181043778474e" t="String" n="$E" />
        <Key v="20181021555018e" t="String" n="$S" />
      </Data>
      <Data n="20181044193704c">
        <Key v="20181044193704e" t="String" n="$E" />
        <Key v="20181021555018e" t="String" n="$S" />
      </Data>
      <Data n="20181043778741c">
        <Key v="20181043778741e" t="String" n="$E" />
        <Key v="20181044193704e" t="String" n="$S" />
      </Data>
      <Data n="20181116591648c">
        <Key v="20181116591648e" t="String" n="$E" />
        <Key v="20181044363379e" t="String" n="$S" />
      </Data>
      <Data n="20181044564423c">
        <Key v="20181044564423e" t="String" n="$E" />
        <Key v="20181116591648e" t="String" n="$S" />
      </Data>
      <Data n="20181044563322c">
        <Key v="20181044563322e" t="String" n="$E" />
        <Key v="20181044363379e" t="String" n="$S" />
      </Data>
      <Data n="20181044563618c">
        <Key v="20181044563618e" t="String" n="$E" />
        <Key v="20181044363379e" t="String" n="$S" />
      </Data>
      <Data n="20181044572600c">
        <Key v="20181044572600e" t="String" n="$E" />
        <Key v="20181044363379e" t="String" n="$S" />
      </Data>
      <Data n="20181044633267c">
        <Key v="20181044633267e" t="String" n="$E" />
        <Key v="20181044363379e" t="String" n="$S" />
      </Data>
      <Data n="20181116574691c">
        <Key v="20181116574691e" t="String" n="$E" />
        <Key v="20181116891460e" t="String" n="$S" />
      </Data>
      <Data n="20181117503520c">
        <Key v="20181117503520e" t="String" n="$E" />
        <Key v="20181117486856e" t="String" n="$S" />
      </Data>
      <Data n="20206616256064c">
        <Key v="20179422828007e" t="String" n="$E" />
        <Key v="20181117683274e" t="String" n="$S" />
      </Data>
      <Data n="20179182717335c">
        <Key v="20179182717335e" t="String" n="$E" />
        <Key v="20179182706486e" t="String" n="$S" />
      </Data>
      <Data n="20178964803302c">
        <Key v="20178964803302e" t="String" n="$E" />
        <Key v="20178964800358e" t="String" n="$S" />
      </Data>
      <Data n="20206616256067c">
        <Key v="20178964800358e" t="String" n="$E" />
        <Key v="20179035722129e" t="String" n="$S" />
      </Data>
      <Data n="20179422146683c">
        <Key v="20179422146683e" t="String" n="$E" />
        <Key v="20179422146682e" t="String" n="$S" />
      </Data>
      <Data n="20179422146199c">
        <Key v="20179422146199e" t="String" n="$E" />
        <Key v="20179422146198e" t="String" n="$S" />
      </Data>
      <Data n="20181021521274c">
        <Key v="20181021521274e" t="String" n="$E" />
        <Key v="20179422828007e" t="String" n="$S" />
      </Data>
      <Data n="20179422838603c">
        <Key v="20179422838603e" t="String" n="$E" />
        <Key v="20179422828007e" t="String" n="$S" />
      </Data>
      <Data n="20179422831994c">
        <Key v="20179422831994e" t="String" n="$E" />
        <Key v="20179422838603e" t="String" n="$S" />
      </Data>
      <Data n="20181043707961c">
        <Key v="20181043707961e" t="String" n="$E" />
        <Key v="20179422828007e" t="String" n="$S" />
      </Data>
      <Data n="20181043706146c">
        <Key v="20181043706146e" t="String" n="$E" />
        <Key v="20181043707961e" t="String" n="$S" />
      </Data>
      <Data n="20181117637507c">
        <Key v="20181117637507e" t="String" n="$E" />
        <Key v="20179422828007e" t="String" n="$S" />
      </Data>
      <Data n="20181117636648c">
        <Key v="20181117636648e" t="String" n="$E" />
        <Key v="20181117637507e" t="String" n="$S" />
      </Data>
      <Data n="20181043839134c">
        <Key v="20181043839134e" t="String" n="$E" />
        <Key v="20181043839133e" t="String" n="$S" />
      </Data>
      <Data n="20181043778475c">
        <Key v="20181043778475e" t="String" n="$E" />
        <Key v="20181043778474e" t="String" n="$S" />
      </Data>
      <Data n="20181043778742c">
        <Key v="20181043778742e" t="String" n="$E" />
        <Key v="20181043778741e" t="String" n="$S" />
      </Data>
      <Data n="20181044564422c">
        <Key v="20181044564422e" t="String" n="$E" />
        <Key v="20181044564423e" t="String" n="$S" />
      </Data>
      <Data n="20181044563321c">
        <Key v="20181044563321e" t="String" n="$E" />
        <Key v="20181044563322e" t="String" n="$S" />
      </Data>
      <Data n="20181044563617c">
        <Key v="20181044563617e" t="String" n="$E" />
        <Key v="20181044563618e" t="String" n="$S" />
      </Data>
      <Data n="20181044572601c">
        <Key v="20181044572601e" t="String" n="$E" />
        <Key v="20181044572600e" t="String" n="$S" />
      </Data>
      <Data n="20181044633268c">
        <Key v="20181044633268e" t="String" n="$E" />
        <Key v="20181044633267e" t="String" n="$S" />
      </Data>
      <Data n="20181117060322c">
        <Key v="20181117060322e" t="String" n="$E" />
        <Key v="20181116574691e" t="String" n="$S" />
      </Data>
      <Data n="20181117287377c">
        <Key v="20181117287377e" t="String" n="$E" />
        <Key v="20181117060322e" t="String" n="$S" />
      </Data>
      <Data n="20181117060739c">
        <Key v="20181117060739e" t="String" n="$E" />
        <Key v="20181116574691e" t="String" n="$S" />
      </Data>
      <Data n="20181117507857c">
        <Key v="20181117507857e" t="String" n="$E" />
        <Key v="20181117503520e" t="String" n="$S" />
      </Data>
      <Data n="20179182729821c">
        <Key v="20179182729821e" t="String" n="$E" />
        <Key v="20179182717335e" t="String" n="$S" />
      </Data>
      <Data n="20179182728182c">
        <Key v="20179182728182e" t="String" n="$E" />
        <Key v="20179182717335e" t="String" n="$S" />
      </Data>
      <Data n="20179182732923c">
        <Key v="20179182732923e" t="String" n="$E" />
        <Key v="20179182717335e" t="String" n="$S" />
      </Data>
      <Data n="20178964811038c">
        <Key v="20178964811038e" t="String" n="$E" />
        <Key v="20178964803302e" t="String" n="$S" />
      </Data>
      <Data n="20179422888716c">
        <Key v="20179422888716e" t="String" n="$E" />
        <Key v="20179422146683e" t="String" n="$S" />
      </Data>
      <Data n="20179422883591c">
        <Key v="20179422883591e" t="String" n="$E" />
        <Key v="20179422146199e" t="String" n="$S" />
      </Data>
      <Data n="20181021521273c">
        <Key v="20181021521273e" t="String" n="$E" />
        <Key v="20181021521274e" t="String" n="$S" />
      </Data>
      <Data n="20179422831995c">
        <Key v="20179422831995e" t="String" n="$E" />
        <Key v="20179422831994e" t="String" n="$S" />
      </Data>
      <Data n="20181043706138c">
        <Key v="20181043706138e" t="String" n="$E" />
        <Key v="20181043706146e" t="String" n="$S" />
      </Data>
      <Data n="20181117636649c">
        <Key v="20181117636649e" t="String" n="$E" />
        <Key v="20181117636648e" t="String" n="$S" />
      </Data>
      <Data n="20181044001548c">
        <Key v="20181044001548e" t="String" n="$E" />
        <Key v="20181043839134e" t="String" n="$S" />
      </Data>
      <Data n="20181043783073c">
        <Key v="20181043783073e" t="String" n="$E" />
        <Key v="20181043778475e" t="String" n="$S" />
      </Data>
      <Data n="20206616256102c">
        <Key v="20181044001548e" t="String" n="$E" />
        <Key v="20181043778742e" t="String" n="$S" />
      </Data>
      <Data n="20181044722817c">
        <Key v="20181044722817e" t="String" n="$E" />
        <Key v="20181044564422e" t="String" n="$S" />
      </Data>
      <Data n="20181044724773c">
        <Key v="20181044724773e" t="String" n="$E" />
        <Key v="20181044564422e" t="String" n="$S" />
      </Data>
      <Data n="20181044727325c">
        <Key v="20181044727325e" t="String" n="$E" />
        <Key v="20181044564422e" t="String" n="$S" />
      </Data>
      <Data n="20181044730169c">
        <Key v="20181044730169e" t="String" n="$E" />
        <Key v="20181044564422e" t="String" n="$S" />
      </Data>
      <Data n="20181044719022c">
        <Key v="20181044719022e" t="String" n="$E" />
        <Key v="20181044563321e" t="String" n="$S" />
      </Data>
      <Data n="20181044757550c">
        <Key v="20181044757550e" t="String" n="$E" />
        <Key v="20181044719022e" t="String" n="$S" />
      </Data>
      <Data n="20181044727821c">
        <Key v="20181044727821e" t="String" n="$E" />
        <Key v="20181044563321e" t="String" n="$S" />
      </Data>
      <Data n="20181044795932c">
        <Key v="20181044795932e" t="String" n="$E" />
        <Key v="20181044727821e" t="String" n="$S" />
      </Data>
      <Data n="20181044726249c">
        <Key v="20181044726249e" t="String" n="$E" />
        <Key v="20181044563321e" t="String" n="$S" />
      </Data>
      <Data n="20181069537666c">
        <Key v="20181069537666e" t="String" n="$E" />
        <Key v="20181044726249e" t="String" n="$S" />
      </Data>
      <Data n="20181044728718c">
        <Key v="20181044728718e" t="String" n="$E" />
        <Key v="20181044563321e" t="String" n="$S" />
      </Data>
      <Data n="20181069536970c">
        <Key v="20181069536970e" t="String" n="$E" />
        <Key v="20181044728718e" t="String" n="$S" />
      </Data>
      <Data n="20181044722391c">
        <Key v="20181044722391e" t="String" n="$E" />
        <Key v="20181044563617e" t="String" n="$S" />
      </Data>
      <Data n="20181044853447c">
        <Key v="20181044853447e" t="String" n="$E" />
        <Key v="20181044722391e" t="String" n="$S" />
      </Data>
      <Data n="20181044724351c">
        <Key v="20181044724351e" t="String" n="$E" />
        <Key v="20181044563617e" t="String" n="$S" />
      </Data>
      <Data n="20181044853893c">
        <Key v="20181044853893e" t="String" n="$E" />
        <Key v="20181044724351e" t="String" n="$S" />
      </Data>
      <Data n="20181044723288c">
        <Key v="20181044723288e" t="String" n="$E" />
        <Key v="20181044563617e" t="String" n="$S" />
      </Data>
      <Data n="20181069534222c">
        <Key v="20181069534222e" t="String" n="$E" />
        <Key v="20181044723288e" t="String" n="$S" />
      </Data>
      <Data n="20181044729735c">
        <Key v="20181044729735e" t="String" n="$E" />
        <Key v="20181044563617e" t="String" n="$S" />
      </Data>
      <Data n="20181069536282c">
        <Key v="20181069536282e" t="String" n="$E" />
        <Key v="20181044729735e" t="String" n="$S" />
      </Data>
      <Data n="20181044656687c">
        <Key v="20181044656687e" t="String" n="$E" />
        <Key v="20181044572601e" t="String" n="$S" />
      </Data>
      <Data n="20181044686899c">
        <Key v="20181044686899e" t="String" n="$E" />
        <Key v="20181044633268e" t="String" n="$S" />
      </Data>
      <Data n="20181117060323c">
        <Key v="20181117060323e" t="String" n="$E" />
        <Key v="20181117287377e" t="String" n="$S" />
      </Data>
      <Data n="20181117060740c">
        <Key v="20181117060740e" t="String" n="$E" />
        <Key v="20181117060739e" t="String" n="$S" />
      </Data>
      <Data n="20181117584312c">
        <Key v="20181117584312e" t="String" n="$E" />
        <Key v="20181117507857e" t="String" n="$S" />
      </Data>
      <Data n="20179182729820c">
        <Key v="20179182729820e" t="String" n="$E" />
        <Key v="20179182729821e" t="String" n="$S" />
      </Data>
      <Data n="20179182728181c">
        <Key v="20179182728181e" t="String" n="$E" />
        <Key v="20179182728182e" t="String" n="$S" />
      </Data>
      <Data n="20179182732924c">
        <Key v="20179182732924e" t="String" n="$E" />
        <Key v="20179182732923e" t="String" n="$S" />
      </Data>
      <Data n="20178964813740c">
        <Key v="20178964813740e" t="String" n="$E" />
        <Key v="20178964811038e" t="String" n="$S" />
      </Data>
      <Data n="20181021041722c">
        <Key v="20181021041722e" t="String" n="$E" />
        <Key v="20179422888716e" t="String" n="$S" />
      </Data>
      <Data n="20181021042269c">
        <Key v="20181021042269e" t="String" n="$E" />
        <Key v="20179422888716e" t="String" n="$S" />
      </Data>
      <Data n="20181021529672c">
        <Key v="20181021529672e" t="String" n="$E" />
        <Key v="20181021521273e" t="String" n="$S" />
      </Data>
      <Data n="20179422851447c">
        <Key v="20179422851447e" t="String" n="$E" />
        <Key v="20179422831995e" t="String" n="$S" />
      </Data>
      <Data n="20181043723057c">
        <Key v="20181043723057e" t="String" n="$E" />
        <Key v="20181043706138e" t="String" n="$S" />
      </Data>
      <Data n="20181117663157c">
        <Key v="20181117663157e" t="String" n="$E" />
        <Key v="20181117636649e" t="String" n="$S" />
      </Data>
      <Data n="20181044022636c">
        <Key v="20181044022636e" t="String" n="$E" />
        <Key v="20181044001548e" t="String" n="$S" />
      </Data>
      <Data n="20181044716061c">
        <Key v="20181044716061e" t="String" n="$E" />
        <Key v="20181044722817e" t="String" n="$S" />
      </Data>
      <Data n="20181044716320c">
        <Key v="20181044716320e" t="String" n="$E" />
        <Key v="20181044724773e" t="String" n="$S" />
      </Data>
      <Data n="20181044716578c">
        <Key v="20181044716578e" t="String" n="$E" />
        <Key v="20181044727325e" t="String" n="$S" />
      </Data>
      <Data n="20181044716954c">
        <Key v="20181044716954e" t="String" n="$E" />
        <Key v="20181044730169e" t="String" n="$S" />
      </Data>
      <Data n="20181044684189c">
        <Key v="20181044684189e" t="String" n="$E" />
        <Key v="20181044757550e" t="String" n="$S" />
      </Data>
      <Data n="20181044684439c">
        <Key v="20181044684439e" t="String" n="$E" />
        <Key v="20181044795932e" t="String" n="$S" />
      </Data>
      <Data n="20181044684764c">
        <Key v="20181044684764e" t="String" n="$E" />
        <Key v="20181069537666e" t="String" n="$S" />
      </Data>
      <Data n="20181044685040c">
        <Key v="20181044685040e" t="String" n="$E" />
        <Key v="20181069536970e" t="String" n="$S" />
      </Data>
      <Data n="20181044713806c">
        <Key v="20181044713806e" t="String" n="$E" />
        <Key v="20181044853447e" t="String" n="$S" />
      </Data>
      <Data n="20181044714055c">
        <Key v="20181044714055e" t="String" n="$E" />
        <Key v="20181044853893e" t="String" n="$S" />
      </Data>
      <Data n="20181044714326c">
        <Key v="20181044714326e" t="String" n="$E" />
        <Key v="20181069534222e" t="String" n="$S" />
      </Data>
      <Data n="20181044714568c">
        <Key v="20181044714568e" t="String" n="$E" />
        <Key v="20181069536282e" t="String" n="$S" />
      </Data>
      <Data n="20181117082432c">
        <Key v="20181117082432e" t="String" n="$E" />
        <Key v="20181117060323e" t="String" n="$S" />
      </Data>
      <Data n="20181117074846c">
        <Key v="20181117074846e" t="String" n="$E" />
        <Key v="20181117060740e" t="String" n="$S" />
      </Data>
      <Data n="20181117606151c">
        <Key v="20181117606151e" t="String" n="$E" />
        <Key v="20181117584312e" t="String" n="$S" />
      </Data>
      <Data n="20179182744311c">
        <Key v="20179182744311e" t="String" n="$E" />
        <Key v="20179182729820e" t="String" n="$S" />
      </Data>
      <Data n="20179182873386c">
        <Key v="20179182873386e" t="String" n="$E" />
        <Key v="20179182728181e" t="String" n="$S" />
      </Data>
      <Data n="20178964838131c">
        <Key v="20178964838131e" t="String" n="$E" />
        <Key v="20178964813740e" t="String" n="$S" />
      </Data>
      <Data n="20181021041723c">
        <Key v="20181021041723e" t="String" n="$E" />
        <Key v="20181021041722e" t="String" n="$S" />
      </Data>
      <Data n="20181021042268c">
        <Key v="20181021042268e" t="String" n="$E" />
        <Key v="20181021042269e" t="String" n="$S" />
      </Data>
      <Data n="20179035519775c">
        <Key v="20179035519775e" t="String" n="$E" />
        <Key v="20179422851447e" t="String" n="$S" />
      </Data>
      <Data n="20181021345447c">
        <Key v="20181021345447e" t="String" n="$E" />
        <Key v="20181043723057e" t="String" n="$S" />
      </Data>
      <Data n="20206616256166c">
        <Key v="20181116574691e" t="String" n="$E" />
        <Key v="20181117663157e" t="String" n="$S" />
      </Data>
      <Data n="20181044353391c">
        <Key v="20181044353391e" t="String" n="$E" />
        <Key v="20181044022636e" t="String" n="$S" />
      </Data>
      <Data n="20206616256168c">
        <Key v="20181116574691e" t="String" n="$E" />
        <Key v="20181044716061e" t="String" n="$S" />
      </Data>
      <Data n="20206616256169c">
        <Key v="20181116574691e" t="String" n="$E" />
        <Key v="20181044716320e" t="String" n="$S" />
      </Data>
      <Data n="20206616256170c">
        <Key v="20181116574691e" t="String" n="$E" />
        <Key v="20181044684189e" t="String" n="$S" />
      </Data>
      <Data n="20206616256171c">
        <Key v="20181116574691e" t="String" n="$E" />
        <Key v="20181044684439e" t="String" n="$S" />
      </Data>
      <Data n="20206616256172c">
        <Key v="20181116574691e" t="String" n="$E" />
        <Key v="20181044713806e" t="String" n="$S" />
      </Data>
      <Data n="20206616256173c">
        <Key v="20181116574691e" t="String" n="$E" />
        <Key v="20181044714055e" t="String" n="$S" />
      </Data>
      <Data n="20181117277758c">
        <Key v="20181117277758e" t="String" n="$E" />
        <Key v="20181117082432e" t="String" n="$S" />
      </Data>
      <Data n="20181117609959c">
        <Key v="20181117609959e" t="String" n="$E" />
        <Key v="20181117606151e" t="String" n="$S" />
      </Data>
      <Data n="20179182837189c">
        <Key v="20179182837189e" t="String" n="$E" />
        <Key v="20179182873386e" t="String" n="$S" />
      </Data>
      <Data n="20178964841522c">
        <Key v="20178964841522e" t="String" n="$E" />
        <Key v="20178964838131e" t="String" n="$S" />
      </Data>
      <Data n="20206616256178c">
        <Key v="20181021345447e" t="String" n="$E" />
        <Key v="20181021041723e" t="String" n="$S" />
      </Data>
      <Data n="20181021338733c">
        <Key v="20181021338733e" t="String" n="$E" />
        <Key v="20181021042268e" t="String" n="$S" />
      </Data>
      <Data n="20179035524738c">
        <Key v="20179035524738e" t="String" n="$E" />
        <Key v="20179035519775e" t="String" n="$S" />
      </Data>
      <Data n="20179422102190c">
        <Key v="20179422102190e" t="String" n="$E" />
        <Key v="20179035524738e" t="String" n="$S" />
      </Data>
      <Data n="20179035524304c">
        <Key v="20179035524304e" t="String" n="$E" />
        <Key v="20179035519775e" t="String" n="$S" />
      </Data>
      <Data n="20179035528474c">
        <Key v="20179035528474e" t="String" n="$E" />
        <Key v="20179035519775e" t="String" n="$S" />
      </Data>
      <Data n="20181021350409c">
        <Key v="20181021350409e" t="String" n="$E" />
        <Key v="20181021345447e" t="String" n="$S" />
      </Data>
      <Data n="20181044025968c">
        <Key v="20181044025968e" t="String" n="$E" />
        <Key v="20181044353391e" t="String" n="$S" />
      </Data>
      <Data n="20181117624237c">
        <Key v="20181117624237e" t="String" n="$E" />
        <Key v="20181117609959e" t="String" n="$S" />
      </Data>
      <Data n="20179182860525c">
        <Key v="20179182860525e" t="String" n="$E" />
        <Key v="20179182837189e" t="String" n="$S" />
      </Data>
      <Data n="20178964844453c">
        <Key v="20178964844453e" t="String" n="$E" />
        <Key v="20178964841522e" t="String" n="$S" />
      </Data>
      <Data n="20179035524737c">
        <Key v="20179035524737e" t="String" n="$E" />
        <Key v="20179422102190e" t="String" n="$S" />
      </Data>
      <Data n="20179035524305c">
        <Key v="20179035524305e" t="String" n="$E" />
        <Key v="20179035524304e" t="String" n="$S" />
      </Data>
      <Data n="20179035528475c">
        <Key v="20179035528475e" t="String" n="$E" />
        <Key v="20179035528474e" t="String" n="$S" />
      </Data>
      <Data n="20181021363879c">
        <Key v="20181021363879e" t="String" n="$E" />
        <Key v="20181021350409e" t="String" n="$S" />
      </Data>
      <Data n="20179184304492c">
        <Key v="20179184304492e" t="String" n="$E" />
        <Key v="20179182860525e" t="String" n="$S" />
      </Data>
      <Data n="20178964845917c">
        <Key v="20178964845917e" t="String" n="$E" />
        <Key v="20178964844453e" t="String" n="$S" />
      </Data>
      <Data n="20179184351819c">
        <Key v="20179184351819e" t="String" n="$E" />
        <Key v="20179035524737e" t="String" n="$S" />
      </Data>
      <Data n="20179184351581c">
        <Key v="20179184351581e" t="String" n="$E" />
        <Key v="20179035524305e" t="String" n="$S" />
      </Data>
      <Data n="20179035536443c">
        <Key v="20179035536443e" t="String" n="$E" />
        <Key v="20179035528475e" t="String" n="$S" />
      </Data>
      <Data n="20181021392508c">
        <Key v="20181021392508e" t="String" n="$E" />
        <Key v="20181021363879e" t="String" n="$S" />
      </Data>
      <Data n="20181021391982c">
        <Key v="20181021391982e" t="String" n="$E" />
        <Key v="20181021363879e" t="String" n="$S" />
      </Data>
      <Data n="20181021506290c">
        <Key v="20181021506290e" t="String" n="$E" />
        <Key v="20181021391982e" t="String" n="$S" />
      </Data>
      <Data n="20179184385034c">
        <Key v="20179184385034e" t="String" n="$E" />
        <Key v="20179184304492e" t="String" n="$S" />
      </Data>
      <Data n="20178965143961c">
        <Key v="20178965143961e" t="String" n="$E" />
        <Key v="20178964845917e" t="String" n="$S" />
      </Data>
      <Data n="20179183862775c">
        <Key v="20179183862775e" t="String" n="$E" />
        <Key v="20178964845917e" t="String" n="$S" />
      </Data>
      <Data n="20178964852923c">
        <Key v="20178964852923e" t="String" n="$E" />
        <Key v="20179183862775e" t="String" n="$S" />
      </Data>
      <Data n="20206616256206c">
        <Key v="20179035519775e" t="String" n="$E" />
        <Key v="20179184351581e" t="String" n="$S" />
      </Data>
      <Data n="20181021392507c">
        <Key v="20181021392507e" t="String" n="$E" />
        <Key v="20181021392508e" t="String" n="$S" />
      </Data>
      <Data n="20181021391983c">
        <Key v="20181021391983e" t="String" n="$E" />
        <Key v="20181021506290e" t="String" n="$S" />
      </Data>
      <Data n="20206616256209c">
        <Key v="20179184351819e" t="String" n="$E" />
        <Key v="20179184385034e" t="String" n="$S" />
      </Data>
      <Data n="20178965143962c">
        <Key v="20178965143962e" t="String" n="$E" />
        <Key v="20178965143961e" t="String" n="$S" />
      </Data>
      <Data n="20178964852924c">
        <Key v="20178964852924e" t="String" n="$E" />
        <Key v="20178964852923e" t="String" n="$S" />
      </Data>
      <Data n="20181021489776c">
        <Key v="20181021489776e" t="String" n="$E" />
        <Key v="20181021392507e" t="String" n="$S" />
      </Data>
      <Data n="20181021451719c">
        <Key v="20181021451719e" t="String" n="$E" />
        <Key v="20181021391983e" t="String" n="$S" />
      </Data>
      <Data n="20179035545226c">
        <Key v="20179035545226e" t="String" n="$E" />
        <Key v="20178965143962e" t="String" n="$S" />
      </Data>
      <Data n="20178964856201c">
        <Key v="20178964856201e" t="String" n="$E" />
        <Key v="20178964852924e" t="String" n="$S" />
      </Data>
      <Data n="20181021466957c">
        <Key v="20181021466957e" t="String" n="$E" />
        <Key v="20181021451719e" t="String" n="$S" />
      </Data>
      <Data n="20178964868469c">
        <Key v="20178964868469e" t="String" n="$E" />
        <Key v="20178964856201e" t="String" n="$S" />
      </Data>
      <Data n="20181021479309c">
        <Key v="20181021479309e" t="String" n="$E" />
        <Key v="20181021466957e" t="String" n="$S" />
      </Data>
      <Data n="20178965009887c">
        <Key v="20178965009887e" t="String" n="$E" />
        <Key v="20178964868469e" t="String" n="$S" />
      </Data>
      <Data n="20179035364474c">
        <Key v="20179035364474e" t="String" n="$E" />
        <Key v="20178965009887e" t="String" n="$S" />
      </Data>
      <Data n="20179035364648c">
        <Key v="20179035364648e" t="String" n="$E" />
        <Key v="20178965009887e" t="String" n="$S" />
      </Data>
      <Data n="20179035364473c">
        <Key v="20179035364473e" t="String" n="$E" />
        <Key v="20179035364474e" t="String" n="$S" />
      </Data>
      <Data n="20179035364649c">
        <Key v="20179035364649e" t="String" n="$E" />
        <Key v="20179035364648e" t="String" n="$S" />
      </Data>
      <Data n="20179035487414c">
        <Key v="20179035487414e" t="String" n="$E" />
        <Key v="20179035364473e" t="String" n="$S" />
      </Data>
      <Data n="20179035393665c">
        <Key v="20179035393665e" t="String" n="$E" />
        <Key v="20179035364649e" t="String" n="$S" />
      </Data>
      <Data n="20179035493273c">
        <Key v="20179035493273e" t="String" n="$E" />
        <Key v="20179035487414e" t="String" n="$S" />
      </Data>
      <Data n="20179035454637c">
        <Key v="20179035454637e" t="String" n="$E" />
        <Key v="20179035393665e" t="String" n="$S" />
      </Data>
      <Data n="20179035495425c">
        <Key v="20179035495425e" t="String" n="$E" />
        <Key v="20179035493273e" t="String" n="$S" />
      </Data>
      <Data n="20206616256230c">
        <Key v="20179035519775e" t="String" n="$E" />
        <Key v="20179035454637e" t="String" n="$S" />
      </Data>
      <Data n="20179035499854c">
        <Key v="20179035499854e" t="String" n="$E" />
        <Key v="20179035495425e" t="String" n="$S" />
      </Data>
      <Data n="20179035502131c">
        <Key v="20179035502131e" t="String" n="$E" />
        <Key v="20179035499854e" t="String" n="$S" />
      </Data>
      <Data n="20179035514675c">
        <Key v="20179035514675e" t="String" n="$E" />
        <Key v="20179035502131e" t="String" n="$S" />
      </Data>
      <Data n="20206616256234c">
        <Key v="20179035454637e" t="String" n="$E" />
        <Key v="20179035514675e" t="String" n="$S" />
      </Data>
    </Data>
  </Data>
</DataRoot>