﻿<?xml version="1.0" encoding="utf-8"?>
<DataRoot n="D">
  <Data n="20158518327152">
    <Data n="$Elems">
      <Data n="20162536255977e">
        <Key v="450,0" t="Vector2" n="!$P" />
        <Key v="_EGate" t="String" n="$T" />
        <Key v="G0" t="String" n="GT" />
        <Key v="Kimller_prvni_setkani" t="String" n="Var" />
      </Data>
      <Data n="20162536252966e">
        <Key v="750,0" t="Vector2" n="!$P" />
        <Key v="_EFunc" t="String" n="$T" />
        <Key v="G0" t="String" n="GT" />
        <Key v="Kimller_prvni_setkani" t="String" n="Var" />
      </Data>
      <Data n="20162536251927e">
        <Key v="450,-400" t="Vector2" n="!$P" />
        <Key v="20202866798502" t="String" n="$T" />
        <Key v="%M1" t="String" n="T" />
        <Key v="Ah to jste vy, rád vás vidím. Tak co pro Vás mohu dnes udělat?" t="String" n="%X" />
      </Data>
      <Data n="20162536240089e">
        <Key v="1200,0" t="Vector2" n="!$P" />
        <Key v="20202866798502" t="String" n="$T" />
        <Key v="%M1" t="String" n="T" />
        <Key v="Ah, zdravím Vás pocestní. Je to už nějaká doba, co jsme tady měl naposledy hosty. Tak povídejte, co vás přivádí do těchto bohy zapomenutých končin." t="String" n="%X" />
      </Data>
      <Data n="20162536280392e">
        <Key v="1050,-400" t="Vector2" n="!$P" />
        <Key v="20202934699316" t="String" n="$T" />
        <Key v="Odejít" t="String" n="%CX" />
        <Key v="MrE" t="String" n="Spc" />
      </Data>
      <Data n="20162536307561e">
        <Key v="1800,0" t="Vector2" n="!$P" />
        <Key v="20202934699316" t="String" n="$T" />
        <Key v="Možnost není dostupná (alpha verze)" t="String" n="%CX" />
      </Data>
      <Data n="20162536265670e">
        <Key v="1800,-200" t="Vector2" n="!$P" />
        <Key v="20202934699316" t="String" n="$T" />
        <Key v="Odbýt ho" t="String" n="%CX" />
        <Key v="MrE" t="String" n="Spc" />
      </Data>
      <Data n="20162536280391e">
        <Key v="1500,-400" t="Vector2" n="!$P" />
        <Key v="20202866798502" t="String" n="$T" />
        <Key v="Nic nepotřebujeme. Měj se Kimllere." t="String" n="%X" />
      </Data>
      <Data n="20162536307562e">
        <Key v="2250,0" t="Vector2" n="!$P" />
        <Key v="20202866798502" t="String" n="$T" />
        <Key v="KONEC" t="String" n="%X" />
      </Data>
      <Data n="20162536265669e">
        <Key v="2250,-200" t="Vector2" n="!$P" />
        <Key v="20202866798502" t="String" n="$T" />
        <Key v="Jenom procházíme." t="String" n="%X" />
      </Data>
    </Data>
    <Data n="$Conns">
      <Data n="20162536255977c">
        <Key v="20162536255977e" t="String" n="$E" />
      </Data>
      <Data n="20162536252966c">
        <Key v="20162536252966e" t="String" n="$E" />
        <Key v="20162536255977e" t="String" n="$S" />
      </Data>
      <Data n="20162536251927c">
        <Key v="20162536251927e" t="String" n="$E" />
      </Data>
      <Data n="20162536240089c">
        <Key v="20162536240089e" t="String" n="$E" />
        <Key v="20162536252966e" t="String" n="$S" />
      </Data>
      <Data n="20162536280392c">
        <Key v="20162536280392e" t="String" n="$E" />
        <Key v="20162536251927e" t="String" n="$S" />
      </Data>
      <Data n="20162536307561c">
        <Key v="20162536307561e" t="String" n="$E" />
        <Key v="20162536240089e" t="String" n="$S" />
      </Data>
      <Data n="20162536265670c">
        <Key v="20162536265670e" t="String" n="$E" />
        <Key v="20162536240089e" t="String" n="$S" />
      </Data>
      <Data n="20162536280391c">
        <Key v="20162536280391e" t="String" n="$E" />
        <Key v="20162536280392e" t="String" n="$S" />
      </Data>
      <Data n="20162536307562c">
        <Key v="20162536307562e" t="String" n="$E" />
        <Key v="20162536307561e" t="String" n="$S" />
      </Data>
      <Data n="20162536265669c">
        <Key v="20162536265669e" t="String" n="$E" />
        <Key v="20162536265670e" t="String" n="$S" />
      </Data>
    </Data>
  </Data>
</DataRoot>