﻿<?xml version="1.0" encoding="utf-8"?>
<DataRoot n="D">
  <Data n="20178317622670">
    <Data n="$Elems">
      <Data n="20179521028057e">
        <Key v="450,0" t="Vector2" n="!$P" />
        <Key v="_EGate" t="String" n="$T" />
        <Key v="G4" t="String" n="GT" />
      </Data>
      <Data n="20179521029095e">
        <Key v="750,0" t="Vector2" n="!$P" />
        <Key v="_EGate" t="String" n="$T" />
        <Key v="G0" t="String" n="GT" />
        <Key v="1" t="Int32" n="Ex" />
        <Key v="The_Wall_doprovod" t="String" n="Var" />
      </Data>
      <Data n="20178946624626e">
        <Key v="450,-200" t="Vector2" n="!$P" />
        <Key v="20202866798502" t="String" n="$T" />
        <Key v="%M1" t="String" n="T" />
        <Key v="Hej hej, kam si myslíš, že jdeš?" t="String" n="%X" />
      </Data>
      <Data n="20179520874037e">
        <Key v="1200,0" t="Vector2" n="!$P" />
        <Key v="20202866798502" t="String" n="$T" />
        <Key v="%M1" t="String" n="T" />
        <Key v="Ty Walle, co je to za chásku a kam je vedeš?" t="String" n="%X" />
      </Data>
      <Data n="20178946628892e">
        <Key v="1050,-200" t="Vector2" n="!$P" />
        <Key v="20202934699316" t="String" n="$T" />
        <Key v="Za Lishakem" t="String" n="%CX" />
      </Data>
      <Data n="20178946629034e">
        <Key v="1050,-5000" t="Vector2" n="!$P" />
        <Key v="20202934699316" t="String" n="$T" />
        <Key v="Odejít" t="String" n="%CX" />
      </Data>
      <Data n="20179521004133e">
        <Key v="1800,0" t="Vector2" n="!$P" />
        <Key v="20202866798502" t="String" n="$T" />
        <Key v="%M2" t="String" n="T" />
        <Key v="Vedu je k Lishakovi. Říkal, že mu je mám přivést každýho podezřelýho cizince, tak je vedu." t="String" n="%X" />
      </Data>
      <Data n="20178946628893e">
        <Key v="1500,-200" t="Vector2" n="!$P" />
        <Key v="20202866798502" t="String" n="$T" />
        <Key v="Potřebuju mluvit s Lishakem" t="String" n="%X" />
      </Data>
      <Data n="20178946629035e">
        <Key v="1500,-5000" t="Vector2" n="!$P" />
        <Key v="20202866798502" t="String" n="$T" />
        <Key v="Ale nikam, už mizím" t="String" n="%X" />
      </Data>
      <Data n="20179521023591e">
        <Key v="2400,0" t="Vector2" n="!$P" />
        <Key v="20202866798502" t="String" n="$T" />
        <Key v="%M1" t="String" n="T" />
        <Key v="Dobrá, můžete projít." t="String" n="%X" />
      </Data>
      <Data n="20178946652658e">
        <Key v="2100,-200" t="Vector2" n="!$P" />
        <Key v="_EGate" t="String" n="$T" />
        <Key v="G1" t="String" n="GT" />
        <Key v="1" t="Int32" n="T2" />
        <Key v="20" t="Decimal" n="Val" />
        <Key v="Lishak" t="String" n="Cnt" />
        <Key v="Oeg" t="String" n="O" />
      </Data>
      <Data n="20178946660781e">
        <Key v="2400,-200" t="Vector2" n="!$P" />
        <Key v="_EFunc" t="String" n="$T" />
        <Key v="G0" t="String" n="GT" />
        <Key v="Lishak_vstup_Seafarer" t="String" n="Var" />
      </Data>
      <Data n="20178946715343e">
        <Key v="2100,-400" t="Vector2" n="!$P" />
        <Key v="_EGate" t="String" n="$T" />
        <Key v="G0" t="String" n="GT" />
        <Key v="1" t="Int32" n="Ex" />
        <Key v="Lishak_vstup_Seafarer" t="String" n="Var" />
      </Data>
      <Data n="20178946650477e">
        <Key v="2100,-600" t="Vector2" n="!$P" />
        <Key v="20202866798502" t="String" n="$T" />
        <Key v="%M1" t="String" n="T" />
        <Key v="A proč bych tě tam jako měl pouštět?" t="String" n="%X" />
      </Data>
      <Data n="20187956187942e">
        <Key v="3000,0" t="Vector2" n="!$P" />
        <Key v="20206371455404" t="String" n="$T" />
        <Key v="CkE" t="String" n="GT" />
        <Key v="SaS" t="String" n="T" />
        <Key v="E20187956163629" t="String" n="Ev" />
      </Data>
      <Data n="20178946649797e">
        <Key v="2850,-200" t="Vector2" n="!$P" />
        <Key v="20202866798502" t="String" n="$T" />
        <Key v="%M1" t="String" n="T" />
        <Key v="V pořádku, můžeš dovnitř" t="String" n="%X" />
      </Data>
      <Data n="20178946714167e">
        <Key v="2550,-400" t="Vector2" n="!$P" />
        <Key v="20202866798502" t="String" n="$T" />
        <Key v="%M1" t="String" n="T" />
        <Key v="V pořádku, můžeš dovnitř" t="String" n="%X" />
      </Data>
      <Data n="20178946672061e">
        <Key v="2700,-600" t="Vector2" n="!$P" />
        <Key v="20206495856812" t="String" n="$T" />
        <Key v="" t="String" n="!%Txt" />
      </Data>
      <Data n="20178946674747e">
        <Key v="3300,-600" t="Vector2" n="!$P" />
        <Key v="20202934699316" t="String" n="$T" />
        <Key v="Odejít" t="String" n="%CX" />
      </Data>
      <Data n="20178947000063e">
        <Key v="3300,-800" t="Vector2" n="!$P" />
        <Key v="_EGate" t="String" n="$T" />
        <Key v="G4" t="String" n="GT" />
      </Data>
      <Data n="20178946673605e">
        <Key v="3600,-800" t="Vector2" n="!$P" />
        <Key v="20202934699316" t="String" n="$T" />
        <Key v="Podplatit" t="String" n="%CX" />
      </Data>
      <Data n="20178946898379e">
        <Key v="3300,-3200" t="Vector2" n="!$P" />
        <Key v="_EGate" t="String" n="$T" />
        <Key v="G4" t="String" n="GT" />
      </Data>
      <Data n="20178946673809e">
        <Key v="3600,-3200" t="Vector2" n="!$P" />
        <Key v="20202934699316" t="String" n="$T" />
        <Key v="Přemluvit" t="String" n="%CX" />
        <Key v="RoP" t="String" n="Spc" />
        <Key v="L2" t="String" n="Lvl" />
      </Data>
      <Data n="20178947001461e">
        <Key v="3300,-4000" t="Vector2" n="!$P" />
        <Key v="_EGate" t="String" n="$T" />
        <Key v="G4" t="String" n="GT" />
      </Data>
      <Data n="20178946673967e">
        <Key v="3600,-4000" t="Vector2" n="!$P" />
        <Key v="20202934699316" t="String" n="$T" />
        <Key v="Vyhrožovat" t="String" n="%CX" />
        <Key v="RoI" t="String" n="Spc" />
        <Key v="L4" t="String" n="Lvl" />
      </Data>
      <Data n="20178946747762e">
        <Key v="3300,-4800" t="Vector2" n="!$P" />
        <Key v="_EGate" t="String" n="$T" />
        <Key v="G0" t="String" n="GT" />
        <Key v="1" t="Int32" n="Ex" />
        <Key v="Lishak_pruchod_The_Wall_Softy" t="String" n="Var" />
      </Data>
      <Data n="20178946674247e">
        <Key v="3600,-4800" t="Vector2" n="!$P" />
        <Key v="20202934699316" t="String" n="$T" />
        <Key v="Softy" t="String" n="%CX" />
      </Data>
      <Data n="20178946674748e">
        <Key v="3750,-600" t="Vector2" n="!$P" />
        <Key v="20202866798502" t="String" n="$T" />
      </Data>
      <Data n="20178946673604e">
        <Key v="4050,-800" t="Vector2" n="!$P" />
        <Key v="20202866798502" t="String" n="$T" />
      </Data>
      <Data n="20178946673810e">
        <Key v="4050,-3200" t="Vector2" n="!$P" />
        <Key v="20202866798502" t="String" n="$T" />
      </Data>
      <Data n="20178946673968e">
        <Key v="4050,-4000" t="Vector2" n="!$P" />
        <Key v="20202866798502" t="String" n="$T" />
      </Data>
      <Data n="20178946674246e">
        <Key v="4050,-4800" t="Vector2" n="!$P" />
        <Key v="20202866798502" t="String" n="$T" />
        <Key v="Posílá nás Softy. Prej s náma Lishak bude chce mluvit." t="String" n="%X" />
      </Data>
      <Data n="20178946727145e">
        <Key v="4650,-800" t="Vector2" n="!$P" />
        <Key v="20202934699316" t="String" n="$T" />
        <Key v="Malý úplatek (1st)" t="String" n="%CX" />
        <Key v="RoT" t="String" n="Spc" />
        <Key v="L3" t="String" n="Lvl" />
      </Data>
      <Data n="20178946728087e">
        <Key v="4650,-1600" t="Vector2" n="!$P" />
        <Key v="20202934699316" t="String" n="$T" />
        <Key v="Střední úplatek (10 st)" t="String" n="%CX" />
        <Key v="RoT" t="String" n="Spc" />
        <Key v="L2" t="String" n="Lvl" />
      </Data>
      <Data n="20178946728263e">
        <Key v="4650,-2400" t="Vector2" n="!$P" />
        <Key v="20202934699316" t="String" n="$T" />
        <Key v="Velký úplatek (30 st)" t="String" n="%CX" />
        <Key v="RoT" t="String" n="Spc" />
        <Key v="L1" t="String" n="Lvl" />
      </Data>
      <Data n="20178946882140e">
        <Key v="4650,-3200" t="Vector2" n="!$P" />
        <Key v="_EGate" t="String" n="$T" />
        <Key v="G1" t="String" n="GT" />
        <Key v="1" t="Int32" n="T2" />
        <Key v="3" t="Decimal" n="Val" />
        <Key v="XResult" t="String" n="Cnt" />
        <Key v="Oeg" t="String" n="O" />
      </Data>
      <Data n="20178946891610e">
        <Key v="4950,-3200" t="Vector2" n="!$P" />
        <Key v="_EFunc" t="String" n="$T" />
        <Key v="G0" t="String" n="GT" />
        <Key v="Lishak_vstup_Seafarer" t="String" n="Var" />
      </Data>
      <Data n="20178946881127e">
        <Key v="4650,-3400" t="Vector2" n="!$P" />
        <Key v="_EGate" t="String" n="$T" />
        <Key v="G1" t="String" n="GT" />
        <Key v="1" t="Int32" n="T2" />
        <Key v="2" t="Decimal" n="Val" />
        <Key v="XResult" t="String" n="Cnt" />
        <Key v="Oeg" t="String" n="O" />
      </Data>
      <Data n="20178946892244e">
        <Key v="4950,-3400" t="Vector2" n="!$P" />
        <Key v="_EFunc" t="String" n="$T" />
        <Key v="G0" t="String" n="GT" />
        <Key v="Lishak_vstup_Seafarer" t="String" n="Var" />
      </Data>
      <Data n="20178946880143e">
        <Key v="4650,-3600" t="Vector2" n="!$P" />
        <Key v="_EGate" t="String" n="$T" />
        <Key v="G1" t="String" n="GT" />
        <Key v="1" t="Int32" n="T2" />
        <Key v="1" t="Decimal" n="Val" />
        <Key v="XResult" t="String" n="Cnt" />
        <Key v="Oeg" t="String" n="O" />
      </Data>
      <Data n="20178946879263e">
        <Key v="4650,-3800" t="Vector2" n="!$P" />
        <Key v="_EGate" t="String" n="$T" />
        <Key v="G1" t="String" n="GT" />
        <Key v="1" t="Int32" n="T2" />
        <Key v="0" t="Decimal" n="Val" />
        <Key v="XResult" t="String" n="Cnt" />
        <Key v="Oeg" t="String" n="O" />
      </Data>
      <Data n="20178946882591e">
        <Key v="4650,-4000" t="Vector2" n="!$P" />
        <Key v="_EGate" t="String" n="$T" />
        <Key v="G1" t="String" n="GT" />
        <Key v="1" t="Int32" n="T2" />
        <Key v="3" t="Decimal" n="Val" />
        <Key v="XResult" t="String" n="Cnt" />
        <Key v="Oeg" t="String" n="O" />
      </Data>
      <Data n="20178946892578e">
        <Key v="4950,-4000" t="Vector2" n="!$P" />
        <Key v="_EFunc" t="String" n="$T" />
        <Key v="G0" t="String" n="GT" />
        <Key v="Lishak_vstup_Seafarer" t="String" n="Var" />
      </Data>
      <Data n="20178946881648e">
        <Key v="4650,-4200" t="Vector2" n="!$P" />
        <Key v="_EGate" t="String" n="$T" />
        <Key v="G1" t="String" n="GT" />
        <Key v="1" t="Int32" n="T2" />
        <Key v="2" t="Decimal" n="Val" />
        <Key v="XResult" t="String" n="Cnt" />
        <Key v="Oeg" t="String" n="O" />
      </Data>
      <Data n="20178946892920e">
        <Key v="4950,-4200" t="Vector2" n="!$P" />
        <Key v="_EFunc" t="String" n="$T" />
        <Key v="G0" t="String" n="GT" />
        <Key v="Lishak_vstup_Seafarer" t="String" n="Var" />
      </Data>
      <Data n="20178946880631e">
        <Key v="4650,-4400" t="Vector2" n="!$P" />
        <Key v="_EGate" t="String" n="$T" />
        <Key v="G1" t="String" n="GT" />
        <Key v="1" t="Int32" n="T2" />
        <Key v="1" t="Decimal" n="Val" />
        <Key v="XResult" t="String" n="Cnt" />
        <Key v="Oeg" t="String" n="O" />
      </Data>
      <Data n="20178946879709e">
        <Key v="4650,-4600" t="Vector2" n="!$P" />
        <Key v="_EGate" t="String" n="$T" />
        <Key v="G1" t="String" n="GT" />
        <Key v="1" t="Int32" n="T2" />
        <Key v="0" t="Decimal" n="Val" />
        <Key v="XResult" t="String" n="Cnt" />
        <Key v="Oeg" t="String" n="O" />
      </Data>
      <Data n="20178946709417e">
        <Key v="4650,-4800" t="Vector2" n="!$P" />
        <Key v="_EFunc" t="String" n="$T" />
        <Key v="G0" t="String" n="GT" />
        <Key v="Lishak_vstup_Seafarer" t="String" n="Var" />
      </Data>
      <Data n="20178946727146e">
        <Key v="5100,-800" t="Vector2" n="!$P" />
        <Key v="20202866798502" t="String" n="$T" />
      </Data>
      <Data n="20178946728088e">
        <Key v="5100,-1600" t="Vector2" n="!$P" />
        <Key v="20202866798502" t="String" n="$T" />
      </Data>
      <Data n="20178946728262e">
        <Key v="5100,-2400" t="Vector2" n="!$P" />
        <Key v="20202866798502" t="String" n="$T" />
      </Data>
      <Data n="20178946737303e">
        <Key v="5400,-3200" t="Vector2" n="!$P" />
        <Key v="20202866798502" t="String" n="$T" />
        <Key v="%M1" t="String" n="T" />
      </Data>
      <Data n="20178946737603e">
        <Key v="5400,-3400" t="Vector2" n="!$P" />
        <Key v="20202866798502" t="String" n="$T" />
        <Key v="%M1" t="String" n="T" />
      </Data>
      <Data n="20178946737762e">
        <Key v="5100,-3600" t="Vector2" n="!$P" />
        <Key v="20202866798502" t="String" n="$T" />
        <Key v="%M1" t="String" n="T" />
      </Data>
      <Data n="20178946737929e">
        <Key v="5100,-3800" t="Vector2" n="!$P" />
        <Key v="20202866798502" t="String" n="$T" />
        <Key v="%M1" t="String" n="T" />
      </Data>
      <Data n="20178946738725e">
        <Key v="5400,-4000" t="Vector2" n="!$P" />
        <Key v="20202866798502" t="String" n="$T" />
        <Key v="%M1" t="String" n="T" />
      </Data>
      <Data n="20178946738938e">
        <Key v="5400,-4200" t="Vector2" n="!$P" />
        <Key v="20202866798502" t="String" n="$T" />
        <Key v="%M1" t="String" n="T" />
      </Data>
      <Data n="20178946739113e">
        <Key v="5100,-4400" t="Vector2" n="!$P" />
        <Key v="20202866798502" t="String" n="$T" />
        <Key v="%M1" t="String" n="T" />
      </Data>
      <Data n="20178946739292e">
        <Key v="5100,-4600" t="Vector2" n="!$P" />
        <Key v="20202866798502" t="String" n="$T" />
        <Key v="%M1" t="String" n="T" />
      </Data>
      <Data n="20178946740422e">
        <Key v="5100,-4800" t="Vector2" n="!$P" />
        <Key v="20202866798502" t="String" n="$T" />
        <Key v="%M1" t="String" n="T" />
        <Key v="Dobrá, můžeš vstoupit, ale budu si na tebe dávat pozor." t="String" n="%X" />
      </Data>
      <Data n="20178946871844e">
        <Key v="5700,-800" t="Vector2" n="!$P" />
        <Key v="_EGate" t="String" n="$T" />
        <Key v="G1" t="String" n="GT" />
        <Key v="1" t="Int32" n="T2" />
        <Key v="3" t="Decimal" n="Val" />
        <Key v="XResult" t="String" n="Cnt" />
        <Key v="Oeg" t="String" n="O" />
      </Data>
      <Data n="20178946889163e">
        <Key v="6000,-800" t="Vector2" n="!$P" />
        <Key v="_EFunc" t="String" n="$T" />
        <Key v="G0" t="String" n="GT" />
        <Key v="Lishak_vstup_Seafarer" t="String" n="Var" />
      </Data>
      <Data n="20178946874025e">
        <Key v="5700,-1000" t="Vector2" n="!$P" />
        <Key v="_EGate" t="String" n="$T" />
        <Key v="G1" t="String" n="GT" />
        <Key v="1" t="Int32" n="T2" />
        <Key v="2" t="Decimal" n="Val" />
        <Key v="XResult" t="String" n="Cnt" />
        <Key v="Oeg" t="String" n="O" />
      </Data>
      <Data n="20178946889621e">
        <Key v="6000,-1000" t="Vector2" n="!$P" />
        <Key v="_EFunc" t="String" n="$T" />
        <Key v="G0" t="String" n="GT" />
        <Key v="Lishak_vstup_Seafarer" t="String" n="Var" />
      </Data>
      <Data n="20178946874309e">
        <Key v="5700,-1200" t="Vector2" n="!$P" />
        <Key v="_EGate" t="String" n="$T" />
        <Key v="G1" t="String" n="GT" />
        <Key v="1" t="Int32" n="T2" />
        <Key v="1" t="Decimal" n="Val" />
        <Key v="XResult" t="String" n="Cnt" />
        <Key v="Oeg" t="String" n="O" />
      </Data>
      <Data n="20178946874617e">
        <Key v="5700,-1400" t="Vector2" n="!$P" />
        <Key v="_EGate" t="String" n="$T" />
        <Key v="G1" t="String" n="GT" />
        <Key v="1" t="Int32" n="T2" />
        <Key v="0" t="Decimal" n="Val" />
        <Key v="XResult" t="String" n="Cnt" />
        <Key v="Oeg" t="String" n="O" />
      </Data>
      <Data n="20178946873316e">
        <Key v="5700,-1600" t="Vector2" n="!$P" />
        <Key v="_EGate" t="String" n="$T" />
        <Key v="G1" t="String" n="GT" />
        <Key v="1" t="Int32" n="T2" />
        <Key v="3" t="Decimal" n="Val" />
        <Key v="XResult" t="String" n="Cnt" />
        <Key v="Oeg" t="String" n="O" />
      </Data>
      <Data n="20178946890030e">
        <Key v="6000,-1600" t="Vector2" n="!$P" />
        <Key v="_EFunc" t="String" n="$T" />
        <Key v="G0" t="String" n="GT" />
        <Key v="Lishak_vstup_Seafarer" t="String" n="Var" />
      </Data>
      <Data n="20178946876198e">
        <Key v="5700,-1800" t="Vector2" n="!$P" />
        <Key v="_EGate" t="String" n="$T" />
        <Key v="G1" t="String" n="GT" />
        <Key v="1" t="Int32" n="T2" />
        <Key v="2" t="Decimal" n="Val" />
        <Key v="XResult" t="String" n="Cnt" />
        <Key v="Oeg" t="String" n="O" />
      </Data>
      <Data n="20178946890481e">
        <Key v="6000,-1800" t="Vector2" n="!$P" />
        <Key v="_EFunc" t="String" n="$T" />
        <Key v="G0" t="String" n="GT" />
        <Key v="Lishak_vstup_Seafarer" t="String" n="Var" />
      </Data>
      <Data n="20178946876548e">
        <Key v="5700,-2000" t="Vector2" n="!$P" />
        <Key v="_EGate" t="String" n="$T" />
        <Key v="G1" t="String" n="GT" />
        <Key v="1" t="Int32" n="T2" />
        <Key v="1" t="Decimal" n="Val" />
        <Key v="XResult" t="String" n="Cnt" />
        <Key v="Oeg" t="String" n="O" />
      </Data>
      <Data n="20178946878320e">
        <Key v="5700,-2200" t="Vector2" n="!$P" />
        <Key v="_EGate" t="String" n="$T" />
        <Key v="G1" t="String" n="GT" />
        <Key v="1" t="Int32" n="T2" />
        <Key v="0" t="Decimal" n="Val" />
        <Key v="XResult" t="String" n="Cnt" />
        <Key v="Oeg" t="String" n="O" />
      </Data>
      <Data n="20178946873637e">
        <Key v="5700,-2400" t="Vector2" n="!$P" />
        <Key v="_EGate" t="String" n="$T" />
        <Key v="G1" t="String" n="GT" />
        <Key v="1" t="Int32" n="T2" />
        <Key v="3" t="Decimal" n="Val" />
        <Key v="XResult" t="String" n="Cnt" />
        <Key v="Oeg" t="String" n="O" />
      </Data>
      <Data n="20178946890931e">
        <Key v="6000,-2400" t="Vector2" n="!$P" />
        <Key v="_EFunc" t="String" n="$T" />
        <Key v="G0" t="String" n="GT" />
        <Key v="Lishak_vstup_Seafarer" t="String" n="Var" />
      </Data>
      <Data n="20178946877040e">
        <Key v="5700,-2600" t="Vector2" n="!$P" />
        <Key v="_EGate" t="String" n="$T" />
        <Key v="G1" t="String" n="GT" />
        <Key v="1" t="Int32" n="T2" />
        <Key v="2" t="Decimal" n="Val" />
        <Key v="XResult" t="String" n="Cnt" />
        <Key v="Oeg" t="String" n="O" />
      </Data>
      <Data n="20178946891235e">
        <Key v="6000,-2600" t="Vector2" n="!$P" />
        <Key v="_EFunc" t="String" n="$T" />
        <Key v="G0" t="String" n="GT" />
        <Key v="Lishak_vstup_Seafarer" t="String" n="Var" />
      </Data>
      <Data n="20178946877482e">
        <Key v="5700,-2800" t="Vector2" n="!$P" />
        <Key v="_EGate" t="String" n="$T" />
        <Key v="G1" t="String" n="GT" />
        <Key v="1" t="Int32" n="T2" />
        <Key v="1" t="Decimal" n="Val" />
        <Key v="XResult" t="String" n="Cnt" />
        <Key v="Oeg" t="String" n="O" />
      </Data>
      <Data n="20178946877912e">
        <Key v="5700,-3000" t="Vector2" n="!$P" />
        <Key v="_EGate" t="String" n="$T" />
        <Key v="G1" t="String" n="GT" />
        <Key v="1" t="Int32" n="T2" />
        <Key v="0" t="Decimal" n="Val" />
        <Key v="XResult" t="String" n="Cnt" />
        <Key v="Oeg" t="String" n="O" />
      </Data>
      <Data n="20178946728825e">
        <Key v="6450,-800" t="Vector2" n="!$P" />
        <Key v="20202866798502" t="String" n="$T" />
        <Key v="%M1" t="String" n="T" />
      </Data>
      <Data n="20178946728967e">
        <Key v="6450,-1000" t="Vector2" n="!$P" />
        <Key v="20202866798502" t="String" n="$T" />
        <Key v="%M1" t="String" n="T" />
      </Data>
      <Data n="20178946729105e">
        <Key v="6150,-1200" t="Vector2" n="!$P" />
        <Key v="20202866798502" t="String" n="$T" />
        <Key v="%M1" t="String" n="T" />
      </Data>
      <Data n="20178946729263e">
        <Key v="6150,-1400" t="Vector2" n="!$P" />
        <Key v="20202866798502" t="String" n="$T" />
        <Key v="%M1" t="String" n="T" />
      </Data>
      <Data n="20178946729901e">
        <Key v="6450,-1600" t="Vector2" n="!$P" />
        <Key v="20202866798502" t="String" n="$T" />
        <Key v="%M1" t="String" n="T" />
      </Data>
      <Data n="20178946730239e">
        <Key v="6450,-1800" t="Vector2" n="!$P" />
        <Key v="20202866798502" t="String" n="$T" />
        <Key v="%M1" t="String" n="T" />
      </Data>
      <Data n="20178946730401e">
        <Key v="6150,-2000" t="Vector2" n="!$P" />
        <Key v="20202866798502" t="String" n="$T" />
        <Key v="%M1" t="String" n="T" />
      </Data>
      <Data n="20178946730581e">
        <Key v="6150,-2200" t="Vector2" n="!$P" />
        <Key v="20202866798502" t="String" n="$T" />
        <Key v="%M1" t="String" n="T" />
      </Data>
      <Data n="20178946732466e">
        <Key v="6450,-2400" t="Vector2" n="!$P" />
        <Key v="20202866798502" t="String" n="$T" />
        <Key v="%M1" t="String" n="T" />
      </Data>
      <Data n="20178946732624e">
        <Key v="6450,-2600" t="Vector2" n="!$P" />
        <Key v="20202866798502" t="String" n="$T" />
        <Key v="%M1" t="String" n="T" />
      </Data>
      <Data n="20178946732766e">
        <Key v="6150,-2800" t="Vector2" n="!$P" />
        <Key v="20202866798502" t="String" n="$T" />
        <Key v="%M1" t="String" n="T" />
      </Data>
      <Data n="20178946732945e">
        <Key v="6150,-3000" t="Vector2" n="!$P" />
        <Key v="20202866798502" t="String" n="$T" />
        <Key v="%M1" t="String" n="T" />
      </Data>
    </Data>
    <Data n="$Conns">
      <Data n="20179521028057c">
        <Key v="20179521028057e" t="String" n="$E" />
      </Data>
      <Data n="20179521029095c">
        <Key v="20179521029095e" t="String" n="$E" />
        <Key v="20179521028057e" t="String" n="$S" />
      </Data>
      <Data n="20178946624626c">
        <Key v="20178946624626e" t="String" n="$E" />
      </Data>
      <Data n="20179520874037c">
        <Key v="20179520874037e" t="String" n="$E" />
        <Key v="20179521029095e" t="String" n="$S" />
      </Data>
      <Data n="20178946628892c">
        <Key v="20178946628892e" t="String" n="$E" />
        <Key v="20178946624626e" t="String" n="$S" />
      </Data>
      <Data n="20178946629034c">
        <Key v="20178946629034e" t="String" n="$E" />
        <Key v="20178946624626e" t="String" n="$S" />
      </Data>
      <Data n="20179521004133c">
        <Key v="20179521004133e" t="String" n="$E" />
        <Key v="20179520874037e" t="String" n="$S" />
      </Data>
      <Data n="20178946628893c">
        <Key v="20178946628893e" t="String" n="$E" />
        <Key v="20178946628892e" t="String" n="$S" />
      </Data>
      <Data n="20178946629035c">
        <Key v="20178946629035e" t="String" n="$E" />
        <Key v="20178946629034e" t="String" n="$S" />
      </Data>
      <Data n="20179521023591c">
        <Key v="20179521023591e" t="String" n="$E" />
        <Key v="20179521004133e" t="String" n="$S" />
      </Data>
      <Data n="20178946652658c">
        <Key v="20178946652658e" t="String" n="$E" />
        <Key v="20178946628893e" t="String" n="$S" />
      </Data>
      <Data n="20178946660781c">
        <Key v="20178946660781e" t="String" n="$E" />
        <Key v="20178946652658e" t="String" n="$S" />
      </Data>
      <Data n="20178946715343c">
        <Key v="20178946715343e" t="String" n="$E" />
        <Key v="20178946628893e" t="String" n="$S" />
      </Data>
      <Data n="20178946650477c">
        <Key v="20178946650477e" t="String" n="$E" />
        <Key v="20178946628893e" t="String" n="$S" />
      </Data>
      <Data n="20187956187942c">
        <Key v="20187956187942e" t="String" n="$E" />
        <Key v="20179521023591e" t="String" n="$S" />
      </Data>
      <Data n="20178946649797c">
        <Key v="20178946649797e" t="String" n="$E" />
        <Key v="20178946660781e" t="String" n="$S" />
      </Data>
      <Data n="20178946714167c">
        <Key v="20178946714167e" t="String" n="$E" />
        <Key v="20178946715343e" t="String" n="$S" />
      </Data>
      <Data n="20178946672061c">
        <Key v="20178946672061e" t="String" n="$E" />
        <Key v="20178946650477e" t="String" n="$S" />
      </Data>
      <Data n="20178946674747c">
        <Key v="20178946674747e" t="String" n="$E" />
        <Key v="20178946672061e" t="String" n="$S" />
      </Data>
      <Data n="20178947000063c">
        <Key v="20178947000063e" t="String" n="$E" />
        <Key v="20178946672061e" t="String" n="$S" />
      </Data>
      <Data n="20178946673605c">
        <Key v="20178946673605e" t="String" n="$E" />
        <Key v="20178947000063e" t="String" n="$S" />
      </Data>
      <Data n="20178946898379c">
        <Key v="20178946898379e" t="String" n="$E" />
        <Key v="20178946672061e" t="String" n="$S" />
      </Data>
      <Data n="20178946673809c">
        <Key v="20178946673809e" t="String" n="$E" />
        <Key v="20178946898379e" t="String" n="$S" />
      </Data>
      <Data n="20178947001461c">
        <Key v="20178947001461e" t="String" n="$E" />
        <Key v="20178946672061e" t="String" n="$S" />
      </Data>
      <Data n="20178946673967c">
        <Key v="20178946673967e" t="String" n="$E" />
        <Key v="20178947001461e" t="String" n="$S" />
      </Data>
      <Data n="20178946747762c">
        <Key v="20178946747762e" t="String" n="$E" />
        <Key v="20178946672061e" t="String" n="$S" />
      </Data>
      <Data n="20178946674247c">
        <Key v="20178946674247e" t="String" n="$E" />
        <Key v="20178946747762e" t="String" n="$S" />
      </Data>
      <Data n="20178946674748c">
        <Key v="20178946674748e" t="String" n="$E" />
        <Key v="20178946674747e" t="String" n="$S" />
      </Data>
      <Data n="20178946673604c">
        <Key v="20178946673604e" t="String" n="$E" />
        <Key v="20178946673605e" t="String" n="$S" />
      </Data>
      <Data n="20178946673810c">
        <Key v="20178946673810e" t="String" n="$E" />
        <Key v="20178946673809e" t="String" n="$S" />
      </Data>
      <Data n="20178946673968c">
        <Key v="20178946673968e" t="String" n="$E" />
        <Key v="20178946673967e" t="String" n="$S" />
      </Data>
      <Data n="20178946674246c">
        <Key v="20178946674246e" t="String" n="$E" />
        <Key v="20178946674247e" t="String" n="$S" />
      </Data>
      <Data n="20178946727145c">
        <Key v="20178946727145e" t="String" n="$E" />
        <Key v="20178946673604e" t="String" n="$S" />
      </Data>
      <Data n="20178946728087c">
        <Key v="20178946728087e" t="String" n="$E" />
        <Key v="20178946673604e" t="String" n="$S" />
      </Data>
      <Data n="20178946728263c">
        <Key v="20178946728263e" t="String" n="$E" />
        <Key v="20178946673604e" t="String" n="$S" />
      </Data>
      <Data n="20178946882140c">
        <Key v="20178946882140e" t="String" n="$E" />
        <Key v="20178946673810e" t="String" n="$S" />
      </Data>
      <Data n="20178946891610c">
        <Key v="20178946891610e" t="String" n="$E" />
        <Key v="20178946882140e" t="String" n="$S" />
      </Data>
      <Data n="20178946881127c">
        <Key v="20178946881127e" t="String" n="$E" />
        <Key v="20178946673810e" t="String" n="$S" />
      </Data>
      <Data n="20178946892244c">
        <Key v="20178946892244e" t="String" n="$E" />
        <Key v="20178946881127e" t="String" n="$S" />
      </Data>
      <Data n="20178946880143c">
        <Key v="20178946880143e" t="String" n="$E" />
        <Key v="20178946673810e" t="String" n="$S" />
      </Data>
      <Data n="20178946879263c">
        <Key v="20178946879263e" t="String" n="$E" />
        <Key v="20178946673810e" t="String" n="$S" />
      </Data>
      <Data n="20178946882591c">
        <Key v="20178946882591e" t="String" n="$E" />
        <Key v="20178946673968e" t="String" n="$S" />
      </Data>
      <Data n="20178946892578c">
        <Key v="20178946892578e" t="String" n="$E" />
        <Key v="20178946882591e" t="String" n="$S" />
      </Data>
      <Data n="20178946881648c">
        <Key v="20178946881648e" t="String" n="$E" />
        <Key v="20178946673968e" t="String" n="$S" />
      </Data>
      <Data n="20178946892920c">
        <Key v="20178946892920e" t="String" n="$E" />
        <Key v="20178946881648e" t="String" n="$S" />
      </Data>
      <Data n="20178946880631c">
        <Key v="20178946880631e" t="String" n="$E" />
        <Key v="20178946673968e" t="String" n="$S" />
      </Data>
      <Data n="20178946879709c">
        <Key v="20178946879709e" t="String" n="$E" />
        <Key v="20178946673968e" t="String" n="$S" />
      </Data>
      <Data n="20178946709417c">
        <Key v="20178946709417e" t="String" n="$E" />
        <Key v="20178946674246e" t="String" n="$S" />
      </Data>
      <Data n="20178946727146c">
        <Key v="20178946727146e" t="String" n="$E" />
        <Key v="20178946727145e" t="String" n="$S" />
      </Data>
      <Data n="20178946728088c">
        <Key v="20178946728088e" t="String" n="$E" />
        <Key v="20178946728087e" t="String" n="$S" />
      </Data>
      <Data n="20178946728262c">
        <Key v="20178946728262e" t="String" n="$E" />
        <Key v="20178946728263e" t="String" n="$S" />
      </Data>
      <Data n="20178946737303c">
        <Key v="20178946737303e" t="String" n="$E" />
        <Key v="20178946891610e" t="String" n="$S" />
      </Data>
      <Data n="20178946737603c">
        <Key v="20178946737603e" t="String" n="$E" />
        <Key v="20178946892244e" t="String" n="$S" />
      </Data>
      <Data n="20178946737762c">
        <Key v="20178946737762e" t="String" n="$E" />
        <Key v="20178946880143e" t="String" n="$S" />
      </Data>
      <Data n="20178946737929c">
        <Key v="20178946737929e" t="String" n="$E" />
        <Key v="20178946879263e" t="String" n="$S" />
      </Data>
      <Data n="20178946738725c">
        <Key v="20178946738725e" t="String" n="$E" />
        <Key v="20178946892578e" t="String" n="$S" />
      </Data>
      <Data n="20178946738938c">
        <Key v="20178946738938e" t="String" n="$E" />
        <Key v="20178946892920e" t="String" n="$S" />
      </Data>
      <Data n="20178946739113c">
        <Key v="20178946739113e" t="String" n="$E" />
        <Key v="20178946880631e" t="String" n="$S" />
      </Data>
      <Data n="20178946739292c">
        <Key v="20178946739292e" t="String" n="$E" />
        <Key v="20178946879709e" t="String" n="$S" />
      </Data>
      <Data n="20178946740422c">
        <Key v="20178946740422e" t="String" n="$E" />
        <Key v="20178946709417e" t="String" n="$S" />
      </Data>
      <Data n="20178946871844c">
        <Key v="20178946871844e" t="String" n="$E" />
        <Key v="20178946727146e" t="String" n="$S" />
      </Data>
      <Data n="20178946889163c">
        <Key v="20178946889163e" t="String" n="$E" />
        <Key v="20178946871844e" t="String" n="$S" />
      </Data>
      <Data n="20178946874025c">
        <Key v="20178946874025e" t="String" n="$E" />
        <Key v="20178946727146e" t="String" n="$S" />
      </Data>
      <Data n="20178946889621c">
        <Key v="20178946889621e" t="String" n="$E" />
        <Key v="20178946874025e" t="String" n="$S" />
      </Data>
      <Data n="20178946874309c">
        <Key v="20178946874309e" t="String" n="$E" />
        <Key v="20178946727146e" t="String" n="$S" />
      </Data>
      <Data n="20178946874617c">
        <Key v="20178946874617e" t="String" n="$E" />
        <Key v="20178946727146e" t="String" n="$S" />
      </Data>
      <Data n="20178946873316c">
        <Key v="20178946873316e" t="String" n="$E" />
        <Key v="20178946728088e" t="String" n="$S" />
      </Data>
      <Data n="20178946890030c">
        <Key v="20178946890030e" t="String" n="$E" />
        <Key v="20178946873316e" t="String" n="$S" />
      </Data>
      <Data n="20178946876198c">
        <Key v="20178946876198e" t="String" n="$E" />
        <Key v="20178946728088e" t="String" n="$S" />
      </Data>
      <Data n="20178946890481c">
        <Key v="20178946890481e" t="String" n="$E" />
        <Key v="20178946876198e" t="String" n="$S" />
      </Data>
      <Data n="20178946876548c">
        <Key v="20178946876548e" t="String" n="$E" />
        <Key v="20178946728088e" t="String" n="$S" />
      </Data>
      <Data n="20178946878320c">
        <Key v="20178946878320e" t="String" n="$E" />
        <Key v="20178946728088e" t="String" n="$S" />
      </Data>
      <Data n="20178946873637c">
        <Key v="20178946873637e" t="String" n="$E" />
        <Key v="20178946728262e" t="String" n="$S" />
      </Data>
      <Data n="20178946890931c">
        <Key v="20178946890931e" t="String" n="$E" />
        <Key v="20178946873637e" t="String" n="$S" />
      </Data>
      <Data n="20178946877040c">
        <Key v="20178946877040e" t="String" n="$E" />
        <Key v="20178946728262e" t="String" n="$S" />
      </Data>
      <Data n="20178946891235c">
        <Key v="20178946891235e" t="String" n="$E" />
        <Key v="20178946877040e" t="String" n="$S" />
      </Data>
      <Data n="20178946877482c">
        <Key v="20178946877482e" t="String" n="$E" />
        <Key v="20178946728262e" t="String" n="$S" />
      </Data>
      <Data n="20178946877912c">
        <Key v="20178946877912e" t="String" n="$E" />
        <Key v="20178946728262e" t="String" n="$S" />
      </Data>
      <Data n="20206616256040c">
        <Key v="20178946672061e" t="String" n="$E" />
        <Key v="20178946737762e" t="String" n="$S" />
      </Data>
      <Data n="20206616256041c">
        <Key v="20178946672061e" t="String" n="$E" />
        <Key v="20178946737929e" t="String" n="$S" />
      </Data>
      <Data n="20206616256042c">
        <Key v="20178946672061e" t="String" n="$E" />
        <Key v="20178946739113e" t="String" n="$S" />
      </Data>
      <Data n="20178946728825c">
        <Key v="20178946728825e" t="String" n="$E" />
        <Key v="20178946889163e" t="String" n="$S" />
      </Data>
      <Data n="20178946728967c">
        <Key v="20178946728967e" t="String" n="$E" />
        <Key v="20178946889621e" t="String" n="$S" />
      </Data>
      <Data n="20178946729105c">
        <Key v="20178946729105e" t="String" n="$E" />
        <Key v="20178946874309e" t="String" n="$S" />
      </Data>
      <Data n="20178946729263c">
        <Key v="20178946729263e" t="String" n="$E" />
        <Key v="20178946874617e" t="String" n="$S" />
      </Data>
      <Data n="20178946729901c">
        <Key v="20178946729901e" t="String" n="$E" />
        <Key v="20178946890030e" t="String" n="$S" />
      </Data>
      <Data n="20178946730239c">
        <Key v="20178946730239e" t="String" n="$E" />
        <Key v="20178946890481e" t="String" n="$S" />
      </Data>
      <Data n="20178946730401c">
        <Key v="20178946730401e" t="String" n="$E" />
        <Key v="20178946876548e" t="String" n="$S" />
      </Data>
      <Data n="20178946730581c">
        <Key v="20178946730581e" t="String" n="$E" />
        <Key v="20178946878320e" t="String" n="$S" />
      </Data>
      <Data n="20178946732466c">
        <Key v="20178946732466e" t="String" n="$E" />
        <Key v="20178946890931e" t="String" n="$S" />
      </Data>
      <Data n="20178946732624c">
        <Key v="20178946732624e" t="String" n="$E" />
        <Key v="20178946891235e" t="String" n="$S" />
      </Data>
      <Data n="20178946732766c">
        <Key v="20178946732766e" t="String" n="$E" />
        <Key v="20178946877482e" t="String" n="$S" />
      </Data>
      <Data n="20178946732945c">
        <Key v="20178946732945e" t="String" n="$E" />
        <Key v="20178946877912e" t="String" n="$S" />
      </Data>
      <Data n="20206616256055c">
        <Key v="20178946672061e" t="String" n="$E" />
        <Key v="20178946729105e" t="String" n="$S" />
      </Data>
      <Data n="20206616256056c">
        <Key v="20178946672061e" t="String" n="$E" />
        <Key v="20178946729263e" t="String" n="$S" />
      </Data>
      <Data n="20206616256057c">
        <Key v="20178946672061e" t="String" n="$E" />
        <Key v="20178946730401e" t="String" n="$S" />
      </Data>
      <Data n="20206616256058c">
        <Key v="20178946672061e" t="String" n="$E" />
        <Key v="20178946730581e" t="String" n="$S" />
      </Data>
      <Data n="20206616256059c">
        <Key v="20178946672061e" t="String" n="$E" />
        <Key v="20178946732766e" t="String" n="$S" />
      </Data>
      <Data n="20206616256060c">
        <Key v="20178946672061e" t="String" n="$E" />
        <Key v="20178946732945e" t="String" n="$S" />
      </Data>
    </Data>
  </Data>
</DataRoot>