﻿<?xml version="1.0" encoding="utf-8"?>
<DataRoot n="D">
  <Data n="20178318005420">
    <Data n="$Elems">
      <Data n="20182175151352e">
        <Key v="450,0" t="Vector2" n="!$P" />
        <Key v="_EGate" t="String" n="$T" />
        <Key v="G1" t="String" n="GT" />
        <Key v="1" t="Int32" n="T2" />
        <Key v="-10" t="Decimal" n="Val" />
        <Key v="Lishak" t="String" n="Cnt" />
        <Key v="Oel" t="String" n="O" />
      </Data>
      <Data n="20182175106515e">
        <Key v="450,-200" t="Vector2" n="!$P" />
        <Key v="20202866798502" t="String" n="$T" />
        <Key v="%M1" t="String" n="T" />
        <Key v="Co chceš?" t="String" n="%X" />
      </Data>
      <Data n="20182175150551e">
        <Key v="900,0" t="Vector2" n="!$P" />
        <Key v="20202866798502" t="String" n="$T" />
        <Key v="%M1" t="String" n="T" />
        <Key v="Hele, hele. Co nám to tady přišlo přímo pod nos. Na vaše hlavy vypsal Lishak nemalou odměnu a mám takovej pocit, že si jí velmi brzo vyberem. Na ně chlapi." t="String" n="%X" />
      </Data>
      <Data n="20182175174863e">
        <Key v="1050,-200" t="Vector2" n="!$P" />
        <Key v="20206495856812" t="String" n="$T" />
        <Key v="Možnosti" t="String" n="!%Txt" />
      </Data>
      <Data n="20182175174864e">
        <Key v="1650,-200" t="Vector2" n="!$P" />
        <Key v="20202934699316" t="String" n="$T" />
        <Key v="Do skladiště" t="String" n="%CX" />
      </Data>
      <Data n="20182175180001e">
        <Key v="1650,-5000" t="Vector2" n="!$P" />
        <Key v="20202934699316" t="String" n="$T" />
        <Key v="Zeptat se na farmu" t="String" n="%CX" />
      </Data>
      <Data n="20182175297295e">
        <Key v="1650,-5200" t="Vector2" n="!$P" />
        <Key v="20206352251934" t="String" n="$T" />
        <Key v="CkQ" t="String" n="GT" />
        <Key v="SkA" t="String" n="T" />
        <Key v="Q20179542555384" t="String" n="Qs" />
      </Data>
      <Data n="20182175181786e">
        <Key v="2100,-5200" t="Vector2" n="!$P" />
        <Key v="20202934699316" t="String" n="$T" />
        <Key v="Strašidlo?" t="String" n="%CX" />
      </Data>
      <Data n="20182176288869e">
        <Key v="1650,-6400" t="Vector2" n="!$P" />
        <Key v="20202934699316" t="String" n="$T" />
        <Key v="Bezeslova zaútočit" t="String" n="%CX" />
        <Key v="MrA" t="String" n="Spc" />
      </Data>
      <Data n="20182176289119e">
        <Key v="1650,-6600" t="Vector2" n="!$P" />
        <Key v="20202934699316" t="String" n="$T" />
        <Key v="Odejít" t="String" n="%CX" />
        <Key v="MrE" t="String" n="Spc" />
      </Data>
      <Data n="20182175109363e">
        <Key v="2100,-200" t="Vector2" n="!$P" />
        <Key v="20202866798502" t="String" n="$T" />
        <Key v="Můžu projít?" t="String" n="%X" />
      </Data>
      <Data n="20182175180002e">
        <Key v="2100,-5000" t="Vector2" n="!$P" />
        <Key v="20202866798502" t="String" n="$T" />
        <Key v="Můžeš nám říct něco o týhle farmě?" t="String" n="%X" />
      </Data>
      <Data n="20182175181787e">
        <Key v="2550,-5200" t="Vector2" n="!$P" />
        <Key v="20202866798502" t="String" n="$T" />
        <Key v="Nevíš něco o nějaké bytosti co tady údajně straší farmáře?" t="String" n="%X" />
      </Data>
      <Data n="20182176288868e">
        <Key v="2100,-6400" t="Vector2" n="!$P" />
        <Key v="20202866798502" t="String" n="$T" />
      </Data>
      <Data n="20182176289118e">
        <Key v="2100,-6600" t="Vector2" n="!$P" />
        <Key v="20202866798502" t="String" n="$T" />
        <Key v="Mizím" t="String" n="%X" />
      </Data>
      <Data n="20182175137065e">
        <Key v="2700,-200" t="Vector2" n="!$P" />
        <Key v="_EGate" t="String" n="$T" />
        <Key v="G1" t="String" n="GT" />
        <Key v="1" t="Int32" n="T2" />
        <Key v="19" t="Decimal" n="Val" />
        <Key v="Lishak" t="String" n="Cnt" />
        <Key v="Oel" t="String" n="O" />
      </Data>
      <Data n="20182175140422e">
        <Key v="3000,-200" t="Vector2" n="!$P" />
        <Key v="_EGate" t="String" n="$T" />
        <Key v="G1" t="String" n="GT" />
        <Key v="1" t="Int32" n="T2" />
        <Key v="-9" t="Decimal" n="Val" />
        <Key v="Lishak" t="String" n="Cnt" />
        <Key v="Oeg" t="String" n="O" />
      </Data>
      <Data n="20182175113591e">
        <Key v="2700,-4600" t="Vector2" n="!$P" />
        <Key v="_EGate" t="String" n="$T" />
        <Key v="G1" t="String" n="GT" />
        <Key v="1" t="Int32" n="T2" />
        <Key v="20" t="Decimal" n="Val" />
        <Key v="Lishak" t="String" n="Cnt" />
        <Key v="Oeg" t="String" n="O" />
      </Data>
      <Data n="20182176304873e">
        <Key v="2700,-4800" t="Vector2" n="!$P" />
        <Key v="_EGate" t="String" n="$T" />
        <Key v="G0" t="String" n="GT" />
        <Key v="1" t="Int32" n="Ex" />
        <Key v="Sour_pristup" t="String" n="Var" />
      </Data>
      <Data n="20182175273404e">
        <Key v="2700,-5000" t="Vector2" n="!$P" />
        <Key v="20202866798502" t="String" n="$T" />
        <Key v="%M1" t="String" n="T" />
        <Key v="Ale jo, můžu proč ne. Takže tohle je farma. Na farmě pracují farmáři. Farmáři dělaj jídlo. My jídlo jíme... &lt;ironicky se pochechtává&gt;" t="String" n="%X" />
      </Data>
      <Data n="20182175310106e">
        <Key v="3150,-5200" t="Vector2" n="!$P" />
        <Key v="20202866798502" t="String" n="$T" />
        <Key v="%M1" t="String" n="T" />
        <Key v="No, prej se objevuje pozdě večer v bažinách za farmou. Ne že bych byl strašpitel, ale nevidím důvod, proč to pokoušet, moje práce to není. Jen se tam klidně jdi porozhlédonout. Já tady zatím budu hlídat skladiště, což moje práce je." t="String" n="%X" />
      </Data>
      <Data n="20182175136652e">
        <Key v="3450,-200" t="Vector2" n="!$P" />
        <Key v="20202866798502" t="String" n="$T" />
        <Key v="%M1" t="String" n="T" />
        <Key v="Hehe, ani náhodou. Tahle farma patří panu Lishakovi, stejně jako tohle skladiště, takže se koukej odtud pakovat." t="String" n="%X" />
      </Data>
      <Data n="20182175111573e">
        <Key v="3150,-4600" t="Vector2" n="!$P" />
        <Key v="20202866798502" t="String" n="$T" />
        <Key v="%M1" t="String" n="T" />
        <Key v="Jo, tobě Lishkak důvěřuje, takže klidně." t="String" n="%X" />
      </Data>
      <Data n="20182176303093e">
        <Key v="3150,-4800" t="Vector2" n="!$P" />
        <Key v="20202866798502" t="String" n="$T" />
        <Key v="%M1" t="String" n="T" />
        <Key v="Jo to seš ty, tak dobrá." t="String" n="%X" />
      </Data>
      <Data n="20182175282291e">
        <Key v="3300,-5000" t="Vector2" n="!$P" />
        <Key v="20202866798502" t="String" n="$T" />
        <Key v="Ok chápu, nemusíš dál pokračovat..." t="String" n="%X" />
      </Data>
      <Data n="20182175495982e">
        <Key v="3750,-5200" t="Vector2" n="!$P" />
        <Key v="20202934699316" t="String" n="$T" />
        <Key v="Nechat to být" t="String" n="%CX" />
      </Data>
      <Data n="20182175663305e">
        <Key v="3750,-5400" t="Vector2" n="!$P" />
        <Key v="_EGate" t="String" n="$T" />
        <Key v="G4" t="String" n="GT" />
      </Data>
      <Data n="20182175495494e">
        <Key v="4050,-5400" t="Vector2" n="!$P" />
        <Key v="20202934699316" t="String" n="$T" />
        <Key v="Utahovat si z něj" t="String" n="%CX" />
      </Data>
      <Data n="20182175168099e">
        <Key v="4050,-200" t="Vector2" n="!$P" />
        <Key v="20206495856812" t="String" n="$T" />
        <Key v="Možnosti pro získání přístupu" t="String" n="!%Txt" />
      </Data>
      <Data n="20182175288217e">
        <Key v="3900,-5000" t="Vector2" n="!$P" />
        <Key v="20202866798502" t="String" n="$T" />
        <Key v="%M1" t="String" n="T" />
        <Key v="Chytrej &lt;úsměv&gt;" t="String" n="%X" />
      </Data>
      <Data n="20182175495983e">
        <Key v="4200,-5200" t="Vector2" n="!$P" />
        <Key v="20202866798502" t="String" n="$T" />
        <Key v="Ok, díky za info" t="String" n="%X" />
      </Data>
      <Data n="20182175495495e">
        <Key v="4500,-5400" t="Vector2" n="!$P" />
        <Key v="20202866798502" t="String" n="$T" />
        <Key v="A já si právě myslím, že strašptel seš a seš podělanej strachy, proto se také schováváš za svojí důležitou činnost." t="String" n="%X" />
      </Data>
      <Data n="20182176490253e">
        <Key v="4650,-200" t="Vector2" n="!$P" />
        <Key v="_EGate" t="String" n="$T" />
        <Key v="G4" t="String" n="GT" />
      </Data>
      <Data n="20182175169730e">
        <Key v="4950,-200" t="Vector2" n="!$P" />
        <Key v="20202934699316" t="String" n="$T" />
        <Key v="Podplatit" t="String" n="%CX" />
      </Data>
      <Data n="20182176601992e">
        <Key v="4650,-2800" t="Vector2" n="!$P" />
        <Key v="_EGate" t="String" n="$T" />
        <Key v="G4" t="String" n="GT" />
      </Data>
      <Data n="20182175169859e">
        <Key v="4950,-2800" t="Vector2" n="!$P" />
        <Key v="20202934699316" t="String" n="$T" />
        <Key v="Přemluvit" t="String" n="%CX" />
        <Key v="RoP" t="String" n="Spc" />
        <Key v="L3" t="String" n="Lvl" />
      </Data>
      <Data n="20182176827159e">
        <Key v="4650,-3600" t="Vector2" n="!$P" />
        <Key v="_EGate" t="String" n="$T" />
        <Key v="G4" t="String" n="GT" />
      </Data>
      <Data n="20182175170022e">
        <Key v="4950,-3600" t="Vector2" n="!$P" />
        <Key v="20202934699316" t="String" n="$T" />
        <Key v="Zastrašit" t="String" n="%CX" />
        <Key v="RoI" t="String" n="Spc" />
        <Key v="L2" t="String" n="Lvl" />
      </Data>
      <Data n="20182175170156e">
        <Key v="4650,-4400" t="Vector2" n="!$P" />
        <Key v="20202934699316" t="String" n="$T" />
        <Key v="Neřešit to" t="String" n="%CX" />
      </Data>
      <Data n="20182175512708e">
        <Key v="5100,-5400" t="Vector2" n="!$P" />
        <Key v="20202866798502" t="String" n="$T" />
        <Key v="%M1" t="String" n="T" />
        <Key v="Ale, ale, nějak moc si vyskakuješ. Abych tě nemusel tady s chlapama trochu uklidnit." t="String" n="%X" />
      </Data>
      <Data n="20182175169731e">
        <Key v="5400,-200" t="Vector2" n="!$P" />
        <Key v="20202866798502" t="String" n="$T" />
        <Key v="Třeba by ti malá sumička mohla na chvilku dovolit dívat se jinam." t="String" n="%X" />
      </Data>
      <Data n="20182175169860e">
        <Key v="5400,-2800" t="Vector2" n="!$P" />
        <Key v="20202866798502" t="String" n="$T" />
        <Key v="Hele podívej, to že mě tam pustíš, se ti bude v budoucnu hodit. Mám teď velmi dobré vztahy s Lishakem a třeba se u tebe přimluvím, až půjde o prémie." t="String" n="%X" />
      </Data>
      <Data n="20182175170023e">
        <Key v="5400,-3600" t="Vector2" n="!$P" />
        <Key v="20202866798502" t="String" n="$T" />
        <Key v="Buď mě tam pustíš, nebo dostaneš přes hubu." t="String" n="%X" />
      </Data>
      <Data n="20182175170155e">
        <Key v="5100,-4400" t="Vector2" n="!$P" />
        <Key v="20202866798502" t="String" n="$T" />
        <Key v="Dobrá, ještě se chci zeptat" t="String" n="%X" />
      </Data>
      <Data n="20182175523209e">
        <Key v="5700,-5400" t="Vector2" n="!$P" />
        <Key v="20202934699316" t="String" n="$T" />
        <Key v="Pokračovat ve výhružkách" t="String" n="%CX" />
        <Key v="RoI" t="String" n="Spc" />
        <Key v="L2" t="String" n="Lvl" />
      </Data>
      <Data n="20182175523364e">
        <Key v="5700,-6200" t="Vector2" n="!$P" />
        <Key v="20202934699316" t="String" n="$T" />
        <Key v="Nechat toho" t="String" n="%CX" />
      </Data>
      <Data n="20182176427697e">
        <Key v="6000,-200" t="Vector2" n="!$P" />
        <Key v="20202934699316" t="String" n="$T" />
        <Key v="Raděj se o to nepokoušet" t="String" n="%CX" />
      </Data>
      <Data n="20182176498597e">
        <Key v="6000,-400" t="Vector2" n="!$P" />
        <Key v="20206352251934" t="String" n="$T" />
        <Key v="CkI" t="String" n="GT" />
        <Key v="SkH" t="String" n="T" />
        <Key v="I20157354355645" t="String" n="It" />
        <Key v="10" t="String" n="C" />
      </Data>
      <Data n="20182176400174e">
        <Key v="6450,-400" t="Vector2" n="!$P" />
        <Key v="20202934699316" t="String" n="$T" />
        <Key v="Malý úplatek" t="String" n="%CX" />
        <Key v="RoT" t="String" n="Spc" />
        <Key v="L3" t="String" n="Lvl" />
      </Data>
      <Data n="20182176506266e">
        <Key v="6000,-1200" t="Vector2" n="!$P" />
        <Key v="20206352251934" t="String" n="$T" />
        <Key v="CkI" t="String" n="GT" />
        <Key v="SkH" t="String" n="T" />
        <Key v="I20157375210590" t="String" n="It" />
        <Key v="2" t="String" n="C" />
      </Data>
      <Data n="20182176400349e">
        <Key v="6450,-1200" t="Vector2" n="!$P" />
        <Key v="20202934699316" t="String" n="$T" />
        <Key v="Střední úplatek" t="String" n="%CX" />
        <Key v="RoT" t="String" n="Spc" />
        <Key v="L2" t="String" n="Lvl" />
      </Data>
      <Data n="20182176507805e">
        <Key v="6000,-2000" t="Vector2" n="!$P" />
        <Key v="20206352251934" t="String" n="$T" />
        <Key v="CkI" t="String" n="GT" />
        <Key v="SkH" t="String" n="T" />
        <Key v="I20157375210590" t="String" n="It" />
        <Key v="10" t="String" n="C" />
      </Data>
      <Data n="20182176400500e">
        <Key v="6450,-2000" t="Vector2" n="!$P" />
        <Key v="20202934699316" t="String" n="$T" />
        <Key v="Velků úplatek" t="String" n="%CX" />
        <Key v="RoT" t="String" n="Spc" />
        <Key v="L1" t="String" n="Lvl" />
      </Data>
      <Data n="20182176596604e">
        <Key v="6000,-2800" t="Vector2" n="!$P" />
        <Key v="_EGate" t="String" n="$T" />
        <Key v="G1" t="String" n="GT" />
        <Key v="1" t="Int32" n="T2" />
        <Key v="3" t="Decimal" n="Val" />
        <Key v="XResult" t="String" n="Cnt" />
        <Key v="Oeg" t="String" n="O" />
      </Data>
      <Data n="20182176589557e">
        <Key v="6300,-2800" t="Vector2" n="!$P" />
        <Key v="_EFunc" t="String" n="$T" />
        <Key v="G0" t="String" n="GT" />
        <Key v="Sour_pristup" t="String" n="Var" />
      </Data>
      <Data n="20182177071822e">
        <Key v="6600,-2800" t="Vector2" n="!$P" />
        <Key v="_EFunc" t="String" n="$T" />
        <Key v="G1" t="String" n="GT" />
        <Key v="1" t="Int32" n="T2" />
        <Key v="1" t="Decimal" n="Val" />
        <Key v="Lishak" t="String" n="Cnt" />
        <Key v="O+" t="String" n="O" />
      </Data>
      <Data n="20182176597167e">
        <Key v="6000,-3000" t="Vector2" n="!$P" />
        <Key v="_EGate" t="String" n="$T" />
        <Key v="G1" t="String" n="GT" />
        <Key v="1" t="Int32" n="T2" />
        <Key v="2" t="Decimal" n="Val" />
        <Key v="XResult" t="String" n="Cnt" />
        <Key v="Oeg" t="String" n="O" />
      </Data>
      <Data n="20182176590136e">
        <Key v="6300,-3000" t="Vector2" n="!$P" />
        <Key v="_EFunc" t="String" n="$T" />
        <Key v="G0" t="String" n="GT" />
        <Key v="Sour_pristup" t="String" n="Var" />
      </Data>
      <Data n="20182176597613e">
        <Key v="6000,-3200" t="Vector2" n="!$P" />
        <Key v="_EGate" t="String" n="$T" />
        <Key v="G1" t="String" n="GT" />
        <Key v="1" t="Int32" n="T2" />
        <Key v="1" t="Decimal" n="Val" />
        <Key v="XResult" t="String" n="Cnt" />
        <Key v="Oeg" t="String" n="O" />
      </Data>
      <Data n="20182176598031e">
        <Key v="6000,-3400" t="Vector2" n="!$P" />
        <Key v="_EGate" t="String" n="$T" />
        <Key v="G1" t="String" n="GT" />
        <Key v="1" t="Int32" n="T2" />
        <Key v="0" t="Decimal" n="Val" />
        <Key v="XResult" t="String" n="Cnt" />
        <Key v="Oeg" t="String" n="O" />
      </Data>
      <Data n="20182177102034e">
        <Key v="6300,-3400" t="Vector2" n="!$P" />
        <Key v="_EFunc" t="String" n="$T" />
        <Key v="G1" t="String" n="GT" />
        <Key v="1" t="Int32" n="T2" />
        <Key v="-1" t="Decimal" n="Val" />
        <Key v="Lishak" t="String" n="Cnt" />
        <Key v="O+" t="String" n="O" />
      </Data>
      <Data n="20182176598877e">
        <Key v="6000,-3600" t="Vector2" n="!$P" />
        <Key v="_EGate" t="String" n="$T" />
        <Key v="G1" t="String" n="GT" />
        <Key v="1" t="Int32" n="T2" />
        <Key v="3" t="Decimal" n="Val" />
        <Key v="XResult" t="String" n="Cnt" />
        <Key v="Oeg" t="String" n="O" />
      </Data>
      <Data n="20182176590758e">
        <Key v="6300,-3600" t="Vector2" n="!$P" />
        <Key v="_EFunc" t="String" n="$T" />
        <Key v="G0" t="String" n="GT" />
        <Key v="Sour_pristup" t="String" n="Var" />
      </Data>
      <Data n="20182177074753e">
        <Key v="6600,-3600" t="Vector2" n="!$P" />
        <Key v="_EFunc" t="String" n="$T" />
        <Key v="G1" t="String" n="GT" />
        <Key v="1" t="Int32" n="T2" />
        <Key v="1" t="Decimal" n="Val" />
        <Key v="Lishak" t="String" n="Cnt" />
        <Key v="O+" t="String" n="O" />
      </Data>
      <Data n="20182176599181e">
        <Key v="6000,-3800" t="Vector2" n="!$P" />
        <Key v="_EGate" t="String" n="$T" />
        <Key v="G1" t="String" n="GT" />
        <Key v="1" t="Int32" n="T2" />
        <Key v="2" t="Decimal" n="Val" />
        <Key v="XResult" t="String" n="Cnt" />
        <Key v="Oeg" t="String" n="O" />
      </Data>
      <Data n="20182176591208e">
        <Key v="6300,-3800" t="Vector2" n="!$P" />
        <Key v="_EFunc" t="String" n="$T" />
        <Key v="G0" t="String" n="GT" />
        <Key v="Sour_pristup" t="String" n="Var" />
      </Data>
      <Data n="20182176599527e">
        <Key v="6000,-4000" t="Vector2" n="!$P" />
        <Key v="_EGate" t="String" n="$T" />
        <Key v="G1" t="String" n="GT" />
        <Key v="1" t="Int32" n="T2" />
        <Key v="1" t="Decimal" n="Val" />
        <Key v="XResult" t="String" n="Cnt" />
        <Key v="Oeg" t="String" n="O" />
      </Data>
      <Data n="20182176599828e">
        <Key v="6000,-4200" t="Vector2" n="!$P" />
        <Key v="_EGate" t="String" n="$T" />
        <Key v="G1" t="String" n="GT" />
        <Key v="1" t="Int32" n="T2" />
        <Key v="0" t="Decimal" n="Val" />
        <Key v="XResult" t="String" n="Cnt" />
        <Key v="Oeg" t="String" n="O" />
      </Data>
      <Data n="20182175523210e">
        <Key v="6150,-5400" t="Vector2" n="!$P" />
        <Key v="20202866798502" t="String" n="$T" />
        <Key v="Tak si to klidně zkus, alespoň bude o jednoho strašpytla na světě méně." t="String" n="%X" />
      </Data>
      <Data n="20182175523363e">
        <Key v="6150,-6200" t="Vector2" n="!$P" />
        <Key v="20202866798502" t="String" n="$T" />
        <Key v="Ale v klidu, necháme toho." t="String" n="%X" />
      </Data>
      <Data n="20182176427696e">
        <Key v="6450,-200" t="Vector2" n="!$P" />
        <Key v="20202866798502" t="String" n="$T" />
        <Key v="Necháme to být" t="String" n="%X" />
      </Data>
      <Data n="20182176400173e">
        <Key v="6900,-400" t="Vector2" n="!$P" />
        <Key v="20202866798502" t="String" n="$T" />
        <Key v="Co říkáš na těchle 10 měďáků." t="String" n="%X" />
      </Data>
      <Data n="20182176400350e">
        <Key v="6900,-1200" t="Vector2" n="!$P" />
        <Key v="20202866798502" t="String" n="$T" />
        <Key v="Co bys řekl na tyhle 2 stříbrňáky" t="String" n="%X" />
      </Data>
      <Data n="20182176400499e">
        <Key v="6900,-2000" t="Vector2" n="!$P" />
        <Key v="20202866798502" t="String" n="$T" />
        <Key v="S těmahle 10ti stříbrňákama se rychle zkamarádíš, co říkáš?" t="String" n="%X" />
      </Data>
      <Data n="20182176401341e">
        <Key v="7050,-2800" t="Vector2" n="!$P" />
        <Key v="20202866798502" t="String" n="$T" />
        <Key v="%M1" t="String" n="T" />
        <Key v="No, to by bylo super. Jojo, premie se vždycky hodí. Tak jo, ale nezapomeň na mě, ok?" t="String" n="%X" />
      </Data>
      <Data n="20182176401800e">
        <Key v="6750,-3000" t="Vector2" n="!$P" />
        <Key v="20202866798502" t="String" n="$T" />
        <Key v="%M1" t="String" n="T" />
        <Key v="No dobrá, budu ti věřit, ale nezapomeň na mě u Lishaka. Jasný?!" t="String" n="%X" />
      </Data>
      <Data n="20182176401988e">
        <Key v="6450,-3200" t="Vector2" n="!$P" />
        <Key v="20202866798502" t="String" n="$T" />
        <Key v="%M1" t="String" n="T" />
        <Key v="Ty si asi blázen, ne? To ti tak budu věřit. Mazej odsud" t="String" n="%X" />
      </Data>
      <Data n="20182176402213e">
        <Key v="6750,-3400" t="Vector2" n="!$P" />
        <Key v="20202866798502" t="String" n="$T" />
        <Key v="%M1" t="String" n="T" />
        <Key v="Jasně a ještě tu o karkulce. Zkoušíš mě přechytračit jo? Tak na to zapomeň, všem povím, co jsi za parchanta..." t="String" n="%X" />
      </Data>
      <Data n="20182176406783e">
        <Key v="7050,-3600" t="Vector2" n="!$P" />
        <Key v="20202866798502" t="String" n="$T" />
        <Key v="%M1" t="String" n="T" />
        <Key v="Ok, ok. Asi budeš pěkně drsnej týpek, to raděj nebudu pokoušet a všem povím, jak nebezpečnej si, to se hodí, to mi věř." t="String" n="%X" />
      </Data>
      <Data n="20182176406979e">
        <Key v="6750,-3800" t="Vector2" n="!$P" />
        <Key v="20202866798502" t="String" n="$T" />
        <Key v="%M1" t="String" n="T" />
        <Key v="Dobrá dobrá, však není důvod k násilí, můžeš vejít." t="String" n="%X" />
      </Data>
      <Data n="20182176407171e">
        <Key v="6450,-4000" t="Vector2" n="!$P" />
        <Key v="20202866798502" t="String" n="$T" />
        <Key v="%M1" t="String" n="T" />
        <Key v="Zkoušíš mi vyhrožovat. Amatére. Jen si něco zkus..." t="String" n="%X" />
      </Data>
      <Data n="20182176407359e">
        <Key v="6450,-4200" t="Vector2" n="!$P" />
        <Key v="20202866798502" t="String" n="$T" />
        <Key v="%M1" t="String" n="T" />
        <Key v="Tak tohles přehnal blbečku. Na něj chlapy..." t="String" n="%X" />
      </Data>
      <Data n="20182175588384e">
        <Key v="6750,-5400" t="Vector2" n="!$P" />
        <Key v="_EGate" t="String" n="$T" />
        <Key v="G1" t="String" n="GT" />
        <Key v="1" t="Int32" n="T2" />
        <Key v="2" t="Decimal" n="Val" />
        <Key v="XResult" t="String" n="Cnt" />
        <Key v="Oeg" t="String" n="O" />
      </Data>
      <Data n="20182175586941e">
        <Key v="6750,-5600" t="Vector2" n="!$P" />
        <Key v="_EGate" t="String" n="$T" />
        <Key v="G1" t="String" n="GT" />
        <Key v="1" t="Int32" n="T2" />
        <Key v="3" t="Decimal" n="Val" />
        <Key v="XResult" t="String" n="Cnt" />
        <Key v="Oeg" t="String" n="O" />
      </Data>
      <Data n="20182175588605e">
        <Key v="6750,-5800" t="Vector2" n="!$P" />
        <Key v="_EGate" t="String" n="$T" />
        <Key v="G1" t="String" n="GT" />
        <Key v="1" t="Int32" n="T2" />
        <Key v="1" t="Decimal" n="Val" />
        <Key v="XResult" t="String" n="Cnt" />
        <Key v="Oeg" t="String" n="O" />
      </Data>
      <Data n="20182175588834e">
        <Key v="6750,-6000" t="Vector2" n="!$P" />
        <Key v="_EGate" t="String" n="$T" />
        <Key v="G1" t="String" n="GT" />
        <Key v="1" t="Int32" n="T2" />
        <Key v="0" t="Decimal" n="Val" />
        <Key v="XResult" t="String" n="Cnt" />
        <Key v="Oeg" t="String" n="O" />
      </Data>
      <Data n="20182176523276e">
        <Key v="7500,-400" t="Vector2" n="!$P" />
        <Key v="_EGate" t="String" n="$T" />
        <Key v="G1" t="String" n="GT" />
        <Key v="1" t="Int32" n="T2" />
        <Key v="1" t="Decimal" n="Val" />
        <Key v="XResult" t="String" n="Cnt" />
        <Key v="Oeg" t="String" n="O" />
      </Data>
      <Data n="20182176521500e">
        <Key v="7500,-600" t="Vector2" n="!$P" />
        <Key v="_EGate" t="String" n="$T" />
        <Key v="G1" t="String" n="GT" />
        <Key v="1" t="Int32" n="T2" />
        <Key v="3" t="Decimal" n="Val" />
        <Key v="XResult" t="String" n="Cnt" />
        <Key v="Oeg" t="String" n="O" />
      </Data>
      <Data n="20182176579240e">
        <Key v="7800,-600" t="Vector2" n="!$P" />
        <Key v="20206371455404" t="String" n="$T" />
        <Key v="CkI" t="String" n="GT" />
        <Key v="SaA" t="String" n="T" />
        <Key v="I20182176553864" t="String" n="It" />
        <Key v="1" t="String" n="C" />
      </Data>
      <Data n="20182176585199e">
        <Key v="8250,-600" t="Vector2" n="!$P" />
        <Key v="_EFunc" t="String" n="$T" />
        <Key v="G0" t="String" n="GT" />
        <Key v="Sour_pristup" t="String" n="Var" />
      </Data>
      <Data n="20182176508781e">
        <Key v="8550,-600" t="Vector2" n="!$P" />
        <Key v="20206371455404" t="String" n="$T" />
        <Key v="CkI" t="String" n="GT" />
        <Key v="SaT" t="String" n="T" />
        <Key v="I20157354355645" t="String" n="It" />
        <Key v="10" t="String" n="C" />
      </Data>
      <Data n="20182176522997e">
        <Key v="7500,-800" t="Vector2" n="!$P" />
        <Key v="_EGate" t="String" n="$T" />
        <Key v="G1" t="String" n="GT" />
        <Key v="1" t="Int32" n="T2" />
        <Key v="2" t="Decimal" n="Val" />
        <Key v="XResult" t="String" n="Cnt" />
        <Key v="Oeg" t="String" n="O" />
      </Data>
      <Data n="20182176586796e">
        <Key v="7800,-800" t="Vector2" n="!$P" />
        <Key v="_EFunc" t="String" n="$T" />
        <Key v="G0" t="String" n="GT" />
        <Key v="Sour_pristup" t="String" n="Var" />
      </Data>
      <Data n="20182176691308e">
        <Key v="8100,-800" t="Vector2" n="!$P" />
        <Key v="20206371455404" t="String" n="$T" />
        <Key v="CkI" t="String" n="GT" />
        <Key v="SaT" t="String" n="T" />
        <Key v="I20157354355645" t="String" n="It" />
        <Key v="10" t="String" n="C" />
      </Data>
      <Data n="20182176523505e">
        <Key v="7500,-1000" t="Vector2" n="!$P" />
        <Key v="_EGate" t="String" n="$T" />
        <Key v="G1" t="String" n="GT" />
        <Key v="1" t="Int32" n="T2" />
        <Key v="0" t="Decimal" n="Val" />
        <Key v="XResult" t="String" n="Cnt" />
        <Key v="Oeg" t="String" n="O" />
      </Data>
      <Data n="20182176692209e">
        <Key v="7800,-1000" t="Vector2" n="!$P" />
        <Key v="20206371455404" t="String" n="$T" />
        <Key v="CkI" t="String" n="GT" />
        <Key v="SaT" t="String" n="T" />
        <Key v="I20157354355645" t="String" n="It" />
        <Key v="10" t="String" n="C" />
      </Data>
      <Data n="20182176593631e">
        <Key v="7500,-1200" t="Vector2" n="!$P" />
        <Key v="_EGate" t="String" n="$T" />
        <Key v="G1" t="String" n="GT" />
        <Key v="1" t="Int32" n="T2" />
        <Key v="1" t="Decimal" n="Val" />
        <Key v="XResult" t="String" n="Cnt" />
        <Key v="Oeg" t="String" n="O" />
      </Data>
      <Data n="20182176592818e">
        <Key v="7500,-1400" t="Vector2" n="!$P" />
        <Key v="_EGate" t="String" n="$T" />
        <Key v="G1" t="String" n="GT" />
        <Key v="1" t="Int32" n="T2" />
        <Key v="3" t="Decimal" n="Val" />
        <Key v="XResult" t="String" n="Cnt" />
        <Key v="Oeg" t="String" n="O" />
      </Data>
      <Data n="20182176587513e">
        <Key v="7800,-1400" t="Vector2" n="!$P" />
        <Key v="_EFunc" t="String" n="$T" />
        <Key v="G0" t="String" n="GT" />
        <Key v="Sour_pristup" t="String" n="Var" />
      </Data>
      <Data n="20182176709878e">
        <Key v="8100,-1400" t="Vector2" n="!$P" />
        <Key v="20206371455404" t="String" n="$T" />
        <Key v="CkI" t="String" n="GT" />
        <Key v="SaA" t="String" n="T" />
        <Key v="I20172629355816" t="String" n="It" />
        <Key v="0" t="String" n="C" />
      </Data>
      <Data n="20182176718643e">
        <Key v="8550,-1400" t="Vector2" n="!$P" />
        <Key v="20206371455404" t="String" n="$T" />
        <Key v="CkI" t="String" n="GT" />
        <Key v="SaT" t="String" n="T" />
        <Key v="I20157375210590" t="String" n="It" />
        <Key v="2" t="String" n="C" />
      </Data>
      <Data n="20182176593965e">
        <Key v="7500,-1600" t="Vector2" n="!$P" />
        <Key v="_EGate" t="String" n="$T" />
        <Key v="G1" t="String" n="GT" />
        <Key v="1" t="Int32" n="T2" />
        <Key v="2" t="Decimal" n="Val" />
        <Key v="XResult" t="String" n="Cnt" />
        <Key v="Oeg" t="String" n="O" />
      </Data>
      <Data n="20182176587805e">
        <Key v="7800,-1600" t="Vector2" n="!$P" />
        <Key v="_EFunc" t="String" n="$T" />
        <Key v="G0" t="String" n="GT" />
        <Key v="Sour_pristup" t="String" n="Var" />
      </Data>
      <Data n="20182176718352e">
        <Key v="8100,-1600" t="Vector2" n="!$P" />
        <Key v="20206371455404" t="String" n="$T" />
        <Key v="CkI" t="String" n="GT" />
        <Key v="SaT" t="String" n="T" />
        <Key v="I20157375210590" t="String" n="It" />
        <Key v="2" t="String" n="C" />
      </Data>
      <Data n="20182176716675e">
        <Key v="7500,-1800" t="Vector2" n="!$P" />
        <Key v="20206371455404" t="String" n="$T" />
        <Key v="CkI" t="String" n="GT" />
        <Key v="SaT" t="String" n="T" />
        <Key v="I20157375210590" t="String" n="It" />
        <Key v="2" t="String" n="C" />
      </Data>
      <Data n="20182176595416e">
        <Key v="7500,-2000" t="Vector2" n="!$P" />
        <Key v="_EGate" t="String" n="$T" />
        <Key v="G1" t="String" n="GT" />
        <Key v="1" t="Int32" n="T2" />
        <Key v="1" t="Decimal" n="Val" />
        <Key v="XResult" t="String" n="Cnt" />
        <Key v="Oeg" t="String" n="O" />
      </Data>
      <Data n="20182176594815e">
        <Key v="7500,-2200" t="Vector2" n="!$P" />
        <Key v="_EGate" t="String" n="$T" />
        <Key v="G1" t="String" n="GT" />
        <Key v="1" t="Int32" n="T2" />
        <Key v="3" t="Decimal" n="Val" />
        <Key v="XResult" t="String" n="Cnt" />
        <Key v="Oeg" t="String" n="O" />
      </Data>
      <Data n="20182176588368e">
        <Key v="7800,-2200" t="Vector2" n="!$P" />
        <Key v="_EFunc" t="String" n="$T" />
        <Key v="G0" t="String" n="GT" />
        <Key v="Sour_pristup" t="String" n="Var" />
      </Data>
      <Data n="20182176804436e">
        <Key v="8100,-2200" t="Vector2" n="!$P" />
        <Key v="20206371455404" t="String" n="$T" />
        <Key v="CkI" t="String" n="GT" />
        <Key v="SaA" t="String" n="T" />
        <Key v="I20167190553638" t="String" n="It" />
        <Key v="0" t="String" n="C" />
      </Data>
      <Data n="20182176513126e">
        <Key v="8550,-2200" t="Vector2" n="!$P" />
        <Key v="20206371455404" t="String" n="$T" />
        <Key v="CkI" t="String" n="GT" />
        <Key v="SaT" t="String" n="T" />
        <Key v="I20157375210590" t="String" n="It" />
        <Key v="10" t="String" n="C" />
      </Data>
      <Data n="20182176595132e">
        <Key v="7500,-2400" t="Vector2" n="!$P" />
        <Key v="_EGate" t="String" n="$T" />
        <Key v="G1" t="String" n="GT" />
        <Key v="1" t="Int32" n="T2" />
        <Key v="2" t="Decimal" n="Val" />
        <Key v="XResult" t="String" n="Cnt" />
        <Key v="Oeg" t="String" n="O" />
      </Data>
      <Data n="20182176588693e">
        <Key v="7800,-2400" t="Vector2" n="!$P" />
        <Key v="_EFunc" t="String" n="$T" />
        <Key v="G0" t="String" n="GT" />
        <Key v="Sour_pristup" t="String" n="Var" />
      </Data>
      <Data n="20182176814152e">
        <Key v="8100,-2400" t="Vector2" n="!$P" />
        <Key v="20206371455404" t="String" n="$T" />
        <Key v="CkI" t="String" n="GT" />
        <Key v="SaT" t="String" n="T" />
        <Key v="I20157375210590" t="String" n="It" />
        <Key v="10" t="String" n="C" />
      </Data>
      <Data n="20182176593243e">
        <Key v="7500,-2600" t="Vector2" n="!$P" />
        <Key v="_EGate" t="String" n="$T" />
        <Key v="G1" t="String" n="GT" />
        <Key v="1" t="Int32" n="T2" />
        <Key v="0" t="Decimal" n="Val" />
        <Key v="XResult" t="String" n="Cnt" />
        <Key v="Oeg" t="String" n="O" />
      </Data>
      <Data n="20182176814427e">
        <Key v="7800,-2600" t="Vector2" n="!$P" />
        <Key v="20206371455404" t="String" n="$T" />
        <Key v="CkI" t="String" n="GT" />
        <Key v="SaT" t="String" n="T" />
        <Key v="I20157375210590" t="String" n="It" />
        <Key v="10" t="String" n="C" />
      </Data>
      <Data n="20182175585832e">
        <Key v="7200,-5400" t="Vector2" n="!$P" />
        <Key v="20202866798502" t="String" n="$T" />
        <Key v="%M1" t="String" n="T" />
        <Key v="Dobrá, máš pravdu. Jsem posranej strachy a víš co, když to nikomu neřekneš, pustím tě do skladiště za sebou. Budu se prostě koukat jinam." t="String" n="%X" />
      </Data>
      <Data n="20182175575644e">
        <Key v="7200,-5600" t="Vector2" n="!$P" />
        <Key v="20202866798502" t="String" n="$T" />
        <Key v="%M1" t="String" n="T" />
        <Key v="Ok, ok... Dobře máš pravdu. Raděj odsaď rychle zmizím, než dostojíš svým slovům." t="String" n="%X" />
      </Data>
      <Data n="20182175586086e">
        <Key v="7200,-5800" t="Vector2" n="!$P" />
        <Key v="20202866798502" t="String" n="$T" />
        <Key v="%M1" t="String" n="T" />
        <Key v="Hehe, dobrej pokus. Už na tebe nemám náladu. Buď to zkus, nebo táhni..." t="String" n="%X" />
      </Data>
      <Data n="20182175586253e">
        <Key v="7200,-6000" t="Vector2" n="!$P" />
        <Key v="20202866798502" t="String" n="$T" />
        <Key v="%M1" t="String" n="T" />
        <Key v="Tak ono to chce vyhrožovat. Tak to sis vybral špatnou sestavu kamaráde. Podívej kolik nás tady je a teď ti pěkně naklepem prdel. Na ně chlapi." t="String" n="%X" />
      </Data>
      <Data n="20182176443168e">
        <Key v="7950,-400" t="Vector2" n="!$P" />
        <Key v="20202866798502" t="String" n="$T" />
        <Key v="%M1" t="String" n="T" />
        <Key v="Hehe, snažíš se mě podplatit? A takovou almužnou. Blázne. To na mě neplatí" t="String" n="%X" />
      </Data>
      <Data n="20182176437459e">
        <Key v="9000,-600" t="Vector2" n="!$P" />
        <Key v="20202866798502" t="String" n="$T" />
        <Key v="%M1" t="String" n="T" />
        <Key v="No když říkáš takhle, tak se jistě s těmahle měďáčkama dohodnu a za to, že jsi na mě takhle hodnej ti dám tady jeden obvaz. Věřím, že se ti bude hodit." t="String" n="%X" />
      </Data>
      <Data n="20182176437646e">
        <Key v="8550,-800" t="Vector2" n="!$P" />
        <Key v="20202866798502" t="String" n="$T" />
        <Key v="%M1" t="String" n="T" />
        <Key v="No mohl bych na chvilku zavřít očko. Tak šup, ať vás nikdo nevidí." t="String" n="%X" />
      </Data>
      <Data n="20182176443435e">
        <Key v="8250,-1000" t="Vector2" n="!$P" />
        <Key v="20202866798502" t="String" n="$T" />
        <Key v="%M1" t="String" n="T" />
        <Key v="Hehe, snažíš se mě podplatit? A takovou almužnou. Blázne. To na mě neplatí a abych tě naučil, že podplácet se nemá, peníze si nechám." t="String" n="%X" />
      </Data>
      <Data n="20182176443672e">
        <Key v="7950,-1200" t="Vector2" n="!$P" />
        <Key v="20202866798502" t="String" n="$T" />
        <Key v="%M1" t="String" n="T" />
        <Key v="Hehe, snažíš se mě podplatit? Blázne. To na mě neplatí" t="String" n="%X" />
      </Data>
      <Data n="20182176438335e">
        <Key v="9000,-1400" t="Vector2" n="!$P" />
        <Key v="20202866798502" t="String" n="$T" />
        <Key v="%M1" t="String" n="T" />
        <Key v="No když říkáš takhle, tak se jistě s těmahle dvěma stříbrňáčkama dohodnu a za to, že jsi na mě takhle hodnej ti dám tady jedno pivečko. Věřím, že se ti bude hodit." t="String" n="%X" />
      </Data>
      <Data n="20182176438572e">
        <Key v="8550,-1600" t="Vector2" n="!$P" />
        <Key v="20202866798502" t="String" n="$T" />
        <Key v="%M1" t="String" n="T" />
        <Key v="No mohl bych na chvilku zavřít očko. Tak šup, ať vás nikdo nevidí." t="String" n="%X" />
      </Data>
      <Data n="20182176443856e">
        <Key v="7950,-1800" t="Vector2" n="!$P" />
        <Key v="20202866798502" t="String" n="$T" />
        <Key v="%M1" t="String" n="T" />
        <Key v="Hehe, snažíš se mě podplatit? A takovou almužnou. Blázne. To na mě neplatí a abych tě naučil, že podplácet se nemá, peníze si nechám." t="String" n="%X" />
      </Data>
      <Data n="20182176444102e">
        <Key v="7950,-2000" t="Vector2" n="!$P" />
        <Key v="20202866798502" t="String" n="$T" />
        <Key v="%M1" t="String" n="T" />
        <Key v="Hehe, snažíš se mě podplatit? Blázne. To na mě neplatí" t="String" n="%X" />
      </Data>
      <Data n="20182176439148e">
        <Key v="9000,-2200" t="Vector2" n="!$P" />
        <Key v="20202866798502" t="String" n="$T" />
        <Key v="%M1" t="String" n="T" />
        <Key v="No když říkáš takhle, tak se jistě s těmahle stříbrňáčkama dohodnu a za to, že jsi na mě takhle hodnej ti dám tady láhev vína. Věřím, že se ti bude hodit." t="String" n="%X" />
      </Data>
      <Data n="20182176439394e">
        <Key v="8550,-2400" t="Vector2" n="!$P" />
        <Key v="20202866798502" t="String" n="$T" />
        <Key v="%M1" t="String" n="T" />
        <Key v="No mohl bych na chvilku zavřít očko. Tak šup, ať vás nikdo nevidí." t="String" n="%X" />
      </Data>
      <Data n="20182176444298e">
        <Key v="8250,-2600" t="Vector2" n="!$P" />
        <Key v="20202866798502" t="String" n="$T" />
        <Key v="%M1" t="String" n="T" />
        <Key v="Hehe, snažíš se mě podplatit? Blázne. To na mě neplatí a abych tě naučil, že podplácet se nemá, peníze si nechám." t="String" n="%X" />
      </Data>
      <Data n="20182176282542e">
        <Key v="7800,-5400" t="Vector2" n="!$P" />
        <Key v="_EFunc" t="String" n="$T" />
        <Key v="G0" t="String" n="GT" />
        <Key v="Sour_pristup" t="String" n="Var" />
      </Data>
      <Data n="20182176277021e">
        <Key v="7800,-5600" t="Vector2" n="!$P" />
        <Key v="_EFunc" t="String" n="$T" />
        <Key v="G0" t="String" n="GT" />
        <Key v="Sour_pristup" t="String" n="Var" />
      </Data>
      <Data n="20182175671645e">
        <Key v="8100,-5600" t="Vector2" n="!$P" />
        <Key v="20206371455404" t="String" n="$T" />
        <Key v="The Sour odejde do hospody" t="String" n="!%Txt" />
        <Key v="" t="String" n="GT" />
      </Data>
    </Data>
    <Data n="$Conns">
      <Data n="20182175151352c">
        <Key v="20182175151352e" t="String" n="$E" />
      </Data>
      <Data n="20182175106515c">
        <Key v="20182175106515e" t="String" n="$E" />
      </Data>
      <Data n="20182175150551c">
        <Key v="20182175150551e" t="String" n="$E" />
        <Key v="20182175151352e" t="String" n="$S" />
      </Data>
      <Data n="20182175174863c">
        <Key v="20182175174863e" t="String" n="$E" />
        <Key v="20182175106515e" t="String" n="$S" />
      </Data>
      <Data n="20182175174864c">
        <Key v="20182175174864e" t="String" n="$E" />
        <Key v="20182175174863e" t="String" n="$S" />
      </Data>
      <Data n="20182175180001c">
        <Key v="20182175180001e" t="String" n="$E" />
        <Key v="20182175174863e" t="String" n="$S" />
      </Data>
      <Data n="20182175297295c">
        <Key v="20182175297295e" t="String" n="$E" />
        <Key v="20182175174863e" t="String" n="$S" />
      </Data>
      <Data n="20182175181786c">
        <Key v="20182175181786e" t="String" n="$E" />
        <Key v="20182175297295e" t="String" n="$S" />
      </Data>
      <Data n="20182176288869c">
        <Key v="20182176288869e" t="String" n="$E" />
        <Key v="20182175174863e" t="String" n="$S" />
      </Data>
      <Data n="20182176289119c">
        <Key v="20182176289119e" t="String" n="$E" />
        <Key v="20182175174863e" t="String" n="$S" />
      </Data>
      <Data n="20182175109363c">
        <Key v="20182175109363e" t="String" n="$E" />
        <Key v="20182175174864e" t="String" n="$S" />
      </Data>
      <Data n="20182175180002c">
        <Key v="20182175180002e" t="String" n="$E" />
        <Key v="20182175180001e" t="String" n="$S" />
      </Data>
      <Data n="20182175181787c">
        <Key v="20182175181787e" t="String" n="$E" />
        <Key v="20182175181786e" t="String" n="$S" />
      </Data>
      <Data n="20182176288868c">
        <Key v="20182176288868e" t="String" n="$E" />
        <Key v="20182176288869e" t="String" n="$S" />
      </Data>
      <Data n="20182176289118c">
        <Key v="20182176289118e" t="String" n="$E" />
        <Key v="20182176289119e" t="String" n="$S" />
      </Data>
      <Data n="20182175137065c">
        <Key v="20182175137065e" t="String" n="$E" />
        <Key v="20182175109363e" t="String" n="$S" />
      </Data>
      <Data n="20182175140422c">
        <Key v="20182175140422e" t="String" n="$E" />
        <Key v="20182175137065e" t="String" n="$S" />
      </Data>
      <Data n="20182175113591c">
        <Key v="20182175113591e" t="String" n="$E" />
        <Key v="20182175109363e" t="String" n="$S" />
      </Data>
      <Data n="20182176304873c">
        <Key v="20182176304873e" t="String" n="$E" />
        <Key v="20182175109363e" t="String" n="$S" />
      </Data>
      <Data n="20182175273404c">
        <Key v="20182175273404e" t="String" n="$E" />
        <Key v="20182175180002e" t="String" n="$S" />
      </Data>
      <Data n="20182175310106c">
        <Key v="20182175310106e" t="String" n="$E" />
        <Key v="20182175181787e" t="String" n="$S" />
      </Data>
      <Data n="20182175136652c">
        <Key v="20182175136652e" t="String" n="$E" />
        <Key v="20182175140422e" t="String" n="$S" />
      </Data>
      <Data n="20182175111573c">
        <Key v="20182175111573e" t="String" n="$E" />
        <Key v="20182175113591e" t="String" n="$S" />
      </Data>
      <Data n="20182176303093c">
        <Key v="20182176303093e" t="String" n="$E" />
        <Key v="20182176304873e" t="String" n="$S" />
      </Data>
      <Data n="20182175282291c">
        <Key v="20182175282291e" t="String" n="$E" />
        <Key v="20182175273404e" t="String" n="$S" />
      </Data>
      <Data n="20182175495982c">
        <Key v="20182175495982e" t="String" n="$E" />
        <Key v="20182175310106e" t="String" n="$S" />
      </Data>
      <Data n="20182175663305c">
        <Key v="20182175663305e" t="String" n="$E" />
        <Key v="20182175310106e" t="String" n="$S" />
      </Data>
      <Data n="20182175495494c">
        <Key v="20182175495494e" t="String" n="$E" />
        <Key v="20182175663305e" t="String" n="$S" />
      </Data>
      <Data n="20182175168099c">
        <Key v="20182175168099e" t="String" n="$E" />
        <Key v="20182175136652e" t="String" n="$S" />
      </Data>
      <Data n="20182175288217c">
        <Key v="20182175288217e" t="String" n="$E" />
        <Key v="20182175282291e" t="String" n="$S" />
      </Data>
      <Data n="20182175495983c">
        <Key v="20182175495983e" t="String" n="$E" />
        <Key v="20182175495982e" t="String" n="$S" />
      </Data>
      <Data n="20182175495495c">
        <Key v="20182175495495e" t="String" n="$E" />
        <Key v="20182175495494e" t="String" n="$S" />
      </Data>
      <Data n="20182176490253c">
        <Key v="20182176490253e" t="String" n="$E" />
        <Key v="20182175168099e" t="String" n="$S" />
      </Data>
      <Data n="20182175169730c">
        <Key v="20182175169730e" t="String" n="$E" />
        <Key v="20182176490253e" t="String" n="$S" />
      </Data>
      <Data n="20182176601992c">
        <Key v="20182176601992e" t="String" n="$E" />
        <Key v="20182175168099e" t="String" n="$S" />
      </Data>
      <Data n="20182175169859c">
        <Key v="20182175169859e" t="String" n="$E" />
        <Key v="20182176601992e" t="String" n="$S" />
      </Data>
      <Data n="20182176827159c">
        <Key v="20182176827159e" t="String" n="$E" />
        <Key v="20182175168099e" t="String" n="$S" />
      </Data>
      <Data n="20182175170022c">
        <Key v="20182175170022e" t="String" n="$E" />
        <Key v="20182176827159e" t="String" n="$S" />
      </Data>
      <Data n="20182175170156c">
        <Key v="20182175170156e" t="String" n="$E" />
        <Key v="20182175168099e" t="String" n="$S" />
      </Data>
      <Data n="20206616256016c">
        <Key v="20182175174863e" t="String" n="$E" />
        <Key v="20182175288217e" t="String" n="$S" />
      </Data>
      <Data n="20206616256017c">
        <Key v="20182175174863e" t="String" n="$E" />
        <Key v="20182175495983e" t="String" n="$S" />
      </Data>
      <Data n="20182175512708c">
        <Key v="20182175512708e" t="String" n="$E" />
        <Key v="20182175495495e" t="String" n="$S" />
      </Data>
      <Data n="20182175169731c">
        <Key v="20182175169731e" t="String" n="$E" />
        <Key v="20182175169730e" t="String" n="$S" />
      </Data>
      <Data n="20182175169860c">
        <Key v="20182175169860e" t="String" n="$E" />
        <Key v="20182175169859e" t="String" n="$S" />
      </Data>
      <Data n="20182175170023c">
        <Key v="20182175170023e" t="String" n="$E" />
        <Key v="20182175170022e" t="String" n="$S" />
      </Data>
      <Data n="20182175170155c">
        <Key v="20182175170155e" t="String" n="$E" />
        <Key v="20182175170156e" t="String" n="$S" />
      </Data>
      <Data n="20182175523209c">
        <Key v="20182175523209e" t="String" n="$E" />
        <Key v="20182175512708e" t="String" n="$S" />
      </Data>
      <Data n="20182175523364c">
        <Key v="20182175523364e" t="String" n="$E" />
        <Key v="20182175512708e" t="String" n="$S" />
      </Data>
      <Data n="20182176427697c">
        <Key v="20182176427697e" t="String" n="$E" />
        <Key v="20182175169731e" t="String" n="$S" />
      </Data>
      <Data n="20182176498597c">
        <Key v="20182176498597e" t="String" n="$E" />
        <Key v="20182175169731e" t="String" n="$S" />
      </Data>
      <Data n="20182176400174c">
        <Key v="20182176400174e" t="String" n="$E" />
        <Key v="20182176498597e" t="String" n="$S" />
      </Data>
      <Data n="20182176506266c">
        <Key v="20182176506266e" t="String" n="$E" />
        <Key v="20182175169731e" t="String" n="$S" />
      </Data>
      <Data n="20182176400349c">
        <Key v="20182176400349e" t="String" n="$E" />
        <Key v="20182176506266e" t="String" n="$S" />
      </Data>
      <Data n="20182176507805c">
        <Key v="20182176507805e" t="String" n="$E" />
        <Key v="20182175169731e" t="String" n="$S" />
      </Data>
      <Data n="20182176400500c">
        <Key v="20182176400500e" t="String" n="$E" />
        <Key v="20182176507805e" t="String" n="$S" />
      </Data>
      <Data n="20182176596604c">
        <Key v="20182176596604e" t="String" n="$E" />
        <Key v="20182175169860e" t="String" n="$S" />
      </Data>
      <Data n="20182176589557c">
        <Key v="20182176589557e" t="String" n="$E" />
        <Key v="20182176596604e" t="String" n="$S" />
      </Data>
      <Data n="20182177071822c">
        <Key v="20182177071822e" t="String" n="$E" />
        <Key v="20182176589557e" t="String" n="$S" />
      </Data>
      <Data n="20182176597167c">
        <Key v="20182176597167e" t="String" n="$E" />
        <Key v="20182175169860e" t="String" n="$S" />
      </Data>
      <Data n="20182176590136c">
        <Key v="20182176590136e" t="String" n="$E" />
        <Key v="20182176597167e" t="String" n="$S" />
      </Data>
      <Data n="20182176597613c">
        <Key v="20182176597613e" t="String" n="$E" />
        <Key v="20182175169860e" t="String" n="$S" />
      </Data>
      <Data n="20182176598031c">
        <Key v="20182176598031e" t="String" n="$E" />
        <Key v="20182175169860e" t="String" n="$S" />
      </Data>
      <Data n="20182177102034c">
        <Key v="20182177102034e" t="String" n="$E" />
        <Key v="20182176598031e" t="String" n="$S" />
      </Data>
      <Data n="20182176598877c">
        <Key v="20182176598877e" t="String" n="$E" />
        <Key v="20182175170023e" t="String" n="$S" />
      </Data>
      <Data n="20182176590758c">
        <Key v="20182176590758e" t="String" n="$E" />
        <Key v="20182176598877e" t="String" n="$S" />
      </Data>
      <Data n="20182177074753c">
        <Key v="20182177074753e" t="String" n="$E" />
        <Key v="20182176590758e" t="String" n="$S" />
      </Data>
      <Data n="20182176599181c">
        <Key v="20182176599181e" t="String" n="$E" />
        <Key v="20182175170023e" t="String" n="$S" />
      </Data>
      <Data n="20182176591208c">
        <Key v="20182176591208e" t="String" n="$E" />
        <Key v="20182176599181e" t="String" n="$S" />
      </Data>
      <Data n="20182176599527c">
        <Key v="20182176599527e" t="String" n="$E" />
        <Key v="20182175170023e" t="String" n="$S" />
      </Data>
      <Data n="20182176599828c">
        <Key v="20182176599828e" t="String" n="$E" />
        <Key v="20182175170023e" t="String" n="$S" />
      </Data>
      <Data n="20206616256049c">
        <Key v="20182175174863e" t="String" n="$E" />
        <Key v="20182175170155e" t="String" n="$S" />
      </Data>
      <Data n="20182175523210c">
        <Key v="20182175523210e" t="String" n="$E" />
        <Key v="20182175523209e" t="String" n="$S" />
      </Data>
      <Data n="20182175523363c">
        <Key v="20182175523363e" t="String" n="$E" />
        <Key v="20182175523364e" t="String" n="$S" />
      </Data>
      <Data n="20182176427696c">
        <Key v="20182176427696e" t="String" n="$E" />
        <Key v="20182176427697e" t="String" n="$S" />
      </Data>
      <Data n="20182176400173c">
        <Key v="20182176400173e" t="String" n="$E" />
        <Key v="20182176400174e" t="String" n="$S" />
      </Data>
      <Data n="20182176400350c">
        <Key v="20182176400350e" t="String" n="$E" />
        <Key v="20182176400349e" t="String" n="$S" />
      </Data>
      <Data n="20182176400499c">
        <Key v="20182176400499e" t="String" n="$E" />
        <Key v="20182176400500e" t="String" n="$S" />
      </Data>
      <Data n="20182176401341c">
        <Key v="20182176401341e" t="String" n="$E" />
        <Key v="20182177071822e" t="String" n="$S" />
      </Data>
      <Data n="20182176401800c">
        <Key v="20182176401800e" t="String" n="$E" />
        <Key v="20182176590136e" t="String" n="$S" />
      </Data>
      <Data n="20182176401988c">
        <Key v="20182176401988e" t="String" n="$E" />
        <Key v="20182176597613e" t="String" n="$S" />
      </Data>
      <Data n="20182176402213c">
        <Key v="20182176402213e" t="String" n="$E" />
        <Key v="20182177102034e" t="String" n="$S" />
      </Data>
      <Data n="20182176406783c">
        <Key v="20182176406783e" t="String" n="$E" />
        <Key v="20182177074753e" t="String" n="$S" />
      </Data>
      <Data n="20182176406979c">
        <Key v="20182176406979e" t="String" n="$E" />
        <Key v="20182176591208e" t="String" n="$S" />
      </Data>
      <Data n="20182176407171c">
        <Key v="20182176407171e" t="String" n="$E" />
        <Key v="20182176599527e" t="String" n="$S" />
      </Data>
      <Data n="20182176407359c">
        <Key v="20182176407359e" t="String" n="$E" />
        <Key v="20182176599828e" t="String" n="$S" />
      </Data>
      <Data n="20182175588384c">
        <Key v="20182175588384e" t="String" n="$E" />
        <Key v="20182175523210e" t="String" n="$S" />
      </Data>
      <Data n="20182175586941c">
        <Key v="20182175586941e" t="String" n="$E" />
        <Key v="20182175523210e" t="String" n="$S" />
      </Data>
      <Data n="20182175588605c">
        <Key v="20182175588605e" t="String" n="$E" />
        <Key v="20182175523210e" t="String" n="$S" />
      </Data>
      <Data n="20182175588834c">
        <Key v="20182175588834e" t="String" n="$E" />
        <Key v="20182175523210e" t="String" n="$S" />
      </Data>
      <Data n="20206616256069c">
        <Key v="20182175174863e" t="String" n="$E" />
        <Key v="20182175523363e" t="String" n="$S" />
      </Data>
      <Data n="20206616256070c">
        <Key v="20182175168099e" t="String" n="$E" />
        <Key v="20182176427696e" t="String" n="$S" />
      </Data>
      <Data n="20182176523276c">
        <Key v="20182176523276e" t="String" n="$E" />
        <Key v="20182176400173e" t="String" n="$S" />
      </Data>
      <Data n="20182176521500c">
        <Key v="20182176521500e" t="String" n="$E" />
        <Key v="20182176400173e" t="String" n="$S" />
      </Data>
      <Data n="20182176579240c">
        <Key v="20182176579240e" t="String" n="$E" />
        <Key v="20182176521500e" t="String" n="$S" />
      </Data>
      <Data n="20182176585199c">
        <Key v="20182176585199e" t="String" n="$E" />
        <Key v="20182176579240e" t="String" n="$S" />
      </Data>
      <Data n="20182176508781c">
        <Key v="20182176508781e" t="String" n="$E" />
        <Key v="20182176585199e" t="String" n="$S" />
      </Data>
      <Data n="20182176522997c">
        <Key v="20182176522997e" t="String" n="$E" />
        <Key v="20182176400173e" t="String" n="$S" />
      </Data>
      <Data n="20182176586796c">
        <Key v="20182176586796e" t="String" n="$E" />
        <Key v="20182176522997e" t="String" n="$S" />
      </Data>
      <Data n="20182176691308c">
        <Key v="20182176691308e" t="String" n="$E" />
        <Key v="20182176586796e" t="String" n="$S" />
      </Data>
      <Data n="20182176523505c">
        <Key v="20182176523505e" t="String" n="$E" />
        <Key v="20182176400173e" t="String" n="$S" />
      </Data>
      <Data n="20182176692209c">
        <Key v="20182176692209e" t="String" n="$E" />
        <Key v="20182176523505e" t="String" n="$S" />
      </Data>
      <Data n="20182176593631c">
        <Key v="20182176593631e" t="String" n="$E" />
        <Key v="20182176400350e" t="String" n="$S" />
      </Data>
      <Data n="20182176592818c">
        <Key v="20182176592818e" t="String" n="$E" />
        <Key v="20182176400350e" t="String" n="$S" />
      </Data>
      <Data n="20182176587513c">
        <Key v="20182176587513e" t="String" n="$E" />
        <Key v="20182176592818e" t="String" n="$S" />
      </Data>
      <Data n="20182176709878c">
        <Key v="20182176709878e" t="String" n="$E" />
        <Key v="20182176587513e" t="String" n="$S" />
      </Data>
      <Data n="20182176718643c">
        <Key v="20182176718643e" t="String" n="$E" />
        <Key v="20182176709878e" t="String" n="$S" />
      </Data>
      <Data n="20182176593965c">
        <Key v="20182176593965e" t="String" n="$E" />
        <Key v="20182176400350e" t="String" n="$S" />
      </Data>
      <Data n="20182176587805c">
        <Key v="20182176587805e" t="String" n="$E" />
        <Key v="20182176593965e" t="String" n="$S" />
      </Data>
      <Data n="20182176718352c">
        <Key v="20182176718352e" t="String" n="$E" />
        <Key v="20182176587805e" t="String" n="$S" />
      </Data>
      <Data n="20182176716675c">
        <Key v="20182176716675e" t="String" n="$E" />
        <Key v="20182176400350e" t="String" n="$S" />
      </Data>
      <Data n="20182176595416c">
        <Key v="20182176595416e" t="String" n="$E" />
        <Key v="20182176400499e" t="String" n="$S" />
      </Data>
      <Data n="20182176594815c">
        <Key v="20182176594815e" t="String" n="$E" />
        <Key v="20182176400499e" t="String" n="$S" />
      </Data>
      <Data n="20182176588368c">
        <Key v="20182176588368e" t="String" n="$E" />
        <Key v="20182176594815e" t="String" n="$S" />
      </Data>
      <Data n="20182176804436c">
        <Key v="20182176804436e" t="String" n="$E" />
        <Key v="20182176588368e" t="String" n="$S" />
      </Data>
      <Data n="20182176513126c">
        <Key v="20182176513126e" t="String" n="$E" />
        <Key v="20182176804436e" t="String" n="$S" />
      </Data>
      <Data n="20182176595132c">
        <Key v="20182176595132e" t="String" n="$E" />
        <Key v="20182176400499e" t="String" n="$S" />
      </Data>
      <Data n="20182176588693c">
        <Key v="20182176588693e" t="String" n="$E" />
        <Key v="20182176595132e" t="String" n="$S" />
      </Data>
      <Data n="20182176814152c">
        <Key v="20182176814152e" t="String" n="$E" />
        <Key v="20182176588693e" t="String" n="$S" />
      </Data>
      <Data n="20182176593243c">
        <Key v="20182176593243e" t="String" n="$E" />
        <Key v="20182176400499e" t="String" n="$S" />
      </Data>
      <Data n="20182176814427c">
        <Key v="20182176814427e" t="String" n="$E" />
        <Key v="20182176593243e" t="String" n="$S" />
      </Data>
      <Data n="20182175585832c">
        <Key v="20182175585832e" t="String" n="$E" />
        <Key v="20182175588384e" t="String" n="$S" />
      </Data>
      <Data n="20182175575644c">
        <Key v="20182175575644e" t="String" n="$E" />
        <Key v="20182175586941e" t="String" n="$S" />
      </Data>
      <Data n="20182175586086c">
        <Key v="20182175586086e" t="String" n="$E" />
        <Key v="20182175588605e" t="String" n="$S" />
      </Data>
      <Data n="20182175586253c">
        <Key v="20182175586253e" t="String" n="$E" />
        <Key v="20182175588834e" t="String" n="$S" />
      </Data>
      <Data n="20182176443168c">
        <Key v="20182176443168e" t="String" n="$E" />
        <Key v="20182176523276e" t="String" n="$S" />
      </Data>
      <Data n="20182176437459c">
        <Key v="20182176437459e" t="String" n="$E" />
        <Key v="20182176508781e" t="String" n="$S" />
      </Data>
      <Data n="20182176437646c">
        <Key v="20182176437646e" t="String" n="$E" />
        <Key v="20182176691308e" t="String" n="$S" />
      </Data>
      <Data n="20182176443435c">
        <Key v="20182176443435e" t="String" n="$E" />
        <Key v="20182176692209e" t="String" n="$S" />
      </Data>
      <Data n="20182176443672c">
        <Key v="20182176443672e" t="String" n="$E" />
        <Key v="20182176593631e" t="String" n="$S" />
      </Data>
      <Data n="20182176438335c">
        <Key v="20182176438335e" t="String" n="$E" />
        <Key v="20182176718643e" t="String" n="$S" />
      </Data>
      <Data n="20182176438572c">
        <Key v="20182176438572e" t="String" n="$E" />
        <Key v="20182176718352e" t="String" n="$S" />
      </Data>
      <Data n="20182176443856c">
        <Key v="20182176443856e" t="String" n="$E" />
        <Key v="20182176716675e" t="String" n="$S" />
      </Data>
      <Data n="20182176444102c">
        <Key v="20182176444102e" t="String" n="$E" />
        <Key v="20182176595416e" t="String" n="$S" />
      </Data>
      <Data n="20182176439148c">
        <Key v="20182176439148e" t="String" n="$E" />
        <Key v="20182176513126e" t="String" n="$S" />
      </Data>
      <Data n="20182176439394c">
        <Key v="20182176439394e" t="String" n="$E" />
        <Key v="20182176814152e" t="String" n="$S" />
      </Data>
      <Data n="20182176444298c">
        <Key v="20182176444298e" t="String" n="$E" />
        <Key v="20182176814427e" t="String" n="$S" />
      </Data>
      <Data n="20182176282542c">
        <Key v="20182176282542e" t="String" n="$E" />
        <Key v="20182175585832e" t="String" n="$S" />
      </Data>
      <Data n="20182176277021c">
        <Key v="20182176277021e" t="String" n="$E" />
        <Key v="20182175575644e" t="String" n="$S" />
      </Data>
      <Data n="20182175671645c">
        <Key v="20182175671645e" t="String" n="$E" />
        <Key v="20182176277021e" t="String" n="$S" />
      </Data>
    </Data>
  </Data>
</DataRoot>