﻿<?xml version="1.0" encoding="utf-8"?>
<DataRoot n="D">
  <Data n="20182078796500">
    <Data n="$Elems">
      <Data n="20182341441343e">
        <Key v="450,0" t="Vector2" n="!$P" />
        <Key v="20202866798502" t="String" n="$T" />
        <Key v="%M1" t="String" n="T" />
        <Key v="Kam si myslíš, že kráčíš?" t="String" n="%X" />
      </Data>
      <Data n="20187000634451e">
        <Key v="1050,0" t="Vector2" n="!$P" />
        <Key v="20202934699316" t="String" n="$T" />
        <Key v="Bezeslova zaútočit" t="String" n="%CX" />
        <Key v="MrA" t="String" n="Spc" />
      </Data>
      <Data n="20182341447892e">
        <Key v="1050,-200" t="Vector2" n="!$P" />
        <Key v="20202934699316" t="String" n="$T" />
        <Key v="Zeptat se na bedny" t="String" n="%CX" />
      </Data>
      <Data n="20187000643075e">
        <Key v="1050,-5400" t="Vector2" n="!$P" />
        <Key v="20202934699316" t="String" n="$T" />
        <Key v="Odejít" t="String" n="%CX" />
      </Data>
      <Data n="20187000634450e">
        <Key v="1500,0" t="Vector2" n="!$P" />
        <Key v="20202866798502" t="String" n="$T" />
      </Data>
      <Data n="20182341447891e">
        <Key v="1500,-200" t="Vector2" n="!$P" />
        <Key v="20202866798502" t="String" n="$T" />
        <Key v="No rád bych se kouknul na tyhle bedny." t="String" n="%X" />
      </Data>
      <Data n="20187000643074e">
        <Key v="1500,-5400" t="Vector2" n="!$P" />
        <Key v="20202866798502" t="String" n="$T" />
        <Key v="Ale vlastně nikam" t="String" n="%X" />
      </Data>
      <Data n="20182341554555e">
        <Key v="2100,-200" t="Vector2" n="!$P" />
        <Key v="_EGate" t="String" n="$T" />
        <Key v="G1" t="String" n="GT" />
        <Key v="1" t="Int32" n="T2" />
        <Key v="20" t="Decimal" n="Val" />
        <Key v="Lishak" t="String" n="Cnt" />
        <Key v="Oeg" t="String" n="O" />
      </Data>
      <Data n="20182341604539e">
        <Key v="2400,-200" t="Vector2" n="!$P" />
        <Key v="_EFunc" t="String" n="$T" />
        <Key v="G0" t="String" n="GT" />
        <Key v="Silver-Eye_pristup" t="String" n="Var" />
      </Data>
      <Data n="20182341453354e">
        <Key v="2100,-400" t="Vector2" n="!$P" />
        <Key v="_EGate" t="String" n="$T" />
        <Key v="G1" t="String" n="GT" />
        <Key v="1" t="Int32" n="T2" />
        <Key v="19" t="Decimal" n="Val" />
        <Key v="Lishak" t="String" n="Cnt" />
        <Key v="Oel" t="String" n="O" />
      </Data>
      <Data n="20182341456720e">
        <Key v="2400,-400" t="Vector2" n="!$P" />
        <Key v="_EGate" t="String" n="$T" />
        <Key v="G1" t="String" n="GT" />
        <Key v="1" t="Int32" n="T2" />
        <Key v="-9" t="Decimal" n="Val" />
        <Key v="Lishak" t="String" n="Cnt" />
        <Key v="Oeg" t="String" n="O" />
      </Data>
      <Data n="20182341557975e">
        <Key v="2100,-4800" t="Vector2" n="!$P" />
        <Key v="_EGate" t="String" n="$T" />
        <Key v="G1" t="String" n="GT" />
        <Key v="1" t="Int32" n="T2" />
        <Key v="-10" t="Decimal" n="Val" />
        <Key v="Lishak" t="String" n="Cnt" />
        <Key v="Oel" t="String" n="O" />
      </Data>
      <Data n="20187000591539e">
        <Key v="2100,-5200" t="Vector2" n="!$P" />
        <Key v="_EGate" t="String" n="$T" />
        <Key v="G0" t="String" n="GT" />
        <Key v="1" t="Int32" n="Ex" />
        <Key v="Silver-Eye_pristup" t="String" n="Var" />
      </Data>
      <Data n="20187000582703e">
        <Key v="2400,-5200" t="Vector2" n="!$P" />
        <Key v="20202934699316" t="String" n="$T" />
      </Data>
      <Data n="20187000654354e">
        <Key v="2100,-5400" t="Vector2" n="!$P" />
        <Key v="20206371455404" t="String" n="$T" />
        <Key v="CkE" t="String" n="GT" />
        <Key v="SaS" t="String" n="T" />
        <Key v="E20186492804762" t="String" n="Ev" />
      </Data>
      <Data n="20182341451816e">
        <Key v="2850,-200" t="Vector2" n="!$P" />
        <Key v="20202866798502" t="String" n="$T" />
        <Key v="%M1" t="String" n="T" />
        <Key v="A to jste vy. Pan Lishak vám věří, tak tedy prosím." t="String" n="%X" />
      </Data>
      <Data n="20182341450777e">
        <Key v="2850,-400" t="Vector2" n="!$P" />
        <Key v="20202866798502" t="String" n="$T" />
        <Key v="%M1" t="String" n="T" />
        <Key v="Tyhle bedny patří panu Lishakovi a ty se do nich rozhodně nepodíváš." t="String" n="%X" />
      </Data>
      <Data n="20182341452099e">
        <Key v="2550,-4800" t="Vector2" n="!$P" />
        <Key v="20202866798502" t="String" n="$T" />
        <Key v="%M1" t="String" n="T" />
        <Key v="Ty, jo?! Jsi veřejný nepřítel č. 1 táhni odsud!" t="String" n="%X" />
      </Data>
      <Data n="20187000582704e">
        <Key v="2850,-5200" t="Vector2" n="!$P" />
        <Key v="20202866798502" t="String" n="$T" />
        <Key v="%M1" t="String" n="T" />
        <Key v="V pořádku, můžeš." t="String" n="%X" />
      </Data>
      <Data n="20187000650293e">
        <Key v="2550,-5400" t="Vector2" n="!$P" />
        <Key v="20202866798502" t="String" n="$T" />
        <Key v="%M1" t="String" n="T" />
        <Key v="To je dobře, minimálně pro tvé zdraví &lt;ha ha&gt;" t="String" n="%X" />
      </Data>
      <Data n="20182341663726e">
        <Key v="3450,-400" t="Vector2" n="!$P" />
        <Key v="20202934699316" t="String" n="$T" />
        <Key v="Bezeslova zaútočit" t="String" n="%CX" />
        <Key v="MrA" t="String" n="Spc" />
      </Data>
      <Data n="20182341721340e">
        <Key v="3450,-600" t="Vector2" n="!$P" />
        <Key v="_EGate" t="String" n="$T" />
        <Key v="G4" t="String" n="GT" />
      </Data>
      <Data n="20182341609531e">
        <Key v="3750,-600" t="Vector2" n="!$P" />
        <Key v="20202934699316" t="String" n="$T" />
        <Key v="Podplatit" t="String" n="%CX" />
      </Data>
      <Data n="20182341721019e">
        <Key v="3450,-3000" t="Vector2" n="!$P" />
        <Key v="_EGate" t="String" n="$T" />
        <Key v="G4" t="String" n="GT" />
      </Data>
      <Data n="20182341609715e">
        <Key v="3750,-3000" t="Vector2" n="!$P" />
        <Key v="20202934699316" t="String" n="$T" />
        <Key v="Přemluvit" t="String" n="%CX" />
      </Data>
      <Data n="20182341719543e">
        <Key v="3450,-3800" t="Vector2" n="!$P" />
        <Key v="_EGate" t="String" n="$T" />
        <Key v="G4" t="String" n="GT" />
      </Data>
      <Data n="20182341609911e">
        <Key v="3750,-3800" t="Vector2" n="!$P" />
        <Key v="20202934699316" t="String" n="$T" />
        <Key v="Vyhrožovat" t="String" n="%CX" />
      </Data>
      <Data n="20182341665403e">
        <Key v="3450,-4600" t="Vector2" n="!$P" />
        <Key v="20202934699316" t="String" n="$T" />
        <Key v="Odejít" t="String" n="%CX" />
        <Key v="MrE" t="String" n="Spc" />
      </Data>
      <Data n="20182341568739e">
        <Key v="3150,-4800" t="Vector2" n="!$P" />
        <Key v="20202934699316" t="String" n="$T" />
        <Key v="Bezeslova zaútočit" t="String" n="%CX" />
        <Key v="MrA" t="String" n="Spc" />
      </Data>
      <Data n="20182341568872e">
        <Key v="3150,-5000" t="Vector2" n="!$P" />
        <Key v="20202934699316" t="String" n="$T" />
        <Key v="Odejít" t="String" n="%CX" />
        <Key v="MrE" t="String" n="Spc" />
      </Data>
      <Data n="20182341663727e">
        <Key v="3900,-400" t="Vector2" n="!$P" />
        <Key v="20202866798502" t="String" n="$T" />
      </Data>
      <Data n="20182341609530e">
        <Key v="4200,-600" t="Vector2" n="!$P" />
        <Key v="20202866798502" t="String" n="$T" />
      </Data>
      <Data n="20182341609714e">
        <Key v="4200,-3000" t="Vector2" n="!$P" />
        <Key v="20202866798502" t="String" n="$T" />
      </Data>
      <Data n="20182341609910e">
        <Key v="4200,-3800" t="Vector2" n="!$P" />
        <Key v="20202866798502" t="String" n="$T" />
      </Data>
      <Data n="20182341665402e">
        <Key v="3900,-4600" t="Vector2" n="!$P" />
        <Key v="20202866798502" t="String" n="$T" />
      </Data>
      <Data n="20182341568738e">
        <Key v="3600,-4800" t="Vector2" n="!$P" />
        <Key v="20202866798502" t="String" n="$T" />
      </Data>
      <Data n="20182341568873e">
        <Key v="3600,-5000" t="Vector2" n="!$P" />
        <Key v="20202866798502" t="String" n="$T" />
      </Data>
      <Data n="20182341738918e">
        <Key v="4800,-600" t="Vector2" n="!$P" />
        <Key v="20202934699316" t="String" n="$T" />
        <Key v="Malý úplatek" t="String" n="%CX" />
      </Data>
      <Data n="20182341739143e">
        <Key v="4800,-1400" t="Vector2" n="!$P" />
        <Key v="20202934699316" t="String" n="$T" />
        <Key v="Střední úplatek" t="String" n="%CX" />
      </Data>
      <Data n="20182341739356e">
        <Key v="4800,-2200" t="Vector2" n="!$P" />
        <Key v="20202934699316" t="String" n="$T" />
        <Key v="Velký úplatek" t="String" n="%CX" />
      </Data>
      <Data n="20182341729651e">
        <Key v="4800,-3000" t="Vector2" n="!$P" />
        <Key v="_EGate" t="String" n="$T" />
        <Key v="G1" t="String" n="GT" />
        <Key v="1" t="Int32" n="T2" />
        <Key v="3" t="Decimal" n="Val" />
        <Key v="XResult" t="String" n="Cnt" />
        <Key v="Oeg" t="String" n="O" />
      </Data>
      <Data n="20182341737512e">
        <Key v="5100,-3000" t="Vector2" n="!$P" />
        <Key v="_EFunc" t="String" n="$T" />
        <Key v="G0" t="String" n="GT" />
        <Key v="Silver-Eye_pristup" t="String" n="Var" />
      </Data>
      <Data n="20182341733709e">
        <Key v="4800,-3200" t="Vector2" n="!$P" />
        <Key v="_EGate" t="String" n="$T" />
        <Key v="G1" t="String" n="GT" />
        <Key v="1" t="Int32" n="T2" />
        <Key v="2" t="Decimal" n="Val" />
        <Key v="XResult" t="String" n="Cnt" />
        <Key v="Oeg" t="String" n="O" />
      </Data>
      <Data n="20182341737808e">
        <Key v="5100,-3200" t="Vector2" n="!$P" />
        <Key v="_EFunc" t="String" n="$T" />
        <Key v="G0" t="String" n="GT" />
        <Key v="Silver-Eye_pristup" t="String" n="Var" />
      </Data>
      <Data n="20182341734101e">
        <Key v="4800,-3400" t="Vector2" n="!$P" />
        <Key v="_EGate" t="String" n="$T" />
        <Key v="G1" t="String" n="GT" />
        <Key v="1" t="Int32" n="T2" />
        <Key v="1" t="Decimal" n="Val" />
        <Key v="XResult" t="String" n="Cnt" />
        <Key v="Oeg" t="String" n="O" />
      </Data>
      <Data n="20182341734455e">
        <Key v="4800,-3600" t="Vector2" n="!$P" />
        <Key v="_EGate" t="String" n="$T" />
        <Key v="G1" t="String" n="GT" />
        <Key v="1" t="Int32" n="T2" />
        <Key v="0" t="Decimal" n="Val" />
        <Key v="XResult" t="String" n="Cnt" />
        <Key v="Oeg" t="String" n="O" />
      </Data>
      <Data n="20182341731286e">
        <Key v="4800,-3800" t="Vector2" n="!$P" />
        <Key v="_EGate" t="String" n="$T" />
        <Key v="G1" t="String" n="GT" />
        <Key v="1" t="Int32" n="T2" />
        <Key v="3" t="Decimal" n="Val" />
        <Key v="XResult" t="String" n="Cnt" />
        <Key v="Oeg" t="String" n="O" />
      </Data>
      <Data n="20182341738108e">
        <Key v="5100,-3800" t="Vector2" n="!$P" />
        <Key v="_EFunc" t="String" n="$T" />
        <Key v="G0" t="String" n="GT" />
        <Key v="Silver-Eye_pristup" t="String" n="Var" />
      </Data>
      <Data n="20182341731557e">
        <Key v="4800,-4000" t="Vector2" n="!$P" />
        <Key v="_EGate" t="String" n="$T" />
        <Key v="G1" t="String" n="GT" />
        <Key v="1" t="Int32" n="T2" />
        <Key v="2" t="Decimal" n="Val" />
        <Key v="XResult" t="String" n="Cnt" />
        <Key v="Oeg" t="String" n="O" />
      </Data>
      <Data n="20182341738350e">
        <Key v="5100,-4000" t="Vector2" n="!$P" />
        <Key v="_EFunc" t="String" n="$T" />
        <Key v="G0" t="String" n="GT" />
        <Key v="Silver-Eye_pristup" t="String" n="Var" />
      </Data>
      <Data n="20182341732274e">
        <Key v="4800,-4200" t="Vector2" n="!$P" />
        <Key v="_EGate" t="String" n="$T" />
        <Key v="G1" t="String" n="GT" />
        <Key v="1" t="Int32" n="T2" />
        <Key v="1" t="Decimal" n="Val" />
        <Key v="XResult" t="String" n="Cnt" />
        <Key v="Oeg" t="String" n="O" />
      </Data>
      <Data n="20182341732884e">
        <Key v="4800,-4400" t="Vector2" n="!$P" />
        <Key v="_EGate" t="String" n="$T" />
        <Key v="G1" t="String" n="GT" />
        <Key v="1" t="Int32" n="T2" />
        <Key v="0" t="Decimal" n="Val" />
        <Key v="XResult" t="String" n="Cnt" />
        <Key v="Oeg" t="String" n="O" />
      </Data>
      <Data n="20182341738919e">
        <Key v="5250,-600" t="Vector2" n="!$P" />
        <Key v="20202866798502" t="String" n="$T" />
      </Data>
      <Data n="20182341739144e">
        <Key v="5250,-1400" t="Vector2" n="!$P" />
        <Key v="20202866798502" t="String" n="$T" />
      </Data>
      <Data n="20182341739355e">
        <Key v="5250,-2200" t="Vector2" n="!$P" />
        <Key v="20202866798502" t="String" n="$T" />
      </Data>
      <Data n="20182341715769e">
        <Key v="5550,-3000" t="Vector2" n="!$P" />
        <Key v="20202866798502" t="String" n="$T" />
        <Key v="%M1" t="String" n="T" />
      </Data>
      <Data n="20182341715919e">
        <Key v="5550,-3200" t="Vector2" n="!$P" />
        <Key v="20202866798502" t="String" n="$T" />
        <Key v="%M1" t="String" n="T" />
      </Data>
      <Data n="20182341716078e">
        <Key v="5250,-3400" t="Vector2" n="!$P" />
        <Key v="20202866798502" t="String" n="$T" />
        <Key v="%M1" t="String" n="T" />
      </Data>
      <Data n="20182341716390e">
        <Key v="5250,-3600" t="Vector2" n="!$P" />
        <Key v="20202866798502" t="String" n="$T" />
        <Key v="%M1" t="String" n="T" />
      </Data>
      <Data n="20182341717270e">
        <Key v="5550,-3800" t="Vector2" n="!$P" />
        <Key v="20202866798502" t="String" n="$T" />
        <Key v="%M1" t="String" n="T" />
      </Data>
      <Data n="20182341717425e">
        <Key v="5550,-4000" t="Vector2" n="!$P" />
        <Key v="20202866798502" t="String" n="$T" />
        <Key v="%M1" t="String" n="T" />
      </Data>
      <Data n="20182341717600e">
        <Key v="5250,-4200" t="Vector2" n="!$P" />
        <Key v="20202866798502" t="String" n="$T" />
        <Key v="%M1" t="String" n="T" />
      </Data>
      <Data n="20182341717783e">
        <Key v="5250,-4400" t="Vector2" n="!$P" />
        <Key v="20202866798502" t="String" n="$T" />
        <Key v="%M1" t="String" n="T" />
      </Data>
      <Data n="20182341748138e">
        <Key v="5850,-600" t="Vector2" n="!$P" />
        <Key v="_EGate" t="String" n="$T" />
        <Key v="G1" t="String" n="GT" />
        <Key v="1" t="Int32" n="T2" />
        <Key v="3" t="Decimal" n="Val" />
        <Key v="XResult" t="String" n="Cnt" />
        <Key v="Oeg" t="String" n="O" />
      </Data>
      <Data n="20182341754364e">
        <Key v="6150,-600" t="Vector2" n="!$P" />
        <Key v="_EFunc" t="String" n="$T" />
        <Key v="G0" t="String" n="GT" />
        <Key v="Silver-Eye_pristup" t="String" n="Var" />
      </Data>
      <Data n="20182341748667e">
        <Key v="5850,-800" t="Vector2" n="!$P" />
        <Key v="_EGate" t="String" n="$T" />
        <Key v="G1" t="String" n="GT" />
        <Key v="1" t="Int32" n="T2" />
        <Key v="2" t="Decimal" n="Val" />
        <Key v="XResult" t="String" n="Cnt" />
        <Key v="Oeg" t="String" n="O" />
      </Data>
      <Data n="20182341754668e">
        <Key v="6150,-800" t="Vector2" n="!$P" />
        <Key v="_EFunc" t="String" n="$T" />
        <Key v="G0" t="String" n="GT" />
        <Key v="Silver-Eye_pristup" t="String" n="Var" />
      </Data>
      <Data n="20182341749222e">
        <Key v="5850,-1000" t="Vector2" n="!$P" />
        <Key v="_EGate" t="String" n="$T" />
        <Key v="G1" t="String" n="GT" />
        <Key v="1" t="Int32" n="T2" />
        <Key v="1" t="Decimal" n="Val" />
        <Key v="XResult" t="String" n="Cnt" />
        <Key v="Oeg" t="String" n="O" />
      </Data>
      <Data n="20182341749760e">
        <Key v="5850,-1200" t="Vector2" n="!$P" />
        <Key v="_EGate" t="String" n="$T" />
        <Key v="G1" t="String" n="GT" />
        <Key v="1" t="Int32" n="T2" />
        <Key v="0" t="Decimal" n="Val" />
        <Key v="XResult" t="String" n="Cnt" />
        <Key v="Oeg" t="String" n="O" />
      </Data>
      <Data n="20182341752712e">
        <Key v="5850,-1400" t="Vector2" n="!$P" />
        <Key v="_EGate" t="String" n="$T" />
        <Key v="G1" t="String" n="GT" />
        <Key v="1" t="Int32" n="T2" />
        <Key v="3" t="Decimal" n="Val" />
        <Key v="XResult" t="String" n="Cnt" />
        <Key v="Oeg" t="String" n="O" />
      </Data>
      <Data n="20182341755027e">
        <Key v="6150,-1400" t="Vector2" n="!$P" />
        <Key v="_EFunc" t="String" n="$T" />
        <Key v="G0" t="String" n="GT" />
        <Key v="Silver-Eye_pristup" t="String" n="Var" />
      </Data>
      <Data n="20182341752220e">
        <Key v="5850,-1600" t="Vector2" n="!$P" />
        <Key v="_EGate" t="String" n="$T" />
        <Key v="G1" t="String" n="GT" />
        <Key v="1" t="Int32" n="T2" />
        <Key v="2" t="Decimal" n="Val" />
        <Key v="XResult" t="String" n="Cnt" />
        <Key v="Oeg" t="String" n="O" />
      </Data>
      <Data n="20182341755302e">
        <Key v="6150,-1600" t="Vector2" n="!$P" />
        <Key v="_EFunc" t="String" n="$T" />
        <Key v="G0" t="String" n="GT" />
        <Key v="Silver-Eye_pristup" t="String" n="Var" />
      </Data>
      <Data n="20182341750773e">
        <Key v="5850,-1800" t="Vector2" n="!$P" />
        <Key v="_EGate" t="String" n="$T" />
        <Key v="G1" t="String" n="GT" />
        <Key v="1" t="Int32" n="T2" />
        <Key v="1" t="Decimal" n="Val" />
        <Key v="XResult" t="String" n="Cnt" />
        <Key v="Oeg" t="String" n="O" />
      </Data>
      <Data n="20182341750060e">
        <Key v="5850,-2000" t="Vector2" n="!$P" />
        <Key v="_EGate" t="String" n="$T" />
        <Key v="G1" t="String" n="GT" />
        <Key v="1" t="Int32" n="T2" />
        <Key v="0" t="Decimal" n="Val" />
        <Key v="XResult" t="String" n="Cnt" />
        <Key v="Oeg" t="String" n="O" />
      </Data>
      <Data n="20182341753005e">
        <Key v="5850,-2200" t="Vector2" n="!$P" />
        <Key v="_EGate" t="String" n="$T" />
        <Key v="G1" t="String" n="GT" />
        <Key v="1" t="Int32" n="T2" />
        <Key v="3" t="Decimal" n="Val" />
        <Key v="XResult" t="String" n="Cnt" />
        <Key v="Oeg" t="String" n="O" />
      </Data>
      <Data n="20182341755598e">
        <Key v="6150,-2200" t="Vector2" n="!$P" />
        <Key v="_EFunc" t="String" n="$T" />
        <Key v="G0" t="String" n="GT" />
        <Key v="Silver-Eye_pristup" t="String" n="Var" />
      </Data>
      <Data n="20182341751782e">
        <Key v="5850,-2400" t="Vector2" n="!$P" />
        <Key v="_EGate" t="String" n="$T" />
        <Key v="G1" t="String" n="GT" />
        <Key v="1" t="Int32" n="T2" />
        <Key v="2" t="Decimal" n="Val" />
        <Key v="XResult" t="String" n="Cnt" />
        <Key v="Oeg" t="String" n="O" />
      </Data>
      <Data n="20182341755894e">
        <Key v="6150,-2400" t="Vector2" n="!$P" />
        <Key v="_EFunc" t="String" n="$T" />
        <Key v="G0" t="String" n="GT" />
        <Key v="Silver-Eye_pristup" t="String" n="Var" />
      </Data>
      <Data n="20182341751149e">
        <Key v="5850,-2600" t="Vector2" n="!$P" />
        <Key v="_EGate" t="String" n="$T" />
        <Key v="G1" t="String" n="GT" />
        <Key v="1" t="Int32" n="T2" />
        <Key v="1" t="Decimal" n="Val" />
        <Key v="XResult" t="String" n="Cnt" />
        <Key v="Oeg" t="String" n="O" />
      </Data>
      <Data n="20182341750394e">
        <Key v="5850,-2800" t="Vector2" n="!$P" />
        <Key v="_EGate" t="String" n="$T" />
        <Key v="G1" t="String" n="GT" />
        <Key v="1" t="Int32" n="T2" />
        <Key v="0" t="Decimal" n="Val" />
        <Key v="XResult" t="String" n="Cnt" />
        <Key v="Oeg" t="String" n="O" />
      </Data>
      <Data n="20182341744610e">
        <Key v="6600,-600" t="Vector2" n="!$P" />
        <Key v="20202866798502" t="String" n="$T" />
        <Key v="%M1" t="String" n="T" />
      </Data>
      <Data n="20182341744802e">
        <Key v="6600,-800" t="Vector2" n="!$P" />
        <Key v="20202866798502" t="String" n="$T" />
        <Key v="%M1" t="String" n="T" />
      </Data>
      <Data n="20182341744960e">
        <Key v="6300,-1000" t="Vector2" n="!$P" />
        <Key v="20202866798502" t="String" n="$T" />
        <Key v="%M1" t="String" n="T" />
      </Data>
      <Data n="20182341745115e">
        <Key v="6300,-1200" t="Vector2" n="!$P" />
        <Key v="20202866798502" t="String" n="$T" />
        <Key v="%M1" t="String" n="T" />
      </Data>
      <Data n="20182341745619e">
        <Key v="6600,-1400" t="Vector2" n="!$P" />
        <Key v="20202866798502" t="String" n="$T" />
        <Key v="%M1" t="String" n="T" />
      </Data>
      <Data n="20182341745786e">
        <Key v="6600,-1600" t="Vector2" n="!$P" />
        <Key v="20202866798502" t="String" n="$T" />
        <Key v="%M1" t="String" n="T" />
      </Data>
      <Data n="20182341745936e">
        <Key v="6300,-1800" t="Vector2" n="!$P" />
        <Key v="20202866798502" t="String" n="$T" />
        <Key v="%M1" t="String" n="T" />
      </Data>
      <Data n="20182341746086e">
        <Key v="6300,-2000" t="Vector2" n="!$P" />
        <Key v="20202866798502" t="String" n="$T" />
        <Key v="%M1" t="String" n="T" />
      </Data>
      <Data n="20182341746528e">
        <Key v="6600,-2200" t="Vector2" n="!$P" />
        <Key v="20202866798502" t="String" n="$T" />
        <Key v="%M1" t="String" n="T" />
      </Data>
      <Data n="20182341746703e">
        <Key v="6600,-2400" t="Vector2" n="!$P" />
        <Key v="20202866798502" t="String" n="$T" />
        <Key v="%M1" t="String" n="T" />
      </Data>
      <Data n="20182341746899e">
        <Key v="6300,-2600" t="Vector2" n="!$P" />
        <Key v="20202866798502" t="String" n="$T" />
        <Key v="%M1" t="String" n="T" />
      </Data>
      <Data n="20182341747083e">
        <Key v="6300,-2800" t="Vector2" n="!$P" />
        <Key v="20202866798502" t="String" n="$T" />
        <Key v="%M1" t="String" n="T" />
      </Data>
    </Data>
    <Data n="$Conns">
      <Data n="20182341441343c">
        <Key v="20182341441343e" t="String" n="$E" />
      </Data>
      <Data n="20187000634451c">
        <Key v="20187000634451e" t="String" n="$E" />
        <Key v="20182341441343e" t="String" n="$S" />
      </Data>
      <Data n="20182341447892c">
        <Key v="20182341447892e" t="String" n="$E" />
        <Key v="20182341441343e" t="String" n="$S" />
      </Data>
      <Data n="20187000643075c">
        <Key v="20187000643075e" t="String" n="$E" />
        <Key v="20182341441343e" t="String" n="$S" />
      </Data>
      <Data n="20187000634450c">
        <Key v="20187000634450e" t="String" n="$E" />
        <Key v="20187000634451e" t="String" n="$S" />
      </Data>
      <Data n="20182341447891c">
        <Key v="20182341447891e" t="String" n="$E" />
        <Key v="20182341447892e" t="String" n="$S" />
      </Data>
      <Data n="20187000643074c">
        <Key v="20187000643074e" t="String" n="$E" />
        <Key v="20187000643075e" t="String" n="$S" />
      </Data>
      <Data n="20182341554555c">
        <Key v="20182341554555e" t="String" n="$E" />
        <Key v="20182341447891e" t="String" n="$S" />
      </Data>
      <Data n="20182341604539c">
        <Key v="20182341604539e" t="String" n="$E" />
        <Key v="20182341554555e" t="String" n="$S" />
      </Data>
      <Data n="20182341453354c">
        <Key v="20182341453354e" t="String" n="$E" />
        <Key v="20182341447891e" t="String" n="$S" />
      </Data>
      <Data n="20182341456720c">
        <Key v="20182341456720e" t="String" n="$E" />
        <Key v="20182341453354e" t="String" n="$S" />
      </Data>
      <Data n="20182341557975c">
        <Key v="20182341557975e" t="String" n="$E" />
        <Key v="20182341447891e" t="String" n="$S" />
      </Data>
      <Data n="20187000591539c">
        <Key v="20187000591539e" t="String" n="$E" />
        <Key v="20182341447891e" t="String" n="$S" />
      </Data>
      <Data n="20187000582703c">
        <Key v="20187000582703e" t="String" n="$E" />
        <Key v="20187000591539e" t="String" n="$S" />
      </Data>
      <Data n="20187000654354c">
        <Key v="20187000654354e" t="String" n="$E" />
        <Key v="20187000643074e" t="String" n="$S" />
      </Data>
      <Data n="20182341451816c">
        <Key v="20182341451816e" t="String" n="$E" />
        <Key v="20182341604539e" t="String" n="$S" />
      </Data>
      <Data n="20182341450777c">
        <Key v="20182341450777e" t="String" n="$E" />
        <Key v="20182341456720e" t="String" n="$S" />
      </Data>
      <Data n="20182341452099c">
        <Key v="20182341452099e" t="String" n="$E" />
        <Key v="20182341557975e" t="String" n="$S" />
      </Data>
      <Data n="20187000582704c">
        <Key v="20187000582704e" t="String" n="$E" />
        <Key v="20187000582703e" t="String" n="$S" />
      </Data>
      <Data n="20187000650293c">
        <Key v="20187000650293e" t="String" n="$E" />
        <Key v="20187000654354e" t="String" n="$S" />
      </Data>
      <Data n="20182341663726c">
        <Key v="20182341663726e" t="String" n="$E" />
        <Key v="20182341450777e" t="String" n="$S" />
      </Data>
      <Data n="20182341721340c">
        <Key v="20182341721340e" t="String" n="$E" />
        <Key v="20182341450777e" t="String" n="$S" />
      </Data>
      <Data n="20182341609531c">
        <Key v="20182341609531e" t="String" n="$E" />
        <Key v="20182341721340e" t="String" n="$S" />
      </Data>
      <Data n="20182341721019c">
        <Key v="20182341721019e" t="String" n="$E" />
        <Key v="20182341450777e" t="String" n="$S" />
      </Data>
      <Data n="20182341609715c">
        <Key v="20182341609715e" t="String" n="$E" />
        <Key v="20182341721019e" t="String" n="$S" />
      </Data>
      <Data n="20182341719543c">
        <Key v="20182341719543e" t="String" n="$E" />
        <Key v="20182341450777e" t="String" n="$S" />
      </Data>
      <Data n="20182341609911c">
        <Key v="20182341609911e" t="String" n="$E" />
        <Key v="20182341719543e" t="String" n="$S" />
      </Data>
      <Data n="20182341665403c">
        <Key v="20182341665403e" t="String" n="$E" />
        <Key v="20182341450777e" t="String" n="$S" />
      </Data>
      <Data n="20182341568739c">
        <Key v="20182341568739e" t="String" n="$E" />
        <Key v="20182341452099e" t="String" n="$S" />
      </Data>
      <Data n="20182341568872c">
        <Key v="20182341568872e" t="String" n="$E" />
        <Key v="20182341452099e" t="String" n="$S" />
      </Data>
      <Data n="20182341663727c">
        <Key v="20182341663727e" t="String" n="$E" />
        <Key v="20182341663726e" t="String" n="$S" />
      </Data>
      <Data n="20182341609530c">
        <Key v="20182341609530e" t="String" n="$E" />
        <Key v="20182341609531e" t="String" n="$S" />
      </Data>
      <Data n="20182341609714c">
        <Key v="20182341609714e" t="String" n="$E" />
        <Key v="20182341609715e" t="String" n="$S" />
      </Data>
      <Data n="20182341609910c">
        <Key v="20182341609910e" t="String" n="$E" />
        <Key v="20182341609911e" t="String" n="$S" />
      </Data>
      <Data n="20182341665402c">
        <Key v="20182341665402e" t="String" n="$E" />
        <Key v="20182341665403e" t="String" n="$S" />
      </Data>
      <Data n="20182341568738c">
        <Key v="20182341568738e" t="String" n="$E" />
        <Key v="20182341568739e" t="String" n="$S" />
      </Data>
      <Data n="20182341568873c">
        <Key v="20182341568873e" t="String" n="$E" />
        <Key v="20182341568872e" t="String" n="$S" />
      </Data>
      <Data n="20182341738918c">
        <Key v="20182341738918e" t="String" n="$E" />
        <Key v="20182341609530e" t="String" n="$S" />
      </Data>
      <Data n="20182341739143c">
        <Key v="20182341739143e" t="String" n="$E" />
        <Key v="20182341609530e" t="String" n="$S" />
      </Data>
      <Data n="20182341739356c">
        <Key v="20182341739356e" t="String" n="$E" />
        <Key v="20182341609530e" t="String" n="$S" />
      </Data>
      <Data n="20182341729651c">
        <Key v="20182341729651e" t="String" n="$E" />
        <Key v="20182341609714e" t="String" n="$S" />
      </Data>
      <Data n="20182341737512c">
        <Key v="20182341737512e" t="String" n="$E" />
        <Key v="20182341729651e" t="String" n="$S" />
      </Data>
      <Data n="20182341733709c">
        <Key v="20182341733709e" t="String" n="$E" />
        <Key v="20182341609714e" t="String" n="$S" />
      </Data>
      <Data n="20182341737808c">
        <Key v="20182341737808e" t="String" n="$E" />
        <Key v="20182341733709e" t="String" n="$S" />
      </Data>
      <Data n="20182341734101c">
        <Key v="20182341734101e" t="String" n="$E" />
        <Key v="20182341609714e" t="String" n="$S" />
      </Data>
      <Data n="20182341734455c">
        <Key v="20182341734455e" t="String" n="$E" />
        <Key v="20182341609714e" t="String" n="$S" />
      </Data>
      <Data n="20182341731286c">
        <Key v="20182341731286e" t="String" n="$E" />
        <Key v="20182341609910e" t="String" n="$S" />
      </Data>
      <Data n="20182341738108c">
        <Key v="20182341738108e" t="String" n="$E" />
        <Key v="20182341731286e" t="String" n="$S" />
      </Data>
      <Data n="20182341731557c">
        <Key v="20182341731557e" t="String" n="$E" />
        <Key v="20182341609910e" t="String" n="$S" />
      </Data>
      <Data n="20182341738350c">
        <Key v="20182341738350e" t="String" n="$E" />
        <Key v="20182341731557e" t="String" n="$S" />
      </Data>
      <Data n="20182341732274c">
        <Key v="20182341732274e" t="String" n="$E" />
        <Key v="20182341609910e" t="String" n="$S" />
      </Data>
      <Data n="20182341732884c">
        <Key v="20182341732884e" t="String" n="$E" />
        <Key v="20182341609910e" t="String" n="$S" />
      </Data>
      <Data n="20182341738919c">
        <Key v="20182341738919e" t="String" n="$E" />
        <Key v="20182341738918e" t="String" n="$S" />
      </Data>
      <Data n="20182341739144c">
        <Key v="20182341739144e" t="String" n="$E" />
        <Key v="20182341739143e" t="String" n="$S" />
      </Data>
      <Data n="20182341739355c">
        <Key v="20182341739355e" t="String" n="$E" />
        <Key v="20182341739356e" t="String" n="$S" />
      </Data>
      <Data n="20182341715769c">
        <Key v="20182341715769e" t="String" n="$E" />
        <Key v="20182341737512e" t="String" n="$S" />
      </Data>
      <Data n="20182341715919c">
        <Key v="20182341715919e" t="String" n="$E" />
        <Key v="20182341737808e" t="String" n="$S" />
      </Data>
      <Data n="20182341716078c">
        <Key v="20182341716078e" t="String" n="$E" />
        <Key v="20182341734101e" t="String" n="$S" />
      </Data>
      <Data n="20182341716390c">
        <Key v="20182341716390e" t="String" n="$E" />
        <Key v="20182341734455e" t="String" n="$S" />
      </Data>
      <Data n="20182341717270c">
        <Key v="20182341717270e" t="String" n="$E" />
        <Key v="20182341738108e" t="String" n="$S" />
      </Data>
      <Data n="20182341717425c">
        <Key v="20182341717425e" t="String" n="$E" />
        <Key v="20182341738350e" t="String" n="$S" />
      </Data>
      <Data n="20182341717600c">
        <Key v="20182341717600e" t="String" n="$E" />
        <Key v="20182341732274e" t="String" n="$S" />
      </Data>
      <Data n="20182341717783c">
        <Key v="20182341717783e" t="String" n="$E" />
        <Key v="20182341732884e" t="String" n="$S" />
      </Data>
      <Data n="20182341748138c">
        <Key v="20182341748138e" t="String" n="$E" />
        <Key v="20182341738919e" t="String" n="$S" />
      </Data>
      <Data n="20182341754364c">
        <Key v="20182341754364e" t="String" n="$E" />
        <Key v="20182341748138e" t="String" n="$S" />
      </Data>
      <Data n="20182341748667c">
        <Key v="20182341748667e" t="String" n="$E" />
        <Key v="20182341738919e" t="String" n="$S" />
      </Data>
      <Data n="20182341754668c">
        <Key v="20182341754668e" t="String" n="$E" />
        <Key v="20182341748667e" t="String" n="$S" />
      </Data>
      <Data n="20182341749222c">
        <Key v="20182341749222e" t="String" n="$E" />
        <Key v="20182341738919e" t="String" n="$S" />
      </Data>
      <Data n="20182341749760c">
        <Key v="20182341749760e" t="String" n="$E" />
        <Key v="20182341738919e" t="String" n="$S" />
      </Data>
      <Data n="20182341752712c">
        <Key v="20182341752712e" t="String" n="$E" />
        <Key v="20182341739144e" t="String" n="$S" />
      </Data>
      <Data n="20182341755027c">
        <Key v="20182341755027e" t="String" n="$E" />
        <Key v="20182341752712e" t="String" n="$S" />
      </Data>
      <Data n="20182341752220c">
        <Key v="20182341752220e" t="String" n="$E" />
        <Key v="20182341739144e" t="String" n="$S" />
      </Data>
      <Data n="20182341755302c">
        <Key v="20182341755302e" t="String" n="$E" />
        <Key v="20182341752220e" t="String" n="$S" />
      </Data>
      <Data n="20182341750773c">
        <Key v="20182341750773e" t="String" n="$E" />
        <Key v="20182341739144e" t="String" n="$S" />
      </Data>
      <Data n="20182341750060c">
        <Key v="20182341750060e" t="String" n="$E" />
        <Key v="20182341739144e" t="String" n="$S" />
      </Data>
      <Data n="20182341753005c">
        <Key v="20182341753005e" t="String" n="$E" />
        <Key v="20182341739355e" t="String" n="$S" />
      </Data>
      <Data n="20182341755598c">
        <Key v="20182341755598e" t="String" n="$E" />
        <Key v="20182341753005e" t="String" n="$S" />
      </Data>
      <Data n="20182341751782c">
        <Key v="20182341751782e" t="String" n="$E" />
        <Key v="20182341739355e" t="String" n="$S" />
      </Data>
      <Data n="20182341755894c">
        <Key v="20182341755894e" t="String" n="$E" />
        <Key v="20182341751782e" t="String" n="$S" />
      </Data>
      <Data n="20182341751149c">
        <Key v="20182341751149e" t="String" n="$E" />
        <Key v="20182341739355e" t="String" n="$S" />
      </Data>
      <Data n="20182341750394c">
        <Key v="20182341750394e" t="String" n="$E" />
        <Key v="20182341739355e" t="String" n="$S" />
      </Data>
      <Data n="20182341744610c">
        <Key v="20182341744610e" t="String" n="$E" />
        <Key v="20182341754364e" t="String" n="$S" />
      </Data>
      <Data n="20182341744802c">
        <Key v="20182341744802e" t="String" n="$E" />
        <Key v="20182341754668e" t="String" n="$S" />
      </Data>
      <Data n="20182341744960c">
        <Key v="20182341744960e" t="String" n="$E" />
        <Key v="20182341749222e" t="String" n="$S" />
      </Data>
      <Data n="20182341745115c">
        <Key v="20182341745115e" t="String" n="$E" />
        <Key v="20182341749760e" t="String" n="$S" />
      </Data>
      <Data n="20182341745619c">
        <Key v="20182341745619e" t="String" n="$E" />
        <Key v="20182341755027e" t="String" n="$S" />
      </Data>
      <Data n="20182341745786c">
        <Key v="20182341745786e" t="String" n="$E" />
        <Key v="20182341755302e" t="String" n="$S" />
      </Data>
      <Data n="20182341745936c">
        <Key v="20182341745936e" t="String" n="$E" />
        <Key v="20182341750773e" t="String" n="$S" />
      </Data>
      <Data n="20182341746086c">
        <Key v="20182341746086e" t="String" n="$E" />
        <Key v="20182341750060e" t="String" n="$S" />
      </Data>
      <Data n="20182341746528c">
        <Key v="20182341746528e" t="String" n="$E" />
        <Key v="20182341755598e" t="String" n="$S" />
      </Data>
      <Data n="20182341746703c">
        <Key v="20182341746703e" t="String" n="$E" />
        <Key v="20182341755894e" t="String" n="$S" />
      </Data>
      <Data n="20182341746899c">
        <Key v="20182341746899e" t="String" n="$E" />
        <Key v="20182341751149e" t="String" n="$S" />
      </Data>
      <Data n="20182341747083c">
        <Key v="20182341747083e" t="String" n="$E" />
        <Key v="20182341750394e" t="String" n="$S" />
      </Data>
    </Data>
  </Data>
</DataRoot>