﻿<?xml version="1.0" encoding="utf-8"?>
<DataRoot n="D">
  <Data n="20178318879788">
    <Data n="$Elems">
      <Data n="20181674512831e">
        <Key v="450,0" t="Vector2" n="!$P" />
        <Key v="20202866798502" t="String" n="$T" />
        <Key v="%M1" t="String" n="T" />
        <Key v="Přeji Vám dobrý den cestovatelé. Co pro Vás může starej Tricky udělat?" t="String" n="%X" />
      </Data>
      <Data n="20181674521258e">
        <Key v="1050,0" t="Vector2" n="!$P" />
        <Key v="20206495856812" t="String" n="$T" />
        <Key v="Čaroděj - možnosti" t="String" n="!%Txt" />
      </Data>
      <Data n="20181674692259e">
        <Key v="1650,0" t="Vector2" n="!$P" />
        <Key v="_EGate" t="String" n="$T" />
        <Key v="G1" t="String" n="GT" />
        <Key v="1" t="Int32" n="T2" />
        <Key v="5" t="Decimal" n="Val" />
        <Key v="Straseni_na_farme" t="String" n="Cnt" />
        <Key v="Oe" t="String" n="O" />
      </Data>
      <Data n="20182006288086e">
        <Key v="1950,0" t="Vector2" n="!$P" />
        <Key v="_EGate" t="String" n="$T" />
        <Key v="G0" t="String" n="GT" />
        <Key v="Straseni_na_farme" t="String" n="Var" />
      </Data>
      <Data n="20181674525646e">
        <Key v="2250,0" t="Vector2" n="!$P" />
        <Key v="20202934699316" t="String" n="$T" />
        <Key v="Ohledně duchů" t="String" n="%CX" />
      </Data>
      <Data n="20181674524566e">
        <Key v="1650,-2000" t="Vector2" n="!$P" />
        <Key v="20202934699316" t="String" n="$T" />
        <Key v="Obchodovat" t="String" n="%CX" />
      </Data>
      <Data n="20181674524978e">
        <Key v="1650,-2200" t="Vector2" n="!$P" />
        <Key v="20202934699316" t="String" n="$T" />
        <Key v="Učení" t="String" n="%CX" />
      </Data>
      <Data n="20181674525112e">
        <Key v="1650,-2400" t="Vector2" n="!$P" />
        <Key v="20202934699316" t="String" n="$T" />
        <Key v="O sobě?" t="String" n="%CX" />
      </Data>
      <Data n="20181674525879e">
        <Key v="1650,-2600" t="Vector2" n="!$P" />
        <Key v="20202934699316" t="String" n="$T" />
        <Key v="Odejít" t="String" n="%CX" />
      </Data>
      <Data n="20188655330681e">
        <Key v="1650,-2800" t="Vector2" n="!$P" />
        <Key v="20202934699316" t="String" n="$T" />
        <Key v="Zeptat se na práci" t="String" n="%CX" />
      </Data>
      <Data n="20181674525645e">
        <Key v="2700,0" t="Vector2" n="!$P" />
        <Key v="20202866798502" t="String" n="$T" />
        <Key v="Ty Tricky, máme takovej problém s jedním duchem. Nemohl bys nám poradit?" t="String" n="%X" />
      </Data>
      <Data n="20181674524565e">
        <Key v="2100,-2000" t="Vector2" n="!$P" />
        <Key v="20202866798502" t="String" n="$T" />
        <Key v="Rádi bychom si něco koupili či prodali." t="String" n="%X" />
      </Data>
      <Data n="20181674524979e">
        <Key v="2100,-2200" t="Vector2" n="!$P" />
        <Key v="20202866798502" t="String" n="$T" />
        <Key v="Můžeš nás něco naučit?" t="String" n="%X" />
      </Data>
      <Data n="20181674525111e">
        <Key v="2100,-2400" t="Vector2" n="!$P" />
        <Key v="20202866798502" t="String" n="$T" />
        <Key v="Pověz nám něco o sobě? Například jak se stane, že kouzelník a ještě k tomu gnóm se dostane na ostrov plnej pirátů?" t="String" n="%X" />
      </Data>
      <Data n="20181674525880e">
        <Key v="2100,-2600" t="Vector2" n="!$P" />
        <Key v="20202866798502" t="String" n="$T" />
        <Key v="To bude všechno, díky" t="String" n="%X" />
      </Data>
      <Data n="20188655330669e">
        <Key v="2100,-2800" t="Vector2" n="!$P" />
        <Key v="20202866798502" t="String" n="$T" />
        <Key v="Tricky, neměl bys  pro nás nějakou práci či úkol?" t="String" n="%X" />
      </Data>
      <Data n="20181674705349e">
        <Key v="3300,0" t="Vector2" n="!$P" />
        <Key v="20202866798502" t="String" n="$T" />
        <Key v="%M1" t="String" n="T" />
        <Key v="Možná jo, možná ne. O co přesně se jedná?" t="String" n="%X" />
      </Data>
      <Data n="20181674547922e">
        <Key v="2700,-2000" t="Vector2" n="!$P" />
        <Key v="20202866798502" t="String" n="$T" />
        <Key v="%M1" t="String" n="T" />
        <Key v="Děkuji za obchod" t="String" n="%X" />
      </Data>
      <Data n="20181674550678e">
        <Key v="2700,-2200" t="Vector2" n="!$P" />
        <Key v="20202866798502" t="String" n="$T" />
        <Key v="%M1" t="String" n="T" />
        <Key v="Rád jsem posloužil" t="String" n="%X" />
      </Data>
      <Data n="20181674604769e">
        <Key v="2700,-2400" t="Vector2" n="!$P" />
        <Key v="20202866798502" t="String" n="$T" />
        <Key v="%M1" t="String" n="T" />
        <Key v="No, na tom není zas tak nic moc zajímavého. Dlouhou dobu jsem pracoval na pevnině v hlavním městě. Po nějaké době jsem dostal chuť cestovat a tak jsem se vydal na Aledornské souostroví." t="String" n="%X" />
      </Data>
      <Data n="20188655338546e">
        <Key v="2700,-2800" t="Vector2" n="!$P" />
        <Key v="20202866798502" t="String" n="$T" />
        <Key v="%M1" t="String" n="T" />
        <Key v="A víte že jo. Připravuju jeden experiment, ale nemám pro něj všechny substance. Tak mě napadlo, že byste je pro mě mohli sehnat." t="String" n="%X" />
      </Data>
      <Data n="20181674708210e">
        <Key v="3900,0" t="Vector2" n="!$P" />
        <Key v="20202866798502" t="String" n="$T" />
        <Key v="Narazili jsme na jednoho ducha, kterej nechce umřít. Normálně jsem ho porazili &quot;zabili&quot;, chceš-li a on, prachant jeden se tam objevil znova. Nenapadá tě, jak se ho zbavit natrvalo?" t="String" n="%X" />
      </Data>
      <Data n="20181674624707e">
        <Key v="3300,-2400" t="Vector2" n="!$P" />
        <Key v="20202866798502" t="String" n="$T" />
        <Key v="%M1" t="String" n="T" />
        <Key v="Cestou nás ale přepadli piráti a mě zajali. Po nějaké době jsem se stal svobodným mužem a místo abych se vrátil, jsem tady zůstal." t="String" n="%X" />
      </Data>
      <Data n="20188655360336e">
        <Key v="3300,-2800" t="Vector2" n="!$P" />
        <Key v="20202934699316" t="String" n="$T" />
        <Key v="Zajímat se" t="String" n="%CX" />
      </Data>
      <Data n="20188655360502e">
        <Key v="3300,-4800" t="Vector2" n="!$P" />
        <Key v="20202934699316" t="String" n="$T" />
        <Key v="Vycouvat" t="String" n="%CX" />
      </Data>
      <Data n="20181674721667e">
        <Key v="4500,0" t="Vector2" n="!$P" />
        <Key v="20202866798502" t="String" n="$T" />
        <Key v="%M1" t="String" n="T" />
        <Key v="No, možná bych jeden nápad měl, ale nebude to zadarmo." t="String" n="%X" />
      </Data>
      <Data n="20181674638210e">
        <Key v="3900,-2400" t="Vector2" n="!$P" />
        <Key v="20202866798502" t="String" n="$T" />
        <Key v="%M1" t="String" n="T" />
        <Key v="Ten ostrov tady, je pro mě rájem. Můžu si tady experimentovat jak chci a každému je to fuk. Stačí, když tady provozuju svůj krámek a občas pomůžu nějakému tomu pirátovi od uhranutí či od nemoci." t="String" n="%X" />
      </Data>
      <Data n="20188655360335e">
        <Key v="3750,-2800" t="Vector2" n="!$P" />
        <Key v="20202866798502" t="String" n="$T" />
        <Key v="To zní jako úkol přesně pro nás. Co přesně potřebuješ?" t="String" n="%X" />
      </Data>
      <Data n="20188655360503e">
        <Key v="3750,-4800" t="Vector2" n="!$P" />
        <Key v="20202866798502" t="String" n="$T" />
        <Key v="To zní až moc nebezpečně, raděj si tuto příležitost necháme ujít." t="String" n="%X" />
      </Data>
      <Data n="20181674727272e">
        <Key v="5100,0" t="Vector2" n="!$P" />
        <Key v="20206495856812" t="String" n="$T" />
        <Key v="&quot;Nákup&quot; informace" t="String" n="!%Txt" />
      </Data>
      <Data n="20181674648923e">
        <Key v="4500,-2400" t="Vector2" n="!$P" />
        <Key v="20202866798502" t="String" n="$T" />
        <Key v="%M1" t="String" n="T" />
        <Key v="Možná se někdy zase vrátím, neříkám, že ne. Nicméně zatím jsem tady spokojenej." t="String" n="%X" />
      </Data>
      <Data n="20188655372916e">
        <Key v="4350,-2800" t="Vector2" n="!$P" />
        <Key v="20202866798502" t="String" n="$T" />
        <Key v="%M1" t="String" n="T" />
        <Key v="Skvělé. Chybí mi tři poslední věci. První je lebka, ale nejde o jen tak ledajakou lebku. Musí to být lebka nemrtvého kostlivce." t="String" n="%X" />
      </Data>
      <Data n="20188655613905e">
        <Key v="4350,-4800" t="Vector2" n="!$P" />
        <Key v="20202866798502" t="String" n="$T" />
        <Key v="%M1" t="String" n="T" />
        <Key v="No co se dá dělat, snad si je seženu někde jinde..." t="String" n="%X" />
      </Data>
      <Data n="20182003502519e">
        <Key v="5700,0" t="Vector2" n="!$P" />
        <Key v="20202934699316" t="String" n="$T" />
        <Key v="Předchozí možnosti" t="String" n="%CX" />
      </Data>
      <Data n="20181674796593e">
        <Key v="5700,-200" t="Vector2" n="!$P" />
        <Key v="20202934699316" t="String" n="$T" />
        <Key v="Částka?" t="String" n="%CX" />
      </Data>
      <Data n="20182005822036e">
        <Key v="5700,-1200" t="Vector2" n="!$P" />
        <Key v="_EGate" t="String" n="$T" />
        <Key v="G4" t="String" n="GT" />
      </Data>
      <Data n="20181674796739e">
        <Key v="6000,-1200" t="Vector2" n="!$P" />
        <Key v="20202934699316" t="String" n="$T" />
        <Key v="Přemluvit ho" t="String" n="%CX" />
        <Key v="RoP" t="String" n="Spc" />
        <Key v="L3" t="String" n="Lvl" />
      </Data>
      <Data n="20182005824184e">
        <Key v="5700,-1600" t="Vector2" n="!$P" />
        <Key v="_EGate" t="String" n="$T" />
        <Key v="G4" t="String" n="GT" />
      </Data>
      <Data n="20181674796876e">
        <Key v="6000,-1600" t="Vector2" n="!$P" />
        <Key v="20202934699316" t="String" n="$T" />
        <Key v="Vyhrožovat" t="String" n="%CX" />
        <Key v="RoI" t="String" n="Spc" />
        <Key v="L2" t="String" n="Lvl" />
      </Data>
      <Data n="20181674654386e">
        <Key v="5100,-2400" t="Vector2" n="!$P" />
        <Key v="20202866798502" t="String" n="$T" />
        <Key v="Zajímavý příběh, díky za něj." t="String" n="%X" />
      </Data>
      <Data n="20188655385694e">
        <Key v="4950,-2800" t="Vector2" n="!$P" />
        <Key v="20202866798502" t="String" n="$T" />
        <Key v="%M1" t="String" n="T" />
        <Key v="Další částí jsou pařáty, ale opět jde o specifické paářty. Potřebuju dva pařáty ghůla." t="String" n="%X" />
      </Data>
      <Data n="20182003502518e">
        <Key v="6150,0" t="Vector2" n="!$P" />
        <Key v="20202866798502" t="String" n="$T" />
        <Key v="No, ještě si to musíme nechat projít hlavou." t="String" n="%X" />
      </Data>
      <Data n="20181674796592e">
        <Key v="6150,-200" t="Vector2" n="!$P" />
        <Key v="20202866798502" t="String" n="$T" />
        <Key v="Vždycky to nakonec nějak skončí u peněz. Všichni jsou stejní. Tak kolik za tu informaci?" t="String" n="%X" />
      </Data>
      <Data n="20181674796738e">
        <Key v="6450,-1200" t="Vector2" n="!$P" />
        <Key v="20202866798502" t="String" n="$T" />
        <Key v="Podívej Tricky, jistě nechceš, aby se ti tady po ostrově potulovali různí duchové. Je i v tvém zájmu, abychom doho ducha odstranili." t="String" n="%X" />
      </Data>
      <Data n="20181674796877e">
        <Key v="6450,-1600" t="Vector2" n="!$P" />
        <Key v="20202866798502" t="String" n="$T" />
        <Key v="Tricky, buď nám to hned povíš, nebo ti tady z toho krámku uděláme kůlničku na dříví." t="String" n="%X" />
      </Data>
      <Data n="20188655397762e">
        <Key v="5550,-2800" t="Vector2" n="!$P" />
        <Key v="20202866798502" t="String" n="$T" />
        <Key v="%M1" t="String" n="T" />
        <Key v="A poslední částí je hnijící srdce zombie. To by mělo být vše. Ostatní věci už snad mám. Tak co říkáte, jdete do toho?" t="String" n="%X" />
      </Data>
      <Data n="20181674824386e">
        <Key v="6750,-200" t="Vector2" n="!$P" />
        <Key v="20202866798502" t="String" n="$T" />
        <Key v="%M1" t="String" n="T" />
        <Key v="Tak to ja jasný, ne? Něco mě stálo se tu informaci dozvědět, tak jí přeci nenechám zadarmo. Tak např. 25 stříbrných. To je celkem férová cena, co říkáš?" t="String" n="%X" />
      </Data>
      <Data n="20182005774054e">
        <Key v="7050,-1200" t="Vector2" n="!$P" />
        <Key v="20202866798502" t="String" n="$T" />
        <Key v="Si představ, co by si piráti řekli, kdyby potkali ducha, ještě by to svedli na tebe, víš, že jsou pěkně pověrčiví no a kdo tady zastupuju magii, to bude jistě Tricky, ten za to může. Nemusím ti jistě dále povídat, jak by to skončilo..." t="String" n="%X" />
      </Data>
      <Data n="20182006231815e">
        <Key v="7050,-1600" t="Vector2" n="!$P" />
        <Key v="_EGate" t="String" n="$T" />
        <Key v="G1" t="String" n="GT" />
        <Key v="1" t="Int32" n="T2" />
        <Key v="2" t="Decimal" n="Val" />
        <Key v="XResult" t="String" n="Cnt" />
        <Key v="Oeg" t="String" n="O" />
      </Data>
      <Data n="20182006234788e">
        <Key v="7050,-1800" t="Vector2" n="!$P" />
        <Key v="_EGate" t="String" n="$T" />
        <Key v="G1" t="String" n="GT" />
        <Key v="1" t="Int32" n="T2" />
        <Key v="0" t="Decimal" n="Val" />
        <Key v="XResult" t="String" n="Cnt" />
        <Key v="Oeg" t="String" n="O" />
      </Data>
      <Data n="20188655485882e">
        <Key v="6150,-2800" t="Vector2" n="!$P" />
        <Key v="20202934699316" t="String" n="$T" />
        <Key v="Odměna?" t="String" n="%CX" />
      </Data>
      <Data n="20188655463101e">
        <Key v="6150,-4400" t="Vector2" n="!$P" />
        <Key v="20202934699316" t="String" n="$T" />
        <Key v="Vzít úkol" t="String" n="%CX" />
      </Data>
      <Data n="20188655463272e">
        <Key v="6150,-4600" t="Vector2" n="!$P" />
        <Key v="20202934699316" t="String" n="$T" />
        <Key v="Vycouvat" t="String" n="%CX" />
      </Data>
      <Data n="20181674839090e">
        <Key v="7350,-200" t="Vector2" n="!$P" />
        <Key v="20206495856812" t="String" n="$T" />
        <Key v="Cena informace" t="String" n="!%Txt" />
      </Data>
      <Data n="20182006233817e">
        <Key v="7650,-1200" t="Vector2" n="!$P" />
        <Key v="_EGate" t="String" n="$T" />
        <Key v="G1" t="String" n="GT" />
        <Key v="1" t="Int32" n="T2" />
        <Key v="2" t="Decimal" n="Val" />
        <Key v="XResult" t="String" n="Cnt" />
        <Key v="Oeg" t="String" n="O" />
      </Data>
      <Data n="20182006234092e">
        <Key v="7650,-1400" t="Vector2" n="!$P" />
        <Key v="_EGate" t="String" n="$T" />
        <Key v="G1" t="String" n="GT" />
        <Key v="1" t="Int32" n="T2" />
        <Key v="0" t="Decimal" n="Val" />
        <Key v="XResult" t="String" n="Cnt" />
        <Key v="Oeg" t="String" n="O" />
      </Data>
      <Data n="20182006217102e">
        <Key v="7500,-1600" t="Vector2" n="!$P" />
        <Key v="20202866798502" t="String" n="$T" />
        <Key v="%M1" t="String" n="T" />
        <Key v="Dobrá, dobrá. Hlavně klid. Však už jsem se vám to chystal říct. Tak tedy poslouchejte, není důvod k žádnému násilí." t="String" n="%X" />
      </Data>
      <Data n="20182006217303e">
        <Key v="7500,-1800" t="Vector2" n="!$P" />
        <Key v="20202866798502" t="String" n="$T" />
        <Key v="%M1" t="String" n="T" />
        <Key v="Cha! Myslíš, že se tě leknu? To by ses neopovážil. Nikdy bys neopustil Condru živej. Nene, se mnou se domluvíš jedině penězma." t="String" n="%X" />
      </Data>
      <Data n="20188655485883e">
        <Key v="6600,-2800" t="Vector2" n="!$P" />
        <Key v="20202866798502" t="String" n="$T" />
        <Key v="No a co nám to kápne, když ti tyhle &quot;substance&quot; seženem?" t="String" n="%X" />
      </Data>
      <Data n="20188655463100e">
        <Key v="6600,-4400" t="Vector2" n="!$P" />
        <Key v="20202866798502" t="String" n="$T" />
        <Key v="No jasně o pár nemrtvých méně, jen dobře." t="String" n="%X" />
      </Data>
      <Data n="20188655463271e">
        <Key v="6600,-4600" t="Vector2" n="!$P" />
        <Key v="20202866798502" t="String" n="$T" />
        <Key v="Ty jo, to zavání nekromacií a navíc to bude i dost nebezpečný. Tohle raděj necháme bejt." t="String" n="%X" />
      </Data>
      <Data n="20182003495058e">
        <Key v="7950,-200" t="Vector2" n="!$P" />
        <Key v="_EGate" t="String" n="$T" />
        <Key v="G4" t="String" n="GT" />
      </Data>
      <Data n="20181674854416e">
        <Key v="8250,-200" t="Vector2" n="!$P" />
        <Key v="20202934699316" t="String" n="$T" />
        <Key v="Obchodovat" t="String" n="%CX" />
        <Key v="RoT" t="String" n="Spc" />
        <Key v="L2" t="String" n="Lvl" />
      </Data>
      <Data n="20181674847022e">
        <Key v="7950,-800" t="Vector2" n="!$P" />
        <Key v="20202934699316" t="String" n="$T" />
        <Key v="Předchozí možnosti" t="String" n="%CX" />
      </Data>
      <Data n="20181674891609e">
        <Key v="7950,-1000" t="Vector2" n="!$P" />
        <Key v="20206352251934" t="String" n="$T" />
        <Key v="CkI" t="String" n="GT" />
        <Key v="SkH" t="String" n="T" />
        <Key v="1" t="String" n="M" />
        <Key v="2500" t="String" n="C" />
      </Data>
      <Data n="20181674856476e">
        <Key v="8400,-1000" t="Vector2" n="!$P" />
        <Key v="20202934699316" t="String" n="$T" />
        <Key v="Souhlasit s částkou" t="String" n="%CX" />
      </Data>
      <Data n="20181674883894e">
        <Key v="8850,-1000" t="Vector2" n="!$P" />
        <Key v="20206371455404" t="String" n="$T" />
        <Key v="CkI" t="String" n="GT" />
        <Key v="SaT" t="String" n="T" />
        <Key v="1" t="String" n="M" />
        <Key v="2500" t="String" n="C" />
      </Data>
      <Data n="20182005778362e">
        <Key v="8100,-1200" t="Vector2" n="!$P" />
        <Key v="20202866798502" t="String" n="$T" />
        <Key v="%M1" t="String" n="T" />
        <Key v="Safra, máš asi pravdu. To nemůžu riskovat. Dobrá, tak tedy poslouchej, povím ti co vím." t="String" n="%X" />
      </Data>
      <Data n="20182005778600e">
        <Key v="8100,-1400" t="Vector2" n="!$P" />
        <Key v="20202866798502" t="String" n="$T" />
        <Key v="%M1" t="String" n="T" />
        <Key v="Nemyslím si. Takovýma báchorkama mě neukecáš. Už jsem tady dost dlouho a jsem si jist, že by mi piráti uvěřili, že s tím nemám nic společného. Takže jak jsem říkal, bez peněz, žádná rada." t="String" n="%X" />
      </Data>
      <Data n="20182005677561e">
        <Key v="8100,-1600" t="Vector2" n="!$P" />
        <Key v="20202866798502" t="String" n="$T" />
        <Key v="%M1" t="String" n="T" />
        <Key v="Pokud se nějaký duch objevuje stále dokola na témže místě, je jasné, že je s tímto místem spojen. Nejjednodušší cesta, jak jej vyhnat natrvalo je místo vysvětit." t="String" n="%X" />
      </Data>
      <Data n="20188655595544e">
        <Key v="7200,-2800" t="Vector2" n="!$P" />
        <Key v="20202866798502" t="String" n="$T" />
        <Key v="%M1" t="String" n="T" />
        <Key v="Ach, jistě jistě, odmna. Na to jsem zapomněl. Co byste řekli takovým 50ti stříbrným?" t="String" n="%X" />
      </Data>
      <Data n="20188655479702e">
        <Key v="7200,-4400" t="Vector2" n="!$P" />
        <Key v="20202866798502" t="String" n="$T" />
        <Key v="%M1" t="String" n="T" />
        <Key v="Výtečně, budu se těšit na váš návrat." t="String" n="%X" />
      </Data>
      <Data n="20188655619861e">
        <Key v="7200,-4600" t="Vector2" n="!$P" />
        <Key v="20202866798502" t="String" n="$T" />
        <Key v="%M1" t="String" n="T" />
        <Key v="No co se dá dělat, snad si je seženu někde jinde..." t="String" n="%X" />
      </Data>
      <Data n="20181674854415e">
        <Key v="8700,-200" t="Vector2" n="!$P" />
        <Key v="20202866798502" t="String" n="$T" />
        <Key v="Ale notak. 25 stříbrných jen za informaci? To je strašně moc. Navíc si to určitě můžem dohledat v nějaké knize, ale my šli první za tebou. Tak buď rozumenj a dej nám férovější nabídku." t="String" n="%X" />
      </Data>
      <Data n="20181674847023e">
        <Key v="8400,-800" t="Vector2" n="!$P" />
        <Key v="20202866798502" t="String" n="$T" />
        <Key v="To je moc, ještě si to musíme rozmyslet" t="String" n="%X" />
      </Data>
      <Data n="20181674856475e">
        <Key v="9300,-1000" t="Vector2" n="!$P" />
        <Key v="20202866798502" t="String" n="$T" />
        <Key v="Dobrá, tady je 25 stříbrných. Tak a povídej a ať to stojí za to." t="String" n="%X" />
      </Data>
      <Data n="20182005691273e">
        <Key v="8700,-1600" t="Vector2" n="!$P" />
        <Key v="20202866798502" t="String" n="$T" />
        <Key v="%M1" t="String" n="T" />
        <Key v="To by samozřejmě zvládl nějaký mnich, ale mnohem snažší cestou je tam prostě rozlejt pár flakónků se svěcenou vodou." t="String" n="%X" />
      </Data>
      <Data n="20188655603923e">
        <Key v="7800,-2800" t="Vector2" n="!$P" />
        <Key v="20202934699316" t="String" n="$T" />
        <Key v="Souhlasit" t="String" n="%CX" />
      </Data>
      <Data n="20188685364847e">
        <Key v="8250,-2800" t="Vector2" n="!$P" />
        <Key v="_EFunc" t="String" n="$T" />
        <Key v="G1" t="String" n="GT" />
        <Key v="1" t="Int32" n="T2" />
        <Key v="50" t="Decimal" n="Val" />
        <Key v="Condra_neznamy_experiment" t="String" n="Cnt" />
        <Key v="Os" t="String" n="O" />
      </Data>
      <Data n="20188685420259e">
        <Key v="8550,-2800" t="Vector2" n="!$P" />
        <Key v="20206371455404" t="String" n="$T" />
        <Key v="CkQ" t="String" n="GT" />
        <Key v="Q20183185280932" t="String" n="Qs" />
      </Data>
      <Data n="20188686334376e">
        <Key v="7800,-3000" t="Vector2" n="!$P" />
        <Key v="_EGate" t="String" n="$T" />
        <Key v="G4" t="String" n="GT" />
      </Data>
      <Data n="20188655604198e">
        <Key v="8100,-3000" t="Vector2" n="!$P" />
        <Key v="20202934699316" t="String" n="$T" />
        <Key v="Smlouvat" t="String" n="%CX" />
        <Key v="RoT" t="String" n="Spc" />
        <Key v="L2" t="String" n="Lvl" />
      </Data>
      <Data n="20188655604477e">
        <Key v="7800,-4200" t="Vector2" n="!$P" />
        <Key v="20202934699316" t="String" n="$T" />
        <Key v="Odmítnout" t="String" n="%CX" />
      </Data>
      <Data n="20182003358861e">
        <Key v="9300,-200" t="Vector2" n="!$P" />
        <Key v="_EGate" t="String" n="$T" />
        <Key v="G1" t="String" n="GT" />
        <Key v="1" t="Int32" n="T2" />
        <Key v="0" t="Decimal" n="Val" />
        <Key v="XResult" t="String" n="Cnt" />
        <Key v="Oeg" t="String" n="O" />
      </Data>
      <Data n="20182003352126e">
        <Key v="9300,-400" t="Vector2" n="!$P" />
        <Key v="_EGate" t="String" n="$T" />
        <Key v="G1" t="String" n="GT" />
        <Key v="1" t="Int32" n="T2" />
        <Key v="2" t="Decimal" n="Val" />
        <Key v="XResult" t="String" n="Cnt" />
        <Key v="Oeg" t="String" n="O" />
      </Data>
      <Data n="20182005674628e">
        <Key v="9900,-1000" t="Vector2" n="!$P" />
        <Key v="20202866798502" t="String" n="$T" />
        <Key v="%M1" t="String" n="T" />
        <Key v="Jistě, jistě. Tak tedy poslouchej." t="String" n="%X" />
      </Data>
      <Data n="20182005699342e">
        <Key v="9300,-1600" t="Vector2" n="!$P" />
        <Key v="20202866798502" t="String" n="$T" />
        <Key v="%M1" t="String" n="T" />
        <Key v="Věřím, že by to mělo fungovat." t="String" n="%X" />
      </Data>
      <Data n="20188655603922e">
        <Key v="9000,-2800" t="Vector2" n="!$P" />
        <Key v="20202866798502" t="String" n="$T" />
        <Key v="Dobrá tedy, za 50 stříbrných pro tebe ty substance seženem." t="String" n="%X" />
      </Data>
      <Data n="20188655604197e">
        <Key v="8550,-3000" t="Vector2" n="!$P" />
        <Key v="20202866798502" t="String" n="$T" />
        <Key v="Nemrtví jsou pěkný mrchy, myslím že bys měl teda přitlačit. Bojovat s nima není žádnej med." t="String" n="%X" />
      </Data>
      <Data n="20188655604478e">
        <Key v="8250,-4200" t="Vector2" n="!$P" />
        <Key v="20202866798502" t="String" n="$T" />
        <Key v="To je málo, to za tu námahu nestojí" t="String" n="%X" />
      </Data>
      <Data n="20181908823230e">
        <Key v="9750,-200" t="Vector2" n="!$P" />
        <Key v="20202866798502" t="String" n="$T" />
        <Key v="%M1" t="String" n="T" />
        <Key v="Tak v tom případě ti doporučím si to někde najít, páč já s cenou dolu rozhodně nejdu." t="String" n="%X" />
      </Data>
      <Data n="20181908822334e">
        <Key v="9750,-400" t="Vector2" n="!$P" />
        <Key v="20202866798502" t="String" n="$T" />
        <Key v="%M1" t="String" n="T" />
        <Key v="Dobrá dobrá, nevidím důvod, proč ti nedat malou slevu. Tak tedy 20 stříbrných, ať je po tvém." t="String" n="%X" />
      </Data>
      <Data n="20182006255380e">
        <Key v="9900,-1600" t="Vector2" n="!$P" />
        <Key v="20202866798502" t="String" n="$T" />
        <Key v="A nevíš, kde bychom takovou svěcenou vodu mohli sehnat?" t="String" n="%X" />
      </Data>
      <Data n="20188685060626e">
        <Key v="9600,-2800" t="Vector2" n="!$P" />
        <Key v="20202934699316" t="String" n="$T" />
      </Data>
      <Data n="20188685096156e">
        <Key v="9150,-3000" t="Vector2" n="!$P" />
        <Key v="_EGate" t="String" n="$T" />
        <Key v="G1" t="String" n="GT" />
        <Key v="1" t="Int32" n="T2" />
        <Key v="3" t="Decimal" n="Val" />
        <Key v="XResult" t="String" n="Cnt" />
        <Key v="Oeg" t="String" n="O" />
      </Data>
      <Data n="20188686327598e">
        <Key v="9450,-3000" t="Vector2" n="!$P" />
        <Key v="_EFunc" t="String" n="$T" />
        <Key v="G1" t="String" n="GT" />
        <Key v="1" t="Int32" n="T2" />
        <Key v="100" t="Decimal" n="Val" />
        <Key v="Condra_neznamy_experiment" t="String" n="Cnt" />
        <Key v="Os" t="String" n="O" />
      </Data>
      <Data n="20188685101055e">
        <Key v="9150,-3400" t="Vector2" n="!$P" />
        <Key v="_EGate" t="String" n="$T" />
        <Key v="G1" t="String" n="GT" />
        <Key v="1" t="Int32" n="T2" />
        <Key v="2" t="Decimal" n="Val" />
        <Key v="XResult" t="String" n="Cnt" />
        <Key v="Oeg" t="String" n="O" />
      </Data>
      <Data n="20188686328223e">
        <Key v="9450,-3400" t="Vector2" n="!$P" />
        <Key v="_EFunc" t="String" n="$T" />
        <Key v="G1" t="String" n="GT" />
        <Key v="1" t="Int32" n="T2" />
        <Key v="70" t="Decimal" n="Val" />
        <Key v="Condra_neznamy_experiment" t="String" n="Cnt" />
        <Key v="Os" t="String" n="O" />
      </Data>
      <Data n="20188685102989e">
        <Key v="9150,-3600" t="Vector2" n="!$P" />
        <Key v="_EGate" t="String" n="$T" />
        <Key v="G1" t="String" n="GT" />
        <Key v="1" t="Int32" n="T2" />
        <Key v="1" t="Decimal" n="Val" />
        <Key v="XResult" t="String" n="Cnt" />
        <Key v="Oeg" t="String" n="O" />
      </Data>
      <Data n="20188686337270e">
        <Key v="9450,-3600" t="Vector2" n="!$P" />
        <Key v="_EFunc" t="String" n="$T" />
        <Key v="G1" t="String" n="GT" />
        <Key v="1" t="Int32" n="T2" />
        <Key v="50" t="Decimal" n="Val" />
        <Key v="Condra_neznamy_experiment" t="String" n="Cnt" />
        <Key v="Os" t="String" n="O" />
      </Data>
      <Data n="20188685103966e">
        <Key v="9150,-4000" t="Vector2" n="!$P" />
        <Key v="_EGate" t="String" n="$T" />
        <Key v="G1" t="String" n="GT" />
        <Key v="1" t="Int32" n="T2" />
        <Key v="0" t="Decimal" n="Val" />
        <Key v="XResult" t="String" n="Cnt" />
        <Key v="Oeg" t="String" n="O" />
      </Data>
      <Data n="20188686350208e">
        <Key v="9450,-4000" t="Vector2" n="!$P" />
        <Key v="_EFunc" t="String" n="$T" />
        <Key v="G1" t="String" n="GT" />
        <Key v="1" t="Int32" n="T2" />
        <Key v="20" t="Decimal" n="Val" />
        <Key v="Condra_neznamy_experiment" t="String" n="Cnt" />
        <Key v="Os" t="String" n="O" />
      </Data>
      <Data n="20188686376647e">
        <Key v="8850,-4200" t="Vector2" n="!$P" />
        <Key v="20202934699316" t="String" n="$T" />
      </Data>
      <Data n="20182005742845e">
        <Key v="10350,-400" t="Vector2" n="!$P" />
        <Key v="20206352251934" t="String" n="$T" />
        <Key v="CkI" t="String" n="GT" />
        <Key v="SkH" t="String" n="T" />
        <Key v="1" t="String" n="M" />
        <Key v="2000" t="String" n="C" />
      </Data>
      <Data n="20182003433524e">
        <Key v="10800,-400" t="Vector2" n="!$P" />
        <Key v="20202934699316" t="String" n="$T" />
        <Key v="Koupit informaci" t="String" n="%CX" />
      </Data>
      <Data n="20182005742370e">
        <Key v="11250,-400" t="Vector2" n="!$P" />
        <Key v="20206371455404" t="String" n="$T" />
        <Key v="CkI" t="String" n="GT" />
        <Key v="SaT" t="String" n="T" />
        <Key v="1" t="String" n="M" />
        <Key v="2000" t="String" n="C" />
      </Data>
      <Data n="20182003433711e">
        <Key v="10350,-600" t="Vector2" n="!$P" />
        <Key v="20202934699316" t="String" n="$T" />
        <Key v="Nekupovat informaci" t="String" n="%CX" />
      </Data>
      <Data n="20182006279946e">
        <Key v="10500,-1600" t="Vector2" n="!$P" />
        <Key v="_EFunc" t="String" n="$T" />
        <Key v="G0" t="String" n="GT" />
        <Key v="Tricky_straseni_na_farme_informace" t="String" n="Var" />
      </Data>
      <Data n="20188685060625e">
        <Key v="10050,-2800" t="Vector2" n="!$P" />
        <Key v="20202866798502" t="String" n="$T" />
        <Key v="%M1" t="String" n="T" />
        <Key v="Výborně, pak jsme tedy dohodnuti." t="String" n="%X" />
      </Data>
      <Data n="20188685091669e">
        <Key v="9900,-3000" t="Vector2" n="!$P" />
        <Key v="20202866798502" t="String" n="$T" />
        <Key v="%M1" t="String" n="T" />
        <Key v="Máte pravdu, jsem si nějak neuvědomil jak nebezpečné to může být. Dobře tedy. Odměnu, kterou jsem nabídnul zdvojnásobím a nabídnu vám tedy celých sto stříbrných. Tak co, to už stojí za tu trochu rizika, ne?" t="String" n="%X" />
      </Data>
      <Data n="20188685091923e">
        <Key v="9900,-3400" t="Vector2" n="!$P" />
        <Key v="20202866798502" t="String" n="$T" />
        <Key v="%M1" t="String" n="T" />
        <Key v="Máte pravdu, nemrtví jsou přeci jen nebezpeční a tak vám přihodím jště dalších dvacet stříbrňáků. Takže když mi to donesete, dám vám rovných 70, co vy na to?" t="String" n="%X" />
      </Data>
      <Data n="20188685092208e">
        <Key v="9900,-3600" t="Vector2" n="!$P" />
        <Key v="20202866798502" t="String" n="$T" />
        <Key v="%M1" t="String" n="T" />
        <Key v="Ačkoli nemrtví jistě můžou být nebezpeční, nejsou ale nebezpečím pro tak ostřílené dobrodruhy, jako jste vy. Myslím, že padesát stříbrných je adekvátní odměna." t="String" n="%X" />
      </Data>
      <Data n="20188685092516e">
        <Key v="9900,-4000" t="Vector2" n="!$P" />
        <Key v="20202866798502" t="String" n="$T" />
        <Key v="%M1" t="String" n="T" />
        <Key v="Pche, myslíte si, že ze mě vytáhnete víc? Už tak jsem přestřelil, protože jsem chtěl být zdvořilý. Nicméně po tomto pokusu oškubat mě jak slepici vám nedám více, než 20 stříbrných." t="String" n="%X" />
      </Data>
      <Data n="20188686376648e">
        <Key v="9300,-4200" t="Vector2" n="!$P" />
        <Key v="20202866798502" t="String" n="$T" />
        <Key v="%M1" t="String" n="T" />
        <Key v="No kdybyste si to rozmysleli, tak dejte vědět." t="String" n="%X" />
      </Data>
      <Data n="20182003433523e">
        <Key v="11700,-400" t="Vector2" n="!$P" />
        <Key v="20202866798502" t="String" n="$T" />
        <Key v="Tak teda dobře. Tady je těch 20 stříbrných a teď teda pověz, co chcem slyšet." t="String" n="%X" />
      </Data>
      <Data n="20182003433712e">
        <Key v="10800,-600" t="Vector2" n="!$P" />
        <Key v="20202866798502" t="String" n="$T" />
        <Key v="I tak je to pro nás příliš. Vymyslíme to jinak." t="String" n="%X" />
      </Data>
      <Data n="20182006258966e">
        <Key v="10950,-1600" t="Vector2" n="!$P" />
        <Key v="20202866798502" t="String" n="$T" />
        <Key v="%M1" t="String" n="T" />
        <Key v="Schodou okolností jich mám pár na skladě." t="String" n="%X" />
      </Data>
      <Data n="20188685220917e">
        <Key v="10500,-3000" t="Vector2" n="!$P" />
        <Key v="20206495856812" t="String" n="$T" />
        <Key v="Možnosti po úspěšném smlouvání - Neznámý experiment" t="String" n="!%Txt" />
      </Data>
      <Data n="20188686342252e">
        <Key v="10500,-3600" t="Vector2" n="!$P" />
        <Key v="20206495856812" t="String" n="$T" />
        <Key v="Možnosti po neúspěšném smlouvání - Neznámý experiment" t="String" n="!%Txt" />
      </Data>
      <Data n="20188685231105e">
        <Key v="11100,-3000" t="Vector2" n="!$P" />
        <Key v="20202934699316" t="String" n="$T" />
        <Key v="Vzít práci" t="String" n="%CX" />
      </Data>
      <Data n="20188686325725e">
        <Key v="11550,-3000" t="Vector2" n="!$P" />
        <Key v="20206371455404" t="String" n="$T" />
        <Key v="CkQ" t="String" n="GT" />
        <Key v="Q20183185280932" t="String" n="Qs" />
      </Data>
      <Data n="20188685231474e">
        <Key v="11100,-3200" t="Vector2" n="!$P" />
        <Key v="20202934699316" t="String" n="$T" />
        <Key v="Nebrat práci" t="String" n="%CX" />
      </Data>
      <Data n="20188686346048e">
        <Key v="11100,-3600" t="Vector2" n="!$P" />
        <Key v="20202934699316" t="String" n="$T" />
        <Key v="Vzít práci" t="String" n="%CX" />
      </Data>
      <Data n="20188686368480e">
        <Key v="11550,-3600" t="Vector2" n="!$P" />
        <Key v="20206371455404" t="String" n="$T" />
        <Key v="CkQ" t="String" n="GT" />
        <Key v="Q20183185280932" t="String" n="Qs" />
      </Data>
      <Data n="20188686346318e">
        <Key v="11100,-3800" t="Vector2" n="!$P" />
        <Key v="20202934699316" t="String" n="$T" />
        <Key v="Nebrat práci" t="String" n="%CX" />
      </Data>
      <Data n="20188685231104e">
        <Key v="12000,-3000" t="Vector2" n="!$P" />
        <Key v="20202866798502" t="String" n="$T" />
        <Key v="To už zní lépe, vrátíme se s těma mrtvolama..." t="String" n="%X" />
      </Data>
      <Data n="20188685231473e">
        <Key v="11550,-3200" t="Vector2" n="!$P" />
        <Key v="20202866798502" t="String" n="$T" />
        <Key v="Stejně na to kašlem, zní to až moc nebezpečně." t="String" n="%X" />
      </Data>
      <Data n="20188686346047e">
        <Key v="12000,-3600" t="Vector2" n="!$P" />
        <Key v="20202866798502" t="String" n="$T" />
        <Key v="No dobrá, co se dá dělat. Tak mi tu práci teda vezmem." t="String" n="%X" />
      </Data>
      <Data n="20188686346317e">
        <Key v="11550,-3800" t="Vector2" n="!$P" />
        <Key v="20202866798502" t="String" n="$T" />
        <Key v="Za těchto podmínek nám to za to nestojí. Je to příliš velké riziko." t="String" n="%X" />
      </Data>
    </Data>
    <Data n="$Conns">
      <Data n="20181674512831c">
        <Key v="20181674512831e" t="String" n="$E" />
      </Data>
      <Data n="20181674521258c">
        <Key v="20181674521258e" t="String" n="$E" />
        <Key v="20181674512831e" t="String" n="$S" />
      </Data>
      <Data n="20181674692259c">
        <Key v="20181674692259e" t="String" n="$E" />
        <Key v="20181674521258e" t="String" n="$S" />
      </Data>
      <Data n="20182006288086c">
        <Key v="20182006288086e" t="String" n="$E" />
        <Key v="20181674692259e" t="String" n="$S" />
      </Data>
      <Data n="20181674525646c">
        <Key v="20181674525646e" t="String" n="$E" />
        <Key v="20182006288086e" t="String" n="$S" />
      </Data>
      <Data n="20181674524566c">
        <Key v="20181674524566e" t="String" n="$E" />
        <Key v="20181674521258e" t="String" n="$S" />
      </Data>
      <Data n="20181674524978c">
        <Key v="20181674524978e" t="String" n="$E" />
        <Key v="20181674521258e" t="String" n="$S" />
      </Data>
      <Data n="20181674525112c">
        <Key v="20181674525112e" t="String" n="$E" />
        <Key v="20181674521258e" t="String" n="$S" />
      </Data>
      <Data n="20181674525879c">
        <Key v="20181674525879e" t="String" n="$E" />
        <Key v="20181674521258e" t="String" n="$S" />
      </Data>
      <Data n="20188655330681c">
        <Key v="20188655330681e" t="String" n="$E" />
        <Key v="20181674521258e" t="String" n="$S" />
      </Data>
      <Data n="20181674525645c">
        <Key v="20181674525645e" t="String" n="$E" />
        <Key v="20181674525646e" t="String" n="$S" />
      </Data>
      <Data n="20181674524565c">
        <Key v="20181674524565e" t="String" n="$E" />
        <Key v="20181674524566e" t="String" n="$S" />
      </Data>
      <Data n="20181674524979c">
        <Key v="20181674524979e" t="String" n="$E" />
        <Key v="20181674524978e" t="String" n="$S" />
      </Data>
      <Data n="20181674525111c">
        <Key v="20181674525111e" t="String" n="$E" />
        <Key v="20181674525112e" t="String" n="$S" />
      </Data>
      <Data n="20181674525880c">
        <Key v="20181674525880e" t="String" n="$E" />
        <Key v="20181674525879e" t="String" n="$S" />
      </Data>
      <Data n="20188655330669c">
        <Key v="20188655330669e" t="String" n="$E" />
        <Key v="20188655330681e" t="String" n="$S" />
      </Data>
      <Data n="20181674705349c">
        <Key v="20181674705349e" t="String" n="$E" />
        <Key v="20181674525645e" t="String" n="$S" />
      </Data>
      <Data n="20181674547922c">
        <Key v="20181674547922e" t="String" n="$E" />
        <Key v="20181674524565e" t="String" n="$S" />
      </Data>
      <Data n="20181674550678c">
        <Key v="20181674550678e" t="String" n="$E" />
        <Key v="20181674524979e" t="String" n="$S" />
      </Data>
      <Data n="20181674604769c">
        <Key v="20181674604769e" t="String" n="$E" />
        <Key v="20181674525111e" t="String" n="$S" />
      </Data>
      <Data n="20188655338546c">
        <Key v="20188655338546e" t="String" n="$E" />
        <Key v="20188655330669e" t="String" n="$S" />
      </Data>
      <Data n="20181674708210c">
        <Key v="20181674708210e" t="String" n="$E" />
        <Key v="20181674705349e" t="String" n="$S" />
      </Data>
      <Data n="20206616256004c">
        <Key v="20181674521258e" t="String" n="$E" />
        <Key v="20181674547922e" t="String" n="$S" />
      </Data>
      <Data n="20206616256005c">
        <Key v="20181674521258e" t="String" n="$E" />
        <Key v="20181674550678e" t="String" n="$S" />
      </Data>
      <Data n="20181674624707c">
        <Key v="20181674624707e" t="String" n="$E" />
        <Key v="20181674604769e" t="String" n="$S" />
      </Data>
      <Data n="20188655360336c">
        <Key v="20188655360336e" t="String" n="$E" />
        <Key v="20188655338546e" t="String" n="$S" />
      </Data>
      <Data n="20188655360502c">
        <Key v="20188655360502e" t="String" n="$E" />
        <Key v="20188655338546e" t="String" n="$S" />
      </Data>
      <Data n="20181674721667c">
        <Key v="20181674721667e" t="String" n="$E" />
        <Key v="20181674708210e" t="String" n="$S" />
      </Data>
      <Data n="20181674638210c">
        <Key v="20181674638210e" t="String" n="$E" />
        <Key v="20181674624707e" t="String" n="$S" />
      </Data>
      <Data n="20188655360335c">
        <Key v="20188655360335e" t="String" n="$E" />
        <Key v="20188655360336e" t="String" n="$S" />
      </Data>
      <Data n="20188655360503c">
        <Key v="20188655360503e" t="String" n="$E" />
        <Key v="20188655360502e" t="String" n="$S" />
      </Data>
      <Data n="20181674727272c">
        <Key v="20181674727272e" t="String" n="$E" />
        <Key v="20181674721667e" t="String" n="$S" />
      </Data>
      <Data n="20181674648923c">
        <Key v="20181674648923e" t="String" n="$E" />
        <Key v="20181674638210e" t="String" n="$S" />
      </Data>
      <Data n="20188655372916c">
        <Key v="20188655372916e" t="String" n="$E" />
        <Key v="20188655360335e" t="String" n="$S" />
      </Data>
      <Data n="20188655613905c">
        <Key v="20188655613905e" t="String" n="$E" />
        <Key v="20188655360503e" t="String" n="$S" />
      </Data>
      <Data n="20182003502519c">
        <Key v="20182003502519e" t="String" n="$E" />
        <Key v="20181674727272e" t="String" n="$S" />
      </Data>
      <Data n="20181674796593c">
        <Key v="20181674796593e" t="String" n="$E" />
        <Key v="20181674727272e" t="String" n="$S" />
      </Data>
      <Data n="20182005822036c">
        <Key v="20182005822036e" t="String" n="$E" />
        <Key v="20181674727272e" t="String" n="$S" />
      </Data>
      <Data n="20181674796739c">
        <Key v="20181674796739e" t="String" n="$E" />
        <Key v="20182005822036e" t="String" n="$S" />
      </Data>
      <Data n="20182005824184c">
        <Key v="20182005824184e" t="String" n="$E" />
        <Key v="20181674727272e" t="String" n="$S" />
      </Data>
      <Data n="20181674796876c">
        <Key v="20181674796876e" t="String" n="$E" />
        <Key v="20182005824184e" t="String" n="$S" />
      </Data>
      <Data n="20181674654386c">
        <Key v="20181674654386e" t="String" n="$E" />
        <Key v="20181674648923e" t="String" n="$S" />
      </Data>
      <Data n="20188655385694c">
        <Key v="20188655385694e" t="String" n="$E" />
        <Key v="20188655372916e" t="String" n="$S" />
      </Data>
      <Data n="20206616256025c">
        <Key v="20181674521258e" t="String" n="$E" />
        <Key v="20188655613905e" t="String" n="$S" />
      </Data>
      <Data n="20182003502518c">
        <Key v="20182003502518e" t="String" n="$E" />
        <Key v="20182003502519e" t="String" n="$S" />
      </Data>
      <Data n="20181674796592c">
        <Key v="20181674796592e" t="String" n="$E" />
        <Key v="20181674796593e" t="String" n="$S" />
      </Data>
      <Data n="20181674796738c">
        <Key v="20181674796738e" t="String" n="$E" />
        <Key v="20181674796739e" t="String" n="$S" />
      </Data>
      <Data n="20181674796877c">
        <Key v="20181674796877e" t="String" n="$E" />
        <Key v="20181674796876e" t="String" n="$S" />
      </Data>
      <Data n="20206616256030c">
        <Key v="20181674521258e" t="String" n="$E" />
        <Key v="20181674654386e" t="String" n="$S" />
      </Data>
      <Data n="20188655397762c">
        <Key v="20188655397762e" t="String" n="$E" />
        <Key v="20188655385694e" t="String" n="$S" />
      </Data>
      <Data n="20206616256032c">
        <Key v="20181674521258e" t="String" n="$E" />
        <Key v="20182003502518e" t="String" n="$S" />
      </Data>
      <Data n="20181674824386c">
        <Key v="20181674824386e" t="String" n="$E" />
        <Key v="20181674796592e" t="String" n="$S" />
      </Data>
      <Data n="20182005774054c">
        <Key v="20182005774054e" t="String" n="$E" />
        <Key v="20181674796738e" t="String" n="$S" />
      </Data>
      <Data n="20182006231815c">
        <Key v="20182006231815e" t="String" n="$E" />
        <Key v="20181674796877e" t="String" n="$S" />
      </Data>
      <Data n="20182006234788c">
        <Key v="20182006234788e" t="String" n="$E" />
        <Key v="20181674796877e" t="String" n="$S" />
      </Data>
      <Data n="20188655485882c">
        <Key v="20188655485882e" t="String" n="$E" />
        <Key v="20188655397762e" t="String" n="$S" />
      </Data>
      <Data n="20188655463101c">
        <Key v="20188655463101e" t="String" n="$E" />
        <Key v="20188655397762e" t="String" n="$S" />
      </Data>
      <Data n="20188655463272c">
        <Key v="20188655463272e" t="String" n="$E" />
        <Key v="20188655397762e" t="String" n="$S" />
      </Data>
      <Data n="20181674839090c">
        <Key v="20181674839090e" t="String" n="$E" />
        <Key v="20181674824386e" t="String" n="$S" />
      </Data>
      <Data n="20182006233817c">
        <Key v="20182006233817e" t="String" n="$E" />
        <Key v="20182005774054e" t="String" n="$S" />
      </Data>
      <Data n="20182006234092c">
        <Key v="20182006234092e" t="String" n="$E" />
        <Key v="20182005774054e" t="String" n="$S" />
      </Data>
      <Data n="20182006217102c">
        <Key v="20182006217102e" t="String" n="$E" />
        <Key v="20182006231815e" t="String" n="$S" />
      </Data>
      <Data n="20182006217303c">
        <Key v="20182006217303e" t="String" n="$E" />
        <Key v="20182006234788e" t="String" n="$S" />
      </Data>
      <Data n="20188655485883c">
        <Key v="20188655485883e" t="String" n="$E" />
        <Key v="20188655485882e" t="String" n="$S" />
      </Data>
      <Data n="20188655463100c">
        <Key v="20188655463100e" t="String" n="$E" />
        <Key v="20188655463101e" t="String" n="$S" />
      </Data>
      <Data n="20188655463271c">
        <Key v="20188655463271e" t="String" n="$E" />
        <Key v="20188655463272e" t="String" n="$S" />
      </Data>
      <Data n="20182003495058c">
        <Key v="20182003495058e" t="String" n="$E" />
        <Key v="20181674839090e" t="String" n="$S" />
      </Data>
      <Data n="20181674854416c">
        <Key v="20181674854416e" t="String" n="$E" />
        <Key v="20182003495058e" t="String" n="$S" />
      </Data>
      <Data n="20181674847022c">
        <Key v="20181674847022e" t="String" n="$E" />
        <Key v="20181674839090e" t="String" n="$S" />
      </Data>
      <Data n="20181674891609c">
        <Key v="20181674891609e" t="String" n="$E" />
        <Key v="20181674839090e" t="String" n="$S" />
      </Data>
      <Data n="20181674856476c">
        <Key v="20181674856476e" t="String" n="$E" />
        <Key v="20181674891609e" t="String" n="$S" />
      </Data>
      <Data n="20181674883894c">
        <Key v="20181674883894e" t="String" n="$E" />
        <Key v="20181674856476e" t="String" n="$S" />
      </Data>
      <Data n="20182005778362c">
        <Key v="20182005778362e" t="String" n="$E" />
        <Key v="20182006233817e" t="String" n="$S" />
      </Data>
      <Data n="20182005778600c">
        <Key v="20182005778600e" t="String" n="$E" />
        <Key v="20182006234092e" t="String" n="$S" />
      </Data>
      <Data n="20182005677561c">
        <Key v="20182005677561e" t="String" n="$E" />
        <Key v="20182006217102e" t="String" n="$S" />
      </Data>
      <Data n="20206616256059c">
        <Key v="20181674727272e" t="String" n="$E" />
        <Key v="20182006217303e" t="String" n="$S" />
      </Data>
      <Data n="20188655595544c">
        <Key v="20188655595544e" t="String" n="$E" />
        <Key v="20188655485883e" t="String" n="$S" />
      </Data>
      <Data n="20188655479702c">
        <Key v="20188655479702e" t="String" n="$E" />
        <Key v="20188655463100e" t="String" n="$S" />
      </Data>
      <Data n="20188655619861c">
        <Key v="20188655619861e" t="String" n="$E" />
        <Key v="20188655463271e" t="String" n="$S" />
      </Data>
      <Data n="20181674854415c">
        <Key v="20181674854415e" t="String" n="$E" />
        <Key v="20181674854416e" t="String" n="$S" />
      </Data>
      <Data n="20181674847023c">
        <Key v="20181674847023e" t="String" n="$E" />
        <Key v="20181674847022e" t="String" n="$S" />
      </Data>
      <Data n="20181674856475c">
        <Key v="20181674856475e" t="String" n="$E" />
        <Key v="20181674883894e" t="String" n="$S" />
      </Data>
      <Data n="20206616256066c">
        <Key v="20182005677561e" t="String" n="$E" />
        <Key v="20182005778362e" t="String" n="$S" />
      </Data>
      <Data n="20206616256067c">
        <Key v="20181674727272e" t="String" n="$E" />
        <Key v="20182005778600e" t="String" n="$S" />
      </Data>
      <Data n="20182005691273c">
        <Key v="20182005691273e" t="String" n="$E" />
        <Key v="20182005677561e" t="String" n="$S" />
      </Data>
      <Data n="20188655603923c">
        <Key v="20188655603923e" t="String" n="$E" />
        <Key v="20188655595544e" t="String" n="$S" />
      </Data>
      <Data n="20188685364847c">
        <Key v="20188685364847e" t="String" n="$E" />
        <Key v="20188655603923e" t="String" n="$S" />
      </Data>
      <Data n="20188685420259c">
        <Key v="20188685420259e" t="String" n="$E" />
        <Key v="20188685364847e" t="String" n="$S" />
      </Data>
      <Data n="20188686334376c">
        <Key v="20188686334376e" t="String" n="$E" />
        <Key v="20188655595544e" t="String" n="$S" />
      </Data>
      <Data n="20188655604198c">
        <Key v="20188655604198e" t="String" n="$E" />
        <Key v="20188686334376e" t="String" n="$S" />
      </Data>
      <Data n="20188655604477c">
        <Key v="20188655604477e" t="String" n="$E" />
        <Key v="20188655595544e" t="String" n="$S" />
      </Data>
      <Data n="20206616256075c">
        <Key v="20181674521258e" t="String" n="$E" />
        <Key v="20188655479702e" t="String" n="$S" />
      </Data>
      <Data n="20206616256076c">
        <Key v="20181674521258e" t="String" n="$E" />
        <Key v="20188655619861e" t="String" n="$S" />
      </Data>
      <Data n="20182003358861c">
        <Key v="20182003358861e" t="String" n="$E" />
        <Key v="20181674854415e" t="String" n="$S" />
      </Data>
      <Data n="20182003352126c">
        <Key v="20182003352126e" t="String" n="$E" />
        <Key v="20181674854415e" t="String" n="$S" />
      </Data>
      <Data n="20206616256079c">
        <Key v="20181674727272e" t="String" n="$E" />
        <Key v="20181674847023e" t="String" n="$S" />
      </Data>
      <Data n="20182005674628c">
        <Key v="20182005674628e" t="String" n="$E" />
        <Key v="20181674856475e" t="String" n="$S" />
      </Data>
      <Data n="20182005699342c">
        <Key v="20182005699342e" t="String" n="$E" />
        <Key v="20182005691273e" t="String" n="$S" />
      </Data>
      <Data n="20188655603922c">
        <Key v="20188655603922e" t="String" n="$E" />
        <Key v="20188685420259e" t="String" n="$S" />
      </Data>
      <Data n="20188655604197c">
        <Key v="20188655604197e" t="String" n="$E" />
        <Key v="20188655604198e" t="String" n="$S" />
      </Data>
      <Data n="20188655604478c">
        <Key v="20188655604478e" t="String" n="$E" />
        <Key v="20188655604477e" t="String" n="$S" />
      </Data>
      <Data n="20181908823230c">
        <Key v="20181908823230e" t="String" n="$E" />
        <Key v="20182003358861e" t="String" n="$S" />
      </Data>
      <Data n="20181908822334c">
        <Key v="20181908822334e" t="String" n="$E" />
        <Key v="20182003352126e" t="String" n="$S" />
      </Data>
      <Data n="20206616256088c">
        <Key v="20182005677561e" t="String" n="$E" />
        <Key v="20182005674628e" t="String" n="$S" />
      </Data>
      <Data n="20182006255380c">
        <Key v="20182006255380e" t="String" n="$E" />
        <Key v="20182005699342e" t="String" n="$S" />
      </Data>
      <Data n="20188685060626c">
        <Key v="20188685060626e" t="String" n="$E" />
        <Key v="20188655603922e" t="String" n="$S" />
      </Data>
      <Data n="20188685096156c">
        <Key v="20188685096156e" t="String" n="$E" />
        <Key v="20188655604197e" t="String" n="$S" />
      </Data>
      <Data n="20188686327598c">
        <Key v="20188686327598e" t="String" n="$E" />
        <Key v="20188685096156e" t="String" n="$S" />
      </Data>
      <Data n="20188685101055c">
        <Key v="20188685101055e" t="String" n="$E" />
        <Key v="20188655604197e" t="String" n="$S" />
      </Data>
      <Data n="20188686328223c">
        <Key v="20188686328223e" t="String" n="$E" />
        <Key v="20188685101055e" t="String" n="$S" />
      </Data>
      <Data n="20188685102989c">
        <Key v="20188685102989e" t="String" n="$E" />
        <Key v="20188655604197e" t="String" n="$S" />
      </Data>
      <Data n="20188686337270c">
        <Key v="20188686337270e" t="String" n="$E" />
        <Key v="20188685102989e" t="String" n="$S" />
      </Data>
      <Data n="20188685103966c">
        <Key v="20188685103966e" t="String" n="$E" />
        <Key v="20188655604197e" t="String" n="$S" />
      </Data>
      <Data n="20188686350208c">
        <Key v="20188686350208e" t="String" n="$E" />
        <Key v="20188685103966e" t="String" n="$S" />
      </Data>
      <Data n="20188686376647c">
        <Key v="20188686376647e" t="String" n="$E" />
        <Key v="20188655604478e" t="String" n="$S" />
      </Data>
      <Data n="20206616256100c">
        <Key v="20181674839090e" t="String" n="$E" />
        <Key v="20181908823230e" t="String" n="$S" />
      </Data>
      <Data n="20182005742845c">
        <Key v="20182005742845e" t="String" n="$E" />
        <Key v="20181908822334e" t="String" n="$S" />
      </Data>
      <Data n="20182003433524c">
        <Key v="20182003433524e" t="String" n="$E" />
        <Key v="20182005742845e" t="String" n="$S" />
      </Data>
      <Data n="20182005742370c">
        <Key v="20182005742370e" t="String" n="$E" />
        <Key v="20182003433524e" t="String" n="$S" />
      </Data>
      <Data n="20182003433711c">
        <Key v="20182003433711e" t="String" n="$E" />
        <Key v="20181908822334e" t="String" n="$S" />
      </Data>
      <Data n="20182006279946c">
        <Key v="20182006279946e" t="String" n="$E" />
        <Key v="20182006255380e" t="String" n="$S" />
      </Data>
      <Data n="20188685060625c">
        <Key v="20188685060625e" t="String" n="$E" />
        <Key v="20188685060626e" t="String" n="$S" />
      </Data>
      <Data n="20188685091669c">
        <Key v="20188685091669e" t="String" n="$E" />
        <Key v="20188686327598e" t="String" n="$S" />
      </Data>
      <Data n="20188685091923c">
        <Key v="20188685091923e" t="String" n="$E" />
        <Key v="20188686328223e" t="String" n="$S" />
      </Data>
      <Data n="20188685092208c">
        <Key v="20188685092208e" t="String" n="$E" />
        <Key v="20188686337270e" t="String" n="$S" />
      </Data>
      <Data n="20188685092516c">
        <Key v="20188685092516e" t="String" n="$E" />
        <Key v="20188686350208e" t="String" n="$S" />
      </Data>
      <Data n="20188686376648c">
        <Key v="20188686376648e" t="String" n="$E" />
        <Key v="20188686376647e" t="String" n="$S" />
      </Data>
      <Data n="20182003433523c">
        <Key v="20182003433523e" t="String" n="$E" />
        <Key v="20182005742370e" t="String" n="$S" />
      </Data>
      <Data n="20182003433712c">
        <Key v="20182003433712e" t="String" n="$E" />
        <Key v="20182003433711e" t="String" n="$S" />
      </Data>
      <Data n="20182006258966c">
        <Key v="20182006258966e" t="String" n="$E" />
        <Key v="20182006279946e" t="String" n="$S" />
      </Data>
      <Data n="20206616256115c">
        <Key v="20181674521258e" t="String" n="$E" />
        <Key v="20188685060625e" t="String" n="$S" />
      </Data>
      <Data n="20188685220917c">
        <Key v="20188685220917e" t="String" n="$E" />
        <Key v="20188685091669e" t="String" n="$S" />
      </Data>
      <Data n="20206616256117c">
        <Key v="20188685220917e" t="String" n="$E" />
        <Key v="20188685091923e" t="String" n="$S" />
      </Data>
      <Data n="20188686342252c">
        <Key v="20188686342252e" t="String" n="$E" />
        <Key v="20188685092208e" t="String" n="$S" />
      </Data>
      <Data n="20206616256119c">
        <Key v="20188686342252e" t="String" n="$E" />
        <Key v="20188685092516e" t="String" n="$S" />
      </Data>
      <Data n="20206616256120c">
        <Key v="20181674521258e" t="String" n="$E" />
        <Key v="20188686376648e" t="String" n="$S" />
      </Data>
      <Data n="20206616256121c">
        <Key v="20182005674628e" t="String" n="$E" />
        <Key v="20182003433523e" t="String" n="$S" />
      </Data>
      <Data n="20206616256122c">
        <Key v="20181674727272e" t="String" n="$E" />
        <Key v="20182003433712e" t="String" n="$S" />
      </Data>
      <Data n="20206616256123c">
        <Key v="20181674521258e" t="String" n="$E" />
        <Key v="20182006258966e" t="String" n="$S" />
      </Data>
      <Data n="20188685231105c">
        <Key v="20188685231105e" t="String" n="$E" />
        <Key v="20188685220917e" t="String" n="$S" />
      </Data>
      <Data n="20188686325725c">
        <Key v="20188686325725e" t="String" n="$E" />
        <Key v="20188685231105e" t="String" n="$S" />
      </Data>
      <Data n="20188685231474c">
        <Key v="20188685231474e" t="String" n="$E" />
        <Key v="20188685220917e" t="String" n="$S" />
      </Data>
      <Data n="20188686346048c">
        <Key v="20188686346048e" t="String" n="$E" />
        <Key v="20188686342252e" t="String" n="$S" />
      </Data>
      <Data n="20188686368480c">
        <Key v="20188686368480e" t="String" n="$E" />
        <Key v="20188686346048e" t="String" n="$S" />
      </Data>
      <Data n="20188686346318c">
        <Key v="20188686346318e" t="String" n="$E" />
        <Key v="20188686342252e" t="String" n="$S" />
      </Data>
      <Data n="20188685231104c">
        <Key v="20188685231104e" t="String" n="$E" />
        <Key v="20188686325725e" t="String" n="$S" />
      </Data>
      <Data n="20188685231473c">
        <Key v="20188685231473e" t="String" n="$E" />
        <Key v="20188685231474e" t="String" n="$S" />
      </Data>
      <Data n="20188686346047c">
        <Key v="20188686346047e" t="String" n="$E" />
        <Key v="20188686368480e" t="String" n="$S" />
      </Data>
      <Data n="20188686346317c">
        <Key v="20188686346317e" t="String" n="$E" />
        <Key v="20188686346318e" t="String" n="$S" />
      </Data>
      <Data n="20206616256135c">
        <Key v="20188685060625e" t="String" n="$E" />
        <Key v="20188685231104e" t="String" n="$S" />
      </Data>
      <Data n="20206616256136c">
        <Key v="20188686376648e" t="String" n="$E" />
        <Key v="20188685231473e" t="String" n="$S" />
      </Data>
      <Data n="20206616256137c">
        <Key v="20188685060625e" t="String" n="$E" />
        <Key v="20188686346047e" t="String" n="$S" />
      </Data>
      <Data n="20206616256138c">
        <Key v="20188686376648e" t="String" n="$E" />
        <Key v="20188686346317e" t="String" n="$S" />
      </Data>
    </Data>
  </Data>
</DataRoot>