﻿<?xml version="1.0" encoding="utf-8"?>
<DataRoot n="D">
  <Data n="20165156705493">
    <Data n="$Elems">
      <Data n="20165177280452e">
        <Key v="450,0" t="Vector2" n="!$P" />
        <Key v="20202866798502" t="String" n="$T" />
        <Key v="%M1" t="String" n="T" />
        <Key v="Jsem zaměstatný muž, takže rychle." t="String" n="%X" />
      </Data>
      <Data n="20165177582100e">
        <Key v="1050,0" t="Vector2" n="!$P" />
        <Key v="20202934699316" t="String" n="$T" />
        <Key v="Příjezd na žádost Aledorna" t="String" n="%CX" />
      </Data>
      <Data n="20165177582283e">
        <Key v="1050,-2400" t="Vector2" n="!$P" />
        <Key v="20202934699316" t="String" n="$T" />
        <Key v="Situace?" t="String" n="%CX" />
      </Data>
      <Data n="20165177584262e">
        <Key v="1050,-3400" t="Vector2" n="!$P" />
        <Key v="20202934699316" t="String" n="$T" />
        <Key v="Odejít" t="String" n="%CX" />
        <Key v="MrE" t="String" n="Spc" />
      </Data>
      <Data n="20165177582099e">
        <Key v="1500,0" t="Vector2" n="!$P" />
        <Key v="20202866798502" t="String" n="$T" />
        <Key v="Dobrý den, přijíždíme na žádost hraběte Aledorna. Bylo nám řečeno, že Vás máme vyhledat pro další informace." t="String" n="%X" />
      </Data>
      <Data n="20165177582282e">
        <Key v="1500,-2400" t="Vector2" n="!$P" />
        <Key v="20202866798502" t="String" n="$T" />
        <Key v="Dobrý den, právě jsme přijeli na ostrov a chtěli bychom se Vás zeptat, jaká je zde situace." t="String" n="%X" />
      </Data>
      <Data n="20165177584261e">
        <Key v="1500,-3400" t="Vector2" n="!$P" />
        <Key v="20202866798502" t="String" n="$T" />
        <Key v="Cože? To je nějaký hloupý vtip? Vypadněte odsud, ať už vás tady nevidím." t="String" n="%X" />
      </Data>
      <Data n="20165177651941e">
        <Key v="2100,0" t="Vector2" n="!$P" />
        <Key v="20206371455404" t="String" n="$T" />
        <Key v="CkI" t="String" n="GT" />
        <Key v="SaA" t="String" n="T" />
        <Key v="I20157375210590" t="String" n="It" />
        <Key v="100" t="String" n="C" />
      </Data>
      <Data n="20165177682793e">
        <Key v="2550,0" t="Vector2" n="!$P" />
        <Key v="20206371455404" t="String" n="$T" />
        <Key v="CkI" t="String" n="GT" />
        <Key v="SaA" t="String" n="T" />
        <Key v="I20165177663410" t="String" n="It" />
        <Key v="1" t="String" n="C" />
      </Data>
      <Data n="20165177737362e">
        <Key v="2100,-2400" t="Vector2" n="!$P" />
        <Key v="20202866798502" t="String" n="$T" />
        <Key v="%M1" t="String" n="T" />
        <Key v="Jaká že je situace?!  To myslíte vážně? A kvůli tomuhle jste mě vyrušili? Na tuhle otázku jste se mohli zeptat v jakékoliv hospodě a dostali byste úplně tu samou odpověď. Proboha jsme ve válce a pěkně v ní dostáváme a tím, že mě tady bude zdržovat zbytečnými otázkami ji rozhodně nevyhrajeme." t="String" n="%X" />
      </Data>
      <Data n="20165177743039e">
        <Key v="2100,-3400" t="Vector2" n="!$P" />
        <Key v="20202866798502" t="String" n="$T" />
        <Key v="%M1" t="String" n="T" />
        <Key v="Cože? To je nějaký hloupý vtip? Vypadněte odsud, ať už vás tady nevidím." t="String" n="%X" />
      </Data>
      <Data n="20165177630883e">
        <Key v="3000,0" t="Vector2" n="!$P" />
        <Key v="20202866798502" t="String" n="$T" />
        <Key v="%M1" t="String" n="T" />
        <Key v="Aha. &lt;zamračí se&gt; To jste Vy. Tak vás tady teda vítám. Řeknu vám, že z vašeho příjezdu odvázanej rozdhodně nejsem. Podle mě to poslední co potřebujem, je skupina vandráků, která se mi budou plést pod nohy. No což, mám nařízeno předat vám tohle. &lt;S těmito slovy Vám podává malý váček&gt;" t="String" n="%X" />
      </Data>
      <Data n="20165177879516e">
        <Key v="2700,-2400" t="Vector2" n="!$P" />
        <Key v="20202934699316" t="String" n="$T" />
        <Key v="Omluva" t="String" n="%CX" />
      </Data>
      <Data n="20165177879793e">
        <Key v="2700,-2600" t="Vector2" n="!$P" />
        <Key v="20202934699316" t="String" n="$T" />
        <Key v="Rázně na něj" t="String" n="%CX" />
      </Data>
      <Data n="20165177698952e">
        <Key v="3600,0" t="Vector2" n="!$P" />
        <Key v="20206495856812" t="String" n="$T" />
        <Key v="Reakce na uvítání a dar." t="String" n="!%Txt" />
      </Data>
      <Data n="20165177879515e">
        <Key v="3150,-2400" t="Vector2" n="!$P" />
        <Key v="20202866798502" t="String" n="$T" />
        <Key v="Omlouváme se, nechtěli jsme si Vás rozhněvat. Uvedeme věci na pravou míru. Přijeli jsme na žádost hraběte Aledorna s tím, že je zde nějaká neodkladná záležitost, se kterou máme pomoci. A bylo nám řečeno, že se máme hlásit u Vás." t="String" n="%X" />
      </Data>
      <Data n="20165177879792e">
        <Key v="3150,-2600" t="Vector2" n="!$P" />
        <Key v="20202866798502" t="String" n="$T" />
        <Key v="Heleď se, ty jeden páprdo, cestou sem nás přepadli piráti a nemáme zrovna náladu se tady s tebou dohadovat. Jsme tady z pověření hraběte Aledorna. Máme tady pomoci s jistou záležitostí a ty nám máš pomoct, tak se čiň, nebo uvidíš." t="String" n="%X" />
      </Data>
      <Data n="20165178673821e">
        <Key v="4200,0" t="Vector2" n="!$P" />
        <Key v="_EGate" t="String" n="$T" />
        <Key v="G1" t="String" n="GT" />
        <Key v="1" t="Int32" n="T2" />
        <Key v="0" t="Decimal" n="Val" />
        <Key v="Mornog_smlouvani" t="String" n="Cnt" />
        <Key v="Oel" t="String" n="O" />
      </Data>
      <Data n="20165177703422e">
        <Key v="4500,0" t="Vector2" n="!$P" />
        <Key v="20202934699316" t="String" n="$T" />
        <Key v="Dostat víc (smlouvat)" t="String" n="%CX" />
        <Key v="RoT" t="String" n="Spc" />
        <Key v="L2" t="String" n="Lvl" />
      </Data>
      <Data n="20165178674087e">
        <Key v="4950,0" t="Vector2" n="!$P" />
        <Key v="_EFunc" t="String" n="$T" />
        <Key v="G1" t="String" n="GT" />
        <Key v="1" t="Int32" n="T2" />
        <Key v="1" t="Decimal" n="Val" />
        <Key v="Mornog_smlouvani" t="String" n="Cnt" />
        <Key v="Os" t="String" n="O" />
      </Data>
      <Data n="20165177703623e">
        <Key v="4200,-400" t="Vector2" n="!$P" />
        <Key v="20202934699316" t="String" n="$T" />
        <Key v="Vyptávat se" t="String" n="%CX" />
      </Data>
      <Data n="20165177705312e">
        <Key v="4200,-2200" t="Vector2" n="!$P" />
        <Key v="20202934699316" t="String" n="$T" />
        <Key v="Odejít" t="String" n="%CX" />
        <Key v="MrE" t="String" n="Spc" />
      </Data>
      <Data n="20165178017837e">
        <Key v="3750,-2600" t="Vector2" n="!$P" />
        <Key v="20202866798502" t="String" n="$T" />
        <Key v="%M1" t="String" n="T" />
        <Key v="Co si to dovoluješ. Já jsem vážený starosta Mornog a takhle se mnou nikdo mluvit nebude... Nechám vás zavřít!!!" t="String" n="%X" />
      </Data>
      <Data n="20165177703421e">
        <Key v="5400,0" t="Vector2" n="!$P" />
        <Key v="20202866798502" t="String" n="$T" />
        <Key v="Víte cestou sem nás přepadli piráti a přišli jsme kvůli tomu o většinu vybavení. Nemohl byste nám dát o něco více?" t="String" n="%X" />
      </Data>
      <Data n="20165177703622e">
        <Key v="4650,-400" t="Vector2" n="!$P" />
        <Key v="20202866798502" t="String" n="$T" />
        <Key v="Ještě bychom se Vás rádi na něco optali." t="String" n="%X" />
      </Data>
      <Data n="20165177705311e">
        <Key v="4650,-2200" t="Vector2" n="!$P" />
        <Key v="20202866798502" t="String" n="$T" />
        <Key v="Nebudeme Vás dále zdržovat, nashledanou" t="String" n="%X" />
      </Data>
      <Data n="20165178047014e">
        <Key v="4350,-2600" t="Vector2" n="!$P" />
        <Key v="20202934699316" t="String" n="$T" />
        <Key v="Omluva" t="String" n="%CX" />
      </Data>
      <Data n="20165178047246e">
        <Key v="4350,-2800" t="Vector2" n="!$P" />
        <Key v="20202934699316" t="String" n="$T" />
        <Key v="Vyhrožovat" t="String" n="%CX" />
        <Key v="RoI" t="String" n="Spc" />
        <Key v="L3" t="String" n="Lvl" />
      </Data>
      <Data n="20165178587979e">
        <Key v="6000,0" t="Vector2" n="!$P" />
        <Key v="_EGate" t="String" n="$T" />
        <Key v="G1" t="String" n="GT" />
        <Key v="1" t="Int32" n="T2" />
        <Key v="2" t="Decimal" n="Val" />
        <Key v="XResult" t="String" n="Cnt" />
        <Key v="Oeg" t="String" n="O" />
      </Data>
      <Data n="20165178699169e">
        <Key v="6300,0" t="Vector2" n="!$P" />
        <Key v="20206371455404" t="String" n="$T" />
        <Key v="CkI" t="String" n="GT" />
        <Key v="SaA" t="String" n="T" />
        <Key v="I20157375210590" t="String" n="It" />
        <Key v="20" t="String" n="C" />
      </Data>
      <Data n="20165178591264e">
        <Key v="6000,-200" t="Vector2" n="!$P" />
        <Key v="_EGate" t="String" n="$T" />
        <Key v="G1" t="String" n="GT" />
        <Key v="1" t="Int32" n="T2" />
        <Key v="0" t="Decimal" n="Val" />
        <Key v="XResult" t="String" n="Cnt" />
        <Key v="Oeg" t="String" n="O" />
      </Data>
      <Data n="20165178716181e">
        <Key v="5250,-400" t="Vector2" n="!$P" />
        <Key v="20202866798502" t="String" n="$T" />
        <Key v="%M1" t="String" n="T" />
        <Key v="Tak ale rychle, mám spoustu práce." t="String" n="%X" />
      </Data>
      <Data n="20165178047244e">
        <Key v="4800,-2800" t="Vector2" n="!$P" />
        <Key v="20202866798502" t="String" n="$T" />
        <Key v="Tak si to zkus, ale věř že tě to bude bolet." t="String" n="%X" />
      </Data>
      <Data n="20165178586591e">
        <Key v="6750,0" t="Vector2" n="!$P" />
        <Key v="20202866798502" t="String" n="$T" />
        <Key v="%M1" t="String" n="T" />
        <Key v="Ti piráti jsou čím dál oprsklejší, bohužel momentálně nemám žádné možnosti jak proti nim zakročit. Každopádně chápu vaší situaci a trochu vám tedy přidám. &lt;šahne do malé truhličky, co má nastelo a odpočítá z ní 20 stříbrných mincí&gt;" t="String" n="%X" />
      </Data>
      <Data n="20165178586876e">
        <Key v="6450,-200" t="Vector2" n="!$P" />
        <Key v="20202866798502" t="String" n="$T" />
        <Key v="%M1" t="String" n="T" />
        <Key v="Ti piráti jsou čím dál oprsklejší, bohužel momentálně nemám žádné možnosti jak proti nim zakročit. Stejně jako žádné další peníze, které bych mohl postrádat." t="String" n="%X" />
      </Data>
      <Data n="20165178719609e">
        <Key v="5850,-400" t="Vector2" n="!$P" />
        <Key v="20206495856812" t="String" n="$T" />
        <Key v="Otázky." t="String" n="!%Txt" />
      </Data>
      <Data n="20165178105920e">
        <Key v="5400,-2800" t="Vector2" n="!$P" />
        <Key v="_EGate" t="String" n="$T" />
        <Key v="G1" t="String" n="GT" />
        <Key v="1" t="Int32" n="T2" />
        <Key v="2" t="Decimal" n="Val" />
        <Key v="XResult" t="String" n="Cnt" />
        <Key v="Oeg" t="String" n="O" />
      </Data>
      <Data n="20165178121417e">
        <Key v="5700,-2800" t="Vector2" n="!$P" />
        <Key v="20206371455404" t="String" n="$T" />
        <Key v="CkI" t="String" n="GT" />
        <Key v="SaA" t="String" n="T" />
        <Key v="I20157375210590" t="String" n="It" />
        <Key v="100" t="String" n="C" />
      </Data>
      <Data n="20165178122216e">
        <Key v="6150,-2800" t="Vector2" n="!$P" />
        <Key v="20206371455404" t="String" n="$T" />
        <Key v="CkI" t="String" n="GT" />
        <Key v="SaA" t="String" n="T" />
        <Key v="I20165177663410" t="String" n="It" />
        <Key v="1" t="String" n="C" />
      </Data>
      <Data n="20165178108132e">
        <Key v="5400,-3000" t="Vector2" n="!$P" />
        <Key v="_EGate" t="String" n="$T" />
        <Key v="G1" t="String" n="GT" />
        <Key v="1" t="Int32" n="T2" />
        <Key v="0" t="Decimal" n="Val" />
        <Key v="XResult" t="String" n="Cnt" />
        <Key v="Oeg" t="String" n="O" />
      </Data>
      <Data n="20165178657549e">
        <Key v="7350,0" t="Vector2" n="!$P" />
        <Key v="20202866798502" t="String" n="$T" />
        <Key v="Díky moc Mornogu." t="String" n="%X" />
      </Data>
      <Data n="20165178667380e">
        <Key v="7050,-200" t="Vector2" n="!$P" />
        <Key v="20202866798502" t="String" n="$T" />
        <Key v="Se asi nedá nic dělat no, peníze navíc by se nám rozhodně šikly." t="String" n="%X" />
      </Data>
      <Data n="20165178726566e">
        <Key v="6450,-400" t="Vector2" n="!$P" />
        <Key v="20202934699316" t="String" n="$T" />
        <Key v="Dozvědět se více o úkolu" t="String" n="%CX" />
      </Data>
      <Data n="20165178726852e">
        <Key v="6450,-600" t="Vector2" n="!$P" />
        <Key v="20202934699316" t="String" n="$T" />
        <Key v="Zeptat se na Lim" t="String" n="%CX" />
      </Data>
      <Data n="20165178727112e">
        <Key v="6450,-2000" t="Vector2" n="!$P" />
        <Key v="20202934699316" t="String" n="$T" />
        <Key v="Odejít" t="String" n="%CX" />
        <Key v="MrE" t="String" n="Spc" />
      </Data>
      <Data n="20165178079383e">
        <Key v="6600,-2800" t="Vector2" n="!$P" />
        <Key v="20202866798502" t="String" n="$T" />
        <Key v="%M1" t="String" n="T" />
        <Key v="No tak no tak pánové, není přece třeba uchylovat se k násilí. Takže začneme pěkně od začátku. O vašem příjezdu jsem byl informován a mám vám předat tohle." t="String" n="%X" />
      </Data>
      <Data n="20165178079641e">
        <Key v="5850,-3000" t="Vector2" n="!$P" />
        <Key v="20202866798502" t="String" n="$T" />
        <Key v="%M1" t="String" n="T" />
        <Key v="Stráže, okamžitě je zatkněte a zavřete do vězení!!!" t="String" n="%X" />
      </Data>
      <Data n="20165178726565e">
        <Key v="6900,-400" t="Vector2" n="!$P" />
        <Key v="20202866798502" t="String" n="$T" />
        <Key v="Chtěli bychom se dozvědět něco více ohledně našeho úkolu. Víme jen to, že máme hledat nějakého čaroděje, můžete nám prosím říci více?" t="String" n="%X" />
      </Data>
      <Data n="20165178726851e">
        <Key v="6900,-600" t="Vector2" n="!$P" />
        <Key v="20202866798502" t="String" n="$T" />
        <Key v="Rádi bychom se něco dozvěděli o tomto městě." t="String" n="%X" />
      </Data>
      <Data n="20165178727111e">
        <Key v="6900,-2000" t="Vector2" n="!$P" />
        <Key v="20202866798502" t="String" n="$T" />
        <Key v="To bude vše. Nebudeme Vás nadále zdržovat. Na shledanou." t="String" n="%X" />
      </Data>
      <Data n="20165178137522e">
        <Key v="6450,-3000" t="Vector2" n="!$P" />
        <Key v="20202934699316" t="String" n="$T" />
        <Key v="Nechat se zavřít" t="String" n="%CX" />
        <Key v="MrE" t="String" n="Spc" />
      </Data>
      <Data n="20165178137855e">
        <Key v="6450,-3200" t="Vector2" n="!$P" />
        <Key v="20202934699316" t="String" n="$T" />
        <Key v="Bránit se" t="String" n="%CX" />
        <Key v="MrA" t="String" n="Spc" />
      </Data>
      <Data n="20165178839783e">
        <Key v="7500,-400" t="Vector2" n="!$P" />
        <Key v="20202866798502" t="String" n="$T" />
        <Key v="%M1" t="String" n="T" />
        <Key v="No popravdě já o tom moc nevím, vím jen, že existuje nějaká legenda, která o tom vašem čarodějovi vypráví. Její znění už si nepamatuju, ale informace tohoto typu, bych hledal v místní knihovně. Knihovník je trochu podivín, ale s tím si vy jistě poradíte." t="String" n="%X" />
      </Data>
      <Data n="20165178742450e">
        <Key v="7500,-600" t="Vector2" n="!$P" />
        <Key v="20202866798502" t="String" n="$T" />
        <Key v="%M1" t="String" n="T" />
        <Key v="Bohužel odpovědi na vaše otázky budete musel hledat jinde, nemám čas se tady s vámi vybavovat." t="String" n="%X" />
      </Data>
      <Data n="20165195118377e">
        <Key v="8100,-600" t="Vector2" n="!$P" />
        <Key v="20202934699316" t="String" n="$T" />
        <Key v="Zeptat se na něco jiného" t="String" n="%CX" />
      </Data>
      <Data n="20165195117740e">
        <Key v="8100,-800" t="Vector2" n="!$P" />
        <Key v="20202934699316" t="String" n="$T" />
        <Key v="Přemluvit starostu" t="String" n="%CX" />
        <Key v="RoP" t="String" n="Spc" />
        <Key v="L2" t="String" n="Lvl" />
      </Data>
      <Data n="20165195117736e">
        <Key v="8550,-800" t="Vector2" n="!$P" />
        <Key v="20202866798502" t="String" n="$T" />
        <Key v="Ale pane starosto, měl byste si na nás najít ještě chvilku. Přeci jenom jsme tady kvůli pomoci. Naším cílem je zachránit Aledorské hrabství a to včetně vašeho města Lim." t="String" n="%X" />
      </Data>
      <Data n="20165195790957e">
        <Key v="9150,-800" t="Vector2" n="!$P" />
        <Key v="_EGate" t="String" n="$T" />
        <Key v="G1" t="String" n="GT" />
        <Key v="1" t="Int32" n="T2" />
        <Key v="2" t="Decimal" n="Val" />
        <Key v="XResult" t="String" n="Cnt" />
        <Key v="Oeg" t="String" n="O" />
      </Data>
      <Data n="20165195794027e">
        <Key v="9150,-1800" t="Vector2" n="!$P" />
        <Key v="_EGate" t="String" n="$T" />
        <Key v="G1" t="String" n="GT" />
        <Key v="1" t="Int32" n="T2" />
        <Key v="0" t="Decimal" n="Val" />
        <Key v="XResult" t="String" n="Cnt" />
        <Key v="Oeg" t="String" n="O" />
      </Data>
      <Data n="20165195575284e">
        <Key v="9600,-800" t="Vector2" n="!$P" />
        <Key v="20202866798502" t="String" n="$T" />
        <Key v="%M1" t="String" n="T" />
        <Key v="Dobrá, máte pravdu. Chvilku svého času mohu obětovat. Tak co byste rádi věděli?" t="String" n="%X" />
      </Data>
      <Data n="20165195575563e">
        <Key v="9600,-1800" t="Vector2" n="!$P" />
        <Key v="20202866798502" t="String" n="$T" />
        <Key v="%M1" t="String" n="T" />
        <Key v="Víte já ve váš úspěch zrovna nevěřím, o tom čaroději jsou to všechno jen pověry. Místo vás měl hrabě najmout spíše jednotku žoldáků, takže prosím odejděte. Stráže vás doprovodí." t="String" n="%X" />
      </Data>
      <Data n="20165195658485e">
        <Key v="10200,-800" t="Vector2" n="!$P" />
        <Key v="20206495856812" t="String" n="$T" />
        <Key v="Otázky" t="String" n="!%Txt" />
      </Data>
      <Data n="20165195664779e">
        <Key v="10800,-800" t="Vector2" n="!$P" />
        <Key v="20202934699316" t="String" n="$T" />
        <Key v="Nocleh a jídlo" t="String" n="%CX" />
      </Data>
      <Data n="20165195665077e">
        <Key v="10800,-1000" t="Vector2" n="!$P" />
        <Key v="20202934699316" t="String" n="$T" />
        <Key v="Zbraně" t="String" n="%CX" />
      </Data>
      <Data n="20165195665336e">
        <Key v="10800,-1200" t="Vector2" n="!$P" />
        <Key v="20202934699316" t="String" n="$T" />
        <Key v="Zbroje" t="String" n="%CX" />
      </Data>
      <Data n="20165195665636e">
        <Key v="10800,-1400" t="Vector2" n="!$P" />
        <Key v="20202934699316" t="String" n="$T" />
        <Key v="Magie" t="String" n="%CX" />
      </Data>
      <Data n="20165195665902e">
        <Key v="10800,-1600" t="Vector2" n="!$P" />
        <Key v="20202934699316" t="String" n="$T" />
        <Key v="Odejít" t="String" n="%CX" />
        <Key v="MrE" t="String" n="Spc" />
      </Data>
      <Data n="20165195664778e">
        <Key v="11250,-800" t="Vector2" n="!$P" />
        <Key v="20202866798502" t="String" n="$T" />
        <Key v="Rádi bychom se dozvěděli něco o místních hospodách. Kde se ubytovat, kde se dobře najíst a naopak, na jaké lokály si dát pozor." t="String" n="%X" />
      </Data>
      <Data n="20165195665076e">
        <Key v="11250,-1000" t="Vector2" n="!$P" />
        <Key v="20202866798502" t="String" n="$T" />
        <Key v="Mohl byste nám poradit, kde seženem nějaké zbraně?" t="String" n="%X" />
      </Data>
      <Data n="20165195665335e">
        <Key v="11250,-1200" t="Vector2" n="!$P" />
        <Key v="20202866798502" t="String" n="$T" />
        <Key v="Potřebovali bychom nějaké zbroje, jelikož při útěku pirátům jsme o většinu přišli." t="String" n="%X" />
      </Data>
      <Data n="20165195665637e">
        <Key v="11250,-1400" t="Vector2" n="!$P" />
        <Key v="20202866798502" t="String" n="$T" />
        <Key v="Kde bychom sehnali nějaká kouzla či magické vybavení?" t="String" n="%X" />
      </Data>
      <Data n="20165195665903e">
        <Key v="11250,-1600" t="Vector2" n="!$P" />
        <Key v="20202866798502" t="String" n="$T" />
        <Key v="To bude všechno. Díky moc pane starosto." t="String" n="%X" />
      </Data>
      <Data n="20165195708850e">
        <Key v="11850,-800" t="Vector2" n="!$P" />
        <Key v="20202866798502" t="String" n="$T" />
        <Key v="%M1" t="String" n="T" />
        <Key v="No putik a hospod tady máme hodně. Pokud máte hluboko do kapsy doporučil bych vám &quot;Přístavní couru&quot;. Mají velmi příznivé ceny a není tam tak nebezpečno, jako například &quot;U piráta&quot; či &quot;Leklé ryby&quot;. Těmhle dvoum se raděj oklikou vyhněte." t="String" n="%X" />
      </Data>
      <Data n="20165195734549e">
        <Key v="11850,-1000" t="Vector2" n="!$P" />
        <Key v="20202866798502" t="String" n="$T" />
        <Key v="%M1" t="String" n="T" />
        <Key v="No tak se zbraněmi je to trochu složitější, stačí-li vám jakejkoliv omlácenej kus klacku, zajděte za vetešníkem Ianroarem, ten se specializuje na zbraně z druhé ruky. Kvalita sice mizerná, ale velmi příznivé ceny, popravdě ty ceny má občas tak nízko, že si myslím že je získává nějakou nelegální cestou, ale nikdy mu nikdo nic nedokázal." t="String" n="%X" />
      </Data>
      <Data n="20165195762997e">
        <Key v="11850,-1200" t="Vector2" n="!$P" />
        <Key v="20202866798502" t="String" n="$T" />
        <Key v="%M1" t="String" n="T" />
        <Key v="Nějaké použité a tím pádem levnější zbroje určitě seženete u vetešníků. Lepší a kvalitnější zbroje ve městě prodávají 3 obchodníci. Pokud patříte k vyznavačům spíše lehčího brnění, pak se určitě stavte za Caionou Hawklight má tu nejlepší nabídku na ostrově. Či dáváte přednost těžkým plátovým brněním, navštivte Horwarda Milnera." t="String" n="%X" />
      </Data>
      <Data n="20165195774598e">
        <Key v="11850,-1400" t="Vector2" n="!$P" />
        <Key v="20202866798502" t="String" n="$T" />
        <Key v="%M1" t="String" n="T" />
        <Key v="V tomhle se moc nevyznám. Mohu vám jen říci, kdo nějakou magickou praxi provozuje, ale v jakém směru to už vám nepovím. Jak jsem řekl, tomuhle příliš nerozumím." t="String" n="%X" />
      </Data>
      <Data n="20165195720313e">
        <Key v="12450,-800" t="Vector2" n="!$P" />
        <Key v="20202866798502" t="String" n="$T" />
        <Key v="%M1" t="String" n="T" />
        <Key v="Pak tady máme &quot;Zahrádky&quot; to je taková příjemná místní nalejvárna. Není nikterak drahá a vaří opravdu dobře. Místní domácí kuchyň je velmi vyhlášená. Službami podobná hospoda je &quot;Růžek&quot;. Asi nejluxusnější hospoda je na náměstí, hned vedle mojí radnice. Jmenuje se &quot;U zlatého žezla&quot;. Pokud máte rádi luxus, rozhodně doporučuji, ale na to moc nevypadáte... haha" t="String" n="%X" />
      </Data>
      <Data n="20165195735312e">
        <Key v="12450,-1000" t="Vector2" n="!$P" />
        <Key v="20202866798502" t="String" n="$T" />
        <Key v="%M1" t="String" n="T" />
        <Key v="Dále je tady další vetešník hobit Pantiln Shortankard, ten prodává už o něco kvalitnější zbraně, ovšem za vyšší ceny." t="String" n="%X" />
      </Data>
      <Data n="20165195779069e">
        <Key v="12450,-1400" t="Vector2" n="!$P" />
        <Key v="20202866798502" t="String" n="$T" />
        <Key v="%M1" t="String" n="T" />
        <Key v="Je tady ta elfka Jandiana Arcanscape, pak rozhodně kněží v kostelu, no a ještě spousta dalších, ty už si asi budete muset najít sami." t="String" n="%X" />
      </Data>
      <Data n="20165195720929e">
        <Key v="13050,-800" t="Vector2" n="!$P" />
        <Key v="20202866798502" t="String" n="$T" />
        <Key v="%M1" t="String" n="T" />
        <Key v="Hodně zajímavou hospodou je hospoda &quot;U Šneka&quot;, je jedinou hospodou, ve které jsou povoleny hazardní hry, můžete si tam přijít na pěkné peníze, ale zároveň nemálo prohrát. Pak tady máme i několik ubytoven. Za zmínku stojí ubtovna &quot;U magdy&quot;, která dává snídani zdarma." t="String" n="%X" />
      </Data>
      <Data n="20165195744228e">
        <Key v="13050,-1000" t="Vector2" n="!$P" />
        <Key v="20202866798502" t="String" n="$T" />
        <Key v="%M1" t="String" n="T" />
        <Key v="Pokud ale chcete opravdovou kvalitu, musíte jít za specialisty. První z nich je trpaslik Frukas Samulkin, ten prodává prvotřídní kladiva a sekery. Investice do jeho zbraní se vám rozhodně vyplatí. Pokud jste však vyznavači mečů, či dřevcových zbraní zastavte se u půlelfa Quoeaka Wolfsbaneho, ten prodává ty nejlepší čepele v okolí." t="String" n="%X" />
      </Data>
    </Data>
    <Data n="$Conns">
      <Data n="20165177280452c">
        <Key v="20165177280452e" t="String" n="$E" />
      </Data>
      <Data n="20165177582100c">
        <Key v="20165177582100e" t="String" n="$E" />
        <Key v="20165177280452e" t="String" n="$S" />
      </Data>
      <Data n="20165177582283c">
        <Key v="20165177582283e" t="String" n="$E" />
        <Key v="20165177280452e" t="String" n="$S" />
      </Data>
      <Data n="20165177584262c">
        <Key v="20165177584262e" t="String" n="$E" />
        <Key v="20165177280452e" t="String" n="$S" />
      </Data>
      <Data n="20165177582099c">
        <Key v="20165177582099e" t="String" n="$E" />
        <Key v="20165177582100e" t="String" n="$S" />
      </Data>
      <Data n="20165177582282c">
        <Key v="20165177582282e" t="String" n="$E" />
        <Key v="20165177582283e" t="String" n="$S" />
      </Data>
      <Data n="20165177584261c">
        <Key v="20165177584261e" t="String" n="$E" />
        <Key v="20165177584262e" t="String" n="$S" />
      </Data>
      <Data n="20165177651941c">
        <Key v="20165177651941e" t="String" n="$E" />
        <Key v="20165177582099e" t="String" n="$S" />
      </Data>
      <Data n="20165177682793c">
        <Key v="20165177682793e" t="String" n="$E" />
        <Key v="20165177651941e" t="String" n="$S" />
      </Data>
      <Data n="20165177737362c">
        <Key v="20165177737362e" t="String" n="$E" />
        <Key v="20165177582282e" t="String" n="$S" />
      </Data>
      <Data n="20165177743039c">
        <Key v="20165177743039e" t="String" n="$E" />
        <Key v="20165177584261e" t="String" n="$S" />
      </Data>
      <Data n="20165177630883c">
        <Key v="20165177630883e" t="String" n="$E" />
        <Key v="20165177682793e" t="String" n="$S" />
      </Data>
      <Data n="20165177879516c">
        <Key v="20165177879516e" t="String" n="$E" />
        <Key v="20165177737362e" t="String" n="$S" />
      </Data>
      <Data n="20165177879793c">
        <Key v="20165177879793e" t="String" n="$E" />
        <Key v="20165177737362e" t="String" n="$S" />
      </Data>
      <Data n="20165177698952c">
        <Key v="20165177698952e" t="String" n="$E" />
        <Key v="20165177630883e" t="String" n="$S" />
      </Data>
      <Data n="20165177879515c">
        <Key v="20165177879515e" t="String" n="$E" />
        <Key v="20165177879516e" t="String" n="$S" />
      </Data>
      <Data n="20165177879792c">
        <Key v="20165177879792e" t="String" n="$E" />
        <Key v="20165177879793e" t="String" n="$S" />
      </Data>
      <Data n="20165178673821c">
        <Key v="20165178673821e" t="String" n="$E" />
        <Key v="20165177698952e" t="String" n="$S" />
      </Data>
      <Data n="20165177703422c">
        <Key v="20165177703422e" t="String" n="$E" />
        <Key v="20165178673821e" t="String" n="$S" />
      </Data>
      <Data n="20165178674087c">
        <Key v="20165178674087e" t="String" n="$E" />
        <Key v="20165177703422e" t="String" n="$S" />
      </Data>
      <Data n="20165177703623c">
        <Key v="20165177703623e" t="String" n="$E" />
        <Key v="20165177698952e" t="String" n="$S" />
      </Data>
      <Data n="20165177705312c">
        <Key v="20165177705312e" t="String" n="$E" />
        <Key v="20165177698952e" t="String" n="$S" />
      </Data>
      <Data n="20206616255956c">
        <Key v="20165177630883e" t="String" n="$E" />
        <Key v="20165177879515e" t="String" n="$S" />
      </Data>
      <Data n="20165178017837c">
        <Key v="20165178017837e" t="String" n="$E" />
        <Key v="20165177879792e" t="String" n="$S" />
      </Data>
      <Data n="20165177703421c">
        <Key v="20165177703421e" t="String" n="$E" />
        <Key v="20165178674087e" t="String" n="$S" />
      </Data>
      <Data n="20165177703622c">
        <Key v="20165177703622e" t="String" n="$E" />
        <Key v="20165177703623e" t="String" n="$S" />
      </Data>
      <Data n="20165177705311c">
        <Key v="20165177705311e" t="String" n="$E" />
        <Key v="20165177705312e" t="String" n="$S" />
      </Data>
      <Data n="20165178047014c">
        <Key v="20165178047014e" t="String" n="$E" />
        <Key v="20165178017837e" t="String" n="$S" />
      </Data>
      <Data n="20165178047246c">
        <Key v="20165178047246e" t="String" n="$E" />
        <Key v="20165178017837e" t="String" n="$S" />
      </Data>
      <Data n="20165178587979c">
        <Key v="20165178587979e" t="String" n="$E" />
        <Key v="20165177703421e" t="String" n="$S" />
      </Data>
      <Data n="20165178699169c">
        <Key v="20165178699169e" t="String" n="$E" />
        <Key v="20165178587979e" t="String" n="$S" />
      </Data>
      <Data n="20165178591264c">
        <Key v="20165178591264e" t="String" n="$E" />
        <Key v="20165177703421e" t="String" n="$S" />
      </Data>
      <Data n="20165178716181c">
        <Key v="20165178716181e" t="String" n="$E" />
        <Key v="20165177703622e" t="String" n="$S" />
      </Data>
      <Data n="20206616255967c">
        <Key v="20165177879515e" t="String" n="$E" />
        <Key v="20165178047014e" t="String" n="$S" />
      </Data>
      <Data n="20165178047244c">
        <Key v="20165178047244e" t="String" n="$E" />
        <Key v="20165178047246e" t="String" n="$S" />
      </Data>
      <Data n="20165178586591c">
        <Key v="20165178586591e" t="String" n="$E" />
        <Key v="20165178699169e" t="String" n="$S" />
      </Data>
      <Data n="20165178586876c">
        <Key v="20165178586876e" t="String" n="$E" />
        <Key v="20165178591264e" t="String" n="$S" />
      </Data>
      <Data n="20165178719609c">
        <Key v="20165178719609e" t="String" n="$E" />
        <Key v="20165178716181e" t="String" n="$S" />
      </Data>
      <Data n="20165178105920c">
        <Key v="20165178105920e" t="String" n="$E" />
        <Key v="20165178047244e" t="String" n="$S" />
      </Data>
      <Data n="20165178121417c">
        <Key v="20165178121417e" t="String" n="$E" />
        <Key v="20165178105920e" t="String" n="$S" />
      </Data>
      <Data n="20165178122216c">
        <Key v="20165178122216e" t="String" n="$E" />
        <Key v="20165178121417e" t="String" n="$S" />
      </Data>
      <Data n="20165178108132c">
        <Key v="20165178108132e" t="String" n="$E" />
        <Key v="20165178047244e" t="String" n="$S" />
      </Data>
      <Data n="20165178657549c">
        <Key v="20165178657549e" t="String" n="$E" />
        <Key v="20165178586591e" t="String" n="$S" />
      </Data>
      <Data n="20165178667380c">
        <Key v="20165178667380e" t="String" n="$E" />
        <Key v="20165178586876e" t="String" n="$S" />
      </Data>
      <Data n="20165178726566c">
        <Key v="20165178726566e" t="String" n="$E" />
        <Key v="20165178719609e" t="String" n="$S" />
      </Data>
      <Data n="20165178726852c">
        <Key v="20165178726852e" t="String" n="$E" />
        <Key v="20165178719609e" t="String" n="$S" />
      </Data>
      <Data n="20165178727112c">
        <Key v="20165178727112e" t="String" n="$E" />
        <Key v="20165178719609e" t="String" n="$S" />
      </Data>
      <Data n="20165178079383c">
        <Key v="20165178079383e" t="String" n="$E" />
        <Key v="20165178122216e" t="String" n="$S" />
      </Data>
      <Data n="20165178079641c">
        <Key v="20165178079641e" t="String" n="$E" />
        <Key v="20165178108132e" t="String" n="$S" />
      </Data>
      <Data n="20206616255985c">
        <Key v="20165177698952e" t="String" n="$E" />
        <Key v="20165178657549e" t="String" n="$S" />
      </Data>
      <Data n="20206616255986c">
        <Key v="20165177698952e" t="String" n="$E" />
        <Key v="20165178667380e" t="String" n="$S" />
      </Data>
      <Data n="20165178726565c">
        <Key v="20165178726565e" t="String" n="$E" />
        <Key v="20165178726566e" t="String" n="$S" />
      </Data>
      <Data n="20165178726851c">
        <Key v="20165178726851e" t="String" n="$E" />
        <Key v="20165178726852e" t="String" n="$S" />
      </Data>
      <Data n="20165178727111c">
        <Key v="20165178727111e" t="String" n="$E" />
        <Key v="20165178727112e" t="String" n="$S" />
      </Data>
      <Data n="20206616255990c">
        <Key v="20165177698952e" t="String" n="$E" />
        <Key v="20165178079383e" t="String" n="$S" />
      </Data>
      <Data n="20165178137522c">
        <Key v="20165178137522e" t="String" n="$E" />
        <Key v="20165178079641e" t="String" n="$S" />
      </Data>
      <Data n="20165178137855c">
        <Key v="20165178137855e" t="String" n="$E" />
        <Key v="20165178079641e" t="String" n="$S" />
      </Data>
      <Data n="20165178839783c">
        <Key v="20165178839783e" t="String" n="$E" />
        <Key v="20165178726565e" t="String" n="$S" />
      </Data>
      <Data n="20165178742450c">
        <Key v="20165178742450e" t="String" n="$E" />
        <Key v="20165178726851e" t="String" n="$S" />
      </Data>
      <Data n="20206616255995c">
        <Key v="20165178719609e" t="String" n="$E" />
        <Key v="20165178839783e" t="String" n="$S" />
      </Data>
      <Data n="20165195118377c">
        <Key v="20165195118377e" t="String" n="$E" />
        <Key v="20165178742450e" t="String" n="$S" />
      </Data>
      <Data n="20165195117740c">
        <Key v="20165195117740e" t="String" n="$E" />
        <Key v="20165178742450e" t="String" n="$S" />
      </Data>
      <Data n="20206616255998c">
        <Key v="20165178719609e" t="String" n="$E" />
        <Key v="20165195118377e" t="String" n="$S" />
      </Data>
      <Data n="20165195117736c">
        <Key v="20165195117736e" t="String" n="$E" />
        <Key v="20165195117740e" t="String" n="$S" />
      </Data>
      <Data n="20165195790957c">
        <Key v="20165195790957e" t="String" n="$E" />
        <Key v="20165195117736e" t="String" n="$S" />
      </Data>
      <Data n="20165195794027c">
        <Key v="20165195794027e" t="String" n="$E" />
        <Key v="20165195117736e" t="String" n="$S" />
      </Data>
      <Data n="20165195575284c">
        <Key v="20165195575284e" t="String" n="$E" />
        <Key v="20165195790957e" t="String" n="$S" />
      </Data>
      <Data n="20165195575563c">
        <Key v="20165195575563e" t="String" n="$E" />
        <Key v="20165195794027e" t="String" n="$S" />
      </Data>
      <Data n="20165195658485c">
        <Key v="20165195658485e" t="String" n="$E" />
        <Key v="20165195575284e" t="String" n="$S" />
      </Data>
      <Data n="20165195664779c">
        <Key v="20165195664779e" t="String" n="$E" />
        <Key v="20165195658485e" t="String" n="$S" />
      </Data>
      <Data n="20165195665077c">
        <Key v="20165195665077e" t="String" n="$E" />
        <Key v="20165195658485e" t="String" n="$S" />
      </Data>
      <Data n="20165195665336c">
        <Key v="20165195665336e" t="String" n="$E" />
        <Key v="20165195658485e" t="String" n="$S" />
      </Data>
      <Data n="20165195665636c">
        <Key v="20165195665636e" t="String" n="$E" />
        <Key v="20165195658485e" t="String" n="$S" />
      </Data>
      <Data n="20165195665902c">
        <Key v="20165195665902e" t="String" n="$E" />
        <Key v="20165195658485e" t="String" n="$S" />
      </Data>
      <Data n="20165195664778c">
        <Key v="20165195664778e" t="String" n="$E" />
        <Key v="20165195664779e" t="String" n="$S" />
      </Data>
      <Data n="20165195665076c">
        <Key v="20165195665076e" t="String" n="$E" />
        <Key v="20165195665077e" t="String" n="$S" />
      </Data>
      <Data n="20165195665335c">
        <Key v="20165195665335e" t="String" n="$E" />
        <Key v="20165195665336e" t="String" n="$S" />
      </Data>
      <Data n="20165195665637c">
        <Key v="20165195665637e" t="String" n="$E" />
        <Key v="20165195665636e" t="String" n="$S" />
      </Data>
      <Data n="20165195665903c">
        <Key v="20165195665903e" t="String" n="$E" />
        <Key v="20165195665902e" t="String" n="$S" />
      </Data>
      <Data n="20165195708850c">
        <Key v="20165195708850e" t="String" n="$E" />
        <Key v="20165195664778e" t="String" n="$S" />
      </Data>
      <Data n="20165195734549c">
        <Key v="20165195734549e" t="String" n="$E" />
        <Key v="20165195665076e" t="String" n="$S" />
      </Data>
      <Data n="20165195762997c">
        <Key v="20165195762997e" t="String" n="$E" />
        <Key v="20165195665335e" t="String" n="$S" />
      </Data>
      <Data n="20165195774598c">
        <Key v="20165195774598e" t="String" n="$E" />
        <Key v="20165195665637e" t="String" n="$S" />
      </Data>
      <Data n="20165195720313c">
        <Key v="20165195720313e" t="String" n="$E" />
        <Key v="20165195708850e" t="String" n="$S" />
      </Data>
      <Data n="20165195735312c">
        <Key v="20165195735312e" t="String" n="$E" />
        <Key v="20165195734549e" t="String" n="$S" />
      </Data>
      <Data n="20206616256022c">
        <Key v="20165195658485e" t="String" n="$E" />
        <Key v="20165195762997e" t="String" n="$S" />
      </Data>
      <Data n="20165195779069c">
        <Key v="20165195779069e" t="String" n="$E" />
        <Key v="20165195774598e" t="String" n="$S" />
      </Data>
      <Data n="20165195720929c">
        <Key v="20165195720929e" t="String" n="$E" />
        <Key v="20165195720313e" t="String" n="$S" />
      </Data>
      <Data n="20165195744228c">
        <Key v="20165195744228e" t="String" n="$E" />
        <Key v="20165195735312e" t="String" n="$S" />
      </Data>
      <Data n="20206616256026c">
        <Key v="20165195658485e" t="String" n="$E" />
        <Key v="20165195779069e" t="String" n="$S" />
      </Data>
      <Data n="20206616256027c">
        <Key v="20165195658485e" t="String" n="$E" />
        <Key v="20165195720929e" t="String" n="$S" />
      </Data>
      <Data n="20206616256028c">
        <Key v="20165195658485e" t="String" n="$E" />
        <Key v="20165195744228e" t="String" n="$S" />
      </Data>
    </Data>
  </Data>
</DataRoot>