﻿<?xml version="1.0" encoding="utf-8"?>
<DataRoot n="D">
  <Data n="20177241735695">
    <Data n="$Elems">
      <Data n="20178080206299e">
        <Key v="450,0" t="Vector2" n="!$P" />
        <Key v="_EGate" t="String" n="$T" />
        <Key v="G1" t="String" n="GT" />
        <Key v="1" t="Int32" n="T2" />
        <Key v="-10" t="Decimal" n="Val" />
        <Key v="Hardon" t="String" n="Cnt" />
        <Key v="Oel" t="String" n="O" />
      </Data>
      <Data n="20178080262041e">
        <Key v="750,0" t="Vector2" n="!$P" />
        <Key v="_EFunc" t="String" n="$T" />
        <Key v="G1" t="String" n="GT" />
        <Key v="1" t="Int32" n="T2" />
        <Key v="-5" t="Decimal" n="Val" />
        <Key v="Hardon" t="String" n="Cnt" />
        <Key v="O+" t="String" n="O" />
      </Data>
      <Data n="20182774133668e">
        <Key v="1050,0" t="Vector2" n="!$P" />
        <Key v="_EFunc" t="String" n="$T" />
        <Key v="G1" t="String" n="GT" />
        <Key v="1" t="Int32" n="T2" />
        <Key v="2" t="Decimal" n="Val" />
        <Key v="Lishak" t="String" n="Cnt" />
        <Key v="O+" t="String" n="O" />
      </Data>
      <Data n="20182774140544e">
        <Key v="1350,0" t="Vector2" n="!$P" />
        <Key v="20206371455404" t="String" n="$T" />
        <Key v="CkE" t="String" n="GT" />
        <Key v="SaD" t="String" n="T" />
        <Key v="E20177241766087" t="String" n="Ev" />
      </Data>
      <Data n="20178080053788e">
        <Key v="450,-200" t="Vector2" n="!$P" />
        <Key v="_EGate" t="String" n="$T" />
        <Key v="G1" t="String" n="GT" />
        <Key v="1" t="Int32" n="T2" />
        <Key v="19" t="Decimal" n="Val" />
        <Key v="Hardon" t="String" n="Cnt" />
        <Key v="Oel" t="String" n="O" />
      </Data>
      <Data n="20178080061770e">
        <Key v="750,-200" t="Vector2" n="!$P" />
        <Key v="_EGate" t="String" n="$T" />
        <Key v="G1" t="String" n="GT" />
        <Key v="1" t="Int32" n="T2" />
        <Key v="-9" t="Decimal" n="Val" />
        <Key v="Hardon" t="String" n="Cnt" />
        <Key v="Oeg" t="String" n="O" />
      </Data>
      <Data n="20178080220898e">
        <Key v="450,-2200" t="Vector2" n="!$P" />
        <Key v="_EGate" t="String" n="$T" />
        <Key v="G1" t="String" n="GT" />
        <Key v="1" t="Int32" n="T2" />
        <Key v="20" t="Decimal" n="Val" />
        <Key v="Hardon" t="String" n="Cnt" />
        <Key v="Oeg" t="String" n="O" />
      </Data>
      <Data n="20182774147488e">
        <Key v="750,-2200" t="Vector2" n="!$P" />
        <Key v="20206371455404" t="String" n="$T" />
        <Key v="CkE" t="String" n="GT" />
        <Key v="SaD" t="String" n="T" />
        <Key v="E20177241766087" t="String" n="Ev" />
      </Data>
      <Data n="20182774148092e">
        <Key v="1200,-2200" t="Vector2" n="!$P" />
        <Key v="20206371455404" t="String" n="$T" />
        <Key v="CkE" t="String" n="GT" />
        <Key v="SaS" t="String" n="T" />
        <Key v="E20182774041899" t="String" n="Ev" />
      </Data>
      <Data n="20182773877228e">
        <Key v="450,-2400" t="Vector2" n="!$P" />
        <Key v="_EGate" t="String" n="$T" />
        <Key v="G0" t="String" n="GT" />
        <Key v="1" t="Int32" n="Ex" />
        <Key v="Condra_molo_Hardon_pristup" t="String" n="Var" />
      </Data>
      <Data n="20182774108497e">
        <Key v="750,-2400" t="Vector2" n="!$P" />
        <Key v="20206371455404" t="String" n="$T" />
        <Key v="CkE" t="String" n="GT" />
        <Key v="SaS" t="String" n="T" />
        <Key v="E20182774041899" t="String" n="Ev" />
      </Data>
      <Data n="20178080201011e">
        <Key v="1800,0" t="Vector2" n="!$P" />
        <Key v="20202866798502" t="String" n="$T" />
        <Key v="%M1" t="String" n="T" />
        <Key v="Co tady děláte parchanti. Tohle byla vaše poslední chyba..." t="String" n="%X" />
      </Data>
      <Data n="20178080049197e">
        <Key v="1200,-200" t="Vector2" n="!$P" />
        <Key v="20202866798502" t="String" n="$T" />
        <Key v="%M1" t="String" n="T" />
        <Key v="Kam si myslíš, že jdeš?" t="String" n="%X" />
      </Data>
      <Data n="20178080212621e">
        <Key v="1650,-2200" t="Vector2" n="!$P" />
        <Key v="20202866798502" t="String" n="$T" />
        <Key v="%M1" t="String" n="T" />
        <Key v="Jo to jste vy, máme rozkaz vás pustit." t="String" n="%X" />
      </Data>
      <Data n="20182773874905e">
        <Key v="1200,-2400" t="Vector2" n="!$P" />
        <Key v="20202866798502" t="String" n="$T" />
        <Key v="%M1" t="String" n="T" />
        <Key v="Jo to jste vy. Můžete projít." t="String" n="%X" />
      </Data>
      <Data n="20178080123484e">
        <Key v="1800,-200" t="Vector2" n="!$P" />
        <Key v="20206495856812" t="String" n="$T" />
        <Key v="Možnosti" t="String" n="!%Txt" />
      </Data>
      <Data n="20178080142141e">
        <Key v="2400,-200" t="Vector2" n="!$P" />
        <Key v="20202934699316" t="String" n="$T" />
        <Key v="Odejít" t="String" n="%CX" />
        <Key v="MrE" t="String" n="Spc" />
      </Data>
      <Data n="20186709179069e">
        <Key v="2850,-200" t="Vector2" n="!$P" />
        <Key v="20206371455404" t="String" n="$T" />
        <Key v="CkE" t="String" n="GT" />
        <Key v="SaS" t="String" n="T" />
        <Key v="E20177241766087" t="String" n="Ev" />
      </Data>
      <Data n="20178080190098e">
        <Key v="2400,-400" t="Vector2" n="!$P" />
        <Key v="_EGate" t="String" n="$T" />
        <Key v="G4" t="String" n="GT" />
      </Data>
      <Data n="20178080127842e">
        <Key v="2700,-400" t="Vector2" n="!$P" />
        <Key v="20202934699316" t="String" n="$T" />
        <Key v="Lež: Přemlouvání" t="String" n="%CX" />
        <Key v="RoP" t="String" n="Spc" />
        <Key v="L2" t="String" n="Lvl" />
      </Data>
      <Data n="20178080191011e">
        <Key v="2400,-1200" t="Vector2" n="!$P" />
        <Key v="_EGate" t="String" n="$T" />
        <Key v="G4" t="String" n="GT" />
      </Data>
      <Data n="20178080128021e">
        <Key v="2700,-1200" t="Vector2" n="!$P" />
        <Key v="20202934699316" t="String" n="$T" />
        <Key v="Vyhrožování" t="String" n="%CX" />
        <Key v="RoI" t="String" n="Spc" />
        <Key v="L3" t="String" n="Lvl" />
      </Data>
      <Data n="20178080128209e">
        <Key v="2400,-2000" t="Vector2" n="!$P" />
        <Key v="20202934699316" t="String" n="$T" />
        <Key v="Zaútočit" t="String" n="%CX" />
        <Key v="MrA" t="String" n="Spc" />
      </Data>
      <Data n="20178080258934e">
        <Key v="2850,-2000" t="Vector2" n="!$P" />
        <Key v="_EFunc" t="String" n="$T" />
        <Key v="G1" t="String" n="GT" />
        <Key v="1" t="Int32" n="T2" />
        <Key v="-5" t="Decimal" n="Val" />
        <Key v="Hardon" t="String" n="Cnt" />
        <Key v="O+" t="String" n="O" />
      </Data>
      <Data n="20182774133092e">
        <Key v="3150,-2000" t="Vector2" n="!$P" />
        <Key v="_EFunc" t="String" n="$T" />
        <Key v="G1" t="String" n="GT" />
        <Key v="1" t="Int32" n="T2" />
        <Key v="2" t="Decimal" n="Val" />
        <Key v="Lishak" t="String" n="Cnt" />
        <Key v="O+" t="String" n="O" />
      </Data>
      <Data n="20182820125922e">
        <Key v="3450,-2000" t="Vector2" n="!$P" />
        <Key v="20206371455404" t="String" n="$T" />
        <Key v="CkE" t="String" n="GT" />
        <Key v="SaD" t="String" n="T" />
        <Key v="E20177241766087" t="String" n="Ev" />
      </Data>
      <Data n="20178080142142e">
        <Key v="3300,-200" t="Vector2" n="!$P" />
        <Key v="20202866798502" t="String" n="$T" />
        <Key v="Jaj, sorry. Špatnej směr." t="String" n="%X" />
      </Data>
      <Data n="20178080127841e">
        <Key v="3150,-400" t="Vector2" n="!$P" />
        <Key v="20202866798502" t="String" n="$T" />
        <Key v="Posílá mě Hadron, abych mu něco vyzvedl" t="String" n="%X" />
      </Data>
      <Data n="20178080128022e">
        <Key v="3150,-1200" t="Vector2" n="!$P" />
        <Key v="20202866798502" t="String" n="$T" />
        <Key v="Jdu si kam chci a tobě nedoporučuji mi odporovat. Mohl bys také skončit jako krmivo pro žraloky" t="String" n="%X" />
      </Data>
      <Data n="20178080128208e">
        <Key v="3900,-2000" t="Vector2" n="!$P" />
        <Key v="20202866798502" t="String" n="$T" />
        <Key v="Uaaaah!!!!" t="String" n="%X" />
      </Data>
      <Data n="20178080272487e">
        <Key v="3750,-400" t="Vector2" n="!$P" />
        <Key v="_EGate" t="String" n="$T" />
        <Key v="G1" t="String" n="GT" />
        <Key v="1" t="Int32" n="T2" />
        <Key v="0" t="Decimal" n="Val" />
        <Key v="XResult" t="String" n="Cnt" />
        <Key v="Oeg" t="String" n="O" />
      </Data>
      <Data n="20178080274097e">
        <Key v="4050,-400" t="Vector2" n="!$P" />
        <Key v="_EFunc" t="String" n="$T" />
        <Key v="G1" t="String" n="GT" />
        <Key v="1" t="Int32" n="T2" />
        <Key v="-5" t="Decimal" n="Val" />
        <Key v="Hardon" t="String" n="Cnt" />
        <Key v="O+" t="String" n="O" />
      </Data>
      <Data n="20178606156031e">
        <Key v="4350,-400" t="Vector2" n="!$P" />
        <Key v="_EFunc" t="String" n="$T" />
        <Key v="G1" t="String" n="GT" />
        <Key v="1" t="Int32" n="T2" />
        <Key v="2" t="Decimal" n="Val" />
        <Key v="Lishak" t="String" n="Cnt" />
        <Key v="O+" t="String" n="O" />
      </Data>
      <Data n="20182774139035e">
        <Key v="4650,-400" t="Vector2" n="!$P" />
        <Key v="20206371455404" t="String" n="$T" />
        <Key v="CkE" t="String" n="GT" />
        <Key v="SaD" t="String" n="T" />
        <Key v="E20177241766087" t="String" n="Ev" />
      </Data>
      <Data n="20178080169076e">
        <Key v="3750,-600" t="Vector2" n="!$P" />
        <Key v="_EGate" t="String" n="$T" />
        <Key v="G1" t="String" n="GT" />
        <Key v="1" t="Int32" n="T2" />
        <Key v="2" t="Decimal" n="Val" />
        <Key v="XResult" t="String" n="Cnt" />
        <Key v="Oeg" t="String" n="O" />
      </Data>
      <Data n="20178606151577e">
        <Key v="4050,-600" t="Vector2" n="!$P" />
        <Key v="_EFunc" t="String" n="$T" />
        <Key v="G0" t="String" n="GT" />
        <Key v="Condra_molo_Hardon_pristup" t="String" n="Var" />
      </Data>
      <Data n="20182774118367e">
        <Key v="4350,-600" t="Vector2" n="!$P" />
        <Key v="20206371455404" t="String" n="$T" />
        <Key v="CkE" t="String" n="GT" />
        <Key v="SaD" t="String" n="T" />
        <Key v="E20177241766087" t="String" n="Ev" />
      </Data>
      <Data n="20182774118639e">
        <Key v="4800,-600" t="Vector2" n="!$P" />
        <Key v="20206371455404" t="String" n="$T" />
        <Key v="CkE" t="String" n="GT" />
        <Key v="SaS" t="String" n="T" />
        <Key v="E20182774041899" t="String" n="Ev" />
      </Data>
      <Data n="20178080172525e">
        <Key v="3750,-800" t="Vector2" n="!$P" />
        <Key v="_EGate" t="String" n="$T" />
        <Key v="G1" t="String" n="GT" />
        <Key v="1" t="Int32" n="T2" />
        <Key v="1" t="Decimal" n="Val" />
        <Key v="XResult" t="String" n="Cnt" />
        <Key v="Oeg" t="String" n="O" />
      </Data>
      <Data n="20178606108875e">
        <Key v="3750,-1000" t="Vector2" n="!$P" />
        <Key v="_EGate" t="String" n="$T" />
        <Key v="G1" t="String" n="GT" />
        <Key v="1" t="Int32" n="T2" />
        <Key v="3" t="Decimal" n="Val" />
        <Key v="XResult" t="String" n="Cnt" />
        <Key v="Oeg" t="String" n="O" />
      </Data>
      <Data n="20178606145797e">
        <Key v="4050,-1000" t="Vector2" n="!$P" />
        <Key v="_EFunc" t="String" n="$T" />
        <Key v="G0" t="String" n="GT" />
        <Key v="Condra_molo_Hardon_pristup" t="String" n="Var" />
      </Data>
      <Data n="20178606153750e">
        <Key v="4350,-1000" t="Vector2" n="!$P" />
        <Key v="_EFunc" t="String" n="$T" />
        <Key v="G1" t="String" n="GT" />
        <Key v="1" t="Int32" n="T2" />
        <Key v="2" t="Decimal" n="Val" />
        <Key v="Hardon" t="String" n="Cnt" />
        <Key v="O+" t="String" n="O" />
      </Data>
      <Data n="20182774115507e">
        <Key v="4650,-1000" t="Vector2" n="!$P" />
        <Key v="20206371455404" t="String" n="$T" />
        <Key v="CkE" t="String" n="GT" />
        <Key v="SaD" t="String" n="T" />
        <Key v="E20177241766087" t="String" n="Ev" />
      </Data>
      <Data n="20182774116061e">
        <Key v="5100,-1000" t="Vector2" n="!$P" />
        <Key v="20206371455404" t="String" n="$T" />
        <Key v="CkE" t="String" n="GT" />
        <Key v="SaS" t="String" n="T" />
        <Key v="E20182774041899" t="String" n="Ev" />
      </Data>
      <Data n="20178080180815e">
        <Key v="3750,-1200" t="Vector2" n="!$P" />
        <Key v="_EGate" t="String" n="$T" />
        <Key v="G1" t="String" n="GT" />
        <Key v="1" t="Int32" n="T2" />
        <Key v="0" t="Decimal" n="Val" />
        <Key v="XResult" t="String" n="Cnt" />
        <Key v="Oeg" t="String" n="O" />
      </Data>
      <Data n="20178080264126e">
        <Key v="4050,-1200" t="Vector2" n="!$P" />
        <Key v="_EFunc" t="String" n="$T" />
        <Key v="G1" t="String" n="GT" />
        <Key v="1" t="Int32" n="T2" />
        <Key v="-5" t="Decimal" n="Val" />
        <Key v="Hardon" t="String" n="Cnt" />
        <Key v="O+" t="String" n="O" />
      </Data>
      <Data n="20182774132721e">
        <Key v="4350,-1200" t="Vector2" n="!$P" />
        <Key v="_EFunc" t="String" n="$T" />
        <Key v="G1" t="String" n="GT" />
        <Key v="1" t="Int32" n="T2" />
        <Key v="2" t="Decimal" n="Val" />
        <Key v="Lishak" t="String" n="Cnt" />
        <Key v="O+" t="String" n="O" />
      </Data>
      <Data n="20182774139669e">
        <Key v="4650,-1200" t="Vector2" n="!$P" />
        <Key v="20206371455404" t="String" n="$T" />
        <Key v="CkE" t="String" n="GT" />
        <Key v="SaD" t="String" n="T" />
        <Key v="E20177241766087" t="String" n="Ev" />
      </Data>
      <Data n="20178080171278e">
        <Key v="3750,-1400" t="Vector2" n="!$P" />
        <Key v="_EGate" t="String" n="$T" />
        <Key v="G1" t="String" n="GT" />
        <Key v="1" t="Int32" n="T2" />
        <Key v="2" t="Decimal" n="Val" />
        <Key v="XResult" t="String" n="Cnt" />
        <Key v="Oeg" t="String" n="O" />
      </Data>
      <Data n="20178606152449e">
        <Key v="4050,-1400" t="Vector2" n="!$P" />
        <Key v="_EFunc" t="String" n="$T" />
        <Key v="G0" t="String" n="GT" />
        <Key v="Condra_molo_Hardon_pristup" t="String" n="Var" />
      </Data>
      <Data n="20182774121904e">
        <Key v="4350,-1400" t="Vector2" n="!$P" />
        <Key v="20206371455404" t="String" n="$T" />
        <Key v="CkE" t="String" n="GT" />
        <Key v="SaD" t="String" n="T" />
        <Key v="E20177241766087" t="String" n="Ev" />
      </Data>
      <Data n="20182774122237e">
        <Key v="4800,-1400" t="Vector2" n="!$P" />
        <Key v="20206371455404" t="String" n="$T" />
        <Key v="CkE" t="String" n="GT" />
        <Key v="SaS" t="String" n="T" />
        <Key v="E20182774041899" t="String" n="Ev" />
      </Data>
      <Data n="20178080173550e">
        <Key v="3750,-1600" t="Vector2" n="!$P" />
        <Key v="_EGate" t="String" n="$T" />
        <Key v="G1" t="String" n="GT" />
        <Key v="1" t="Int32" n="T2" />
        <Key v="1" t="Decimal" n="Val" />
        <Key v="XResult" t="String" n="Cnt" />
        <Key v="Oeg" t="String" n="O" />
      </Data>
      <Data n="20178606114263e">
        <Key v="3750,-1800" t="Vector2" n="!$P" />
        <Key v="_EGate" t="String" n="$T" />
        <Key v="G1" t="String" n="GT" />
        <Key v="1" t="Int32" n="T2" />
        <Key v="3" t="Decimal" n="Val" />
        <Key v="XResult" t="String" n="Cnt" />
        <Key v="Oeg" t="String" n="O" />
      </Data>
      <Data n="20178606151952e">
        <Key v="4050,-1800" t="Vector2" n="!$P" />
        <Key v="_EFunc" t="String" n="$T" />
        <Key v="G0" t="String" n="GT" />
        <Key v="Condra_molo_Hardon_pristup" t="String" n="Var" />
      </Data>
      <Data n="20182774119156e">
        <Key v="4350,-1800" t="Vector2" n="!$P" />
        <Key v="20206371455404" t="String" n="$T" />
        <Key v="CkE" t="String" n="GT" />
        <Key v="SaD" t="String" n="T" />
        <Key v="E20177241766087" t="String" n="Ev" />
      </Data>
      <Data n="20182774121395e">
        <Key v="4800,-1800" t="Vector2" n="!$P" />
        <Key v="20206371455404" t="String" n="$T" />
        <Key v="CkE" t="String" n="GT" />
        <Key v="SaS" t="String" n="T" />
        <Key v="E20182774041899" t="String" n="Ev" />
      </Data>
      <Data n="20178080270452e">
        <Key v="5100,-400" t="Vector2" n="!$P" />
        <Key v="20202866798502" t="String" n="$T" />
        <Key v="%M1" t="String" n="T" />
        <Key v="Boj" t="String" n="%X" />
      </Data>
      <Data n="20178080143871e">
        <Key v="5250,-600" t="Vector2" n="!$P" />
        <Key v="20202866798502" t="String" n="$T" />
        <Key v="%M1" t="String" n="T" />
      </Data>
      <Data n="20178080144072e">
        <Key v="4200,-800" t="Vector2" n="!$P" />
        <Key v="20202866798502" t="String" n="$T" />
        <Key v="%M1" t="String" n="T" />
      </Data>
      <Data n="20178606105555e">
        <Key v="5550,-1000" t="Vector2" n="!$P" />
        <Key v="20202866798502" t="String" n="$T" />
        <Key v="%M1" t="String" n="T" />
      </Data>
      <Data n="20178080178863e">
        <Key v="5100,-1200" t="Vector2" n="!$P" />
        <Key v="20202866798502" t="String" n="$T" />
        <Key v="%M1" t="String" n="T" />
        <Key v="Boj" t="String" n="%X" />
      </Data>
      <Data n="20178080144293e">
        <Key v="5250,-1400" t="Vector2" n="!$P" />
        <Key v="20202866798502" t="String" n="$T" />
        <Key v="%M1" t="String" n="T" />
      </Data>
      <Data n="20178080144505e">
        <Key v="4200,-1600" t="Vector2" n="!$P" />
        <Key v="20202866798502" t="String" n="$T" />
        <Key v="%M1" t="String" n="T" />
      </Data>
      <Data n="20178606112086e">
        <Key v="5250,-1800" t="Vector2" n="!$P" />
        <Key v="20202866798502" t="String" n="$T" />
        <Key v="%M1" t="String" n="T" />
      </Data>
    </Data>
    <Data n="$Conns">
      <Data n="20178080206299c">
        <Key v="20178080206299e" t="String" n="$E" />
      </Data>
      <Data n="20178080262041c">
        <Key v="20178080262041e" t="String" n="$E" />
        <Key v="20178080206299e" t="String" n="$S" />
      </Data>
      <Data n="20182774133668c">
        <Key v="20182774133668e" t="String" n="$E" />
        <Key v="20178080262041e" t="String" n="$S" />
      </Data>
      <Data n="20182774140544c">
        <Key v="20182774140544e" t="String" n="$E" />
        <Key v="20182774133668e" t="String" n="$S" />
      </Data>
      <Data n="20178080053788c">
        <Key v="20178080053788e" t="String" n="$E" />
      </Data>
      <Data n="20178080061770c">
        <Key v="20178080061770e" t="String" n="$E" />
        <Key v="20178080053788e" t="String" n="$S" />
      </Data>
      <Data n="20178080220898c">
        <Key v="20178080220898e" t="String" n="$E" />
      </Data>
      <Data n="20182774147488c">
        <Key v="20182774147488e" t="String" n="$E" />
        <Key v="20178080220898e" t="String" n="$S" />
      </Data>
      <Data n="20182774148092c">
        <Key v="20182774148092e" t="String" n="$E" />
        <Key v="20182774147488e" t="String" n="$S" />
      </Data>
      <Data n="20182773877228c">
        <Key v="20182773877228e" t="String" n="$E" />
      </Data>
      <Data n="20182774108497c">
        <Key v="20182774108497e" t="String" n="$E" />
        <Key v="20182773877228e" t="String" n="$S" />
      </Data>
      <Data n="20178080201011c">
        <Key v="20178080201011e" t="String" n="$E" />
        <Key v="20182774140544e" t="String" n="$S" />
      </Data>
      <Data n="20178080049197c">
        <Key v="20178080049197e" t="String" n="$E" />
        <Key v="20178080061770e" t="String" n="$S" />
      </Data>
      <Data n="20178080212621c">
        <Key v="20178080212621e" t="String" n="$E" />
        <Key v="20182774148092e" t="String" n="$S" />
      </Data>
      <Data n="20182773874905c">
        <Key v="20182773874905e" t="String" n="$E" />
        <Key v="20182774108497e" t="String" n="$S" />
      </Data>
      <Data n="20178080123484c">
        <Key v="20178080123484e" t="String" n="$E" />
        <Key v="20178080049197e" t="String" n="$S" />
      </Data>
      <Data n="20178080142141c">
        <Key v="20178080142141e" t="String" n="$E" />
        <Key v="20178080123484e" t="String" n="$S" />
      </Data>
      <Data n="20186709179069c">
        <Key v="20186709179069e" t="String" n="$E" />
        <Key v="20178080142141e" t="String" n="$S" />
      </Data>
      <Data n="20178080190098c">
        <Key v="20178080190098e" t="String" n="$E" />
        <Key v="20178080123484e" t="String" n="$S" />
      </Data>
      <Data n="20178080127842c">
        <Key v="20178080127842e" t="String" n="$E" />
        <Key v="20178080190098e" t="String" n="$S" />
      </Data>
      <Data n="20178080191011c">
        <Key v="20178080191011e" t="String" n="$E" />
        <Key v="20178080123484e" t="String" n="$S" />
      </Data>
      <Data n="20178080128021c">
        <Key v="20178080128021e" t="String" n="$E" />
        <Key v="20178080191011e" t="String" n="$S" />
      </Data>
      <Data n="20178080128209c">
        <Key v="20178080128209e" t="String" n="$E" />
        <Key v="20178080123484e" t="String" n="$S" />
      </Data>
      <Data n="20178080258934c">
        <Key v="20178080258934e" t="String" n="$E" />
        <Key v="20178080128209e" t="String" n="$S" />
      </Data>
      <Data n="20182774133092c">
        <Key v="20182774133092e" t="String" n="$E" />
        <Key v="20178080258934e" t="String" n="$S" />
      </Data>
      <Data n="20182820125922c">
        <Key v="20182820125922e" t="String" n="$E" />
        <Key v="20182774133092e" t="String" n="$S" />
      </Data>
      <Data n="20178080142142c">
        <Key v="20178080142142e" t="String" n="$E" />
        <Key v="20186709179069e" t="String" n="$S" />
      </Data>
      <Data n="20178080127841c">
        <Key v="20178080127841e" t="String" n="$E" />
        <Key v="20178080127842e" t="String" n="$S" />
      </Data>
      <Data n="20178080128022c">
        <Key v="20178080128022e" t="String" n="$E" />
        <Key v="20178080128021e" t="String" n="$S" />
      </Data>
      <Data n="20178080128208c">
        <Key v="20178080128208e" t="String" n="$E" />
        <Key v="20182820125922e" t="String" n="$S" />
      </Data>
      <Data n="20178080272487c">
        <Key v="20178080272487e" t="String" n="$E" />
        <Key v="20178080127841e" t="String" n="$S" />
      </Data>
      <Data n="20178080274097c">
        <Key v="20178080274097e" t="String" n="$E" />
        <Key v="20178080272487e" t="String" n="$S" />
      </Data>
      <Data n="20178606156031c">
        <Key v="20178606156031e" t="String" n="$E" />
        <Key v="20178080274097e" t="String" n="$S" />
      </Data>
      <Data n="20182774139035c">
        <Key v="20182774139035e" t="String" n="$E" />
        <Key v="20178606156031e" t="String" n="$S" />
      </Data>
      <Data n="20178080169076c">
        <Key v="20178080169076e" t="String" n="$E" />
        <Key v="20178080127841e" t="String" n="$S" />
      </Data>
      <Data n="20178606151577c">
        <Key v="20178606151577e" t="String" n="$E" />
        <Key v="20178080169076e" t="String" n="$S" />
      </Data>
      <Data n="20182774118367c">
        <Key v="20182774118367e" t="String" n="$E" />
        <Key v="20178606151577e" t="String" n="$S" />
      </Data>
      <Data n="20182774118639c">
        <Key v="20182774118639e" t="String" n="$E" />
        <Key v="20182774118367e" t="String" n="$S" />
      </Data>
      <Data n="20178080172525c">
        <Key v="20178080172525e" t="String" n="$E" />
        <Key v="20178080127841e" t="String" n="$S" />
      </Data>
      <Data n="20178606108875c">
        <Key v="20178606108875e" t="String" n="$E" />
        <Key v="20178080127841e" t="String" n="$S" />
      </Data>
      <Data n="20178606145797c">
        <Key v="20178606145797e" t="String" n="$E" />
        <Key v="20178606108875e" t="String" n="$S" />
      </Data>
      <Data n="20178606153750c">
        <Key v="20178606153750e" t="String" n="$E" />
        <Key v="20178606145797e" t="String" n="$S" />
      </Data>
      <Data n="20182774115507c">
        <Key v="20182774115507e" t="String" n="$E" />
        <Key v="20178606153750e" t="String" n="$S" />
      </Data>
      <Data n="20182774116061c">
        <Key v="20182774116061e" t="String" n="$E" />
        <Key v="20182774115507e" t="String" n="$S" />
      </Data>
      <Data n="20178080180815c">
        <Key v="20178080180815e" t="String" n="$E" />
        <Key v="20178080128022e" t="String" n="$S" />
      </Data>
      <Data n="20178080264126c">
        <Key v="20178080264126e" t="String" n="$E" />
        <Key v="20178080180815e" t="String" n="$S" />
      </Data>
      <Data n="20182774132721c">
        <Key v="20182774132721e" t="String" n="$E" />
        <Key v="20178080264126e" t="String" n="$S" />
      </Data>
      <Data n="20182774139669c">
        <Key v="20182774139669e" t="String" n="$E" />
        <Key v="20182774132721e" t="String" n="$S" />
      </Data>
      <Data n="20178080171278c">
        <Key v="20178080171278e" t="String" n="$E" />
        <Key v="20178080128022e" t="String" n="$S" />
      </Data>
      <Data n="20178606152449c">
        <Key v="20178606152449e" t="String" n="$E" />
        <Key v="20178080171278e" t="String" n="$S" />
      </Data>
      <Data n="20182774121904c">
        <Key v="20182774121904e" t="String" n="$E" />
        <Key v="20178606152449e" t="String" n="$S" />
      </Data>
      <Data n="20182774122237c">
        <Key v="20182774122237e" t="String" n="$E" />
        <Key v="20182774121904e" t="String" n="$S" />
      </Data>
      <Data n="20178080173550c">
        <Key v="20178080173550e" t="String" n="$E" />
        <Key v="20178080128022e" t="String" n="$S" />
      </Data>
      <Data n="20178606114263c">
        <Key v="20178606114263e" t="String" n="$E" />
        <Key v="20178080128022e" t="String" n="$S" />
      </Data>
      <Data n="20178606151952c">
        <Key v="20178606151952e" t="String" n="$E" />
        <Key v="20178606114263e" t="String" n="$S" />
      </Data>
      <Data n="20182774119156c">
        <Key v="20182774119156e" t="String" n="$E" />
        <Key v="20178606151952e" t="String" n="$S" />
      </Data>
      <Data n="20182774121395c">
        <Key v="20182774121395e" t="String" n="$E" />
        <Key v="20182774119156e" t="String" n="$S" />
      </Data>
      <Data n="20178080270452c">
        <Key v="20178080270452e" t="String" n="$E" />
        <Key v="20182774139035e" t="String" n="$S" />
      </Data>
      <Data n="20178080143871c">
        <Key v="20178080143871e" t="String" n="$E" />
        <Key v="20182774118639e" t="String" n="$S" />
      </Data>
      <Data n="20178080144072c">
        <Key v="20178080144072e" t="String" n="$E" />
        <Key v="20178080172525e" t="String" n="$S" />
      </Data>
      <Data n="20178606105555c">
        <Key v="20178606105555e" t="String" n="$E" />
        <Key v="20182774116061e" t="String" n="$S" />
      </Data>
      <Data n="20178080178863c">
        <Key v="20178080178863e" t="String" n="$E" />
        <Key v="20182774139669e" t="String" n="$S" />
      </Data>
      <Data n="20178080144293c">
        <Key v="20178080144293e" t="String" n="$E" />
        <Key v="20182774122237e" t="String" n="$S" />
      </Data>
      <Data n="20178080144505c">
        <Key v="20178080144505e" t="String" n="$E" />
        <Key v="20178080173550e" t="String" n="$S" />
      </Data>
      <Data n="20178606112086c">
        <Key v="20178606112086e" t="String" n="$E" />
        <Key v="20182774121395e" t="String" n="$S" />
      </Data>
      <Data n="20206616256007c">
        <Key v="20178080123484e" t="String" n="$E" />
        <Key v="20178080144072e" t="String" n="$S" />
      </Data>
      <Data n="20206616256008c">
        <Key v="20178080123484e" t="String" n="$E" />
        <Key v="20178080144505e" t="String" n="$S" />
      </Data>
    </Data>
  </Data>
</DataRoot>