﻿<?xml version="1.0" encoding="utf-8"?>
<DataRoot n="D">
  <Data n="20156900334935">
    <Data n="$Elems">
      <Data n="20157212594683e">
        <Key v="450,0" t="Vector2" n="!$P" />
        <Key v="_EGate" t="String" n="$T" />
        <Key v="G0" t="String" n="GT" />
        <Key v="1" t="Int32" n="Ex" />
        <Key v="Onot_q_spinavy_byznis" t="String" n="Var" />
      </Data>
      <Data n="20162605258776e">
        <Key v="750,0" t="Vector2" n="!$P" />
        <Key v="20206352251934" t="String" n="$T" />
        <Key v="CkQ" t="String" n="GT" />
        <Key v="SkH" t="String" n="T" />
        <Key v="Q20162245462062" t="String" n="Qs" />
      </Data>
      <Data n="20162967554086e">
        <Key v="450,-5200" t="Vector2" n="!$P" />
        <Key v="_EGate" t="String" n="$T" />
        <Key v="G0" t="String" n="GT" />
        <Key v="Onot_uvitani" t="String" n="Var" />
      </Data>
      <Data n="20162967551709e">
        <Key v="750,-5200" t="Vector2" n="!$P" />
        <Key v="_EFunc" t="String" n="$T" />
        <Key v="G0" t="String" n="GT" />
        <Key v="Onot_uvitani" t="String" n="Var" />
      </Data>
      <Data n="20157262498502e">
        <Key v="450,-5400" t="Vector2" n="!$P" />
        <Key v="_EGate" t="String" n="$T" />
        <Key v="G1" t="String" n="GT" />
        <Key v="1" t="Int32" n="T2" />
        <Key v="1" t="Decimal" n="Val" />
        <Key v="Onot_q_spinavy_byznis_DONE_wait" t="String" n="Cnt" />
        <Key v="Oe" t="String" n="O" />
      </Data>
      <Data n="20157262683201e">
        <Key v="450,-5600" t="Vector2" n="!$P" />
        <Key v="_EGate" t="String" n="$T" />
        <Key v="G1" t="String" n="GT" />
        <Key v="1" t="Int32" n="T2" />
        <Key v="2" t="Decimal" n="Val" />
        <Key v="Onot_q_spinavy_byznis_DONE_wait" t="String" n="Cnt" />
        <Key v="Oe" t="String" n="O" />
      </Data>
      <Data n="20162967543243e">
        <Key v="450,-6000" t="Vector2" n="!$P" />
        <Key v="20202866798502" t="String" n="$T" />
        <Key v="%M1" t="String" n="T" />
        <Key v="Jo, to jste vy. Tak co to bude tentokrát?" t="String" n="%X" />
      </Data>
      <Data n="20157212589830e">
        <Key v="1200,0" t="Vector2" n="!$P" />
        <Key v="20202866798502" t="String" n="$T" />
        <Key v="%M1" t="String" n="T" />
        <Key v="Výborně, rád vás vidím. Tak jak to vypadá s naší dohodou? Nějakej postup?" t="String" n="%X" />
      </Data>
      <Data n="20157096831288e">
        <Key v="1200,-5200" t="Vector2" n="!$P" />
        <Key v="20202866798502" t="String" n="$T" />
        <Key v="%M1" t="String" n="T" />
        <Key v="A hele, někdo novej... Já jsem Onot, vrchí týhle putiky. Tak co to bude?" t="String" n="%X" />
      </Data>
      <Data n="20157262494693e">
        <Key v="900,-5400" t="Vector2" n="!$P" />
        <Key v="20202866798502" t="String" n="$T" />
        <Key v="%M1" t="String" n="T" />
        <Key v="Jo to jste zase vy?! Ještě se nic nestalo. Přijďte později, teda jestli nechcete něco jiného, třebas rundu piv. &lt;smích&gt;" t="String" n="%X" />
      </Data>
      <Data n="20157262679132e">
        <Key v="900,-5600" t="Vector2" n="!$P" />
        <Key v="20202866798502" t="String" n="$T" />
        <Key v="%M1" t="String" n="T" />
        <Key v="A výborně, už na vás čekám. Tak půlce města je špatně. Svojí část dohody jste splnili na výbornou. Teď už jen počkat, než tahle akce ponese své ovoce. &lt;křivý úsměv&gt;" t="String" n="%X" />
      </Data>
      <Data n="20157096837558e">
        <Key v="1050,-6000" t="Vector2" n="!$P" />
        <Key v="20206495856812" t="String" n="$T" />
        <Key v="Objednávka u Onota" t="String" n="!%Txt" />
      </Data>
      <Data n="20157212615293e">
        <Key v="1800,0" t="Vector2" n="!$P" />
        <Key v="20202934699316" t="String" n="$T" />
        <Key v="Standartní možnosti podniku" t="String" n="%CX" />
      </Data>
      <Data n="20157212667572e">
        <Key v="1800,-4200" t="Vector2" n="!$P" />
        <Key v="_EGate" t="String" n="$T" />
        <Key v="G0" t="String" n="GT" />
        <Key v="1" t="Int32" n="Ex" />
        <Key v="Onot_q_spinavy_byznis_DONE" t="String" n="Var" />
      </Data>
      <Data n="20157212610824e">
        <Key v="2100,-4200" t="Vector2" n="!$P" />
        <Key v="20202934699316" t="String" n="$T" />
        <Key v="Hotovo" t="String" n="%CX" />
      </Data>
      <Data n="20157262490986e">
        <Key v="2550,-4200" t="Vector2" n="!$P" />
        <Key v="_EFunc" t="String" n="$T" />
        <Key v="G1" t="String" n="GT" />
        <Key v="1" t="Int32" n="T2" />
        <Key v="1" t="Decimal" n="Val" />
        <Key v="Onot_q_spinavy_byznis_DONE_wait" t="String" n="Cnt" />
        <Key v="Os" t="String" n="O" />
      </Data>
      <Data n="20157212611132e">
        <Key v="1800,-5000" t="Vector2" n="!$P" />
        <Key v="20202934699316" t="String" n="$T" />
        <Key v="Stále na tom pracujem" t="String" n="%CX" />
      </Data>
      <Data n="20157262703544e">
        <Key v="1500,-5600" t="Vector2" n="!$P" />
        <Key v="_EGate" t="String" n="$T" />
        <Key v="G1" t="String" n="GT" />
        <Key v="1" t="Int32" n="T2" />
        <Key v="1" t="Decimal" n="Val" />
        <Key v="Onot_q_spinavy_odmena" t="String" n="Cnt" />
        <Key v="Oe" t="String" n="O" />
      </Data>
      <Data n="20157262765624e">
        <Key v="1800,-5600" t="Vector2" n="!$P" />
        <Key v="20206371455404" t="String" n="$T" />
        <Key v="CkI" t="String" n="GT" />
        <Key v="SaA" t="String" n="T" />
        <Key v="I20157375210590" t="String" n="It" />
        <Key v="30" t="String" n="C" />
      </Data>
      <Data n="20157262706298e">
        <Key v="1500,-5800" t="Vector2" n="!$P" />
        <Key v="_EGate" t="String" n="$T" />
        <Key v="G1" t="String" n="GT" />
        <Key v="1" t="Int32" n="T2" />
        <Key v="2" t="Decimal" n="Val" />
        <Key v="Onot_q_spinavy_odmena" t="String" n="Cnt" />
        <Key v="Oe" t="String" n="O" />
      </Data>
      <Data n="20157262767371e">
        <Key v="1800,-5800" t="Vector2" n="!$P" />
        <Key v="20206371455404" t="String" n="$T" />
        <Key v="CkI" t="String" n="GT" />
        <Key v="SaA" t="String" n="T" />
        <Key v="I20157375210590" t="String" n="It" />
        <Key v="40" t="String" n="C" />
      </Data>
      <Data n="20157101199707e">
        <Key v="1650,-6000" t="Vector2" n="!$P" />
        <Key v="_EGate" t="String" n="$T" />
        <Key v="G0" t="String" n="GT" />
        <Key v="1" t="Int32" n="Ex" />
        <Key v="Onot_q_info" t="String" n="Var" />
      </Data>
      <Data n="20157101204144e">
        <Key v="1950,-6000" t="Vector2" n="!$P" />
        <Key v="_EGate" t="String" n="$T" />
        <Key v="G1" t="String" n="GT" />
        <Key v="XC_Rogue" t="String" n="Cnt" />
        <Key v="XC_Party" t="String" n="Cnt2" />
        <Key v="Oe" t="String" n="O" />
      </Data>
      <Data n="20157212530778e">
        <Key v="2250,-6000" t="Vector2" n="!$P" />
        <Key v="_EGate" t="String" n="$T" />
        <Key v="G0" t="String" n="GT" />
        <Key v="Onot_q_spinavy_byznis_fail" t="String" n="Var" />
      </Data>
      <Data n="20162605485099e">
        <Key v="2550,-6000" t="Vector2" n="!$P" />
        <Key v="20206352251934" t="String" n="$T" />
        <Key v="CkQ" t="String" n="GT" />
        <Key v="SkN" t="String" n="T" />
        <Key v="Q20162245462062" t="String" n="Qs" />
      </Data>
      <Data n="20157101196763e">
        <Key v="3000,-6000" t="Vector2" n="!$P" />
        <Key v="20202934699316" t="String" n="$T" />
        <Key v="Ohledně nabízené prácičky" t="String" n="%CX" />
      </Data>
      <Data n="20157097021077e">
        <Key v="1650,-8000" t="Vector2" n="!$P" />
        <Key v="20202934699316" t="String" n="$T" />
        <Key v="Runda piv" t="String" n="%CX" />
      </Data>
      <Data n="20157097021247e">
        <Key v="1650,-8200" t="Vector2" n="!$P" />
        <Key v="20202934699316" t="String" n="$T" />
        <Key v="Informace" t="String" n="%CX" />
      </Data>
      <Data n="20157097104020e">
        <Key v="1650,-9600" t="Vector2" n="!$P" />
        <Key v="_EGate" t="String" n="$T" />
        <Key v="G0" t="String" n="GT" />
        <Key v="1" t="Int32" n="Ex" />
        <Key v="Zeis_doporuceni" t="String" n="Var" />
      </Data>
      <Data n="20157102873508e">
        <Key v="1950,-9600" t="Vector2" n="!$P" />
        <Key v="_EGate" t="String" n="$T" />
        <Key v="G0" t="String" n="GT" />
        <Key v="Onot_q_spinavy_byznis_fail" t="String" n="Var" />
      </Data>
      <Data n="20162605217811e">
        <Key v="2250,-9600" t="Vector2" n="!$P" />
        <Key v="20206352251934" t="String" n="$T" />
        <Key v="CkQ" t="String" n="GT" />
        <Key v="SkN" t="String" n="T" />
        <Key v="Q20162245462062" t="String" n="Qs" />
      </Data>
      <Data n="20157097021589e">
        <Key v="2700,-9600" t="Vector2" n="!$P" />
        <Key v="20202934699316" t="String" n="$T" />
        <Key v="Doporučení od Zeise" t="String" n="%CX" />
      </Data>
      <Data n="20157097021743e">
        <Key v="1650,-10000" t="Vector2" n="!$P" />
        <Key v="20202934699316" t="String" n="$T" />
        <Key v="Odejít" t="String" n="%CX" />
        <Key v="MrE" t="String" n="Spc" />
      </Data>
      <Data n="20157212615294e">
        <Key v="2250,0" t="Vector2" n="!$P" />
        <Key v="20202866798502" t="String" n="$T" />
        <Key v="Ještě ne. Potřebujem teď něco jiného." t="String" n="%X" />
      </Data>
      <Data n="20157212610825e">
        <Key v="3000,-4200" t="Vector2" n="!$P" />
        <Key v="20202866798502" t="String" n="$T" />
        <Key v="Jojo, hotovo. V sudech je to o čem jsme se bavili a každým dnem očekávej tížený výsledek." t="String" n="%X" />
      </Data>
      <Data n="20157212611133e">
        <Key v="2250,-5000" t="Vector2" n="!$P" />
        <Key v="20202866798502" t="String" n="$T" />
        <Key v="Bohužel ještě to nevyšlo, ale stále na tom pracuju. Nemusíš se ničeho bát." t="String" n="%X" />
      </Data>
      <Data n="20157262700805e">
        <Key v="2250,-5600" t="Vector2" n="!$P" />
        <Key v="20202866798502" t="String" n="$T" />
        <Key v="%M1" t="String" n="T" />
        <Key v="Takže, jak jsme se dohodli. Zde je vašich 30 stříbrňáků." t="String" n="%X" />
      </Data>
      <Data n="20157262701573e">
        <Key v="2250,-5800" t="Vector2" n="!$P" />
        <Key v="20202866798502" t="String" n="$T" />
        <Key v="%M1" t="String" n="T" />
        <Key v="Takže, pokud se dobře pamatuju, dohodli jsme se na 40ti stříbrňákách. &lt;pomalu je odpočítá ze svého váčku&gt;. Tak tady je máš." t="String" n="%X" />
      </Data>
      <Data n="20157101196764e">
        <Key v="3450,-6000" t="Vector2" n="!$P" />
        <Key v="20202866798502" t="String" n="$T" />
        <Key v="Tak jsem tady, jak jste předtím říkal. Přišel jsem sám." t="String" n="%X" />
      </Data>
      <Data n="20157097021078e">
        <Key v="2100,-8000" t="Vector2" n="!$P" />
        <Key v="20202866798502" t="String" n="$T" />
        <Key v="Onote, pivo by bylo fajn. Jednu rundu, prosím!" t="String" n="%X" />
      </Data>
      <Data n="20157097021248e">
        <Key v="2100,-8200" t="Vector2" n="!$P" />
        <Key v="20202866798502" t="String" n="$T" />
        <Key v="Rádi bychom se dozvěděli nějaké užitečné informace o okolí. Co zajímavého bys nám moh říct?" t="String" n="%X" />
      </Data>
      <Data n="20157097021590e">
        <Key v="3150,-9600" t="Vector2" n="!$P" />
        <Key v="20202866798502" t="String" n="$T" />
        <Key v="Jistý, náš společný známý jménem Zeis nám řekl, že bychom od tebe mohli dostat nějakou prácičku. Víš o tom něco?" t="String" n="%X" />
      </Data>
      <Data n="20157097021744e">
        <Key v="2100,-10000" t="Vector2" n="!$P" />
        <Key v="20202866798502" t="String" n="$T" />
        <Key v="Nic dalšího nepotřebujeme. Díky." t="String" n="%X" />
      </Data>
      <Data n="20157212636923e">
        <Key v="2850,0" t="Vector2" n="!$P" />
        <Key v="20202866798502" t="String" n="$T" />
        <Key v="%M1" t="String" n="T" />
        <Key v="No dobrá. &lt;zamračený výraz&gt; Tak co to bude?" t="String" n="%X" />
      </Data>
      <Data n="20162967450934e">
        <Key v="3600,-4200" t="Vector2" n="!$P" />
        <Key v="_EFunc" t="String" n="$T" />
        <Key v="G1" t="String" n="GT" />
        <Key v="1" t="Int32" n="T2" />
        <Key v="1" t="Decimal" n="Val" />
        <Key v="Onot_q_spinavy_byznis_DONE_wait" t="String" n="Cnt" />
        <Key v="Os" t="String" n="O" />
      </Data>
      <Data n="20162967452831e">
        <Key v="3900,-4200" t="Vector2" n="!$P" />
        <Key v="20206371455404" t="String" n="$T" />
        <Key v="CkE" t="String" n="GT" />
        <Key v="SaS" t="String" n="T" />
        <Key v="E20162967414766" t="String" n="Ev" />
      </Data>
      <Data n="20157212660120e">
        <Key v="2850,-5000" t="Vector2" n="!$P" />
        <Key v="20202866798502" t="String" n="$T" />
        <Key v="%M1" t="String" n="T" />
        <Key v="No už aby to bylo. Potřebujete teď něco jiného?" t="String" n="%X" />
      </Data>
      <Data n="20157262770614e">
        <Key v="2850,-5600" t="Vector2" n="!$P" />
        <Key v="20206371455404" t="String" n="$T" />
        <Key v="PRAVIDLA PRO ALKOHOL" t="String" n="!%Txt" />
        <Key v="" t="String" n="GT" />
      </Data>
      <Data n="20157262743102e">
        <Key v="2850,-5800" t="Vector2" n="!$P" />
        <Key v="20202866798502" t="String" n="$T" />
        <Key v="%M1" t="String" n="T" />
        <Key v="A jelikož jste mi udělali svým počinem velikou radost, tak ještě jedna runda piv na mě." t="String" n="%X" />
      </Data>
      <Data n="20157103717754e">
        <Key v="4050,-6000" t="Vector2" n="!$P" />
        <Key v="20202866798502" t="String" n="$T" />
        <Key v="%M1" t="String" n="T" />
        <Key v="Pak tedy poslouchej @$. &lt;naklonil se trochu blíže a začal šeptat&gt; Jistě víš, že tady v Mantu máme dvě hospody. Takže tu, ve které právě jsme - &quot;U mostu&quot; a pak hospodu kousek od náměstí - &quot;U plného břicha&quot;. No a právě o to jde. Ten bastard Muper má většinu zdejší klientely. A právě to je ten problém." t="String" n="%X" />
        <Key v="1" t="String" n="!Vt" />
        <Key v="XN_Leader" t="String" n="Var" />
      </Data>
      <Data n="20157099768845e">
        <Key v="2700,-8000" t="Vector2" n="!$P" />
        <Key v="20206371455404" t="String" n="$T" />
        <Key v="CkI" t="String" n="GT" />
        <Key v="SaT" t="String" n="T" />
        <Key v="1" t="String" n="M" />
        <Key v="2" t="String" n="C" />
      </Data>
      <Data n="20157099703726e">
        <Key v="3150,-8000" t="Vector2" n="!$P" />
        <Key v="20206371455404" t="String" n="$T" />
        <Key v="PRAVIDLA PRO ALKOHOL" t="String" n="!%Txt" />
        <Key v="" t="String" n="GT" />
      </Data>
      <Data n="20157262613597e">
        <Key v="2700,-8200" t="Vector2" n="!$P" />
        <Key v="_EGate" t="String" n="$T" />
        <Key v="G1" t="String" n="GT" />
        <Key v="1" t="Int32" n="T2" />
        <Key v="3" t="Decimal" n="Val" />
        <Key v="Onot_informace" t="String" n="Cnt" />
        <Key v="Oeg" t="String" n="O" />
      </Data>
      <Data n="20157099721092e">
        <Key v="2700,-8400" t="Vector2" n="!$P" />
        <Key v="20202866798502" t="String" n="$T" />
        <Key v="%M1" t="String" n="T" />
        <Key v="Jó to by mohl chtít každej, ale za řečičky si nic nekoupím. Zkuste mě nějak pěkně namotivovat a třeba si na něco zajímavého vzpomenu. &lt;široků úsměv&gt;" t="String" n="%X" />
      </Data>
      <Data n="20157102738773e">
        <Key v="3750,-9600" t="Vector2" n="!$P" />
        <Key v="20202866798502" t="String" n="$T" />
        <Key v="%M1" t="String" n="T" />
        <Key v="Hm... Takže vás posílá Zeis. No, pokud vám věří Zeis, tak nejspíš já také. Měl bych něco delikátního, ne úplně zákoného. Stále Vás to zajímá?" t="String" n="%X" />
      </Data>
      <Data n="20157212678700e">
        <Key v="4350,-4200" t="Vector2" n="!$P" />
        <Key v="20202866798502" t="String" n="$T" />
        <Key v="%M1" t="String" n="T" />
        <Key v="Výborně. Jistě pochopíte, že než Vám předám patřičnou odměnu, musím si být jist výsledkem. Zastavte se zítra a pokud vše bude jak říkáte, dostanete, to co si zasloužíte &lt;smích&gt;." t="String" n="%X" />
      </Data>
      <Data n="20157262754060e">
        <Key v="3450,-5800" t="Vector2" n="!$P" />
        <Key v="20202866798502" t="String" n="$T" />
        <Key v="%M1" t="String" n="T" />
        <Key v="A jestli něco budete potřebovat, klidně se na mě obraťte." t="String" n="%X" />
      </Data>
      <Data n="20157103836948e">
        <Key v="4650,-6000" t="Vector2" n="!$P" />
        <Key v="20202866798502" t="String" n="$T" />
        <Key v="%M1" t="String" n="T" />
        <Key v="Potřeboval bych od tebe, aby sis někde opatřil nějakej jed a nalil ho ve sklepě do jeho sudů. Nic drastického, nechci nikoho zabít. Nějakej slabší postačí, hlavně aby všem bylo z jeho piva špatně a oni se naučí chodit ke mě." t="String" n="%X" />
      </Data>
      <Data n="20157099697326e">
        <Key v="3600,-8000" t="Vector2" n="!$P" />
        <Key v="20202866798502" t="String" n="$T" />
        <Key v="%M1" t="String" n="T" />
        <Key v="Jistě, tady to máte." t="String" n="%X" />
      </Data>
      <Data n="20157262603793e">
        <Key v="3150,-8200" t="Vector2" n="!$P" />
        <Key v="20202866798502" t="String" n="$T" />
        <Key v="%M1" t="String" n="T" />
        <Key v="No nic nového pro Vás nemám. Vyklopil jsem vše, co jsem věděl." t="String" n="%X" />
      </Data>
      <Data n="20162605425116e">
        <Key v="3300,-8400" t="Vector2" n="!$P" />
        <Key v="_EGate" t="String" n="$T" />
        <Key v="G1" t="String" n="GT" />
        <Key v="1" t="Int32" n="T2" />
        <Key v="0" t="Decimal" n="Val" />
        <Key v="Onot_informace" t="String" n="Cnt" />
        <Key v="Oel" t="String" n="O" />
      </Data>
      <Data n="20157099756247e">
        <Key v="3600,-8400" t="Vector2" n="!$P" />
        <Key v="20202934699316" t="String" n="$T" />
        <Key v="Malý úplatek" t="String" n="%CX" />
      </Data>
      <Data n="20157099876527e">
        <Key v="4050,-8400" t="Vector2" n="!$P" />
        <Key v="20206371455404" t="String" n="$T" />
        <Key v="CkI" t="String" n="GT" />
        <Key v="SaT" t="String" n="T" />
        <Key v="I20157354355645" t="String" n="It" />
        <Key v="10" t="String" n="C" />
      </Data>
      <Data n="20157262536803e">
        <Key v="4500,-8400" t="Vector2" n="!$P" />
        <Key v="_EFunc" t="String" n="$T" />
        <Key v="G1" t="String" n="GT" />
        <Key v="1" t="Int32" n="T2" />
        <Key v="1" t="Decimal" n="Val" />
        <Key v="Onot_informace" t="String" n="Cnt" />
        <Key v="Os" t="String" n="O" />
      </Data>
      <Data n="20162605436114e">
        <Key v="3300,-8600" t="Vector2" n="!$P" />
        <Key v="_EGate" t="String" n="$T" />
        <Key v="G1" t="String" n="GT" />
        <Key v="1" t="Int32" n="T2" />
        <Key v="1" t="Decimal" n="Val" />
        <Key v="Onot_informace" t="String" n="Cnt" />
        <Key v="Oel" t="String" n="O" />
      </Data>
      <Data n="20157099756394e">
        <Key v="3600,-8600" t="Vector2" n="!$P" />
        <Key v="20202934699316" t="String" n="$T" />
        <Key v="Střední úplatek" t="String" n="%CX" />
      </Data>
      <Data n="20157099879036e">
        <Key v="4050,-8600" t="Vector2" n="!$P" />
        <Key v="20206371455404" t="String" n="$T" />
        <Key v="CkI" t="String" n="GT" />
        <Key v="SaT" t="String" n="T" />
        <Key v="I20157375210590" t="String" n="It" />
        <Key v="1" t="String" n="C" />
      </Data>
      <Data n="20157262592872e">
        <Key v="4500,-8600" t="Vector2" n="!$P" />
        <Key v="_EFunc" t="String" n="$T" />
        <Key v="G1" t="String" n="GT" />
        <Key v="1" t="Int32" n="T2" />
        <Key v="2" t="Decimal" n="Val" />
        <Key v="Onot_informace" t="String" n="Cnt" />
        <Key v="Os" t="String" n="O" />
      </Data>
      <Data n="20162605437344e">
        <Key v="3300,-9200" t="Vector2" n="!$P" />
        <Key v="_EGate" t="String" n="$T" />
        <Key v="G1" t="String" n="GT" />
        <Key v="1" t="Int32" n="T2" />
        <Key v="2" t="Decimal" n="Val" />
        <Key v="Onot_informace" t="String" n="Cnt" />
        <Key v="Oel" t="String" n="O" />
      </Data>
      <Data n="20157099756535e">
        <Key v="3600,-9200" t="Vector2" n="!$P" />
        <Key v="20202934699316" t="String" n="$T" />
        <Key v="Velký úplatek" t="String" n="%CX" />
      </Data>
      <Data n="20157099880548e">
        <Key v="4050,-9200" t="Vector2" n="!$P" />
        <Key v="20206371455404" t="String" n="$T" />
        <Key v="CkI" t="String" n="GT" />
        <Key v="SaT" t="String" n="T" />
        <Key v="I20157375210590" t="String" n="It" />
        <Key v="2" t="String" n="C" />
      </Data>
      <Data n="20157262599018e">
        <Key v="4500,-9200" t="Vector2" n="!$P" />
        <Key v="_EFunc" t="String" n="$T" />
        <Key v="G1" t="String" n="GT" />
        <Key v="1" t="Int32" n="T2" />
        <Key v="3" t="Decimal" n="Val" />
        <Key v="Onot_informace" t="String" n="Cnt" />
        <Key v="Os" t="String" n="O" />
      </Data>
      <Data n="20157099756714e">
        <Key v="3300,-9400" t="Vector2" n="!$P" />
        <Key v="20202934699316" t="String" n="$T" />
        <Key v="Nedávat nic" t="String" n="%CX" />
      </Data>
      <Data n="20157102759515e">
        <Key v="4350,-9600" t="Vector2" n="!$P" />
        <Key v="20202934699316" t="String" n="$T" />
        <Key v="Dozvědět se o co jde" t="String" n="%CX" />
      </Data>
      <Data n="20157102759709e">
        <Key v="4350,-9800" t="Vector2" n="!$P" />
        <Key v="20202934699316" t="String" n="$T" />
        <Key v="Raději to zamítnout" t="String" n="%CX" />
      </Data>
      <Data n="20157262351574e">
        <Key v="4950,-4200" t="Vector2" n="!$P" />
        <Key v="20202934699316" t="String" n="$T" />
        <Key v="Přemluvit ho" t="String" n="%CX" />
        <Key v="RoP" t="String" n="Spc" />
        <Key v="L3" t="String" n="Lvl" />
      </Data>
      <Data n="20157262351865e">
        <Key v="4950,-4800" t="Vector2" n="!$P" />
        <Key v="20202934699316" t="String" n="$T" />
        <Key v="Počkat tedy" t="String" n="%CX" />
      </Data>
      <Data n="20157162880747e">
        <Key v="5250,-6000" t="Vector2" n="!$P" />
        <Key v="20206495856812" t="String" n="$T" />
        <Key v="Reakce ohledně úkolu s jedem." t="String" n="!%Txt" />
      </Data>
      <Data n="20157099756248e">
        <Key v="4950,-8400" t="Vector2" n="!$P" />
        <Key v="20202866798502" t="String" n="$T" />
        <Key v="Hehe, zadarmo ani kuře..., co? Tak tady máš pár měďáků. A teď nám řekni něco, co budem chtít slyšet." t="String" n="%X" />
      </Data>
      <Data n="20157099756395e">
        <Key v="4950,-8600" t="Vector2" n="!$P" />
        <Key v="20202866798502" t="String" n="$T" />
        <Key v="Tak tady máš pěknou hromádku mincí. Doufám, že je to dost, abychom si zasloužili tvojí pozornost. Tak povídej a ať to stojí za to..." t="String" n="%X" />
      </Data>
      <Data n="20157099756536e">
        <Key v="4950,-9200" t="Vector2" n="!$P" />
        <Key v="20202866798502" t="String" n="$T" />
        <Key v="Tak Onote, tady máš dva stříbrňáky. Je to jistě více, než jste čekal. Nyní je řada na tobě, tak ať to stojí za to..." t="String" n="%X" />
      </Data>
      <Data n="20157099756715e">
        <Key v="3750,-9400" t="Vector2" n="!$P" />
        <Key v="20202866798502" t="String" n="$T" />
        <Key v="Bohužel nemáme žádné peníze nazbyt, můžeme si objednat něco jiného." t="String" n="%X" />
      </Data>
      <Data n="20157102759516e">
        <Key v="4800,-9600" t="Vector2" n="!$P" />
        <Key v="20202866798502" t="String" n="$T" />
        <Key v="Tak jistě, jestli za to kápně i nějaká slušná odměna." t="String" n="%X" />
      </Data>
      <Data n="20157102759710e">
        <Key v="4800,-9800" t="Vector2" n="!$P" />
        <Key v="20202866798502" t="String" n="$T" />
        <Key v="Ty, když nad tím tak přemejšlím, tak nás to vlastně nezajímá. Nechceme mít nic společného." t="String" n="%X" />
      </Data>
      <Data n="20157262351575e">
        <Key v="5400,-4200" t="Vector2" n="!$P" />
        <Key v="20202866798502" t="String" n="$T" />
        <Key v="No tak, Onote. Celkem spěcháme a nemůžeme si dovolit čekat do zítra. Říkáme ti, že jsme to udělali. Přece bysme ti nelhali." t="String" n="%X" />
      </Data>
      <Data n="20157262351866e">
        <Key v="5400,-4800" t="Vector2" n="!$P" />
        <Key v="20202866798502" t="String" n="$T" />
        <Key v="Dobrá tedy, přijdem zítra." t="String" n="%X" />
      </Data>
      <Data n="20157162886345e">
        <Key v="5850,-6000" t="Vector2" n="!$P" />
        <Key v="20202934699316" t="String" n="$T" />
        <Key v="Odměna" t="String" n="%CX" />
      </Data>
      <Data n="20157162885361e">
        <Key v="5850,-7600" t="Vector2" n="!$P" />
        <Key v="20202934699316" t="String" n="$T" />
        <Key v="Souhlasit" t="String" n="%CX" />
      </Data>
      <Data n="20162605242588e">
        <Key v="6300,-7600" t="Vector2" n="!$P" />
        <Key v="20206371455404" t="String" n="$T" />
        <Key v="CkQ" t="String" n="GT" />
        <Key v="Q20162245462062" t="String" n="Qs" />
      </Data>
      <Data n="20157162885591e">
        <Key v="5850,-7800" t="Vector2" n="!$P" />
        <Key v="20202934699316" t="String" n="$T" />
        <Key v="Odmítnout" t="String" n="%CX" />
      </Data>
      <Data n="20157212526866e">
        <Key v="6300,-7800" t="Vector2" n="!$P" />
        <Key v="_EFunc" t="String" n="$T" />
        <Key v="G0" t="String" n="GT" />
        <Key v="Onot_q_spinavy_byznis_fail" t="String" n="Var" />
      </Data>
      <Data n="20157100003987e">
        <Key v="5550,-8400" t="Vector2" n="!$P" />
        <Key v="20202866798502" t="String" n="$T" />
        <Key v="%M1" t="String" n="T" />
        <Key v="Tož to je těžké odhadnout, co budete chtít slyšet. Nejsem žádná podělaná vědma. &lt;smích&gt; Ale tak něco zajímavého bych určitě měl. Říká se, že v lesíku kousek za městem se to bestiema jenom hemží. A nejsou to prej jenom vlci, ale i jiná, mnohem nebezpečnější havěť. Tam by se vypravil snad jedině blázen, nebo dobrodruh. &lt;křivej úsměv&gt;" t="String" n="%X" />
      </Data>
      <Data n="20157100089856e">
        <Key v="5550,-8600" t="Vector2" n="!$P" />
        <Key v="20202866798502" t="String" n="$T" />
        <Key v="%M1" t="String" n="T" />
        <Key v="Pravda, pravda. Tak tedy poslouchejte. Říká se, že v lesíku kousek za městem se to bestiema jenom hemží. A nejsou to prej jenom vlci, ale i jiná, mnohem nebezpečnější havěť. Tam by se vypravil snad jedině blázen, nebo dobrodruh. &lt;křivej úsměv&gt;" t="String" n="%X" />
      </Data>
      <Data n="20157100391778e">
        <Key v="5550,-9200" t="Vector2" n="!$P" />
        <Key v="20206371455404" t="String" n="$T" />
        <Key v="PRAVIDLA PRO ALKOHOL" t="String" n="!%Txt" />
        <Key v="" t="String" n="GT" />
      </Data>
      <Data n="20157099866167e">
        <Key v="4350,-9400" t="Vector2" n="!$P" />
        <Key v="20202866798502" t="String" n="$T" />
        <Key v="%M1" t="String" n="T" />
        <Key v="Ale jistě, co si račte přát?" t="String" n="%X" />
      </Data>
      <Data n="20157102783264e">
        <Key v="5400,-9800" t="Vector2" n="!$P" />
        <Key v="20202866798502" t="String" n="$T" />
        <Key v="%M1" t="String" n="T" />
        <Key v="To je divné, posílá Vás Zeis a tohle Vám nevoní? No je to vaše věc. Mohu pro vás ještě něco udělat?" t="String" n="%X" />
      </Data>
      <Data n="20157525430792e">
        <Key v="6000,-4200" t="Vector2" n="!$P" />
        <Key v="_EGate" t="String" n="$T" />
        <Key v="G1" t="String" n="GT" />
        <Key v="1" t="Int32" n="T2" />
        <Key v="0" t="Decimal" n="Val" />
        <Key v="XResult" t="String" n="Cnt" />
        <Key v="Oeg" t="String" n="O" />
      </Data>
      <Data n="20157525428340e">
        <Key v="6000,-4400" t="Vector2" n="!$P" />
        <Key v="_EGate" t="String" n="$T" />
        <Key v="G1" t="String" n="GT" />
        <Key v="1" t="Int32" n="T2" />
        <Key v="2" t="Decimal" n="Val" />
        <Key v="XResult" t="String" n="Cnt" />
        <Key v="Oeg" t="String" n="O" />
      </Data>
      <Data n="20157162886346e">
        <Key v="6300,-6000" t="Vector2" n="!$P" />
        <Key v="20202866798502" t="String" n="$T" />
        <Key v="A co z toho kouká pro mě?" t="String" n="%X" />
      </Data>
      <Data n="20157162885362e">
        <Key v="6750,-7600" t="Vector2" n="!$P" />
        <Key v="20202866798502" t="String" n="$T" />
        <Key v="Dobrá, nemám s tím problém." t="String" n="%X" />
      </Data>
      <Data n="20157162885592e">
        <Key v="6750,-7800" t="Vector2" n="!$P" />
        <Key v="20202866798502" t="String" n="$T" />
        <Key v="A nene, to se mi nelíbí. Do toho nejdu." t="String" n="%X" />
      </Data>
      <Data n="20157100067993e">
        <Key v="6150,-8400" t="Vector2" n="!$P" />
        <Key v="20202866798502" t="String" n="$T" />
        <Key v="Hm... a dál? Jo to je celý? No nevím, jestli to teda za ty měďáky stálo..." t="String" n="%X" />
      </Data>
      <Data n="20157100099672e">
        <Key v="6150,-8600" t="Vector2" n="!$P" />
        <Key v="20202866798502" t="String" n="$T" />
        <Key v="%M1" t="String" n="T" />
        <Key v="Dále jsem zaslechl, že místní farmář Belif má nějaké potíže. Ztrácí se mu dobytek. Určitě by byl schopen vypláznout nemalou sumičku tomu, kdo mu s jeho problémem pomůže." t="String" n="%X" />
      </Data>
      <Data n="20157100382477e">
        <Key v="6000,-9200" t="Vector2" n="!$P" />
        <Key v="20202866798502" t="String" n="$T" />
        <Key v="%M1" t="String" n="T" />
        <Key v="Tož to máte rozhodně pravdu, tady máte jednu rundu na mě, aby Vám při mém vyprávění nevyschlo hrdlo." t="String" n="%X" />
      </Data>
      <Data n="20157102866851e">
        <Key v="6000,-9800" t="Vector2" n="!$P" />
        <Key v="_EFunc" t="String" n="$T" />
        <Key v="G0" t="String" n="GT" />
        <Key v="Onot_q_spinavy_byznis_fail" t="String" n="Var" />
      </Data>
      <Data n="20157262376695e">
        <Key v="6450,-4200" t="Vector2" n="!$P" />
        <Key v="20202866798502" t="String" n="$T" />
        <Key v="%M1" t="String" n="T" />
        <Key v="Nene, svou odměnu dostaneš, až si budu jist výsledkem. Přijď zítra." t="String" n="%X" />
      </Data>
      <Data n="20157262375939e">
        <Key v="6450,-4400" t="Vector2" n="!$P" />
        <Key v="20202866798502" t="String" n="$T" />
        <Key v="%M1" t="String" n="T" />
        <Key v="No dobrá, budu ti věřit. Tak tady je slíbená odměna" t="String" n="%X" />
      </Data>
      <Data n="20157191306929e">
        <Key v="6900,-6000" t="Vector2" n="!$P" />
        <Key v="20202866798502" t="String" n="$T" />
        <Key v="%M1" t="String" n="T" />
        <Key v="No samozřejmě nezůstanu nic dlužen. Co bys řekl na takových 30 stříbrných? Dohodneme se?" t="String" n="%X" />
      </Data>
      <Data n="20157191041052e">
        <Key v="7350,-7600" t="Vector2" n="!$P" />
        <Key v="20202866798502" t="String" n="$T" />
        <Key v="%M1" t="String" n="T" />
        <Key v="Výborně. Jsem rád, že mi s tím pomůžeš." t="String" n="%X" />
      </Data>
      <Data n="20157212517483e">
        <Key v="7350,-7800" t="Vector2" n="!$P" />
        <Key v="20202866798502" t="String" n="$T" />
        <Key v="%M1" t="String" n="T" />
        <Key v="No myslel jsem si, že jsi trochu z jiného těsta. Asi jsem se splet. Přišels o snadný prachy." t="String" n="%X" />
      </Data>
      <Data n="20157100077974e">
        <Key v="6750,-8400" t="Vector2" n="!$P" />
        <Key v="20202866798502" t="String" n="$T" />
        <Key v="%M1" t="String" n="T" />
        <Key v="No a co byste více chtěli? Však jsem vod vás dostal jen pár měďáků. &lt;výsměch&gt; Budete si ještě něco přát?" t="String" n="%X" />
      </Data>
      <Data n="20157100111798e">
        <Key v="6750,-8600" t="Vector2" n="!$P" />
        <Key v="20202866798502" t="String" n="$T" />
        <Key v="%M1" t="String" n="T" />
        <Key v="A ještě Vám poradím, jak na starýho Beryho. Má v kostkách proklaté štěstí, asi tím, že je hobit. Nevím. Nicméně když je pod parou, neumí moc počítat a utíká mu pozornost. Sem tam se dá připsat nějakej ten hod k dobru, pokud jste trochu šikovní, jistě si toho nevšimne..." t="String" n="%X" />
      </Data>
      <Data n="20157100395407e">
        <Key v="6600,-9200" t="Vector2" n="!$P" />
        <Key v="20202866798502" t="String" n="$T" />
        <Key v="%M1" t="String" n="T" />
        <Key v="Tož kde bych začal. Kousek za městem je hájek, ve kterém rostou nejrůznější vzácný byliny pro alchymisty. Pokud se tam vydáte, mějte se ale na pozoru. Místní monstra nemaj příliš ráda návštěvy. &lt;smích&gt;" t="String" n="%X" />
      </Data>
      <Data n="20157262386720e">
        <Key v="7050,-4400" t="Vector2" n="!$P" />
        <Key v="_EGate" t="String" n="$T" />
        <Key v="G1" t="String" n="GT" />
        <Key v="1" t="Int32" n="T2" />
        <Key v="1" t="Decimal" n="Val" />
        <Key v="Onot_q_spinavy_odmena" t="String" n="Cnt" />
        <Key v="Oe" t="String" n="O" />
      </Data>
      <Data n="20157262389973e">
        <Key v="7050,-4600" t="Vector2" n="!$P" />
        <Key v="_EGate" t="String" n="$T" />
        <Key v="G1" t="String" n="GT" />
        <Key v="1" t="Int32" n="T2" />
        <Key v="2" t="Decimal" n="Val" />
        <Key v="Onot_q_spinavy_odmena" t="String" n="Cnt" />
        <Key v="Oe" t="String" n="O" />
      </Data>
      <Data n="20157192148313e">
        <Key v="7500,-6000" t="Vector2" n="!$P" />
        <Key v="20202934699316" t="String" n="$T" />
        <Key v="Smlouvat" t="String" n="%CX" />
        <Key v="RoT" t="String" n="Spc" />
        <Key v="L2" t="String" n="Lvl" />
      </Data>
      <Data n="20157192144085e">
        <Key v="7500,-7400" t="Vector2" n="!$P" />
        <Key v="20202934699316" t="String" n="$T" />
        <Key v="Souhlasit" t="String" n="%CX" />
      </Data>
      <Data n="20157192354258e">
        <Key v="7950,-7400" t="Vector2" n="!$P" />
        <Key v="_EFunc" t="String" n="$T" />
        <Key v="G1" t="String" n="GT" />
        <Key v="1" t="Int32" n="T2" />
        <Key v="1" t="Decimal" n="Val" />
        <Key v="Onot_q_spinavy_odmena" t="String" n="Cnt" />
        <Key v="Os" t="String" n="O" />
      </Data>
      <Data n="20157192333905e">
        <Key v="7950,-7600" t="Vector2" n="!$P" />
        <Key v="_EFunc" t="String" n="$T" />
        <Key v="G0" t="String" n="GT" />
        <Key v="Onot_q_spinavy_byznis" t="String" n="Var" />
      </Data>
      <Data n="20157100181218e">
        <Key v="7350,-8600" t="Vector2" n="!$P" />
        <Key v="20202866798502" t="String" n="$T" />
        <Key v="Tak to by šlo, nebylo to zrovna zadarmo, ale alespoň jsme se něco dozvěděli. Díky Onote..." t="String" n="%X" />
      </Data>
      <Data n="20157100458323e">
        <Key v="7200,-9200" t="Vector2" n="!$P" />
        <Key v="20202866798502" t="String" n="$T" />
        <Key v="%M1" t="String" n="T" />
        <Key v="Dále jsem zaslechl, že ve stejném lesíku bydlí nějaký poustevník. Nevím co je na tom pravdy, ale tyhle podivíny se vždy vyplatí navštívit." t="String" n="%X" />
      </Data>
      <Data n="20157262385317e">
        <Key v="7500,-4400" t="Vector2" n="!$P" />
        <Key v="20202866798502" t="String" n="$T" />
        <Key v="%M1" t="String" n="T" />
        <Key v="30 stříbrných. Přesně jak jsme se domluvili. Jen doufám, že jste mi nelhali a nezaplatil jsem zase něco zbytečně. To by se ti setsakramentsky nevyplatilo." t="String" n="%X" />
      </Data>
      <Data n="20157262385729e">
        <Key v="7500,-4600" t="Vector2" n="!$P" />
        <Key v="20202866798502" t="String" n="$T" />
        <Key v="%M1" t="String" n="T" />
        <Key v="40 stříbrných, jak jsme se dohodli. Jen doufám, že jste mi nelhali a nezaplatil jsem zase něco zbytečně. To by se ti setsakramentsky nevyplatilo." t="String" n="%X" />
      </Data>
      <Data n="20157192148314e">
        <Key v="7950,-6000" t="Vector2" n="!$P" />
        <Key v="20202866798502" t="String" n="$T" />
        <Key v="Onote poslouchej. 30 stříbrných se mi zdá málo, za to, že nastavuju svůj krk. Za takovejhle čin bych klidně mohl i viset. Budeš muset trochu přihodit, aby mě to dostatečně zaujalo." t="String" n="%X" />
      </Data>
      <Data n="20157192144086e">
        <Key v="8400,-7400" t="Vector2" n="!$P" />
        <Key v="20202866798502" t="String" n="$T" />
        <Key v="Jojo, to zní fér. Ještě bych se rád na něco zeptal." t="String" n="%X" />
      </Data>
      <Data n="20157190865861e">
        <Key v="8400,-7600" t="Vector2" n="!$P" />
        <Key v="20206495856812" t="String" n="$T" />
        <Key v="Reakce po přijmutí úkolu." t="String" n="!%Txt" />
      </Data>
      <Data n="20157100196619e">
        <Key v="7950,-8600" t="Vector2" n="!$P" />
        <Key v="_EGate" t="String" n="$T" />
        <Key v="G1" t="String" n="GT" />
        <Key v="1" t="Int32" n="T2" />
        <Key v="0" t="Decimal" n="Val" />
        <Key v="XC_Male" t="String" n="Cnt" />
        <Key v="Oe" t="String" n="O" />
      </Data>
      <Data n="20157100191197e">
        <Key v="7950,-8800" t="Vector2" n="!$P" />
        <Key v="_EGate" t="String" n="$T" />
        <Key v="G1" t="String" n="GT" />
        <Key v="1" t="Int32" n="T2" />
        <Key v="0" t="Decimal" n="Val" />
        <Key v="XC_Female" t="String" n="Cnt" />
        <Key v="Oe" t="String" n="O" />
      </Data>
      <Data n="20157100202514e">
        <Key v="7950,-9000" t="Vector2" n="!$P" />
        <Key v="20202866798502" t="String" n="$T" />
        <Key v="%M1" t="String" n="T" />
        <Key v="Budete si ještě něco přát?" t="String" n="%X" />
      </Data>
      <Data n="20157100471042e">
        <Key v="7800,-9200" t="Vector2" n="!$P" />
        <Key v="20202866798502" t="String" n="$T" />
        <Key v="%M1" t="String" n="T" />
        <Key v="Pokud se chystáte hrát hru v kostky se starým Berym, tak se připravte, že pravděpodobně prohrajete. Ten starej bastard má nějaký extrémní štěstí. Nejhorší na tom je, že opravdu nefixluje, ale prostě jen ho políbila matka štěstěna. Nicméně vám poradím jak na něj." t="String" n="%X" />
      </Data>
      <Data n="20157262439330e">
        <Key v="8100,-4400" t="Vector2" n="!$P" />
        <Key v="20202866798502" t="String" n="$T" />
        <Key v="%M1" t="String" n="T" />
        <Key v="Můžu pro vás ještě něco udělat?" t="String" n="%X" />
      </Data>
      <Data n="20157525445032e">
        <Key v="8550,-6000" t="Vector2" n="!$P" />
        <Key v="_EGate" t="String" n="$T" />
        <Key v="G1" t="String" n="GT" />
        <Key v="1" t="Int32" n="T2" />
        <Key v="2" t="Decimal" n="Val" />
        <Key v="XResult" t="String" n="Cnt" />
        <Key v="Oeg" t="String" n="O" />
      </Data>
      <Data n="20157525446151e">
        <Key v="8550,-7000" t="Vector2" n="!$P" />
        <Key v="_EGate" t="String" n="$T" />
        <Key v="G1" t="String" n="GT" />
        <Key v="1" t="Int32" n="T2" />
        <Key v="0" t="Decimal" n="Val" />
        <Key v="XResult" t="String" n="Cnt" />
        <Key v="Oeg" t="String" n="O" />
      </Data>
      <Data n="20157192349310e">
        <Key v="9000,-7400" t="Vector2" n="!$P" />
        <Key v="_EGate" t="String" n="$T" />
        <Key v="G0" t="String" n="GT" />
        <Key v="1" t="Int32" n="Ex" />
        <Key v="Onot_q_spinavy_byznis" t="String" n="Var" />
      </Data>
      <Data n="20157190877585e">
        <Key v="9000,-7600" t="Vector2" n="!$P" />
        <Key v="20202934699316" t="String" n="$T" />
        <Key v="Vrátit se k předchozí nabídce" t="String" n="%CX" />
      </Data>
      <Data n="20157190870559e">
        <Key v="9000,-7800" t="Vector2" n="!$P" />
        <Key v="20202934699316" t="String" n="$T" />
        <Key v="Zeptat se na jed" t="String" n="%CX" />
      </Data>
      <Data n="20157190870772e">
        <Key v="9000,-8000" t="Vector2" n="!$P" />
        <Key v="20202934699316" t="String" n="$T" />
        <Key v="Zeptat se na přístupovou cestu" t="String" n="%CX" />
      </Data>
      <Data n="20157192370959e">
        <Key v="9000,-8200" t="Vector2" n="!$P" />
        <Key v="_EGate" t="String" n="$T" />
        <Key v="G1" t="String" n="GT" />
        <Key v="1" t="Int32" n="T2" />
        <Key v="0" t="Decimal" n="Val" />
        <Key v="Onot_q_spinavy_odmena" t="String" n="Cnt" />
        <Key v="Oel" t="String" n="O" />
      </Data>
      <Data n="20157191053617e">
        <Key v="9300,-8200" t="Vector2" n="!$P" />
        <Key v="20202934699316" t="String" n="$T" />
        <Key v="Odměna" t="String" n="%CX" />
      </Data>
      <Data n="20157100194628e">
        <Key v="8400,-8600" t="Vector2" n="!$P" />
        <Key v="20202866798502" t="String" n="$T" />
        <Key v="%M1" t="String" n="T" />
        <Key v="Budou si ctěné dámy ještě něco přát? &lt;šikmý úšklebek&gt;" t="String" n="%X" />
      </Data>
      <Data n="20157100185581e">
        <Key v="8400,-8800" t="Vector2" n="!$P" />
        <Key v="20202866798502" t="String" n="$T" />
        <Key v="%M1" t="String" n="T" />
        <Key v="Budou si pánové ještě něco přát? &lt;pokus o vřelý úsměv&gt;" t="String" n="%X" />
      </Data>
      <Data n="20157100488189e">
        <Key v="8400,-9200" t="Vector2" n="!$P" />
        <Key v="20202866798502" t="String" n="$T" />
        <Key v="%M1" t="String" n="T" />
        <Key v="Když je pod parou, neumí moc počítat a utíká mu pozornost. Sem tam se dá připsat nějakej ten hod k dobru, pokud jste trochu šikovní, jistě si toho nevšimne..." t="String" n="%X" />
      </Data>
      <Data n="20157212348749e">
        <Key v="9000,-6000" t="Vector2" n="!$P" />
        <Key v="20202866798502" t="String" n="$T" />
        <Key v="%M1" t="String" n="T" />
        <Key v="No dobrá, asi máš pravdu, tak přidám ještě 10 stříbrných, co říkáš?" t="String" n="%X" />
      </Data>
      <Data n="20157212349020e">
        <Key v="9000,-7000" t="Vector2" n="!$P" />
        <Key v="20202866798502" t="String" n="$T" />
        <Key v="%M1" t="String" n="T" />
        <Key v="Heleď, nemůžu si prostě více dovolit, však ti říkám, že většinu kšeftů mi převzal právě Mupper. 30 stříbrných je moje konečná nabídka." t="String" n="%X" />
      </Data>
      <Data n="20157190877586e">
        <Key v="9450,-7600" t="Vector2" n="!$P" />
        <Key v="20202866798502" t="String" n="$T" />
        <Key v="To bude asi vše, co bych chtěl ohledně týhle prácičky vědět." t="String" n="%X" />
      </Data>
      <Data n="20157190870560e">
        <Key v="9450,-7800" t="Vector2" n="!$P" />
        <Key v="20202866798502" t="String" n="$T" />
        <Key v="Dobrá tedy, než budu pokračovat, ještě bych se Vás rád zeptal, jestli nevíte, kde takový jed splašit?" t="String" n="%X" />
      </Data>
      <Data n="20157190870773e">
        <Key v="9450,-8000" t="Vector2" n="!$P" />
        <Key v="20202866798502" t="String" n="$T" />
        <Key v="A náhodou nemáte nějakej tip, jak se dostat do sklepa k těm sudům?" t="String" n="%X" />
      </Data>
      <Data n="20157191053618e">
        <Key v="9750,-8200" t="Vector2" n="!$P" />
        <Key v="20202866798502" t="String" n="$T" />
        <Key v="Ještě jsme se nebavili o odměně. Celkem by mě zajímalo, co z toho kápne pro mě?" t="String" n="%X" />
      </Data>
      <Data n="20157100495279e">
        <Key v="9000,-9200" t="Vector2" n="!$P" />
        <Key v="20202866798502" t="String" n="$T" />
        <Key v="%M1" t="String" n="T" />
        <Key v="Co bych tak ještě... Jo, místní chovatel Belif má nějaké problémy s mizením dobytka. Jestli mu dokážete pomoct, jsem si jist, že vám nezůstane nic dlužen." t="String" n="%X" />
      </Data>
      <Data n="20157212402747e">
        <Key v="9600,-6000" t="Vector2" n="!$P" />
        <Key v="20202934699316" t="String" n="$T" />
        <Key v="Souhlasit s novou odměnou" t="String" n="%CX" />
      </Data>
      <Data n="20157212412769e">
        <Key v="10050,-6000" t="Vector2" n="!$P" />
        <Key v="_EFunc" t="String" n="$T" />
        <Key v="G1" t="String" n="GT" />
        <Key v="1" t="Int32" n="T2" />
        <Key v="2" t="Decimal" n="Val" />
        <Key v="Onot_q_spinavy_odmena" t="String" n="Cnt" />
        <Key v="Os" t="String" n="O" />
      </Data>
      <Data n="20162605248678e">
        <Key v="10350,-6000" t="Vector2" n="!$P" />
        <Key v="20206371455404" t="String" n="$T" />
        <Key v="CkQ" t="String" n="GT" />
        <Key v="Q20162245462062" t="String" n="Qs" />
      </Data>
      <Data n="20157212403488e">
        <Key v="9600,-6800" t="Vector2" n="!$P" />
        <Key v="20202934699316" t="String" n="$T" />
        <Key v="I tak nesouhlasit" t="String" n="%CX" />
      </Data>
      <Data n="20157212451590e">
        <Key v="9600,-7000" t="Vector2" n="!$P" />
        <Key v="20202934699316" t="String" n="$T" />
        <Key v="I tak s úkolem souhalsit" t="String" n="%CX" />
      </Data>
      <Data n="20157212486112e">
        <Key v="10050,-7000" t="Vector2" n="!$P" />
        <Key v="_EFunc" t="String" n="$T" />
        <Key v="G1" t="String" n="GT" />
        <Key v="1" t="Int32" n="T2" />
        <Key v="1" t="Decimal" n="Val" />
        <Key v="Onot_q_spinavy_odmena" t="String" n="Cnt" />
        <Key v="Os" t="String" n="O" />
      </Data>
      <Data n="20162605251865e">
        <Key v="10350,-7000" t="Vector2" n="!$P" />
        <Key v="20206371455404" t="String" n="$T" />
        <Key v="CkQ" t="String" n="GT" />
        <Key v="Q20162245462062" t="String" n="Qs" />
      </Data>
      <Data n="20157212452124e">
        <Key v="9600,-7200" t="Vector2" n="!$P" />
        <Key v="20202934699316" t="String" n="$T" />
        <Key v="Nabídku odmítnout" t="String" n="%CX" />
      </Data>
      <Data n="20157212498057e">
        <Key v="10050,-7200" t="Vector2" n="!$P" />
        <Key v="_EFunc" t="String" n="$T" />
        <Key v="G0" t="String" n="GT" />
        <Key v="Onot_q_spinavy_byznis_fail" t="String" n="Var" />
      </Data>
      <Data n="20157191002126e">
        <Key v="10050,-7800" t="Vector2" n="!$P" />
        <Key v="20202866798502" t="String" n="$T" />
        <Key v="%M1" t="String" n="T" />
        <Key v="Tož jistě, máme tady přeci místní alchymistku Niomy, ale nevím, jestli by nebylo podezřelé shánět u ní jed a o chvíli později by půl města bylo špatně. Možná bys mohl zkusit zeptat se její učednice. No a samozřejmě by měl jít i sehnat v Limu či jiném městě." t="String" n="%X" />
      </Data>
      <Data n="20157191222679e">
        <Key v="10050,-8000" t="Vector2" n="!$P" />
        <Key v="20202866798502" t="String" n="$T" />
        <Key v="%M1" t="String" n="T" />
        <Key v="Tak jestli to umíš s paklíčem, pak zadní dveře do sklepa pro tebe nebudou překážkou. Klíč má jistě Mupper i u sebe, takže pokud jsi jen trochu šikovnej, jistě z něj půjde dostat." t="String" n="%X" />
      </Data>
      <Data n="20157100512895e">
        <Key v="9600,-9200" t="Vector2" n="!$P" />
        <Key v="20206352251934" t="String" n="$T" />
        <Key v="CkU" t="String" n="GT" />
        <Key v="Rogue" t="String" n="PL" />
      </Data>
      <Data n="20157101192280e">
        <Key v="10050,-9200" t="Vector2" n="!$P" />
        <Key v="_EFunc" t="String" n="$T" />
        <Key v="G0" t="String" n="GT" />
        <Key v="Onot_q_info" t="String" n="Var" />
      </Data>
      <Data n="20157100511993e">
        <Key v="9600,-9400" t="Vector2" n="!$P" />
        <Key v="20202866798502" t="String" n="$T" />
        <Key v="%M1" t="String" n="T" />
        <Key v="Jinak pokud si o sobě myslíte, že jste opravdu drsní dobrodruzi, zastavte se za starostou. Slyšel jsem, že se shání po nějakých zkušených žoldácích." t="String" n="%X" />
      </Data>
      <Data n="20157212403489e">
        <Key v="10050,-6800" t="Vector2" n="!$P" />
        <Key v="20202866798502" t="String" n="$T" />
        <Key v="Bohužel i tak se mi to zdá málo. Kašlu na to, za ty prachy mi to nestojí." t="String" n="%X" />
      </Data>
      <Data n="20157212451591e">
        <Key v="10800,-7000" t="Vector2" n="!$P" />
        <Key v="20202866798502" t="String" n="$T" />
        <Key v="No dobrá, jdu do toho. Ještě bych se tě rád na něco zeptal." t="String" n="%X" />
      </Data>
      <Data n="20157212452125e">
        <Key v="10500,-7200" t="Vector2" n="!$P" />
        <Key v="20202866798502" t="String" n="$T" />
        <Key v="Ty Onote, za to riziko mi to nestojí, kašlu na to." t="String" n="%X" />
      </Data>
      <Data n="20162967284684e">
        <Key v="10650,-8000" t="Vector2" n="!$P" />
        <Key v="20202866798502" t="String" n="$T" />
        <Key v="%M1" t="String" n="T" />
        <Key v="A ještě mě napadá, že jednou týdně mu vozí zásoby piva, tak by tam v ten moment šlo též nepozorovaně proklouznout, či dostat se do vozu přímo po cestě. Nevím možností je dost. Jistě si vybereš tu, která ti bude nejvíce vyhovovat &lt;smích&gt;." t="String" n="%X" />
      </Data>
      <Data n="20157100507260e">
        <Key v="10500,-9200" t="Vector2" n="!$P" />
        <Key v="20202866798502" t="String" n="$T" />
        <Key v="%M1" t="String" n="T" />
        <Key v="Ještě, když tě tak pozoruju, možná bych měl nějakou speciální nabídku přímo pro tebe, ale přijď sám @$." t="String" n="%X" />
        <Key v="1" t="String" n="!Vt" />
        <Key v="XN_Rogue" t="String" n="Var" />
      </Data>
      <Data n="20157100653748e">
        <Key v="10200,-9400" t="Vector2" n="!$P" />
        <Key v="20202866798502" t="String" n="$T" />
        <Key v="%M1" t="String" n="T" />
        <Key v="To by mohlo být asi vše. Jo a poslední věc. Jestli máte hluboko do kapsy, tak zkuste zajít za starou kořenářkou Niomy. Vždy ráda dobře zaplatí, za nejrůznější byliny." t="String" n="%X" />
      </Data>
      <Data n="20157212444611e">
        <Key v="10650,-6800" t="Vector2" n="!$P" />
        <Key v="_EFunc" t="String" n="$T" />
        <Key v="G0" t="String" n="GT" />
        <Key v="Onot_q_spinavy_byznis_fail" t="String" n="Var" />
      </Data>
      <Data n="20157212475984e">
        <Key v="11400,-7000" t="Vector2" n="!$P" />
        <Key v="_EGate" t="String" n="$T" />
        <Key v="G0" t="String" n="GT" />
        <Key v="1" t="Int32" n="Ex" />
        <Key v="Onot_q_spinavy_byznis" t="String" n="Var" />
      </Data>
      <Data n="20157212435857e">
        <Key v="11100,-7200" t="Vector2" n="!$P" />
        <Key v="20202866798502" t="String" n="$T" />
        <Key v="%M1" t="String" n="T" />
        <Key v="No je to tvoje volba. Mohly to bejt snadný prachy." t="String" n="%X" />
      </Data>
      <Data n="20157100704305e">
        <Key v="10800,-9400" t="Vector2" n="!$P" />
        <Key v="20202866798502" t="String" n="$T" />
        <Key v="No, to bylo přímo vyčerpávající vyprávění Onote. Dobře, žes nám k tomu dal ty piva. Každopádně investice se rozhodně vyplatila." t="String" n="%X" />
      </Data>
      <Data n="20157101138238e">
        <Key v="11400,-9400" t="Vector2" n="!$P" />
        <Key v="20202866798502" t="String" n="$T" />
        <Key v="%M1" t="String" n="T" />
        <Key v="Hehe, to doufám. Však jsem vám řekl snad všechno co jsem věděl a možná i to, co jsem nevěděl. &lt;smích&gt; Budete si ještě něco přát?" t="String" n="%X" />
      </Data>
    </Data>
    <Data n="$Conns">
      <Data n="20157212594683c">
        <Key v="20157212594683e" t="String" n="$E" />
      </Data>
      <Data n="20162605258776c">
        <Key v="20162605258776e" t="String" n="$E" />
        <Key v="20157212594683e" t="String" n="$S" />
      </Data>
      <Data n="20162967554086c">
        <Key v="20162967554086e" t="String" n="$E" />
      </Data>
      <Data n="20162967551709c">
        <Key v="20162967551709e" t="String" n="$E" />
        <Key v="20162967554086e" t="String" n="$S" />
      </Data>
      <Data n="20157262498502c">
        <Key v="20157262498502e" t="String" n="$E" />
      </Data>
      <Data n="20157262683201c">
        <Key v="20157262683201e" t="String" n="$E" />
      </Data>
      <Data n="20162967543243c">
        <Key v="20162967543243e" t="String" n="$E" />
      </Data>
      <Data n="20157212589830c">
        <Key v="20157212589830e" t="String" n="$E" />
        <Key v="20162605258776e" t="String" n="$S" />
      </Data>
      <Data n="20157096831288c">
        <Key v="20157096831288e" t="String" n="$E" />
        <Key v="20162967551709e" t="String" n="$S" />
      </Data>
      <Data n="20157262494693c">
        <Key v="20157262494693e" t="String" n="$E" />
        <Key v="20157262498502e" t="String" n="$S" />
      </Data>
      <Data n="20157262679132c">
        <Key v="20157262679132e" t="String" n="$E" />
        <Key v="20157262683201e" t="String" n="$S" />
      </Data>
      <Data n="20157096837558c">
        <Key v="20157096837558e" t="String" n="$E" />
        <Key v="20162967543243e" t="String" n="$S" />
      </Data>
      <Data n="20157212615293c">
        <Key v="20157212615293e" t="String" n="$E" />
        <Key v="20157212589830e" t="String" n="$S" />
      </Data>
      <Data n="20157212667572c">
        <Key v="20157212667572e" t="String" n="$E" />
        <Key v="20157212589830e" t="String" n="$S" />
      </Data>
      <Data n="20157212610824c">
        <Key v="20157212610824e" t="String" n="$E" />
        <Key v="20157212667572e" t="String" n="$S" />
      </Data>
      <Data n="20157262490986c">
        <Key v="20157262490986e" t="String" n="$E" />
        <Key v="20157212610824e" t="String" n="$S" />
      </Data>
      <Data n="20157212611132c">
        <Key v="20157212611132e" t="String" n="$E" />
        <Key v="20157212589830e" t="String" n="$S" />
      </Data>
      <Data n="20206616255923c">
        <Key v="20157096837558e" t="String" n="$E" />
        <Key v="20157096831288e" t="String" n="$S" />
      </Data>
      <Data n="20206616255924c">
        <Key v="20157096837558e" t="String" n="$E" />
        <Key v="20157262494693e" t="String" n="$S" />
      </Data>
      <Data n="20157262703544c">
        <Key v="20157262703544e" t="String" n="$E" />
        <Key v="20157262679132e" t="String" n="$S" />
      </Data>
      <Data n="20157262765624c">
        <Key v="20157262765624e" t="String" n="$E" />
        <Key v="20157262703544e" t="String" n="$S" />
      </Data>
      <Data n="20157262706298c">
        <Key v="20157262706298e" t="String" n="$E" />
        <Key v="20157262679132e" t="String" n="$S" />
      </Data>
      <Data n="20157262767371c">
        <Key v="20157262767371e" t="String" n="$E" />
        <Key v="20157262706298e" t="String" n="$S" />
      </Data>
      <Data n="20157101199707c">
        <Key v="20157101199707e" t="String" n="$E" />
        <Key v="20157096837558e" t="String" n="$S" />
      </Data>
      <Data n="20157101204144c">
        <Key v="20157101204144e" t="String" n="$E" />
        <Key v="20157101199707e" t="String" n="$S" />
      </Data>
      <Data n="20157212530778c">
        <Key v="20157212530778e" t="String" n="$E" />
        <Key v="20157101204144e" t="String" n="$S" />
      </Data>
      <Data n="20162605485099c">
        <Key v="20162605485099e" t="String" n="$E" />
        <Key v="20157212530778e" t="String" n="$S" />
      </Data>
      <Data n="20157101196763c">
        <Key v="20157101196763e" t="String" n="$E" />
        <Key v="20162605485099e" t="String" n="$S" />
      </Data>
      <Data n="20157097021077c">
        <Key v="20157097021077e" t="String" n="$E" />
        <Key v="20157096837558e" t="String" n="$S" />
      </Data>
      <Data n="20157097021247c">
        <Key v="20157097021247e" t="String" n="$E" />
        <Key v="20157096837558e" t="String" n="$S" />
      </Data>
      <Data n="20157097104020c">
        <Key v="20157097104020e" t="String" n="$E" />
        <Key v="20157096837558e" t="String" n="$S" />
      </Data>
      <Data n="20157102873508c">
        <Key v="20157102873508e" t="String" n="$E" />
        <Key v="20157097104020e" t="String" n="$S" />
      </Data>
      <Data n="20162605217811c">
        <Key v="20162605217811e" t="String" n="$E" />
        <Key v="20157102873508e" t="String" n="$S" />
      </Data>
      <Data n="20157097021589c">
        <Key v="20157097021589e" t="String" n="$E" />
        <Key v="20162605217811e" t="String" n="$S" />
      </Data>
      <Data n="20157097021743c">
        <Key v="20157097021743e" t="String" n="$E" />
        <Key v="20157096837558e" t="String" n="$S" />
      </Data>
      <Data n="20157212615294c">
        <Key v="20157212615294e" t="String" n="$E" />
        <Key v="20157212615293e" t="String" n="$S" />
      </Data>
      <Data n="20157212610825c">
        <Key v="20157212610825e" t="String" n="$E" />
        <Key v="20157262490986e" t="String" n="$S" />
      </Data>
      <Data n="20157212611133c">
        <Key v="20157212611133e" t="String" n="$E" />
        <Key v="20157212611132e" t="String" n="$S" />
      </Data>
      <Data n="20157262700805c">
        <Key v="20157262700805e" t="String" n="$E" />
        <Key v="20157262765624e" t="String" n="$S" />
      </Data>
      <Data n="20157262701573c">
        <Key v="20157262701573e" t="String" n="$E" />
        <Key v="20157262767371e" t="String" n="$S" />
      </Data>
      <Data n="20157101196764c">
        <Key v="20157101196764e" t="String" n="$E" />
        <Key v="20157101196763e" t="String" n="$S" />
      </Data>
      <Data n="20157097021078c">
        <Key v="20157097021078e" t="String" n="$E" />
        <Key v="20157097021077e" t="String" n="$S" />
      </Data>
      <Data n="20157097021248c">
        <Key v="20157097021248e" t="String" n="$E" />
        <Key v="20157097021247e" t="String" n="$S" />
      </Data>
      <Data n="20157097021590c">
        <Key v="20157097021590e" t="String" n="$E" />
        <Key v="20157097021589e" t="String" n="$S" />
      </Data>
      <Data n="20157097021744c">
        <Key v="20157097021744e" t="String" n="$E" />
        <Key v="20157097021743e" t="String" n="$S" />
      </Data>
      <Data n="20157212636923c">
        <Key v="20157212636923e" t="String" n="$E" />
        <Key v="20157212615294e" t="String" n="$S" />
      </Data>
      <Data n="20162967450934c">
        <Key v="20162967450934e" t="String" n="$E" />
        <Key v="20157212610825e" t="String" n="$S" />
      </Data>
      <Data n="20162967452831c">
        <Key v="20162967452831e" t="String" n="$E" />
        <Key v="20162967450934e" t="String" n="$S" />
      </Data>
      <Data n="20157212660120c">
        <Key v="20157212660120e" t="String" n="$E" />
        <Key v="20157212611133e" t="String" n="$S" />
      </Data>
      <Data n="20157262770614c">
        <Key v="20157262770614e" t="String" n="$E" />
        <Key v="20157262700805e" t="String" n="$S" />
      </Data>
      <Data n="20157262743102c">
        <Key v="20157262743102e" t="String" n="$E" />
        <Key v="20157262701573e" t="String" n="$S" />
      </Data>
      <Data n="20157103717754c">
        <Key v="20157103717754e" t="String" n="$E" />
        <Key v="20157101196764e" t="String" n="$S" />
      </Data>
      <Data n="20157099768845c">
        <Key v="20157099768845e" t="String" n="$E" />
        <Key v="20157097021078e" t="String" n="$S" />
      </Data>
      <Data n="20157099703726c">
        <Key v="20157099703726e" t="String" n="$E" />
        <Key v="20157099768845e" t="String" n="$S" />
      </Data>
      <Data n="20157262613597c">
        <Key v="20157262613597e" t="String" n="$E" />
        <Key v="20157097021248e" t="String" n="$S" />
      </Data>
      <Data n="20157099721092c">
        <Key v="20157099721092e" t="String" n="$E" />
        <Key v="20157097021248e" t="String" n="$S" />
      </Data>
      <Data n="20157102738773c">
        <Key v="20157102738773e" t="String" n="$E" />
        <Key v="20157097021590e" t="String" n="$S" />
      </Data>
      <Data n="20206616255963c">
        <Key v="20157096837558e" t="String" n="$E" />
        <Key v="20157212636923e" t="String" n="$S" />
      </Data>
      <Data n="20157212678700c">
        <Key v="20157212678700e" t="String" n="$E" />
        <Key v="20162967452831e" t="String" n="$S" />
      </Data>
      <Data n="20206616255965c">
        <Key v="20157096837558e" t="String" n="$E" />
        <Key v="20157212660120e" t="String" n="$S" />
      </Data>
      <Data n="20206616255966c">
        <Key v="20157262743102e" t="String" n="$E" />
        <Key v="20157262770614e" t="String" n="$S" />
      </Data>
      <Data n="20157262754060c">
        <Key v="20157262754060e" t="String" n="$E" />
        <Key v="20157262743102e" t="String" n="$S" />
      </Data>
      <Data n="20157103836948c">
        <Key v="20157103836948e" t="String" n="$E" />
        <Key v="20157103717754e" t="String" n="$S" />
      </Data>
      <Data n="20157099697326c">
        <Key v="20157099697326e" t="String" n="$E" />
        <Key v="20157099703726e" t="String" n="$S" />
      </Data>
      <Data n="20157262603793c">
        <Key v="20157262603793e" t="String" n="$E" />
        <Key v="20157262613597e" t="String" n="$S" />
      </Data>
      <Data n="20162605425116c">
        <Key v="20162605425116e" t="String" n="$E" />
        <Key v="20157099721092e" t="String" n="$S" />
      </Data>
      <Data n="20157099756247c">
        <Key v="20157099756247e" t="String" n="$E" />
        <Key v="20162605425116e" t="String" n="$S" />
      </Data>
      <Data n="20157099876527c">
        <Key v="20157099876527e" t="String" n="$E" />
        <Key v="20157099756247e" t="String" n="$S" />
      </Data>
      <Data n="20157262536803c">
        <Key v="20157262536803e" t="String" n="$E" />
        <Key v="20157099876527e" t="String" n="$S" />
      </Data>
      <Data n="20162605436114c">
        <Key v="20162605436114e" t="String" n="$E" />
        <Key v="20157099721092e" t="String" n="$S" />
      </Data>
      <Data n="20157099756394c">
        <Key v="20157099756394e" t="String" n="$E" />
        <Key v="20162605436114e" t="String" n="$S" />
      </Data>
      <Data n="20157099879036c">
        <Key v="20157099879036e" t="String" n="$E" />
        <Key v="20157099756394e" t="String" n="$S" />
      </Data>
      <Data n="20157262592872c">
        <Key v="20157262592872e" t="String" n="$E" />
        <Key v="20157099879036e" t="String" n="$S" />
      </Data>
      <Data n="20162605437344c">
        <Key v="20162605437344e" t="String" n="$E" />
        <Key v="20157099721092e" t="String" n="$S" />
      </Data>
      <Data n="20157099756535c">
        <Key v="20157099756535e" t="String" n="$E" />
        <Key v="20162605437344e" t="String" n="$S" />
      </Data>
      <Data n="20157099880548c">
        <Key v="20157099880548e" t="String" n="$E" />
        <Key v="20157099756535e" t="String" n="$S" />
      </Data>
      <Data n="20157262599018c">
        <Key v="20157262599018e" t="String" n="$E" />
        <Key v="20157099880548e" t="String" n="$S" />
      </Data>
      <Data n="20157099756714c">
        <Key v="20157099756714e" t="String" n="$E" />
        <Key v="20157099721092e" t="String" n="$S" />
      </Data>
      <Data n="20157102759515c">
        <Key v="20157102759515e" t="String" n="$E" />
        <Key v="20157102738773e" t="String" n="$S" />
      </Data>
      <Data n="20157102759709c">
        <Key v="20157102759709e" t="String" n="$E" />
        <Key v="20157102738773e" t="String" n="$S" />
      </Data>
      <Data n="20157262351574c">
        <Key v="20157262351574e" t="String" n="$E" />
        <Key v="20157212678700e" t="String" n="$S" />
      </Data>
      <Data n="20157262351865c">
        <Key v="20157262351865e" t="String" n="$E" />
        <Key v="20157212678700e" t="String" n="$S" />
      </Data>
      <Data n="20206616255990c">
        <Key v="20157096837558e" t="String" n="$E" />
        <Key v="20157262754060e" t="String" n="$S" />
      </Data>
      <Data n="20157162880747c">
        <Key v="20157162880747e" t="String" n="$E" />
        <Key v="20157103836948e" t="String" n="$S" />
      </Data>
      <Data n="20206616255992c">
        <Key v="20157096837558e" t="String" n="$E" />
        <Key v="20157099697326e" t="String" n="$S" />
      </Data>
      <Data n="20206616255993c">
        <Key v="20157096837558e" t="String" n="$E" />
        <Key v="20157262603793e" t="String" n="$S" />
      </Data>
      <Data n="20157099756248c">
        <Key v="20157099756248e" t="String" n="$E" />
        <Key v="20157262536803e" t="String" n="$S" />
      </Data>
      <Data n="20157099756395c">
        <Key v="20157099756395e" t="String" n="$E" />
        <Key v="20157262592872e" t="String" n="$S" />
      </Data>
      <Data n="20157099756536c">
        <Key v="20157099756536e" t="String" n="$E" />
        <Key v="20157262599018e" t="String" n="$S" />
      </Data>
      <Data n="20157099756715c">
        <Key v="20157099756715e" t="String" n="$E" />
        <Key v="20157099756714e" t="String" n="$S" />
      </Data>
      <Data n="20157102759516c">
        <Key v="20157102759516e" t="String" n="$E" />
        <Key v="20157102759515e" t="String" n="$S" />
      </Data>
      <Data n="20157102759710c">
        <Key v="20157102759710e" t="String" n="$E" />
        <Key v="20157102759709e" t="String" n="$S" />
      </Data>
      <Data n="20157262351575c">
        <Key v="20157262351575e" t="String" n="$E" />
        <Key v="20157262351574e" t="String" n="$S" />
      </Data>
      <Data n="20157262351866c">
        <Key v="20157262351866e" t="String" n="$E" />
        <Key v="20157262351865e" t="String" n="$S" />
      </Data>
      <Data n="20157162886345c">
        <Key v="20157162886345e" t="String" n="$E" />
        <Key v="20157162880747e" t="String" n="$S" />
      </Data>
      <Data n="20157162885361c">
        <Key v="20157162885361e" t="String" n="$E" />
        <Key v="20157162880747e" t="String" n="$S" />
      </Data>
      <Data n="20162605242588c">
        <Key v="20162605242588e" t="String" n="$E" />
        <Key v="20157162885361e" t="String" n="$S" />
      </Data>
      <Data n="20157162885591c">
        <Key v="20157162885591e" t="String" n="$E" />
        <Key v="20157162880747e" t="String" n="$S" />
      </Data>
      <Data n="20157212526866c">
        <Key v="20157212526866e" t="String" n="$E" />
        <Key v="20157162885591e" t="String" n="$S" />
      </Data>
      <Data n="20157100003987c">
        <Key v="20157100003987e" t="String" n="$E" />
        <Key v="20157099756248e" t="String" n="$S" />
      </Data>
      <Data n="20157100089856c">
        <Key v="20157100089856e" t="String" n="$E" />
        <Key v="20157099756395e" t="String" n="$S" />
      </Data>
      <Data n="20157100391778c">
        <Key v="20157100391778e" t="String" n="$E" />
        <Key v="20157099756536e" t="String" n="$S" />
      </Data>
      <Data n="20157099866167c">
        <Key v="20157099866167e" t="String" n="$E" />
        <Key v="20157099756715e" t="String" n="$S" />
      </Data>
      <Data n="20206616256012c">
        <Key v="20157103717754e" t="String" n="$E" />
        <Key v="20157102759516e" t="String" n="$S" />
      </Data>
      <Data n="20157102783264c">
        <Key v="20157102783264e" t="String" n="$E" />
        <Key v="20157102759710e" t="String" n="$S" />
      </Data>
      <Data n="20157525430792c">
        <Key v="20157525430792e" t="String" n="$E" />
        <Key v="20157262351575e" t="String" n="$S" />
      </Data>
      <Data n="20157525428340c">
        <Key v="20157525428340e" t="String" n="$E" />
        <Key v="20157262351575e" t="String" n="$S" />
      </Data>
      <Data n="20206616256016c">
        <Key v="20157096837558e" t="String" n="$E" />
        <Key v="20157262351866e" t="String" n="$S" />
      </Data>
      <Data n="20157162886346c">
        <Key v="20157162886346e" t="String" n="$E" />
        <Key v="20157162886345e" t="String" n="$S" />
      </Data>
      <Data n="20157162885362c">
        <Key v="20157162885362e" t="String" n="$E" />
        <Key v="20162605242588e" t="String" n="$S" />
      </Data>
      <Data n="20157162885592c">
        <Key v="20157162885592e" t="String" n="$E" />
        <Key v="20157212526866e" t="String" n="$S" />
      </Data>
      <Data n="20157100067993c">
        <Key v="20157100067993e" t="String" n="$E" />
        <Key v="20157100003987e" t="String" n="$S" />
      </Data>
      <Data n="20157100099672c">
        <Key v="20157100099672e" t="String" n="$E" />
        <Key v="20157100089856e" t="String" n="$S" />
      </Data>
      <Data n="20157100382477c">
        <Key v="20157100382477e" t="String" n="$E" />
        <Key v="20157100391778e" t="String" n="$S" />
      </Data>
      <Data n="20206616256023c">
        <Key v="20157096837558e" t="String" n="$E" />
        <Key v="20157099866167e" t="String" n="$S" />
      </Data>
      <Data n="20157102866851c">
        <Key v="20157102866851e" t="String" n="$E" />
        <Key v="20157102783264e" t="String" n="$S" />
      </Data>
      <Data n="20157262376695c">
        <Key v="20157262376695e" t="String" n="$E" />
        <Key v="20157525430792e" t="String" n="$S" />
      </Data>
      <Data n="20157262375939c">
        <Key v="20157262375939e" t="String" n="$E" />
        <Key v="20157525428340e" t="String" n="$S" />
      </Data>
      <Data n="20157191306929c">
        <Key v="20157191306929e" t="String" n="$E" />
        <Key v="20157162886346e" t="String" n="$S" />
      </Data>
      <Data n="20157191041052c">
        <Key v="20157191041052e" t="String" n="$E" />
        <Key v="20157162885362e" t="String" n="$S" />
      </Data>
      <Data n="20157212517483c">
        <Key v="20157212517483e" t="String" n="$E" />
        <Key v="20157162885592e" t="String" n="$S" />
      </Data>
      <Data n="20157100077974c">
        <Key v="20157100077974e" t="String" n="$E" />
        <Key v="20157100067993e" t="String" n="$S" />
      </Data>
      <Data n="20157100111798c">
        <Key v="20157100111798e" t="String" n="$E" />
        <Key v="20157100099672e" t="String" n="$S" />
      </Data>
      <Data n="20157100395407c">
        <Key v="20157100395407e" t="String" n="$E" />
        <Key v="20157100382477e" t="String" n="$S" />
      </Data>
      <Data n="20206616256033c">
        <Key v="20157096837558e" t="String" n="$E" />
        <Key v="20157102866851e" t="String" n="$S" />
      </Data>
      <Data n="20206616256034c">
        <Key v="20157096837558e" t="String" n="$E" />
        <Key v="20157262376695e" t="String" n="$S" />
      </Data>
      <Data n="20157262386720c">
        <Key v="20157262386720e" t="String" n="$E" />
        <Key v="20157262375939e" t="String" n="$S" />
      </Data>
      <Data n="20157262389973c">
        <Key v="20157262389973e" t="String" n="$E" />
        <Key v="20157262375939e" t="String" n="$S" />
      </Data>
      <Data n="20157192148313c">
        <Key v="20157192148313e" t="String" n="$E" />
        <Key v="20157191306929e" t="String" n="$S" />
      </Data>
      <Data n="20157192144085c">
        <Key v="20157192144085e" t="String" n="$E" />
        <Key v="20157191306929e" t="String" n="$S" />
      </Data>
      <Data n="20157192354258c">
        <Key v="20157192354258e" t="String" n="$E" />
        <Key v="20157192144085e" t="String" n="$S" />
      </Data>
      <Data n="20157192333905c">
        <Key v="20157192333905e" t="String" n="$E" />
        <Key v="20157191041052e" t="String" n="$S" />
      </Data>
      <Data n="20206616256042c">
        <Key v="20157096837558e" t="String" n="$E" />
        <Key v="20157212517483e" t="String" n="$S" />
      </Data>
      <Data n="20206616256043c">
        <Key v="20157096837558e" t="String" n="$E" />
        <Key v="20157100077974e" t="String" n="$S" />
      </Data>
      <Data n="20157100181218c">
        <Key v="20157100181218e" t="String" n="$E" />
        <Key v="20157100111798e" t="String" n="$S" />
      </Data>
      <Data n="20157100458323c">
        <Key v="20157100458323e" t="String" n="$E" />
        <Key v="20157100395407e" t="String" n="$S" />
      </Data>
      <Data n="20157262385317c">
        <Key v="20157262385317e" t="String" n="$E" />
        <Key v="20157262386720e" t="String" n="$S" />
      </Data>
      <Data n="20157262385729c">
        <Key v="20157262385729e" t="String" n="$E" />
        <Key v="20157262389973e" t="String" n="$S" />
      </Data>
      <Data n="20157192148314c">
        <Key v="20157192148314e" t="String" n="$E" />
        <Key v="20157192148313e" t="String" n="$S" />
      </Data>
      <Data n="20157192144086c">
        <Key v="20157192144086e" t="String" n="$E" />
        <Key v="20157192354258e" t="String" n="$S" />
      </Data>
      <Data n="20157190865861c">
        <Key v="20157190865861e" t="String" n="$E" />
        <Key v="20157192333905e" t="String" n="$S" />
      </Data>
      <Data n="20157100196619c">
        <Key v="20157100196619e" t="String" n="$E" />
        <Key v="20157100181218e" t="String" n="$S" />
      </Data>
      <Data n="20157100191197c">
        <Key v="20157100191197e" t="String" n="$E" />
        <Key v="20157100181218e" t="String" n="$S" />
      </Data>
      <Data n="20157100202514c">
        <Key v="20157100202514e" t="String" n="$E" />
        <Key v="20157100181218e" t="String" n="$S" />
      </Data>
      <Data n="20157100471042c">
        <Key v="20157100471042e" t="String" n="$E" />
        <Key v="20157100458323e" t="String" n="$S" />
      </Data>
      <Data n="20157262439330c">
        <Key v="20157262439330e" t="String" n="$E" />
        <Key v="20157262385317e" t="String" n="$S" />
      </Data>
      <Data n="20206616256056c">
        <Key v="20157262439330e" t="String" n="$E" />
        <Key v="20157262385729e" t="String" n="$S" />
      </Data>
      <Data n="20157525445032c">
        <Key v="20157525445032e" t="String" n="$E" />
        <Key v="20157192148314e" t="String" n="$S" />
      </Data>
      <Data n="20157525446151c">
        <Key v="20157525446151e" t="String" n="$E" />
        <Key v="20157192148314e" t="String" n="$S" />
      </Data>
      <Data n="20157192349310c">
        <Key v="20157192349310e" t="String" n="$E" />
        <Key v="20157192144086e" t="String" n="$S" />
      </Data>
      <Data n="20206616256060c">
        <Key v="20157162880747e" t="String" n="$E" />
        <Key v="20157192144086e" t="String" n="$S" />
      </Data>
      <Data n="20157190877585c">
        <Key v="20157190877585e" t="String" n="$E" />
        <Key v="20157190865861e" t="String" n="$S" />
      </Data>
      <Data n="20157190870559c">
        <Key v="20157190870559e" t="String" n="$E" />
        <Key v="20157190865861e" t="String" n="$S" />
      </Data>
      <Data n="20157190870772c">
        <Key v="20157190870772e" t="String" n="$E" />
        <Key v="20157190865861e" t="String" n="$S" />
      </Data>
      <Data n="20157192370959c">
        <Key v="20157192370959e" t="String" n="$E" />
        <Key v="20157190865861e" t="String" n="$S" />
      </Data>
      <Data n="20157191053617c">
        <Key v="20157191053617e" t="String" n="$E" />
        <Key v="20157192370959e" t="String" n="$S" />
      </Data>
      <Data n="20157100194628c">
        <Key v="20157100194628e" t="String" n="$E" />
        <Key v="20157100196619e" t="String" n="$S" />
      </Data>
      <Data n="20157100185581c">
        <Key v="20157100185581e" t="String" n="$E" />
        <Key v="20157100191197e" t="String" n="$S" />
      </Data>
      <Data n="20206616256069c">
        <Key v="20157096837558e" t="String" n="$E" />
        <Key v="20157100202514e" t="String" n="$S" />
      </Data>
      <Data n="20157100488189c">
        <Key v="20157100488189e" t="String" n="$E" />
        <Key v="20157100471042e" t="String" n="$S" />
      </Data>
      <Data n="20206616256071c">
        <Key v="20157096837558e" t="String" n="$E" />
        <Key v="20157262439330e" t="String" n="$S" />
      </Data>
      <Data n="20157212348749c">
        <Key v="20157212348749e" t="String" n="$E" />
        <Key v="20157525445032e" t="String" n="$S" />
      </Data>
      <Data n="20157212349020c">
        <Key v="20157212349020e" t="String" n="$E" />
        <Key v="20157525446151e" t="String" n="$S" />
      </Data>
      <Data n="20206616256074c">
        <Key v="20157190865861e" t="String" n="$E" />
        <Key v="20157192349310e" t="String" n="$S" />
      </Data>
      <Data n="20157190877586c">
        <Key v="20157190877586e" t="String" n="$E" />
        <Key v="20157190877585e" t="String" n="$S" />
      </Data>
      <Data n="20157190870560c">
        <Key v="20157190870560e" t="String" n="$E" />
        <Key v="20157190870559e" t="String" n="$S" />
      </Data>
      <Data n="20157190870773c">
        <Key v="20157190870773e" t="String" n="$E" />
        <Key v="20157190870772e" t="String" n="$S" />
      </Data>
      <Data n="20157191053618c">
        <Key v="20157191053618e" t="String" n="$E" />
        <Key v="20157191053617e" t="String" n="$S" />
      </Data>
      <Data n="20206616256079c">
        <Key v="20157096837558e" t="String" n="$E" />
        <Key v="20157100194628e" t="String" n="$S" />
      </Data>
      <Data n="20206616256080c">
        <Key v="20157096837558e" t="String" n="$E" />
        <Key v="20157100185581e" t="String" n="$S" />
      </Data>
      <Data n="20157100495279c">
        <Key v="20157100495279e" t="String" n="$E" />
        <Key v="20157100488189e" t="String" n="$S" />
      </Data>
      <Data n="20157212402747c">
        <Key v="20157212402747e" t="String" n="$E" />
        <Key v="20157212348749e" t="String" n="$S" />
      </Data>
      <Data n="20157212412769c">
        <Key v="20157212412769e" t="String" n="$E" />
        <Key v="20157212402747e" t="String" n="$S" />
      </Data>
      <Data n="20162605248678c">
        <Key v="20162605248678e" t="String" n="$E" />
        <Key v="20157212412769e" t="String" n="$S" />
      </Data>
      <Data n="20157212403488c">
        <Key v="20157212403488e" t="String" n="$E" />
        <Key v="20157212348749e" t="String" n="$S" />
      </Data>
      <Data n="20157212451590c">
        <Key v="20157212451590e" t="String" n="$E" />
        <Key v="20157212349020e" t="String" n="$S" />
      </Data>
      <Data n="20157212486112c">
        <Key v="20157212486112e" t="String" n="$E" />
        <Key v="20157212451590e" t="String" n="$S" />
      </Data>
      <Data n="20162605251865c">
        <Key v="20162605251865e" t="String" n="$E" />
        <Key v="20157212486112e" t="String" n="$S" />
      </Data>
      <Data n="20157212452124c">
        <Key v="20157212452124e" t="String" n="$E" />
        <Key v="20157212349020e" t="String" n="$S" />
      </Data>
      <Data n="20157212498057c">
        <Key v="20157212498057e" t="String" n="$E" />
        <Key v="20157212452124e" t="String" n="$S" />
      </Data>
      <Data n="20206616256091c">
        <Key v="20157096837558e" t="String" n="$E" />
        <Key v="20157190877586e" t="String" n="$S" />
      </Data>
      <Data n="20157191002126c">
        <Key v="20157191002126e" t="String" n="$E" />
        <Key v="20157190870560e" t="String" n="$S" />
      </Data>
      <Data n="20157191222679c">
        <Key v="20157191222679e" t="String" n="$E" />
        <Key v="20157190870773e" t="String" n="$S" />
      </Data>
      <Data n="20206616256094c">
        <Key v="20157191306929e" t="String" n="$E" />
        <Key v="20157191053618e" t="String" n="$S" />
      </Data>
      <Data n="20157100512895c">
        <Key v="20157100512895e" t="String" n="$E" />
        <Key v="20157100495279e" t="String" n="$S" />
      </Data>
      <Data n="20157101192280c">
        <Key v="20157101192280e" t="String" n="$E" />
        <Key v="20157100512895e" t="String" n="$S" />
      </Data>
      <Data n="20157100511993c">
        <Key v="20157100511993e" t="String" n="$E" />
        <Key v="20157100495279e" t="String" n="$S" />
      </Data>
      <Data n="20206616256098c">
        <Key v="20157192144086e" t="String" n="$E" />
        <Key v="20162605248678e" t="String" n="$S" />
      </Data>
      <Data n="20157212403489c">
        <Key v="20157212403489e" t="String" n="$E" />
        <Key v="20157212403488e" t="String" n="$S" />
      </Data>
      <Data n="20157212451591c">
        <Key v="20157212451591e" t="String" n="$E" />
        <Key v="20162605251865e" t="String" n="$S" />
      </Data>
      <Data n="20157212452125c">
        <Key v="20157212452125e" t="String" n="$E" />
        <Key v="20157212498057e" t="String" n="$S" />
      </Data>
      <Data n="20206616256102c">
        <Key v="20157190865861e" t="String" n="$E" />
        <Key v="20157191002126e" t="String" n="$S" />
      </Data>
      <Data n="20162967284684c">
        <Key v="20162967284684e" t="String" n="$E" />
        <Key v="20157191222679e" t="String" n="$S" />
      </Data>
      <Data n="20157100507260c">
        <Key v="20157100507260e" t="String" n="$E" />
        <Key v="20157101192280e" t="String" n="$S" />
      </Data>
      <Data n="20157100653748c">
        <Key v="20157100653748e" t="String" n="$E" />
        <Key v="20157100511993e" t="String" n="$S" />
      </Data>
      <Data n="20157212444611c">
        <Key v="20157212444611e" t="String" n="$E" />
        <Key v="20157212403489e" t="String" n="$S" />
      </Data>
      <Data n="20157212475984c">
        <Key v="20157212475984e" t="String" n="$E" />
        <Key v="20157212451591e" t="String" n="$S" />
      </Data>
      <Data n="20206616256108c">
        <Key v="20157162880747e" t="String" n="$E" />
        <Key v="20157212451591e" t="String" n="$S" />
      </Data>
      <Data n="20157212435857c">
        <Key v="20157212435857e" t="String" n="$E" />
        <Key v="20157212452125e" t="String" n="$S" />
      </Data>
      <Data n="20206616256110c">
        <Key v="20157190865861e" t="String" n="$E" />
        <Key v="20162967284684e" t="String" n="$S" />
      </Data>
      <Data n="20206616256111c">
        <Key v="20157100511993e" t="String" n="$E" />
        <Key v="20157100507260e" t="String" n="$S" />
      </Data>
      <Data n="20157100704305c">
        <Key v="20157100704305e" t="String" n="$E" />
        <Key v="20157100653748e" t="String" n="$S" />
      </Data>
      <Data n="20206616256113c">
        <Key v="20157212435857e" t="String" n="$E" />
        <Key v="20157212444611e" t="String" n="$S" />
      </Data>
      <Data n="20206616256114c">
        <Key v="20157190865861e" t="String" n="$E" />
        <Key v="20157212475984e" t="String" n="$S" />
      </Data>
      <Data n="20206616256115c">
        <Key v="20157096837558e" t="String" n="$E" />
        <Key v="20157212435857e" t="String" n="$S" />
      </Data>
      <Data n="20157101138238c">
        <Key v="20157101138238e" t="String" n="$E" />
        <Key v="20157100704305e" t="String" n="$S" />
      </Data>
      <Data n="20206616256117c">
        <Key v="20157096837558e" t="String" n="$E" />
        <Key v="20157101138238e" t="String" n="$S" />
      </Data>
    </Data>
  </Data>
</DataRoot>