﻿<?xml version="1.0" encoding="utf-8"?>
<DataRoot n="">
  <Data n="!MAP">
    <Data n="_ROOTS">
      <Key v="-208,207" t="Vector2" n="!$MP" />
      <Key v="0.7,0.7,0.7" t="Vector3" n="!$MZ" />
    </Data>
    <Data n="D20178318879788">
      <Key v="-729,206" t="Vector2" n="!$MP" />
      <Key v="0.1,0.1,0.1" t="Vector3" n="!$MZ" />
    </Data>
    <Data n="D20178318855664">
      <Key v="-175,31" t="Vector2" n="!$MP" />
      <Key v="0.1,0.1,0.1" t="Vector3" n="!$MZ" />
    </Data>
    <Data n="D20178317231758">
      <Key v="-679,79" t="Vector2" n="!$MP" />
      <Key v="0.5,0.5,0.5" t="Vector3" n="!$MZ" />
    </Data>
    <Data n="D20178317150340">
      <Key v="-3203,1009" t="Vector2" n="!$MP" />
      <Key v="0.5,0.5,0.5" t="Vector3" n="!$MZ" />
    </Data>
    <Data n="D20178317052275">
      <Key v="-1641,323" t="Vector2" n="!$MP" />
      <Key v="0.7,0.7,0.7" t="Vector3" n="!$MZ" />
    </Data>
    <Data n="D20177241787709">
      <Key v="-2657,1144" t="Vector2" n="!$MP" />
      <Key v="0.6,0.6,0.6" t="Vector3" n="!$MZ" />
    </Data>
    <Data n="D20197576597973">
      <Key v="0,0" t="Vector2" n="!$MP" />
      <Key v="1,1,1" t="Vector3" n="!$MZ" />
    </Data>
    <Data n="D20156715531177">
      <Key v="-830,243" t="Vector2" n="!$MP" />
      <Key v="0.1,0.1,0.1" t="Vector3" n="!$MZ" />
    </Data>
    <Data n="D20178964669485">
      <Key v="-853,1899" t="Vector2" n="!$MP" />
      <Key v="0.3,0.3,0.3" t="Vector3" n="!$MZ" />
    </Data>
    <Data n="D20165034204153">
      <Key v="-7735,1524" t="Vector2" n="!$MP" />
      <Key v="0.6,0.6,0.6" t="Vector3" n="!$MZ" />
    </Data>
    <Data n="D20197717871392">
      <Key v="0,0" t="Vector2" n="!$MP" />
      <Key v="1,1,1" t="Vector3" n="!$MZ" />
    </Data>
    <Data n="D20165156705493">
      <Key v="-983,275" t="Vector2" n="!$MP" />
      <Key v="0.2,0.2,0.2" t="Vector3" n="!$MZ" />
    </Data>
    <Data n="D20197576626919">
      <Key v="0,0" t="Vector2" n="!$MP" />
      <Key v="1,1,1" t="Vector3" n="!$MZ" />
    </Data>
    <Data n="D20181118522760">
      <Key v="-780,434" t="Vector2" n="!$MP" />
      <Key v="0.2,0.2,0.2" t="Vector3" n="!$MZ" />
    </Data>
    <Data n="D20178321782046">
      <Key v="-439,67" t="Vector2" n="!$MP" />
      <Key v="0.2,0.2,0.2" t="Vector3" n="!$MZ" />
    </Data>
    <Data n="D20178321773553">
      <Key v="-1165,763" t="Vector2" n="!$MP" />
      <Key v="0.2,0.2,0.2" t="Vector3" n="!$MZ" />
    </Data>
    <Data n="D20181355635846">
      <Key v="-994,456" t="Vector2" n="!$MP" />
      <Key v="0.3,0.3,0.3" t="Vector3" n="!$MZ" />
    </Data>
    <Data n="D20178321866246">
      <Key v="0,0" t="Vector2" n="!$MP" />
      <Key v="1,1,1" t="Vector3" n="!$MZ" />
    </Data>
    <Data n="D20181404790674">
      <Key v="-778,155" t="Vector2" n="!$MP" />
      <Key v="0.2,0.2,0.2" t="Vector3" n="!$MZ" />
    </Data>
    <Data n="D20181405769913">
      <Key v="0,0" t="Vector2" n="!$MP" />
      <Key v="1,1,1" t="Vector3" n="!$MZ" />
    </Data>
    <Data n="D20181405769717">
      <Key v="0,0" t="Vector2" n="!$MP" />
      <Key v="1,1,1" t="Vector3" n="!$MZ" />
    </Data>
    <Data n="D20182078796500">
      <Key v="-974,558" t="Vector2" n="!$MP" />
      <Key v="0.2,0.2,0.2" t="Vector3" n="!$MZ" />
    </Data>
    <Data n="D20178491860941">
      <Key v="-651,380" t="Vector2" n="!$MP" />
      <Key v="0.1,0.1,0.1" t="Vector3" n="!$MZ" />
    </Data>
    <Data n="D20178321782138">
      <Key v="-1134,95" t="Vector2" n="!$MP" />
      <Key v="0.9,0.9,0.9" t="Vector3" n="!$MZ" />
    </Data>
    <Data n="D20177241735695">
      <Key v="-677,186" t="Vector2" n="!$MP" />
      <Key v="0.2,0.2,0.2" t="Vector3" n="!$MZ" />
    </Data>
    <Data n="D20178322000375">
      <Key v="-1674,264" t="Vector2" n="!$MP" />
      <Key v="0.3,0.3,0.3" t="Vector3" n="!$MZ" />
    </Data>
    <Data n="D20197717865991">
      <Key v="0,0" t="Vector2" n="!$MP" />
      <Key v="1,1,1" t="Vector3" n="!$MZ" />
    </Data>
    <Data n="D20197718090779">
      <Key v="-1046,561" t="Vector2" n="!$MP" />
      <Key v="0.3,0.3,0.3" t="Vector3" n="!$MZ" />
    </Data>
    <Data n="D20197717884092">
      <Key v="0,0" t="Vector2" n="!$MP" />
      <Key v="1,1,1" t="Vector3" n="!$MZ" />
    </Data>
    <Data n="D20197716051120">
      <Key v="0,0" t="Vector2" n="!$MP" />
      <Key v="1,1,1" t="Vector3" n="!$MZ" />
    </Data>
    <Data n="D20197717855809">
      <Key v="0,0" t="Vector2" n="!$MP" />
      <Key v="1,1,1" t="Vector3" n="!$MZ" />
    </Data>
  </Data>
</DataRoot>