﻿<?xml version="1.0" encoding="utf-8"?>
<DataRoot n="D">
  <Data n="20181404634413">
    <Data n="$Elems">
      <Data n="20182775432513e">
        <Key v="450,0" t="Vector2" n="!$P" />
        <Key v="_EGate" t="String" n="$T" />
        <Key v="G1" t="String" n="GT" />
        <Key v="1" t="Int32" n="T2" />
        <Key v="20" t="Decimal" n="Val" />
        <Key v="Spravedlivy_muz" t="String" n="Cnt" />
        <Key v="Oeg" t="String" n="O" />
      </Data>
      <Data n="20182798667448e">
        <Key v="750,0" t="Vector2" n="!$P" />
        <Key v="20206371455404" t="String" n="$T" />
        <Key v="CkE" t="String" n="GT" />
        <Key v="SaS" t="String" n="T" />
        <Key v="E20182798448152" t="String" n="Ev" />
      </Data>
      <Data n="20182775423209e">
        <Key v="450,-200" t="Vector2" n="!$P" />
        <Key v="_EGate" t="String" n="$T" />
        <Key v="G1" t="String" n="GT" />
        <Key v="1" t="Int32" n="T2" />
        <Key v="19" t="Decimal" n="Val" />
        <Key v="Spravedlivy_muz" t="String" n="Cnt" />
        <Key v="Oel" t="String" n="O" />
      </Data>
      <Data n="20182775428618e">
        <Key v="750,-200" t="Vector2" n="!$P" />
        <Key v="_EGate" t="String" n="$T" />
        <Key v="G1" t="String" n="GT" />
        <Key v="1" t="Int32" n="T2" />
        <Key v="-9" t="Decimal" n="Val" />
        <Key v="Spravedlivy_muz" t="String" n="Cnt" />
        <Key v="Oeg" t="String" n="O" />
      </Data>
      <Data n="20182775442288e">
        <Key v="450,-4800" t="Vector2" n="!$P" />
        <Key v="_EGate" t="String" n="$T" />
        <Key v="G1" t="String" n="GT" />
        <Key v="1" t="Int32" n="T2" />
        <Key v="-10" t="Decimal" n="Val" />
        <Key v="Spravedlivy_muz" t="String" n="Cnt" />
        <Key v="Oel" t="String" n="O" />
      </Data>
      <Data n="20182799477908e">
        <Key v="750,-4800" t="Vector2" n="!$P" />
        <Key v="_EFunc" t="String" n="$T" />
        <Key v="G0" t="String" n="GT" />
        <Key v="Cross_pristup" t="String" n="Var" />
      </Data>
      <Data n="20182799480332e">
        <Key v="1050,-4800" t="Vector2" n="!$P" />
        <Key v="20206371455404" t="String" n="$T" />
        <Key v="CkE" t="String" n="GT" />
        <Key v="SaD" t="String" n="T" />
        <Key v="E20177241809853" t="String" n="Ev" />
      </Data>
      <Data n="20186474650805e">
        <Key v="450,-5000" t="Vector2" n="!$P" />
        <Key v="_EGate" t="String" n="$T" />
        <Key v="G0" t="String" n="GT" />
        <Key v="1" t="Int32" n="Ex" />
        <Key v="Cross_pristup" t="String" n="Var" />
      </Data>
      <Data n="20182775432079e">
        <Key v="1200,0" t="Vector2" n="!$P" />
        <Key v="20202866798502" t="String" n="$T" />
        <Key v="%M1" t="String" n="T" />
        <Key v="Hej ty! Jo sorry, nepoznal jsem tě. V pořádku pokračuj..." t="String" n="%X" />
      </Data>
      <Data n="20182775392988e">
        <Key v="1200,-200" t="Vector2" n="!$P" />
        <Key v="20202866798502" t="String" n="$T" />
        <Key v="%M1" t="String" n="T" />
        <Key v="Hej ty, co si myslíš že děláš?" t="String" n="%X" />
      </Data>
      <Data n="20182775439457e">
        <Key v="1500,-4800" t="Vector2" n="!$P" />
        <Key v="20202866798502" t="String" n="$T" />
        <Key v="%M1" t="String" n="T" />
        <Key v="Hej vy. To jsou oni. Spravedlivý muž na tyhle parchanty vypsal odměnu. Tak pojďme si trochu přivydělat." t="String" n="%X" />
      </Data>
      <Data n="20186474645341e">
        <Key v="900,-5000" t="Vector2" n="!$P" />
        <Key v="20202866798502" t="String" n="$T" />
        <Key v="%M1" t="String" n="T" />
        <Key v="Nevotravuj..." t="String" n="%X" />
      </Data>
      <Data n="20182775399760e">
        <Key v="1800,-200" t="Vector2" n="!$P" />
        <Key v="20202866798502" t="String" n="$T" />
        <Key v="No rád bych se kouknul do té bedny" t="String" n="%X" />
      </Data>
      <Data n="20186474696928e">
        <Key v="1500,-5000" t="Vector2" n="!$P" />
        <Key v="20202934699316" t="String" n="$T" />
        <Key v="Bezeslova zaútočit" t="String" n="%CX" />
        <Key v="MrA" t="String" n="Spc" />
      </Data>
      <Data n="20186474697095e">
        <Key v="1500,-5200" t="Vector2" n="!$P" />
        <Key v="20202934699316" t="String" n="$T" />
        <Key v="Odejít" t="String" n="%CX" />
        <Key v="MrE" t="String" n="Spc" />
      </Data>
      <Data n="20182798614587e">
        <Key v="2400,-200" t="Vector2" n="!$P" />
        <Key v="20202866798502" t="String" n="$T" />
        <Key v="%M1" t="String" n="T" />
        <Key v="Tož to by chtěl každej. Ale tahle plošina má majitele a vše co je na ní, je majetkem Spravdelivého muže, takže mi řekni jedinej důvod, proč bych ti měl dovolit se podívat do tý bedny." t="String" n="%X" />
      </Data>
      <Data n="20186474696927e">
        <Key v="1950,-5000" t="Vector2" n="!$P" />
        <Key v="20202866798502" t="String" n="$T" />
      </Data>
      <Data n="20186474697094e">
        <Key v="1950,-5200" t="Vector2" n="!$P" />
        <Key v="20202866798502" t="String" n="$T" />
        <Key v="Už mizím" t="String" n="%X" />
      </Data>
      <Data n="20182798653316e">
        <Key v="3000,-200" t="Vector2" n="!$P" />
        <Key v="20202934699316" t="String" n="$T" />
        <Key v="Bezeslova zaútočit" t="String" n="%CX" />
        <Key v="MrA" t="String" n="Spc" />
      </Data>
      <Data n="20182799475807e">
        <Key v="3450,-200" t="Vector2" n="!$P" />
        <Key v="_EFunc" t="String" n="$T" />
        <Key v="G0" t="String" n="GT" />
        <Key v="Cross_pristup" t="String" n="Var" />
      </Data>
      <Data n="20182799484468e">
        <Key v="3750,-200" t="Vector2" n="!$P" />
        <Key v="20206371455404" t="String" n="$T" />
        <Key v="CkE" t="String" n="GT" />
        <Key v="SaD" t="String" n="T" />
        <Key v="E20177241809853" t="String" n="Ev" />
      </Data>
      <Data n="20182799011641e">
        <Key v="3000,-400" t="Vector2" n="!$P" />
        <Key v="_EGate" t="String" n="$T" />
        <Key v="G4" t="String" n="GT" />
      </Data>
      <Data n="20182798652645e">
        <Key v="3300,-400" t="Vector2" n="!$P" />
        <Key v="20202934699316" t="String" n="$T" />
        <Key v="Lhát (přemluvit)" t="String" n="%CX" />
        <Key v="RoP" t="String" n="Spc" />
        <Key v="L2" t="String" n="Lvl" />
      </Data>
      <Data n="20182799013823e">
        <Key v="3000,-1400" t="Vector2" n="!$P" />
        <Key v="_EGate" t="String" n="$T" />
        <Key v="G4" t="String" n="GT" />
      </Data>
      <Data n="20182798652778e">
        <Key v="3300,-1400" t="Vector2" n="!$P" />
        <Key v="20202934699316" t="String" n="$T" />
        <Key v="Vyhrožovat" t="String" n="%CX" />
        <Key v="RoI" t="String" n="Spc" />
        <Key v="L3" t="String" n="Lvl" />
      </Data>
      <Data n="20182799014577e">
        <Key v="3000,-2200" t="Vector2" n="!$P" />
        <Key v="_EGate" t="String" n="$T" />
        <Key v="G4" t="String" n="GT" />
      </Data>
      <Data n="20182799386073e">
        <Key v="3300,-2200" t="Vector2" n="!$P" />
        <Key v="20206352251934" t="String" n="$T" />
        <Key v="CkI" t="String" n="GT" />
        <Key v="SkH" t="String" n="T" />
        <Key v="1" t="String" n="M" />
        <Key v="10" t="String" n="C" />
      </Data>
      <Data n="20182798652941e">
        <Key v="3750,-2200" t="Vector2" n="!$P" />
        <Key v="20202934699316" t="String" n="$T" />
        <Key v="Podplatit" t="String" n="%CX" />
      </Data>
      <Data n="20182798653592e">
        <Key v="3000,-4600" t="Vector2" n="!$P" />
        <Key v="20202934699316" t="String" n="$T" />
        <Key v="Odejít" t="String" n="%CX" />
        <Key v="MrE" t="String" n="Spc" />
      </Data>
      <Data n="20186013531191e">
        <Key v="3450,-4600" t="Vector2" n="!$P" />
        <Key v="20206371455404" t="String" n="$T" />
        <Key v="CkE" t="String" n="GT" />
        <Key v="SaS" t="String" n="T" />
        <Key v="E20177241809853" t="String" n="Ev" />
      </Data>
      <Data n="20182798653317e">
        <Key v="4200,-200" t="Vector2" n="!$P" />
        <Key v="20202866798502" t="String" n="$T" />
      </Data>
      <Data n="20182798652644e">
        <Key v="3750,-400" t="Vector2" n="!$P" />
        <Key v="20202866798502" t="String" n="$T" />
        <Key v="No a právě Spravedlivej muž nás posílá. Potřebuji si něco vyzvednout a jistě by byl nerad, abychom se museli vrátit a říci mu, že jsme jeho rozkaz nemohli spltit kvůli tobě." t="String" n="%X" />
      </Data>
      <Data n="20182798652779e">
        <Key v="3750,-1400" t="Vector2" n="!$P" />
        <Key v="20202866798502" t="String" n="$T" />
        <Key v="Protože když to uděláš, tak zítra budeš moct vstát tak jako dnes." t="String" n="%X" />
      </Data>
      <Data n="20182799558681e">
        <Key v="4200,-2200" t="Vector2" n="!$P" />
        <Key v="20206352251934" t="String" n="$T" />
        <Key v="CkI" t="String" n="GT" />
        <Key v="SkH" t="String" n="T" />
        <Key v="1" t="String" n="M" />
        <Key v="10" t="String" n="C" />
      </Data>
      <Data n="20182798702445e">
        <Key v="4650,-2200" t="Vector2" n="!$P" />
        <Key v="20202934699316" t="String" n="$T" />
        <Key v="Malý úplatek (10 md)" t="String" n="%CX" />
        <Key v="RoT" t="String" n="Spc" />
        <Key v="L3" t="String" n="Lvl" />
      </Data>
      <Data n="20182799580141e">
        <Key v="5100,-2200" t="Vector2" n="!$P" />
        <Key v="20206371455404" t="String" n="$T" />
        <Key v="CkI" t="String" n="GT" />
        <Key v="SaT" t="String" n="T" />
        <Key v="1" t="String" n="M" />
        <Key v="10" t="String" n="C" />
      </Data>
      <Data n="20182799565449e">
        <Key v="4200,-3000" t="Vector2" n="!$P" />
        <Key v="20206352251934" t="String" n="$T" />
        <Key v="CkI" t="String" n="GT" />
        <Key v="SkH" t="String" n="T" />
        <Key v="I20157375210590" t="String" n="It" />
        <Key v="1" t="String" n="C" />
      </Data>
      <Data n="20182798702604e">
        <Key v="4650,-3000" t="Vector2" n="!$P" />
        <Key v="20202934699316" t="String" n="$T" />
        <Key v="Střední úplatek (1 st)" t="String" n="%CX" />
        <Key v="RoT" t="String" n="Spc" />
        <Key v="L2" t="String" n="Lvl" />
      </Data>
      <Data n="20182799585145e">
        <Key v="5100,-3000" t="Vector2" n="!$P" />
        <Key v="20206371455404" t="String" n="$T" />
        <Key v="CkI" t="String" n="GT" />
        <Key v="SaT" t="String" n="T" />
        <Key v="I20157375210590" t="String" n="It" />
        <Key v="1" t="String" n="C" />
      </Data>
      <Data n="20182799567989e">
        <Key v="4200,-3800" t="Vector2" n="!$P" />
        <Key v="20206352251934" t="String" n="$T" />
        <Key v="CkI" t="String" n="GT" />
        <Key v="SkH" t="String" n="T" />
        <Key v="I20157375210590" t="String" n="It" />
        <Key v="10" t="String" n="C" />
      </Data>
      <Data n="20182798702766e">
        <Key v="4650,-3800" t="Vector2" n="!$P" />
        <Key v="20202934699316" t="String" n="$T" />
        <Key v="Velký úplatek (10 st)" t="String" n="%CX" />
        <Key v="RoT" t="String" n="Spc" />
        <Key v="L1" t="String" n="Lvl" />
      </Data>
      <Data n="20182799592568e">
        <Key v="5100,-3800" t="Vector2" n="!$P" />
        <Key v="20206371455404" t="String" n="$T" />
        <Key v="CkI" t="String" n="GT" />
        <Key v="SaT" t="String" n="T" />
        <Key v="I20157375210590" t="String" n="It" />
        <Key v="10" t="String" n="C" />
      </Data>
      <Data n="20182798653591e">
        <Key v="3900,-4600" t="Vector2" n="!$P" />
        <Key v="20202866798502" t="String" n="$T" />
      </Data>
      <Data n="20182799681947e">
        <Key v="4350,-400" t="Vector2" n="!$P" />
        <Key v="_EGate" t="String" n="$T" />
        <Key v="G1" t="String" n="GT" />
        <Key v="1" t="Int32" n="T2" />
        <Key v="3" t="Decimal" n="Val" />
        <Key v="XResult" t="String" n="Cnt" />
        <Key v="Oeg" t="String" n="O" />
      </Data>
      <Data n="20182799468609e">
        <Key v="4650,-400" t="Vector2" n="!$P" />
        <Key v="_EFunc" t="String" n="$T" />
        <Key v="G0" t="String" n="GT" />
        <Key v="Cross_pristup" t="String" n="Var" />
      </Data>
      <Data n="20182799687456e">
        <Key v="4350,-600" t="Vector2" n="!$P" />
        <Key v="_EGate" t="String" n="$T" />
        <Key v="G1" t="String" n="GT" />
        <Key v="1" t="Int32" n="T2" />
        <Key v="2" t="Decimal" n="Val" />
        <Key v="XResult" t="String" n="Cnt" />
        <Key v="Oeg" t="String" n="O" />
      </Data>
      <Data n="20182799471407e">
        <Key v="4650,-600" t="Vector2" n="!$P" />
        <Key v="_EFunc" t="String" n="$T" />
        <Key v="G0" t="String" n="GT" />
        <Key v="Cross_pristup" t="String" n="Var" />
      </Data>
      <Data n="20186013395843e">
        <Key v="4950,-600" t="Vector2" n="!$P" />
        <Key v="20206371455404" t="String" n="$T" />
        <Key v="CkE" t="String" n="GT" />
        <Key v="SaS" t="String" n="T" />
        <Key v="E20182798448152" t="String" n="Ev" />
      </Data>
      <Data n="20182799687727e">
        <Key v="4350,-800" t="Vector2" n="!$P" />
        <Key v="_EGate" t="String" n="$T" />
        <Key v="G1" t="String" n="GT" />
        <Key v="1" t="Int32" n="T2" />
        <Key v="1" t="Decimal" n="Val" />
        <Key v="XResult" t="String" n="Cnt" />
        <Key v="Oeg" t="String" n="O" />
      </Data>
      <Data n="20186013397416e">
        <Key v="4650,-800" t="Vector2" n="!$P" />
        <Key v="20206371455404" t="String" n="$T" />
        <Key v="CkE" t="String" n="GT" />
        <Key v="SaS" t="String" n="T" />
        <Key v="E20177241809853" t="String" n="Ev" />
      </Data>
      <Data n="20182799688015e">
        <Key v="4350,-1000" t="Vector2" n="!$P" />
        <Key v="_EGate" t="String" n="$T" />
        <Key v="G1" t="String" n="GT" />
        <Key v="1" t="Int32" n="T2" />
        <Key v="0" t="Decimal" n="Val" />
        <Key v="XResult" t="String" n="Cnt" />
        <Key v="Oeg" t="String" n="O" />
      </Data>
      <Data n="20182799685475e">
        <Key v="4350,-1400" t="Vector2" n="!$P" />
        <Key v="_EGate" t="String" n="$T" />
        <Key v="G1" t="String" n="GT" />
        <Key v="1" t="Int32" n="T2" />
        <Key v="3" t="Decimal" n="Val" />
        <Key v="XResult" t="String" n="Cnt" />
        <Key v="Oeg" t="String" n="O" />
      </Data>
      <Data n="20182799472104e">
        <Key v="4650,-1400" t="Vector2" n="!$P" />
        <Key v="_EFunc" t="String" n="$T" />
        <Key v="G0" t="String" n="GT" />
        <Key v="Cross_pristup" t="String" n="Var" />
      </Data>
      <Data n="20187000431120e">
        <Key v="4950,-1400" t="Vector2" n="!$P" />
        <Key v="20206371455404" t="String" n="$T" />
        <Key v="CkE" t="String" n="GT" />
        <Key v="SaS" t="String" n="T" />
        <Key v="E20182798448152" t="String" n="Ev" />
      </Data>
      <Data n="20182799715522e">
        <Key v="4350,-1600" t="Vector2" n="!$P" />
        <Key v="_EGate" t="String" n="$T" />
        <Key v="G1" t="String" n="GT" />
        <Key v="1" t="Int32" n="T2" />
        <Key v="2" t="Decimal" n="Val" />
        <Key v="XResult" t="String" n="Cnt" />
        <Key v="Oeg" t="String" n="O" />
      </Data>
      <Data n="20182799472358e">
        <Key v="4650,-1600" t="Vector2" n="!$P" />
        <Key v="_EFunc" t="String" n="$T" />
        <Key v="G0" t="String" n="GT" />
        <Key v="Cross_pristup" t="String" n="Var" />
      </Data>
      <Data n="20182799675383e">
        <Key v="4950,-1600" t="Vector2" n="!$P" />
        <Key v="20206371455404" t="String" n="$T" />
        <Key v="CkE" t="String" n="GT" />
        <Key v="SaS" t="String" n="T" />
        <Key v="E20182798448152" t="String" n="Ev" />
      </Data>
      <Data n="20182799717931e">
        <Key v="4350,-1800" t="Vector2" n="!$P" />
        <Key v="_EGate" t="String" n="$T" />
        <Key v="G1" t="String" n="GT" />
        <Key v="1" t="Int32" n="T2" />
        <Key v="1" t="Decimal" n="Val" />
        <Key v="XResult" t="String" n="Cnt" />
        <Key v="Oeg" t="String" n="O" />
      </Data>
      <Data n="20182799719988e">
        <Key v="4350,-2000" t="Vector2" n="!$P" />
        <Key v="_EGate" t="String" n="$T" />
        <Key v="G1" t="String" n="GT" />
        <Key v="1" t="Int32" n="T2" />
        <Key v="0" t="Decimal" n="Val" />
        <Key v="XResult" t="String" n="Cnt" />
        <Key v="Oeg" t="String" n="O" />
      </Data>
      <Data n="20182799487733e">
        <Key v="4650,-2000" t="Vector2" n="!$P" />
        <Key v="20206371455404" t="String" n="$T" />
        <Key v="CkE" t="String" n="GT" />
        <Key v="SaD" t="String" n="T" />
        <Key v="E20177241809853" t="String" n="Ev" />
      </Data>
      <Data n="20182799488543e">
        <Key v="5100,-2000" t="Vector2" n="!$P" />
        <Key v="_EFunc" t="String" n="$T" />
        <Key v="G0" t="String" n="GT" />
        <Key v="Cross_pristup" t="String" n="Var" />
      </Data>
      <Data n="20182798702444e">
        <Key v="5550,-2200" t="Vector2" n="!$P" />
        <Key v="20202866798502" t="String" n="$T" />
        <Key v="Co kdybych ti podal ruku s těmahle cinkrlátkama, domluvíme se?" t="String" n="%X" />
      </Data>
      <Data n="20182798702603e">
        <Key v="5550,-3000" t="Vector2" n="!$P" />
        <Key v="20202866798502" t="String" n="$T" />
        <Key v="Co když ti podám tenhle krásnej stříbrňák, co bys na něj řekl?" t="String" n="%X" />
      </Data>
      <Data n="20182798702767e">
        <Key v="5550,-3800" t="Vector2" n="!$P" />
        <Key v="20202866798502" t="String" n="$T" />
        <Key v="Co kdybych ti podal ruku s těmahle cinkrlátkama, domluvíme se?" t="String" n="%X" />
      </Data>
      <Data n="20182798699985e">
        <Key v="5100,-400" t="Vector2" n="!$P" />
        <Key v="20202866798502" t="String" n="$T" />
        <Key v="%M1" t="String" n="T" />
        <Key v="To bych rozhodně nerad. V pořádku, vezměte co potřebujete a nezapomeň se zmínit u spravedlivého muže, že jsem ti byl ku pomoci." t="String" n="%X" />
      </Data>
      <Data n="20182798700130e">
        <Key v="5400,-600" t="Vector2" n="!$P" />
        <Key v="20202866798502" t="String" n="$T" />
        <Key v="%M1" t="String" n="T" />
        <Key v="No nějak se mi to nezdá, ale raděj nebudu riskovat hněv spravedlivého muže. Vem si co potřebuješ a pakuj se odsud." t="String" n="%X" />
      </Data>
      <Data n="20182798700272e">
        <Key v="5100,-800" t="Vector2" n="!$P" />
        <Key v="20202866798502" t="String" n="$T" />
        <Key v="%M1" t="String" n="T" />
        <Key v="To je právě ten důvod, proč tě do bedny nepustím. Nechci riskovat hněv spravedlivého muže. Mám to tady hlídat a tak to hlídám. Rozkaz zněl jasně." t="String" n="%X" />
      </Data>
      <Data n="20182798700443e">
        <Key v="4800,-1000" t="Vector2" n="!$P" />
        <Key v="20202866798502" t="String" n="$T" />
        <Key v="%M1" t="String" n="T" />
        <Key v="Víš co si myslím, že sis to právě teď celé vymyslel a zkoušíš mě obelhat. Teď mi zaplatíš 50 stříbrných za urážku, nebo si tě tady s kumpánama podáme..." t="String" n="%X" />
      </Data>
      <Data n="20182798701327e">
        <Key v="5400,-1400" t="Vector2" n="!$P" />
        <Key v="20202866798502" t="String" n="$T" />
        <Key v="%M1" t="String" n="T" />
        <Key v="Ok, chápu. Rád bych ještě pár let vstával &lt;podlejzáckej úsměv&gt;. Tak já se prostě budu koukat jinam." t="String" n="%X" />
      </Data>
      <Data n="20182798701498e">
        <Key v="5400,-1600" t="Vector2" n="!$P" />
        <Key v="20202866798502" t="String" n="$T" />
        <Key v="%M1" t="String" n="T" />
        <Key v="Ok, chápu. Rád bych ještě pár let vstával &lt;podlejzáckej úsměv&gt;. Tak já se prostě budu koukat jinam." t="String" n="%X" />
      </Data>
      <Data n="20182798701652e">
        <Key v="4800,-1800" t="Vector2" n="!$P" />
        <Key v="20202866798502" t="String" n="$T" />
        <Key v="%M1" t="String" n="T" />
        <Key v="To ses mi právě snažil vyhrožovat? Víš co. Budu dělat, jako že jsem si ničeho nevšiml a to jen kvůli tomu, že jsem línej z tebe vyprášit kožich." t="String" n="%X" />
      </Data>
      <Data n="20182798701815e">
        <Key v="5550,-2000" t="Vector2" n="!$P" />
        <Key v="20202866798502" t="String" n="$T" />
        <Key v="%M1" t="String" n="T" />
        <Key v="To ses mi právě snažil vyhrožovat? Za to zaplatíš vlastní krví. Na ně chlapi." t="String" n="%X" />
      </Data>
      <Data n="20182799686121e">
        <Key v="6150,-2200" t="Vector2" n="!$P" />
        <Key v="_EGate" t="String" n="$T" />
        <Key v="G1" t="String" n="GT" />
        <Key v="1" t="Int32" n="T2" />
        <Key v="3" t="Decimal" n="Val" />
        <Key v="XResult" t="String" n="Cnt" />
        <Key v="Oeg" t="String" n="O" />
      </Data>
      <Data n="20182799472888e">
        <Key v="6450,-2200" t="Vector2" n="!$P" />
        <Key v="_EFunc" t="String" n="$T" />
        <Key v="G0" t="String" n="GT" />
        <Key v="Cross_pristup" t="String" n="Var" />
      </Data>
      <Data n="20182799676663e">
        <Key v="6750,-2200" t="Vector2" n="!$P" />
        <Key v="20206371455404" t="String" n="$T" />
        <Key v="CkE" t="String" n="GT" />
        <Key v="SaS" t="String" n="T" />
        <Key v="E20182798448152" t="String" n="Ev" />
      </Data>
      <Data n="20182799716088e">
        <Key v="6150,-2400" t="Vector2" n="!$P" />
        <Key v="_EGate" t="String" n="$T" />
        <Key v="G1" t="String" n="GT" />
        <Key v="1" t="Int32" n="T2" />
        <Key v="2" t="Decimal" n="Val" />
        <Key v="XResult" t="String" n="Cnt" />
        <Key v="Oeg" t="String" n="O" />
      </Data>
      <Data n="20182799473263e">
        <Key v="6450,-2400" t="Vector2" n="!$P" />
        <Key v="_EFunc" t="String" n="$T" />
        <Key v="G0" t="String" n="GT" />
        <Key v="Cross_pristup" t="String" n="Var" />
      </Data>
      <Data n="20182799677593e">
        <Key v="6750,-2400" t="Vector2" n="!$P" />
        <Key v="20206371455404" t="String" n="$T" />
        <Key v="CkE" t="String" n="GT" />
        <Key v="SaS" t="String" n="T" />
        <Key v="E20182798448152" t="String" n="Ev" />
      </Data>
      <Data n="20182799718457e">
        <Key v="6150,-2600" t="Vector2" n="!$P" />
        <Key v="_EGate" t="String" n="$T" />
        <Key v="G1" t="String" n="GT" />
        <Key v="1" t="Int32" n="T2" />
        <Key v="1" t="Decimal" n="Val" />
        <Key v="XResult" t="String" n="Cnt" />
        <Key v="Oeg" t="String" n="O" />
      </Data>
      <Data n="20182799572947e">
        <Key v="6450,-2600" t="Vector2" n="!$P" />
        <Key v="20206371455404" t="String" n="$T" />
        <Key v="CkI" t="String" n="GT" />
        <Key v="SaA" t="String" n="T" />
        <Key v="1" t="String" n="M" />
        <Key v="10" t="String" n="C" />
      </Data>
      <Data n="20182799723094e">
        <Key v="6150,-2800" t="Vector2" n="!$P" />
        <Key v="_EGate" t="String" n="$T" />
        <Key v="G1" t="String" n="GT" />
        <Key v="1" t="Int32" n="T2" />
        <Key v="0" t="Decimal" n="Val" />
        <Key v="XResult" t="String" n="Cnt" />
        <Key v="Oeg" t="String" n="O" />
      </Data>
      <Data n="20182799686455e">
        <Key v="6150,-3000" t="Vector2" n="!$P" />
        <Key v="_EGate" t="String" n="$T" />
        <Key v="G1" t="String" n="GT" />
        <Key v="1" t="Int32" n="T2" />
        <Key v="3" t="Decimal" n="Val" />
        <Key v="XResult" t="String" n="Cnt" />
        <Key v="Oeg" t="String" n="O" />
      </Data>
      <Data n="20182799474101e">
        <Key v="6450,-3000" t="Vector2" n="!$P" />
        <Key v="_EFunc" t="String" n="$T" />
        <Key v="G0" t="String" n="GT" />
        <Key v="Cross_pristup" t="String" n="Var" />
      </Data>
      <Data n="20182799678240e">
        <Key v="6750,-3000" t="Vector2" n="!$P" />
        <Key v="20206371455404" t="String" n="$T" />
        <Key v="CkE" t="String" n="GT" />
        <Key v="SaS" t="String" n="T" />
        <Key v="E20182798448152" t="String" n="Ev" />
      </Data>
      <Data n="20182799716505e">
        <Key v="6150,-3200" t="Vector2" n="!$P" />
        <Key v="_EGate" t="String" n="$T" />
        <Key v="G1" t="String" n="GT" />
        <Key v="1" t="Int32" n="T2" />
        <Key v="2" t="Decimal" n="Val" />
        <Key v="XResult" t="String" n="Cnt" />
        <Key v="Oeg" t="String" n="O" />
      </Data>
      <Data n="20182799473839e">
        <Key v="6450,-3200" t="Vector2" n="!$P" />
        <Key v="_EFunc" t="String" n="$T" />
        <Key v="G0" t="String" n="GT" />
        <Key v="Cross_pristup" t="String" n="Var" />
      </Data>
      <Data n="20182799678506e">
        <Key v="6750,-3200" t="Vector2" n="!$P" />
        <Key v="20206371455404" t="String" n="$T" />
        <Key v="CkE" t="String" n="GT" />
        <Key v="SaS" t="String" n="T" />
        <Key v="E20182798448152" t="String" n="Ev" />
      </Data>
      <Data n="20182799718916e">
        <Key v="6150,-3400" t="Vector2" n="!$P" />
        <Key v="_EGate" t="String" n="$T" />
        <Key v="G1" t="String" n="GT" />
        <Key v="1" t="Int32" n="T2" />
        <Key v="1" t="Decimal" n="Val" />
        <Key v="XResult" t="String" n="Cnt" />
        <Key v="Oeg" t="String" n="O" />
      </Data>
      <Data n="20182799575891e">
        <Key v="6450,-3400" t="Vector2" n="!$P" />
        <Key v="20206371455404" t="String" n="$T" />
        <Key v="CkI" t="String" n="GT" />
        <Key v="SaA" t="String" n="T" />
        <Key v="I20157375210590" t="String" n="It" />
        <Key v="1" t="String" n="C" />
      </Data>
      <Data n="20182799720538e">
        <Key v="6150,-3600" t="Vector2" n="!$P" />
        <Key v="_EGate" t="String" n="$T" />
        <Key v="G1" t="String" n="GT" />
        <Key v="1" t="Int32" n="T2" />
        <Key v="0" t="Decimal" n="Val" />
        <Key v="XResult" t="String" n="Cnt" />
        <Key v="Oeg" t="String" n="O" />
      </Data>
      <Data n="20182799686822e">
        <Key v="6150,-3800" t="Vector2" n="!$P" />
        <Key v="_EGate" t="String" n="$T" />
        <Key v="G1" t="String" n="GT" />
        <Key v="1" t="Int32" n="T2" />
        <Key v="3" t="Decimal" n="Val" />
        <Key v="XResult" t="String" n="Cnt" />
        <Key v="Oeg" t="String" n="O" />
      </Data>
      <Data n="20182799474439e">
        <Key v="6450,-3800" t="Vector2" n="!$P" />
        <Key v="_EFunc" t="String" n="$T" />
        <Key v="G0" t="String" n="GT" />
        <Key v="Cross_pristup" t="String" n="Var" />
      </Data>
      <Data n="20182799679095e">
        <Key v="6750,-3800" t="Vector2" n="!$P" />
        <Key v="20206371455404" t="String" n="$T" />
        <Key v="CkE" t="String" n="GT" />
        <Key v="SaS" t="String" n="T" />
        <Key v="E20182798448152" t="String" n="Ev" />
      </Data>
      <Data n="20182799717106e">
        <Key v="6150,-4000" t="Vector2" n="!$P" />
        <Key v="_EGate" t="String" n="$T" />
        <Key v="G1" t="String" n="GT" />
        <Key v="1" t="Int32" n="T2" />
        <Key v="2" t="Decimal" n="Val" />
        <Key v="XResult" t="String" n="Cnt" />
        <Key v="Oeg" t="String" n="O" />
      </Data>
      <Data n="20182799474731e">
        <Key v="6450,-4000" t="Vector2" n="!$P" />
        <Key v="_EFunc" t="String" n="$T" />
        <Key v="G0" t="String" n="GT" />
        <Key v="Cross_pristup" t="String" n="Var" />
      </Data>
      <Data n="20182799679391e">
        <Key v="6750,-4000" t="Vector2" n="!$P" />
        <Key v="20206371455404" t="String" n="$T" />
        <Key v="CkE" t="String" n="GT" />
        <Key v="SaS" t="String" n="T" />
        <Key v="E20182798448152" t="String" n="Ev" />
      </Data>
      <Data n="20182799719299e">
        <Key v="6150,-4200" t="Vector2" n="!$P" />
        <Key v="_EGate" t="String" n="$T" />
        <Key v="G1" t="String" n="GT" />
        <Key v="1" t="Int32" n="T2" />
        <Key v="1" t="Decimal" n="Val" />
        <Key v="XResult" t="String" n="Cnt" />
        <Key v="Oeg" t="String" n="O" />
      </Data>
      <Data n="20182799578635e">
        <Key v="6450,-4200" t="Vector2" n="!$P" />
        <Key v="20206371455404" t="String" n="$T" />
        <Key v="CkI" t="String" n="GT" />
        <Key v="SaA" t="String" n="T" />
        <Key v="I20157375210590" t="String" n="It" />
        <Key v="10" t="String" n="C" />
      </Data>
      <Data n="20182799721455e">
        <Key v="6150,-4400" t="Vector2" n="!$P" />
        <Key v="_EGate" t="String" n="$T" />
        <Key v="G1" t="String" n="GT" />
        <Key v="1" t="Int32" n="T2" />
        <Key v="0" t="Decimal" n="Val" />
        <Key v="XResult" t="String" n="Cnt" />
        <Key v="Oeg" t="String" n="O" />
      </Data>
      <Data n="20186013407104e">
        <Key v="5400,-1000" t="Vector2" n="!$P" />
        <Key v="20206352251934" t="String" n="$T" />
        <Key v="CkI" t="String" n="GT" />
        <Key v="SkH" t="String" n="T" />
        <Key v="1" t="String" n="M" />
        <Key v="5000" t="String" n="C" />
      </Data>
      <Data n="20182798845040e">
        <Key v="5850,-1000" t="Vector2" n="!$P" />
        <Key v="20202934699316" t="String" n="$T" />
        <Key v="Zaplatit úplakek 50 st" t="String" n="%CX" />
      </Data>
      <Data n="20186013405694e">
        <Key v="6300,-1000" t="Vector2" n="!$P" />
        <Key v="20206371455404" t="String" n="$T" />
        <Key v="CkE" t="String" n="GT" />
        <Key v="SaS" t="String" n="T" />
        <Key v="E20177241809853" t="String" n="Ev" />
      </Data>
      <Data n="20186013411816e">
        <Key v="6750,-1000" t="Vector2" n="!$P" />
        <Key v="20206371455404" t="String" n="$T" />
        <Key v="CkI" t="String" n="GT" />
        <Key v="SaT" t="String" n="T" />
        <Key v="1" t="String" n="M" />
        <Key v="5000" t="String" n="C" />
      </Data>
      <Data n="20182798845219e">
        <Key v="5400,-1200" t="Vector2" n="!$P" />
        <Key v="20202934699316" t="String" n="$T" />
        <Key v="Nic nezaplatit" t="String" n="%CX" />
      </Data>
      <Data n="20182798716144e">
        <Key v="7200,-2200" t="Vector2" n="!$P" />
        <Key v="20202866798502" t="String" n="$T" />
        <Key v="%M1" t="String" n="T" />
        <Key v="Tak když to řekneš takhle, tak to si asi budem rozumět. Asi si ty svoje cinkrlátka budu teď chvíli počítat a nebudu moc dávat pozor. A ještě se s tebou podělím o malou informaci." t="String" n="%X" />
      </Data>
      <Data n="20182798716402e">
        <Key v="7200,-2400" t="Vector2" n="!$P" />
        <Key v="20202866798502" t="String" n="$T" />
        <Key v="%M1" t="String" n="T" />
        <Key v="Tak když to řekneš takhle, tak to si asi budem rozumět. Asi si ty svoje cinkrlátka budu teď chvíli počítat a nebudu moc dávat pozor..." t="String" n="%X" />
      </Data>
      <Data n="20182798716623e">
        <Key v="6900,-2600" t="Vector2" n="!$P" />
        <Key v="20202866798502" t="String" n="$T" />
        <Key v="%M1" t="String" n="T" />
        <Key v="Heh, zkoušíš se mě poplatit pár šušněma? Budu dělat, že jsem nic neslyšel a to zejména v tvém zájmu." t="String" n="%X" />
      </Data>
      <Data n="20182798716769e">
        <Key v="6600,-2800" t="Vector2" n="!$P" />
        <Key v="20202866798502" t="String" n="$T" />
        <Key v="%M1" t="String" n="T" />
        <Key v="Hehe to měl být pokus o podplacení? No tak abys ses o něco podobného už raděj nepokoušel, tak peníze si vemu, třeba se z toho poučíš &lt;výsměch&gt;." t="String" n="%X" />
      </Data>
      <Data n="20182798717344e">
        <Key v="7200,-3000" t="Vector2" n="!$P" />
        <Key v="20202866798502" t="String" n="$T" />
        <Key v="%M1" t="String" n="T" />
        <Key v="Tak když to řekneš takhle, tak to si asi budem rozumět. Asi si budu ten stříbrňák chvilinku leštit a nebudu moc dávat pozor. A ještě se s tebou podělím o malou informaci." t="String" n="%X" />
      </Data>
      <Data n="20182798717491e">
        <Key v="7200,-3200" t="Vector2" n="!$P" />
        <Key v="20202866798502" t="String" n="$T" />
        <Key v="%M1" t="String" n="T" />
        <Key v="Tak když to řekneš takhle, tak to si asi budem rozumět. Asi si budu ten stříbrňák chvilinku leštit a nebudu moc dávat pozor." t="String" n="%X" />
      </Data>
      <Data n="20182798717641e">
        <Key v="6900,-3400" t="Vector2" n="!$P" />
        <Key v="20202866798502" t="String" n="$T" />
        <Key v="%M1" t="String" n="T" />
        <Key v="Heh, zkoušíš se mě poplatit. Budu dělat, že jsem nic neslyšel a to zejména v tvém zájmu." t="String" n="%X" />
      </Data>
      <Data n="20182798717791e">
        <Key v="6600,-3600" t="Vector2" n="!$P" />
        <Key v="20202866798502" t="String" n="$T" />
        <Key v="%M1" t="String" n="T" />
        <Key v="Hehe to měl být pokus o podplacení? No tak abys ses o něco podobného už raděj nepokoušel, tak stříbrňák si vezmu, třeba se z toho poučíš &lt;výsměch&gt;." t="String" n="%X" />
      </Data>
      <Data n="20182798718429e">
        <Key v="7200,-3800" t="Vector2" n="!$P" />
        <Key v="20202866798502" t="String" n="$T" />
        <Key v="%M1" t="String" n="T" />
        <Key v="Tak když to řekneš takhle, tak to si asi budem rozumět. Asi si ty svoje cinkrlátka budu teď chvíli počítat a nebudu moc dávat pozor. A ještě se s tebou podělím o malou informaci." t="String" n="%X" />
      </Data>
      <Data n="20182798718579e">
        <Key v="7200,-4000" t="Vector2" n="!$P" />
        <Key v="20202866798502" t="String" n="$T" />
        <Key v="%M1" t="String" n="T" />
        <Key v="Tak když to řekneš takhle, tak to si asi budem rozumět. Asi si ty svoje cinkrlátka budu teď chvíli počítat a nebudu moc dávat pozor..." t="String" n="%X" />
      </Data>
      <Data n="20182798718762e">
        <Key v="6900,-4200" t="Vector2" n="!$P" />
        <Key v="20202866798502" t="String" n="$T" />
        <Key v="%M1" t="String" n="T" />
        <Key v="Heh, zkoušíš se mě poplatit pár šušněma? Budu dělat, že jsem nic neslyšel a to zejména v tvém zájmu." t="String" n="%X" />
      </Data>
      <Data n="20182798718954e">
        <Key v="6600,-4400" t="Vector2" n="!$P" />
        <Key v="20202866798502" t="String" n="$T" />
        <Key v="%M1" t="String" n="T" />
        <Key v="Hehe to měl být pokus o podplacení? No tak abys ses o něco podobného už raděj nepokoušel, tak peníze si vemu, třeba se z toho poučíš &lt;výsměch&gt;." t="String" n="%X" />
      </Data>
      <Data n="20182798845041e">
        <Key v="7200,-1000" t="Vector2" n="!$P" />
        <Key v="20202866798502" t="String" n="$T" />
        <Key v="Dobrá, nechceme mít žádný problémy. Tady je tvých 50 stříbrných." t="String" n="%X" />
      </Data>
      <Data n="20182798845220e">
        <Key v="5850,-1200" t="Vector2" n="!$P" />
        <Key v="20202866798502" t="String" n="$T" />
        <Key v="Tak na to zapomeň. Ty peníze nedostaneš." t="String" n="%X" />
      </Data>
      <Data n="20182799179324e">
        <Key v="7800,-2200" t="Vector2" n="!$P" />
        <Key v="20202866798502" t="String" n="$T" />
        <Key v="%M1" t="String" n="T" />
        <Key v="Dávej si pozor u severního mola, už se tam ztratilo pár lidí..." t="String" n="%X" />
      </Data>
      <Data n="20182799490336e">
        <Key v="6450,-1200" t="Vector2" n="!$P" />
        <Key v="_EFunc" t="String" n="$T" />
        <Key v="G0" t="String" n="GT" />
        <Key v="Cross_pristup" t="String" n="Var" />
      </Data>
      <Data n="20182799490990e">
        <Key v="6750,-1200" t="Vector2" n="!$P" />
        <Key v="20206371455404" t="String" n="$T" />
        <Key v="CkE" t="String" n="GT" />
        <Key v="SaD" t="String" n="T" />
        <Key v="E20177241809853" t="String" n="Ev" />
      </Data>
      <Data n="20182798856137e">
        <Key v="7200,-1200" t="Vector2" n="!$P" />
        <Key v="20202866798502" t="String" n="$T" />
        <Key v="%M1" t="String" n="T" />
        <Key v="No to říkáš ty. Ty peníze dostanu a ještě něco navíc. Na ně hoši." t="String" n="%X" />
      </Data>
    </Data>
    <Data n="$Conns">
      <Data n="20182775432513c">
        <Key v="20182775432513e" t="String" n="$E" />
      </Data>
      <Data n="20182798667448c">
        <Key v="20182798667448e" t="String" n="$E" />
        <Key v="20182775432513e" t="String" n="$S" />
      </Data>
      <Data n="20182775423209c">
        <Key v="20182775423209e" t="String" n="$E" />
      </Data>
      <Data n="20182775428618c">
        <Key v="20182775428618e" t="String" n="$E" />
        <Key v="20182775423209e" t="String" n="$S" />
      </Data>
      <Data n="20182775442288c">
        <Key v="20182775442288e" t="String" n="$E" />
      </Data>
      <Data n="20182799477908c">
        <Key v="20182799477908e" t="String" n="$E" />
        <Key v="20182775442288e" t="String" n="$S" />
      </Data>
      <Data n="20182799480332c">
        <Key v="20182799480332e" t="String" n="$E" />
        <Key v="20182799477908e" t="String" n="$S" />
      </Data>
      <Data n="20186474650805c">
        <Key v="20186474650805e" t="String" n="$E" />
      </Data>
      <Data n="20182775432079c">
        <Key v="20182775432079e" t="String" n="$E" />
        <Key v="20182798667448e" t="String" n="$S" />
      </Data>
      <Data n="20182775392988c">
        <Key v="20182775392988e" t="String" n="$E" />
        <Key v="20182775428618e" t="String" n="$S" />
      </Data>
      <Data n="20182775439457c">
        <Key v="20182775439457e" t="String" n="$E" />
        <Key v="20182799480332e" t="String" n="$S" />
      </Data>
      <Data n="20186474645341c">
        <Key v="20186474645341e" t="String" n="$E" />
        <Key v="20186474650805e" t="String" n="$S" />
      </Data>
      <Data n="20182775399760c">
        <Key v="20182775399760e" t="String" n="$E" />
        <Key v="20182775392988e" t="String" n="$S" />
      </Data>
      <Data n="20186474696928c">
        <Key v="20186474696928e" t="String" n="$E" />
        <Key v="20186474645341e" t="String" n="$S" />
      </Data>
      <Data n="20186474697095c">
        <Key v="20186474697095e" t="String" n="$E" />
        <Key v="20186474645341e" t="String" n="$S" />
      </Data>
      <Data n="20182798614587c">
        <Key v="20182798614587e" t="String" n="$E" />
        <Key v="20182775399760e" t="String" n="$S" />
      </Data>
      <Data n="20186474696927c">
        <Key v="20186474696927e" t="String" n="$E" />
        <Key v="20186474696928e" t="String" n="$S" />
      </Data>
      <Data n="20186474697094c">
        <Key v="20186474697094e" t="String" n="$E" />
        <Key v="20186474697095e" t="String" n="$S" />
      </Data>
      <Data n="20182798653316c">
        <Key v="20182798653316e" t="String" n="$E" />
        <Key v="20182798614587e" t="String" n="$S" />
      </Data>
      <Data n="20182799475807c">
        <Key v="20182799475807e" t="String" n="$E" />
        <Key v="20182798653316e" t="String" n="$S" />
      </Data>
      <Data n="20182799484468c">
        <Key v="20182799484468e" t="String" n="$E" />
        <Key v="20182799475807e" t="String" n="$S" />
      </Data>
      <Data n="20182799011641c">
        <Key v="20182799011641e" t="String" n="$E" />
        <Key v="20182798614587e" t="String" n="$S" />
      </Data>
      <Data n="20182798652645c">
        <Key v="20182798652645e" t="String" n="$E" />
        <Key v="20182799011641e" t="String" n="$S" />
      </Data>
      <Data n="20182799013823c">
        <Key v="20182799013823e" t="String" n="$E" />
        <Key v="20182798614587e" t="String" n="$S" />
      </Data>
      <Data n="20182798652778c">
        <Key v="20182798652778e" t="String" n="$E" />
        <Key v="20182799013823e" t="String" n="$S" />
      </Data>
      <Data n="20182799014577c">
        <Key v="20182799014577e" t="String" n="$E" />
        <Key v="20182798614587e" t="String" n="$S" />
      </Data>
      <Data n="20182799386073c">
        <Key v="20182799386073e" t="String" n="$E" />
        <Key v="20182799014577e" t="String" n="$S" />
      </Data>
      <Data n="20182798652941c">
        <Key v="20182798652941e" t="String" n="$E" />
        <Key v="20182799386073e" t="String" n="$S" />
      </Data>
      <Data n="20182798653592c">
        <Key v="20182798653592e" t="String" n="$E" />
        <Key v="20182798614587e" t="String" n="$S" />
      </Data>
      <Data n="20186013531191c">
        <Key v="20186013531191e" t="String" n="$E" />
        <Key v="20182798653592e" t="String" n="$S" />
      </Data>
      <Data n="20182798653317c">
        <Key v="20182798653317e" t="String" n="$E" />
        <Key v="20182799484468e" t="String" n="$S" />
      </Data>
      <Data n="20182798652644c">
        <Key v="20182798652644e" t="String" n="$E" />
        <Key v="20182798652645e" t="String" n="$S" />
      </Data>
      <Data n="20182798652779c">
        <Key v="20182798652779e" t="String" n="$E" />
        <Key v="20182798652778e" t="String" n="$S" />
      </Data>
      <Data n="20182799558681c">
        <Key v="20182799558681e" t="String" n="$E" />
        <Key v="20182798652941e" t="String" n="$S" />
      </Data>
      <Data n="20182798702445c">
        <Key v="20182798702445e" t="String" n="$E" />
        <Key v="20182799558681e" t="String" n="$S" />
      </Data>
      <Data n="20182799580141c">
        <Key v="20182799580141e" t="String" n="$E" />
        <Key v="20182798702445e" t="String" n="$S" />
      </Data>
      <Data n="20182799565449c">
        <Key v="20182799565449e" t="String" n="$E" />
        <Key v="20182798652941e" t="String" n="$S" />
      </Data>
      <Data n="20182798702604c">
        <Key v="20182798702604e" t="String" n="$E" />
        <Key v="20182799565449e" t="String" n="$S" />
      </Data>
      <Data n="20182799585145c">
        <Key v="20182799585145e" t="String" n="$E" />
        <Key v="20182798702604e" t="String" n="$S" />
      </Data>
      <Data n="20182799567989c">
        <Key v="20182799567989e" t="String" n="$E" />
        <Key v="20182798652941e" t="String" n="$S" />
      </Data>
      <Data n="20182798702766c">
        <Key v="20182798702766e" t="String" n="$E" />
        <Key v="20182799567989e" t="String" n="$S" />
      </Data>
      <Data n="20182799592568c">
        <Key v="20182799592568e" t="String" n="$E" />
        <Key v="20182798702766e" t="String" n="$S" />
      </Data>
      <Data n="20182798653591c">
        <Key v="20182798653591e" t="String" n="$E" />
        <Key v="20186013531191e" t="String" n="$S" />
      </Data>
      <Data n="20182799681947c">
        <Key v="20182799681947e" t="String" n="$E" />
        <Key v="20182798652644e" t="String" n="$S" />
      </Data>
      <Data n="20182799468609c">
        <Key v="20182799468609e" t="String" n="$E" />
        <Key v="20182799681947e" t="String" n="$S" />
      </Data>
      <Data n="20182799687456c">
        <Key v="20182799687456e" t="String" n="$E" />
        <Key v="20182798652644e" t="String" n="$S" />
      </Data>
      <Data n="20182799471407c">
        <Key v="20182799471407e" t="String" n="$E" />
        <Key v="20182799687456e" t="String" n="$S" />
      </Data>
      <Data n="20186013395843c">
        <Key v="20186013395843e" t="String" n="$E" />
        <Key v="20182799471407e" t="String" n="$S" />
      </Data>
      <Data n="20182799687727c">
        <Key v="20182799687727e" t="String" n="$E" />
        <Key v="20182798652644e" t="String" n="$S" />
      </Data>
      <Data n="20186013397416c">
        <Key v="20186013397416e" t="String" n="$E" />
        <Key v="20182799687727e" t="String" n="$S" />
      </Data>
      <Data n="20182799688015c">
        <Key v="20182799688015e" t="String" n="$E" />
        <Key v="20182798652644e" t="String" n="$S" />
      </Data>
      <Data n="20182799685475c">
        <Key v="20182799685475e" t="String" n="$E" />
        <Key v="20182798652779e" t="String" n="$S" />
      </Data>
      <Data n="20182799472104c">
        <Key v="20182799472104e" t="String" n="$E" />
        <Key v="20182799685475e" t="String" n="$S" />
      </Data>
      <Data n="20187000431120c">
        <Key v="20187000431120e" t="String" n="$E" />
        <Key v="20182799472104e" t="String" n="$S" />
      </Data>
      <Data n="20182799715522c">
        <Key v="20182799715522e" t="String" n="$E" />
        <Key v="20182798652779e" t="String" n="$S" />
      </Data>
      <Data n="20182799472358c">
        <Key v="20182799472358e" t="String" n="$E" />
        <Key v="20182799715522e" t="String" n="$S" />
      </Data>
      <Data n="20182799675383c">
        <Key v="20182799675383e" t="String" n="$E" />
        <Key v="20182799472358e" t="String" n="$S" />
      </Data>
      <Data n="20182799717931c">
        <Key v="20182799717931e" t="String" n="$E" />
        <Key v="20182798652779e" t="String" n="$S" />
      </Data>
      <Data n="20182799719988c">
        <Key v="20182799719988e" t="String" n="$E" />
        <Key v="20182798652779e" t="String" n="$S" />
      </Data>
      <Data n="20182799487733c">
        <Key v="20182799487733e" t="String" n="$E" />
        <Key v="20182799719988e" t="String" n="$S" />
      </Data>
      <Data n="20182799488543c">
        <Key v="20182799488543e" t="String" n="$E" />
        <Key v="20182799487733e" t="String" n="$S" />
      </Data>
      <Data n="20182798702444c">
        <Key v="20182798702444e" t="String" n="$E" />
        <Key v="20182799580141e" t="String" n="$S" />
      </Data>
      <Data n="20182798702603c">
        <Key v="20182798702603e" t="String" n="$E" />
        <Key v="20182799585145e" t="String" n="$S" />
      </Data>
      <Data n="20182798702767c">
        <Key v="20182798702767e" t="String" n="$E" />
        <Key v="20182799592568e" t="String" n="$S" />
      </Data>
      <Data n="20182798699985c">
        <Key v="20182798699985e" t="String" n="$E" />
        <Key v="20182799468609e" t="String" n="$S" />
      </Data>
      <Data n="20182798700130c">
        <Key v="20182798700130e" t="String" n="$E" />
        <Key v="20186013395843e" t="String" n="$S" />
      </Data>
      <Data n="20182798700272c">
        <Key v="20182798700272e" t="String" n="$E" />
        <Key v="20186013397416e" t="String" n="$S" />
      </Data>
      <Data n="20182798700443c">
        <Key v="20182798700443e" t="String" n="$E" />
        <Key v="20182799688015e" t="String" n="$S" />
      </Data>
      <Data n="20182798701327c">
        <Key v="20182798701327e" t="String" n="$E" />
        <Key v="20187000431120e" t="String" n="$S" />
      </Data>
      <Data n="20182798701498c">
        <Key v="20182798701498e" t="String" n="$E" />
        <Key v="20182799675383e" t="String" n="$S" />
      </Data>
      <Data n="20182798701652c">
        <Key v="20182798701652e" t="String" n="$E" />
        <Key v="20182799717931e" t="String" n="$S" />
      </Data>
      <Data n="20182798701815c">
        <Key v="20182798701815e" t="String" n="$E" />
        <Key v="20182799488543e" t="String" n="$S" />
      </Data>
      <Data n="20182799686121c">
        <Key v="20182799686121e" t="String" n="$E" />
        <Key v="20182798702444e" t="String" n="$S" />
      </Data>
      <Data n="20182799472888c">
        <Key v="20182799472888e" t="String" n="$E" />
        <Key v="20182799686121e" t="String" n="$S" />
      </Data>
      <Data n="20182799676663c">
        <Key v="20182799676663e" t="String" n="$E" />
        <Key v="20182799472888e" t="String" n="$S" />
      </Data>
      <Data n="20182799716088c">
        <Key v="20182799716088e" t="String" n="$E" />
        <Key v="20182798702444e" t="String" n="$S" />
      </Data>
      <Data n="20182799473263c">
        <Key v="20182799473263e" t="String" n="$E" />
        <Key v="20182799716088e" t="String" n="$S" />
      </Data>
      <Data n="20182799677593c">
        <Key v="20182799677593e" t="String" n="$E" />
        <Key v="20182799473263e" t="String" n="$S" />
      </Data>
      <Data n="20182799718457c">
        <Key v="20182799718457e" t="String" n="$E" />
        <Key v="20182798702444e" t="String" n="$S" />
      </Data>
      <Data n="20182799572947c">
        <Key v="20182799572947e" t="String" n="$E" />
        <Key v="20182799718457e" t="String" n="$S" />
      </Data>
      <Data n="20182799723094c">
        <Key v="20182799723094e" t="String" n="$E" />
        <Key v="20182798702444e" t="String" n="$S" />
      </Data>
      <Data n="20182799686455c">
        <Key v="20182799686455e" t="String" n="$E" />
        <Key v="20182798702603e" t="String" n="$S" />
      </Data>
      <Data n="20182799474101c">
        <Key v="20182799474101e" t="String" n="$E" />
        <Key v="20182799686455e" t="String" n="$S" />
      </Data>
      <Data n="20182799678240c">
        <Key v="20182799678240e" t="String" n="$E" />
        <Key v="20182799474101e" t="String" n="$S" />
      </Data>
      <Data n="20182799716505c">
        <Key v="20182799716505e" t="String" n="$E" />
        <Key v="20182798702603e" t="String" n="$S" />
      </Data>
      <Data n="20182799473839c">
        <Key v="20182799473839e" t="String" n="$E" />
        <Key v="20182799716505e" t="String" n="$S" />
      </Data>
      <Data n="20182799678506c">
        <Key v="20182799678506e" t="String" n="$E" />
        <Key v="20182799473839e" t="String" n="$S" />
      </Data>
      <Data n="20182799718916c">
        <Key v="20182799718916e" t="String" n="$E" />
        <Key v="20182798702603e" t="String" n="$S" />
      </Data>
      <Data n="20182799575891c">
        <Key v="20182799575891e" t="String" n="$E" />
        <Key v="20182799718916e" t="String" n="$S" />
      </Data>
      <Data n="20182799720538c">
        <Key v="20182799720538e" t="String" n="$E" />
        <Key v="20182798702603e" t="String" n="$S" />
      </Data>
      <Data n="20182799686822c">
        <Key v="20182799686822e" t="String" n="$E" />
        <Key v="20182798702767e" t="String" n="$S" />
      </Data>
      <Data n="20182799474439c">
        <Key v="20182799474439e" t="String" n="$E" />
        <Key v="20182799686822e" t="String" n="$S" />
      </Data>
      <Data n="20182799679095c">
        <Key v="20182799679095e" t="String" n="$E" />
        <Key v="20182799474439e" t="String" n="$S" />
      </Data>
      <Data n="20182799717106c">
        <Key v="20182799717106e" t="String" n="$E" />
        <Key v="20182798702767e" t="String" n="$S" />
      </Data>
      <Data n="20182799474731c">
        <Key v="20182799474731e" t="String" n="$E" />
        <Key v="20182799717106e" t="String" n="$S" />
      </Data>
      <Data n="20182799679391c">
        <Key v="20182799679391e" t="String" n="$E" />
        <Key v="20182799474731e" t="String" n="$S" />
      </Data>
      <Data n="20182799719299c">
        <Key v="20182799719299e" t="String" n="$E" />
        <Key v="20182798702767e" t="String" n="$S" />
      </Data>
      <Data n="20182799578635c">
        <Key v="20182799578635e" t="String" n="$E" />
        <Key v="20182799719299e" t="String" n="$S" />
      </Data>
      <Data n="20182799721455c">
        <Key v="20182799721455e" t="String" n="$E" />
        <Key v="20182798702767e" t="String" n="$S" />
      </Data>
      <Data n="20186013407104c">
        <Key v="20186013407104e" t="String" n="$E" />
        <Key v="20182798700443e" t="String" n="$S" />
      </Data>
      <Data n="20182798845040c">
        <Key v="20182798845040e" t="String" n="$E" />
        <Key v="20186013407104e" t="String" n="$S" />
      </Data>
      <Data n="20186013405694c">
        <Key v="20186013405694e" t="String" n="$E" />
        <Key v="20182798845040e" t="String" n="$S" />
      </Data>
      <Data n="20186013411816c">
        <Key v="20186013411816e" t="String" n="$E" />
        <Key v="20186013405694e" t="String" n="$S" />
      </Data>
      <Data n="20182798845219c">
        <Key v="20182798845219e" t="String" n="$E" />
        <Key v="20182798700443e" t="String" n="$S" />
      </Data>
      <Data n="20182798716144c">
        <Key v="20182798716144e" t="String" n="$E" />
        <Key v="20182799676663e" t="String" n="$S" />
      </Data>
      <Data n="20182798716402c">
        <Key v="20182798716402e" t="String" n="$E" />
        <Key v="20182799677593e" t="String" n="$S" />
      </Data>
      <Data n="20182798716623c">
        <Key v="20182798716623e" t="String" n="$E" />
        <Key v="20182799572947e" t="String" n="$S" />
      </Data>
      <Data n="20182798716769c">
        <Key v="20182798716769e" t="String" n="$E" />
        <Key v="20182799723094e" t="String" n="$S" />
      </Data>
      <Data n="20182798717344c">
        <Key v="20182798717344e" t="String" n="$E" />
        <Key v="20182799678240e" t="String" n="$S" />
      </Data>
      <Data n="20182798717491c">
        <Key v="20182798717491e" t="String" n="$E" />
        <Key v="20182799678506e" t="String" n="$S" />
      </Data>
      <Data n="20182798717641c">
        <Key v="20182798717641e" t="String" n="$E" />
        <Key v="20182799575891e" t="String" n="$S" />
      </Data>
      <Data n="20182798717791c">
        <Key v="20182798717791e" t="String" n="$E" />
        <Key v="20182799720538e" t="String" n="$S" />
      </Data>
      <Data n="20182798718429c">
        <Key v="20182798718429e" t="String" n="$E" />
        <Key v="20182799679095e" t="String" n="$S" />
      </Data>
      <Data n="20182798718579c">
        <Key v="20182798718579e" t="String" n="$E" />
        <Key v="20182799679391e" t="String" n="$S" />
      </Data>
      <Data n="20182798718762c">
        <Key v="20182798718762e" t="String" n="$E" />
        <Key v="20182799578635e" t="String" n="$S" />
      </Data>
      <Data n="20182798718954c">
        <Key v="20182798718954e" t="String" n="$E" />
        <Key v="20182799721455e" t="String" n="$S" />
      </Data>
      <Data n="20182798845041c">
        <Key v="20182798845041e" t="String" n="$E" />
        <Key v="20186013411816e" t="String" n="$S" />
      </Data>
      <Data n="20182798845220c">
        <Key v="20182798845220e" t="String" n="$E" />
        <Key v="20182798845219e" t="String" n="$S" />
      </Data>
      <Data n="20182799179324c">
        <Key v="20182799179324e" t="String" n="$E" />
        <Key v="20182798716144e" t="String" n="$S" />
      </Data>
      <Data n="20206616256147c">
        <Key v="20182799179324e" t="String" n="$E" />
        <Key v="20182798717344e" t="String" n="$S" />
      </Data>
      <Data n="20206616256148c">
        <Key v="20182799179324e" t="String" n="$E" />
        <Key v="20182798718429e" t="String" n="$S" />
      </Data>
      <Data n="20182799490336c">
        <Key v="20182799490336e" t="String" n="$E" />
        <Key v="20182798845220e" t="String" n="$S" />
      </Data>
      <Data n="20182799490990c">
        <Key v="20182799490990e" t="String" n="$E" />
        <Key v="20182799490336e" t="String" n="$S" />
      </Data>
      <Data n="20182798856137c">
        <Key v="20182798856137e" t="String" n="$E" />
        <Key v="20182799490990e" t="String" n="$S" />
      </Data>
    </Data>
  </Data>
</DataRoot>