﻿<?xml version="1.0" encoding="utf-8"?>
<DataRoot n="D">
  <Data n="20176881779573">
    <Data n="$Elems">
      <Data n="20177791825296e">
        <Key v="450,0" t="Vector2" n="!$P" />
        <Key v="_EGate" t="String" n="$T" />
        <Key v="G1" t="String" n="GT" />
        <Key v="1" t="Int32" n="T2" />
        <Key v="1" t="Decimal" n="Val" />
        <Key v="Derwin_uvitani" t="String" n="Cnt" />
        <Key v="Oe" t="String" n="O" />
      </Data>
      <Data n="20177909694935e">
        <Key v="750,0" t="Vector2" n="!$P" />
        <Key v="_EGate" t="String" n="$T" />
        <Key v="G1" t="String" n="GT" />
        <Key v="1" t="Int32" n="T2" />
        <Key v="19" t="Decimal" n="Val" />
        <Key v="Hardon" t="String" n="Cnt" />
        <Key v="Oel" t="String" n="O" />
      </Data>
      <Data n="20177909698746e">
        <Key v="1050,0" t="Vector2" n="!$P" />
        <Key v="_EGate" t="String" n="$T" />
        <Key v="G1" t="String" n="GT" />
        <Key v="1" t="Int32" n="T2" />
        <Key v="-9" t="Decimal" n="Val" />
        <Key v="Hardon" t="String" n="Cnt" />
        <Key v="Oeg" t="String" n="O" />
      </Data>
      <Data n="20177909480168e">
        <Key v="450,-400" t="Vector2" n="!$P" />
        <Key v="_EGate" t="String" n="$T" />
        <Key v="G1" t="String" n="GT" />
        <Key v="1" t="Int32" n="T2" />
        <Key v="0" t="Decimal" n="Val" />
        <Key v="Derwin_uvitani" t="String" n="Cnt" />
        <Key v="Oe" t="String" n="O" />
      </Data>
      <Data n="20177264063410e">
        <Key v="750,-400" t="Vector2" n="!$P" />
        <Key v="_EFunc" t="String" n="$T" />
        <Key v="G1" t="String" n="GT" />
        <Key v="1" t="Int32" n="T2" />
        <Key v="1" t="Decimal" n="Val" />
        <Key v="Derwin_uvitani" t="String" n="Cnt" />
        <Key v="Os" t="String" n="O" />
      </Data>
      <Data n="20177910043984e">
        <Key v="1050,-400" t="Vector2" n="!$P" />
        <Key v="_EFunc" t="String" n="$T" />
        <Key v="G1" t="String" n="GT" />
        <Key v="1" t="Int32" n="T2" />
        <Key v="10000" t="Decimal" n="Val" />
        <Key v="Derwin_úplatek" t="String" n="Cnt" />
        <Key v="Os" t="String" n="O" />
      </Data>
      <Data n="20179034734860e">
        <Key v="1350,-400" t="Vector2" n="!$P" />
        <Key v="20206371455404" t="String" n="$T" />
        <Key v="CkQ" t="String" n="GT" />
        <Key v="Q20178075565265" t="String" n="Qs" />
      </Data>
      <Data n="20177909654226e">
        <Key v="450,-2000" t="Vector2" n="!$P" />
        <Key v="_EGate" t="String" n="$T" />
        <Key v="G1" t="String" n="GT" />
        <Key v="1" t="Int32" n="T2" />
        <Key v="20" t="Decimal" n="Val" />
        <Key v="Hardon" t="String" n="Cnt" />
        <Key v="Oeg" t="String" n="O" />
      </Data>
      <Data n="20177909706982e">
        <Key v="450,-2400" t="Vector2" n="!$P" />
        <Key v="_EGate" t="String" n="$T" />
        <Key v="G1" t="String" n="GT" />
        <Key v="1" t="Int32" n="T2" />
        <Key v="-10" t="Decimal" n="Val" />
        <Key v="Hardon" t="String" n="Cnt" />
        <Key v="Oel" t="String" n="O" />
      </Data>
      <Data n="20177791762672e">
        <Key v="1500,0" t="Vector2" n="!$P" />
        <Key v="20202866798502" t="String" n="$T" />
        <Key v="%M1" t="String" n="T" />
        <Key v="Odpálkování" t="String" n="%X" />
      </Data>
      <Data n="20177263855582e">
        <Key v="1800,-400" t="Vector2" n="!$P" />
        <Key v="20202866798502" t="String" n="$T" />
        <Key v="%M1" t="String" n="T" />
        <Key v="Povýšené &quot;uvítání&quot; &amp; Družina musí buď zaplatit peníze za to, že se zde může vylodit - 1 zl, nebo půjde hned před kapitána Hadrona a nebo se bude bojovat, popřípadě okamžitě odplout." t="String" n="%X" />
      </Data>
      <Data n="20177909652666e">
        <Key v="900,-2000" t="Vector2" n="!$P" />
        <Key v="20202866798502" t="String" n="$T" />
        <Key v="%M1" t="String" n="T" />
        <Key v="&quot;přátelské pozdavení + možnost vybrání beden v hlídané oblasti&quot;" t="String" n="%X" />
      </Data>
      <Data n="20177909704038e">
        <Key v="900,-2400" t="Vector2" n="!$P" />
        <Key v="20202866798502" t="String" n="$T" />
        <Key v="%M1" t="String" n="T" />
        <Key v="Zaútočí" t="String" n="%X" />
      </Data>
      <Data n="20177909667146e">
        <Key v="2100,0" t="Vector2" n="!$P" />
        <Key v="20202934699316" t="String" n="$T" />
        <Key v="Bojovat" t="String" n="%CX" />
        <Key v="MrA" t="String" n="Spc" />
      </Data>
      <Data n="20177909673738e">
        <Key v="2550,0" t="Vector2" n="!$P" />
        <Key v="_EFunc" t="String" n="$T" />
        <Key v="G1" t="String" n="GT" />
        <Key v="1" t="Int32" n="T2" />
        <Key v="-5" t="Decimal" n="Val" />
        <Key v="Hardon" t="String" n="Cnt" />
        <Key v="O+" t="String" n="O" />
      </Data>
      <Data n="20177909674309e">
        <Key v="2850,0" t="Vector2" n="!$P" />
        <Key v="_EFunc" t="String" n="$T" />
        <Key v="G1" t="String" n="GT" />
        <Key v="1" t="Int32" n="T2" />
        <Key v="5" t="Decimal" n="Val" />
        <Key v="Lishak" t="String" n="Cnt" />
        <Key v="O+" t="String" n="O" />
      </Data>
      <Data n="20177909646141e">
        <Key v="2100,-200" t="Vector2" n="!$P" />
        <Key v="20202934699316" t="String" n="$T" />
        <Key v="Odejít" t="String" n="%CX" />
      </Data>
      <Data n="20177264010674e">
        <Key v="2400,-400" t="Vector2" n="!$P" />
        <Key v="20206495856812" t="String" n="$T" />
        <Key v="Možnosti po příjezdu do Condry" t="String" n="!%Txt" />
      </Data>
      <Data n="20177909683317e">
        <Key v="1500,-2000" t="Vector2" n="!$P" />
        <Key v="20202934699316" t="String" n="$T" />
        <Key v="Bojovat" t="String" n="%CX" />
        <Key v="MrA" t="String" n="Spc" />
      </Data>
      <Data n="20177909684589e">
        <Key v="1950,-2000" t="Vector2" n="!$P" />
        <Key v="_EFunc" t="String" n="$T" />
        <Key v="G1" t="String" n="GT" />
        <Key v="1" t="Int32" n="T2" />
        <Key v="-5" t="Decimal" n="Val" />
        <Key v="Hardon" t="String" n="Cnt" />
        <Key v="O+" t="String" n="O" />
      </Data>
      <Data n="20177909685076e">
        <Key v="2250,-2000" t="Vector2" n="!$P" />
        <Key v="_EFunc" t="String" n="$T" />
        <Key v="G1" t="String" n="GT" />
        <Key v="1" t="Int32" n="T2" />
        <Key v="5" t="Decimal" n="Val" />
        <Key v="Lishak" t="String" n="Cnt" />
        <Key v="O+" t="String" n="O" />
      </Data>
      <Data n="20177909681933e">
        <Key v="1500,-2200" t="Vector2" n="!$P" />
        <Key v="20202934699316" t="String" n="$T" />
        <Key v="Poděkování" t="String" n="%CX" />
      </Data>
      <Data n="20177909667145e">
        <Key v="3300,0" t="Vector2" n="!$P" />
        <Key v="20202866798502" t="String" n="$T" />
        <Key v="Doplnit text - Johan!" t="String" n="%X" />
      </Data>
      <Data n="20177264017338e">
        <Key v="3000,-400" t="Vector2" n="!$P" />
        <Key v="20202934699316" t="String" n="$T" />
        <Key v="Ihned odplout" t="String" n="%CX" />
        <Key v="MrE" t="String" n="Spc" />
      </Data>
      <Data n="20177909419088e">
        <Key v="3450,-400" t="Vector2" n="!$P" />
        <Key v="_EFunc" t="String" n="$T" />
        <Key v="G1" t="String" n="GT" />
        <Key v="1" t="Int32" n="T2" />
        <Key v="-1" t="Decimal" n="Val" />
        <Key v="Derwin_uvitani" t="String" n="Cnt" />
        <Key v="O+" t="String" n="O" />
      </Data>
      <Data n="20185962543908e">
        <Key v="3750,-400" t="Vector2" n="!$P" />
        <Key v="20206371455404" t="String" n="$T" />
        <Key v="CkE" t="String" n="GT" />
        <Key v="SaS" t="String" n="T" />
        <Key v="E20177241092225" t="String" n="Ev" />
      </Data>
      <Data n="20185962821060e">
        <Key v="4200,-400" t="Vector2" n="!$P" />
        <Key v="20206371455404" t="String" n="$T" />
        <Key v="CkP" t="String" n="GT" />
        <Key v="Condra_exit_lod" t="String" n="Z" />
        <Key v="0" t="String" n="TR" />
      </Data>
      <Data n="20179519733111e">
        <Key v="3000,-600" t="Vector2" n="!$P" />
        <Key v="_EGate" t="String" n="$T" />
        <Key v="G4" t="String" n="GT" />
      </Data>
      <Data n="20185962865314e">
        <Key v="3300,-600" t="Vector2" n="!$P" />
        <Key v="20206352251934" t="String" n="$T" />
        <Key v="CkI" t="String" n="GT" />
        <Key v="SkH" t="String" n="T" />
        <Key v="1" t="String" n="M" />
        <Key v="1" t="String" n="C" />
      </Data>
      <Data n="20177264014261e">
        <Key v="3750,-600" t="Vector2" n="!$P" />
        <Key v="20202934699316" t="String" n="$T" />
        <Key v="Zaplatit poplatek" t="String" n="%CX" />
      </Data>
      <Data n="20177791893886e">
        <Key v="4200,-600" t="Vector2" n="!$P" />
        <Key v="_EFunc" t="String" n="$T" />
        <Key v="G1" t="String" n="GT" />
        <Key v="1" t="Int32" n="T2" />
        <Key v="1" t="Decimal" n="Val" />
        <Key v="Hardon" t="String" n="Cnt" />
        <Key v="O+" t="String" n="O" />
      </Data>
      <Data n="20177909517124e">
        <Key v="4500,-600" t="Vector2" n="!$P" />
        <Key v="_EFunc" t="String" n="$T" />
        <Key v="G1" t="String" n="GT" />
        <Key v="1" t="Int32" n="T2" />
        <Key v="1" t="Decimal" n="Val" />
        <Key v="Derwin_uvitani" t="String" n="Cnt" />
        <Key v="Os" t="String" n="O" />
      </Data>
      <Data n="20179519732674e">
        <Key v="3000,-800" t="Vector2" n="!$P" />
        <Key v="_EGate" t="String" n="$T" />
        <Key v="G4" t="String" n="GT" />
      </Data>
      <Data n="20177264014536e">
        <Key v="3300,-800" t="Vector2" n="!$P" />
        <Key v="20202934699316" t="String" n="$T" />
        <Key v="Nechat se odvést" t="String" n="%CX" />
      </Data>
      <Data n="20177792106781e">
        <Key v="3750,-800" t="Vector2" n="!$P" />
        <Key v="_EFunc" t="String" n="$T" />
        <Key v="G1" t="String" n="GT" />
        <Key v="1" t="Int32" n="T2" />
        <Key v="1" t="Decimal" n="Val" />
        <Key v="Hardon" t="String" n="Cnt" />
        <Key v="O+" t="String" n="O" />
      </Data>
      <Data n="20177909524343e">
        <Key v="4050,-800" t="Vector2" n="!$P" />
        <Key v="_EFunc" t="String" n="$T" />
        <Key v="G1" t="String" n="GT" />
        <Key v="1" t="Int32" n="T2" />
        <Key v="1" t="Decimal" n="Val" />
        <Key v="Derwin_uvitani" t="String" n="Cnt" />
        <Key v="Os" t="String" n="O" />
      </Data>
      <Data n="20177264014761e">
        <Key v="3000,-1000" t="Vector2" n="!$P" />
        <Key v="20202934699316" t="String" n="$T" />
        <Key v="Bojovat" t="String" n="%CX" />
        <Key v="MrA" t="String" n="Spc" />
      </Data>
      <Data n="20177792019332e">
        <Key v="3450,-1000" t="Vector2" n="!$P" />
        <Key v="_EFunc" t="String" n="$T" />
        <Key v="G1" t="String" n="GT" />
        <Key v="1" t="Int32" n="T2" />
        <Key v="-5" t="Decimal" n="Val" />
        <Key v="Hardon" t="String" n="Cnt" />
        <Key v="O+" t="String" n="O" />
      </Data>
      <Data n="20177792091084e">
        <Key v="3750,-1000" t="Vector2" n="!$P" />
        <Key v="_EFunc" t="String" n="$T" />
        <Key v="G1" t="String" n="GT" />
        <Key v="1" t="Int32" n="T2" />
        <Key v="5" t="Decimal" n="Val" />
        <Key v="Lishak" t="String" n="Cnt" />
        <Key v="O+" t="String" n="O" />
      </Data>
      <Data n="20185962424411e">
        <Key v="4050,-1000" t="Vector2" n="!$P" />
        <Key v="20206371455404" t="String" n="$T" />
        <Key v="CkE" t="String" n="GT" />
        <Key v="SaD" t="String" n="T" />
        <Key v="E20177241092225" t="String" n="Ev" />
      </Data>
      <Data n="20177909392316e">
        <Key v="3000,-1200" t="Vector2" n="!$P" />
        <Key v="_EGate" t="String" n="$T" />
        <Key v="G4" t="String" n="GT" />
      </Data>
      <Data n="20177264044499e">
        <Key v="3300,-1200" t="Vector2" n="!$P" />
        <Key v="20202934699316" t="String" n="$T" />
        <Key v="Vyhrožovat" t="String" n="%CX" />
        <Key v="RoI" t="String" n="Spc" />
        <Key v="L3" t="String" n="Lvl" />
      </Data>
      <Data n="20177909394301e">
        <Key v="3000,-1600" t="Vector2" n="!$P" />
        <Key v="_EGate" t="String" n="$T" />
        <Key v="G4" t="String" n="GT" />
      </Data>
      <Data n="20177264044728e">
        <Key v="3300,-1600" t="Vector2" n="!$P" />
        <Key v="20202934699316" t="String" n="$T" />
        <Key v="Přesvědčit" t="String" n="%CX" />
        <Key v="RoP" t="String" n="Spc" />
        <Key v="L2" t="String" n="Lvl" />
      </Data>
      <Data n="20177909683318e">
        <Key v="2700,-2000" t="Vector2" n="!$P" />
        <Key v="20202866798502" t="String" n="$T" />
        <Key v="Doplnit text - Johan!" t="String" n="%X" />
      </Data>
      <Data n="20177909681932e">
        <Key v="1950,-2200" t="Vector2" n="!$P" />
        <Key v="20202866798502" t="String" n="$T" />
        <Key v="Doplnit text - Johan!" t="String" n="%X" />
      </Data>
      <Data n="20177264017339e">
        <Key v="4650,-400" t="Vector2" n="!$P" />
        <Key v="20202866798502" t="String" n="$T" />
        <Key v="Družina nastoupí na loď a odpluje." t="String" n="%X" />
      </Data>
      <Data n="20177264014260e">
        <Key v="4950,-600" t="Vector2" n="!$P" />
        <Key v="20202866798502" t="String" n="$T" />
        <Key v="Doplnit text - Johan!" t="String" n="%X" />
      </Data>
      <Data n="20177264014537e">
        <Key v="4500,-800" t="Vector2" n="!$P" />
        <Key v="20202866798502" t="String" n="$T" />
        <Key v="Doplnit text - Johan!" t="String" n="%X" />
      </Data>
      <Data n="20177264014762e">
        <Key v="4500,-1000" t="Vector2" n="!$P" />
        <Key v="20202866798502" t="String" n="$T" />
        <Key v="Doplnit text - Johan!" t="String" n="%X" />
      </Data>
      <Data n="20177264044498e">
        <Key v="3750,-1200" t="Vector2" n="!$P" />
        <Key v="20202866798502" t="String" n="$T" />
        <Key v="Doplnit text - Johan!" t="String" n="%X" />
      </Data>
      <Data n="20177264044729e">
        <Key v="3750,-1600" t="Vector2" n="!$P" />
        <Key v="20202866798502" t="String" n="$T" />
        <Key v="Doplnit text - Johan!" t="String" n="%X" />
      </Data>
      <Data n="20177909624901e">
        <Key v="5550,-600" t="Vector2" n="!$P" />
        <Key v="20206371455404" t="String" n="$T" />
        <Key v="CkI" t="String" n="GT" />
        <Key v="SaT" t="String" n="T" />
        <Key v="1" t="String" n="M" />
        <Key v="1" t="String" n="C" />
      </Data>
      <Data n="20185962416705e">
        <Key v="6000,-600" t="Vector2" n="!$P" />
        <Key v="20206371455404" t="String" n="$T" />
        <Key v="CkE" t="String" n="GT" />
        <Key v="SaD" t="String" n="T" />
        <Key v="E20177241092225" t="String" n="Ev" />
      </Data>
      <Data n="20178028518602e">
        <Key v="5100,-800" t="Vector2" n="!$P" />
        <Key v="_EFunc" t="String" n="$T" />
        <Key v="G0" t="String" n="GT" />
        <Key v="Derwin_doprovod" t="String" n="Var" />
      </Data>
      <Data n="20179034739844e">
        <Key v="5400,-800" t="Vector2" n="!$P" />
        <Key v="_EFunc" t="String" n="$T" />
        <Key v="G1" t="String" n="GT" />
        <Key v="1" t="Int32" n="T2" />
        <Key v="1" t="Decimal" n="Val" />
        <Key v="Quest_spatne_sousedstvi" t="String" n="Cnt" />
        <Key v="Os" t="String" n="O" />
      </Data>
      <Data n="20185962422106e">
        <Key v="5700,-800" t="Vector2" n="!$P" />
        <Key v="20206371455404" t="String" n="$T" />
        <Key v="CkE" t="String" n="GT" />
        <Key v="SaD" t="String" n="T" />
        <Key v="E20177241092225" t="String" n="Ev" />
      </Data>
      <Data n="20177909373901e">
        <Key v="4350,-1200" t="Vector2" n="!$P" />
        <Key v="_EGate" t="String" n="$T" />
        <Key v="G1" t="String" n="GT" />
        <Key v="1" t="Int32" n="T2" />
        <Key v="2" t="Decimal" n="Val" />
        <Key v="XResult" t="String" n="Cnt" />
        <Key v="Oeg" t="String" n="O" />
      </Data>
      <Data n="20177909526194e">
        <Key v="4650,-1200" t="Vector2" n="!$P" />
        <Key v="_EFunc" t="String" n="$T" />
        <Key v="G1" t="String" n="GT" />
        <Key v="1" t="Int32" n="T2" />
        <Key v="1" t="Decimal" n="Val" />
        <Key v="Derwin_uvitani" t="String" n="Cnt" />
        <Key v="Os" t="String" n="O" />
      </Data>
      <Data n="20185962428119e">
        <Key v="4950,-1200" t="Vector2" n="!$P" />
        <Key v="20206371455404" t="String" n="$T" />
        <Key v="CkE" t="String" n="GT" />
        <Key v="SaD" t="String" n="T" />
        <Key v="E20177241092225" t="String" n="Ev" />
      </Data>
      <Data n="20177909376966e">
        <Key v="4350,-1400" t="Vector2" n="!$P" />
        <Key v="_EGate" t="String" n="$T" />
        <Key v="G1" t="String" n="GT" />
        <Key v="1" t="Int32" n="T2" />
        <Key v="0" t="Decimal" n="Val" />
        <Key v="XResult" t="String" n="Cnt" />
        <Key v="Oeg" t="String" n="O" />
      </Data>
      <Data n="20177910050823e">
        <Key v="4650,-1400" t="Vector2" n="!$P" />
        <Key v="_EFunc" t="String" n="$T" />
        <Key v="G1" t="String" n="GT" />
        <Key v="1" t="Int32" n="T2" />
        <Key v="300" t="Decimal" n="Val" />
        <Key v="Derwin_úplatek" t="String" n="Cnt" />
        <Key v="O+" t="String" n="O" />
      </Data>
      <Data n="20177909411195e">
        <Key v="4350,-1600" t="Vector2" n="!$P" />
        <Key v="_EGate" t="String" n="$T" />
        <Key v="G1" t="String" n="GT" />
        <Key v="1" t="Int32" n="T2" />
        <Key v="2" t="Decimal" n="Val" />
        <Key v="XResult" t="String" n="Cnt" />
        <Key v="Oeg" t="String" n="O" />
      </Data>
      <Data n="20177909527024e">
        <Key v="4650,-1600" t="Vector2" n="!$P" />
        <Key v="_EFunc" t="String" n="$T" />
        <Key v="G1" t="String" n="GT" />
        <Key v="1" t="Int32" n="T2" />
        <Key v="1" t="Decimal" n="Val" />
        <Key v="Derwin_uvitani" t="String" n="Cnt" />
        <Key v="Os" t="String" n="O" />
      </Data>
      <Data n="20185962430871e">
        <Key v="4950,-1600" t="Vector2" n="!$P" />
        <Key v="20206371455404" t="String" n="$T" />
        <Key v="CkE" t="String" n="GT" />
        <Key v="SaD" t="String" n="T" />
        <Key v="E20177241092225" t="String" n="Ev" />
      </Data>
      <Data n="20177909411565e">
        <Key v="4350,-1800" t="Vector2" n="!$P" />
        <Key v="_EGate" t="String" n="$T" />
        <Key v="G1" t="String" n="GT" />
        <Key v="1" t="Int32" n="T2" />
        <Key v="0" t="Decimal" n="Val" />
        <Key v="XResult" t="String" n="Cnt" />
        <Key v="Oeg" t="String" n="O" />
      </Data>
      <Data n="20177265573167e">
        <Key v="6450,-600" t="Vector2" n="!$P" />
        <Key v="20202866798502" t="String" n="$T" />
        <Key v="%M1" t="String" n="T" />
        <Key v="Povýšená &quot;pochvala&quot; a zpřístupnění Condry." t="String" n="%X" />
      </Data>
      <Data n="20177265585121e">
        <Key v="6150,-800" t="Vector2" n="!$P" />
        <Key v="20202866798502" t="String" n="$T" />
        <Key v="%M1" t="String" n="T" />
        <Key v="Pokyn k následování. Konec dialogu. Začátek nového dialogu -&gt; &quot;přesun na loď za Hadronem&quot; - dialog s Hadronem." t="String" n="%X" />
      </Data>
      <Data n="20177792114891e">
        <Key v="5400,-1200" t="Vector2" n="!$P" />
        <Key v="20202866798502" t="String" n="$T" />
        <Key v="%M1" t="String" n="T" />
        <Key v="Doplnit text - Johan!" t="String" n="%X" />
      </Data>
      <Data n="20177792115154e">
        <Key v="5100,-1400" t="Vector2" n="!$P" />
        <Key v="20202866798502" t="String" n="$T" />
        <Key v="%M1" t="String" n="T" />
        <Key v="Zdražení poplatku" t="String" n="%X" />
      </Data>
      <Data n="20177909407166e">
        <Key v="5400,-1600" t="Vector2" n="!$P" />
        <Key v="20202866798502" t="String" n="$T" />
        <Key v="%M1" t="String" n="T" />
        <Key v="Doplnit text - Johan!" t="String" n="%X" />
      </Data>
      <Data n="20177909407345e">
        <Key v="4800,-1800" t="Vector2" n="!$P" />
        <Key v="20202866798502" t="String" n="$T" />
        <Key v="%M1" t="String" n="T" />
        <Key v="Doplnit text - Johan!" t="String" n="%X" />
      </Data>
      <Data n="20188222480528e">
        <Key v="6750,-800" t="Vector2" n="!$P" />
        <Key v="20206371455404" t="String" n="$T" />
        <Key v="CkE" t="String" n="GT" />
        <Key v="SaS" t="String" n="T" />
        <Key v="E20188222444180" t="String" n="Ev" />
      </Data>
      <Data n="20177909792324e">
        <Key v="7200,-800" t="Vector2" n="!$P" />
        <Key v="20206371455404" t="String" n="$T" />
        <Key v="Script na chůzi po vesnici až k lodi" t="String" n="!%Txt" />
        <Key v="" t="String" n="GT" />
      </Data>
    </Data>
    <Data n="$Conns">
      <Data n="20177791825296c">
        <Key v="20177791825296e" t="String" n="$E" />
      </Data>
      <Data n="20177909694935c">
        <Key v="20177909694935e" t="String" n="$E" />
        <Key v="20177791825296e" t="String" n="$S" />
      </Data>
      <Data n="20177909698746c">
        <Key v="20177909698746e" t="String" n="$E" />
        <Key v="20177909694935e" t="String" n="$S" />
      </Data>
      <Data n="20177909480168c">
        <Key v="20177909480168e" t="String" n="$E" />
      </Data>
      <Data n="20177264063410c">
        <Key v="20177264063410e" t="String" n="$E" />
        <Key v="20177909480168e" t="String" n="$S" />
      </Data>
      <Data n="20177910043984c">
        <Key v="20177910043984e" t="String" n="$E" />
        <Key v="20177264063410e" t="String" n="$S" />
      </Data>
      <Data n="20179034734860c">
        <Key v="20179034734860e" t="String" n="$E" />
        <Key v="20177910043984e" t="String" n="$S" />
      </Data>
      <Data n="20177909654226c">
        <Key v="20177909654226e" t="String" n="$E" />
      </Data>
      <Data n="20177909706982c">
        <Key v="20177909706982e" t="String" n="$E" />
      </Data>
      <Data n="20177791762672c">
        <Key v="20177791762672e" t="String" n="$E" />
        <Key v="20177909698746e" t="String" n="$S" />
      </Data>
      <Data n="20177263855582c">
        <Key v="20177263855582e" t="String" n="$E" />
        <Key v="20179034734860e" t="String" n="$S" />
      </Data>
      <Data n="20177909652666c">
        <Key v="20177909652666e" t="String" n="$E" />
        <Key v="20177909654226e" t="String" n="$S" />
      </Data>
      <Data n="20177909704038c">
        <Key v="20177909704038e" t="String" n="$E" />
        <Key v="20177909706982e" t="String" n="$S" />
      </Data>
      <Data n="20177909667146c">
        <Key v="20177909667146e" t="String" n="$E" />
        <Key v="20177791762672e" t="String" n="$S" />
      </Data>
      <Data n="20177909673738c">
        <Key v="20177909673738e" t="String" n="$E" />
        <Key v="20177909667146e" t="String" n="$S" />
      </Data>
      <Data n="20177909674309c">
        <Key v="20177909674309e" t="String" n="$E" />
        <Key v="20177909673738e" t="String" n="$S" />
      </Data>
      <Data n="20177909646141c">
        <Key v="20177909646141e" t="String" n="$E" />
        <Key v="20177791762672e" t="String" n="$S" />
      </Data>
      <Data n="20177264010674c">
        <Key v="20177264010674e" t="String" n="$E" />
        <Key v="20177263855582e" t="String" n="$S" />
      </Data>
      <Data n="20177909683317c">
        <Key v="20177909683317e" t="String" n="$E" />
        <Key v="20177909652666e" t="String" n="$S" />
      </Data>
      <Data n="20177909684589c">
        <Key v="20177909684589e" t="String" n="$E" />
        <Key v="20177909683317e" t="String" n="$S" />
      </Data>
      <Data n="20177909685076c">
        <Key v="20177909685076e" t="String" n="$E" />
        <Key v="20177909684589e" t="String" n="$S" />
      </Data>
      <Data n="20177909681933c">
        <Key v="20177909681933e" t="String" n="$E" />
        <Key v="20177909652666e" t="String" n="$S" />
      </Data>
      <Data n="20177909667145c">
        <Key v="20177909667145e" t="String" n="$E" />
        <Key v="20177909674309e" t="String" n="$S" />
      </Data>
      <Data n="20177264017338c">
        <Key v="20177264017338e" t="String" n="$E" />
        <Key v="20177264010674e" t="String" n="$S" />
      </Data>
      <Data n="20177909419088c">
        <Key v="20177909419088e" t="String" n="$E" />
        <Key v="20177264017338e" t="String" n="$S" />
      </Data>
      <Data n="20185962543908c">
        <Key v="20185962543908e" t="String" n="$E" />
        <Key v="20177909419088e" t="String" n="$S" />
      </Data>
      <Data n="20185962821060c">
        <Key v="20185962821060e" t="String" n="$E" />
        <Key v="20185962543908e" t="String" n="$S" />
      </Data>
      <Data n="20179519733111c">
        <Key v="20179519733111e" t="String" n="$E" />
        <Key v="20177264010674e" t="String" n="$S" />
      </Data>
      <Data n="20185962865314c">
        <Key v="20185962865314e" t="String" n="$E" />
        <Key v="20179519733111e" t="String" n="$S" />
      </Data>
      <Data n="20177264014261c">
        <Key v="20177264014261e" t="String" n="$E" />
        <Key v="20185962865314e" t="String" n="$S" />
      </Data>
      <Data n="20177791893886c">
        <Key v="20177791893886e" t="String" n="$E" />
        <Key v="20177264014261e" t="String" n="$S" />
      </Data>
      <Data n="20177909517124c">
        <Key v="20177909517124e" t="String" n="$E" />
        <Key v="20177791893886e" t="String" n="$S" />
      </Data>
      <Data n="20179519732674c">
        <Key v="20179519732674e" t="String" n="$E" />
        <Key v="20177264010674e" t="String" n="$S" />
      </Data>
      <Data n="20177264014536c">
        <Key v="20177264014536e" t="String" n="$E" />
        <Key v="20179519732674e" t="String" n="$S" />
      </Data>
      <Data n="20177792106781c">
        <Key v="20177792106781e" t="String" n="$E" />
        <Key v="20177264014536e" t="String" n="$S" />
      </Data>
      <Data n="20177909524343c">
        <Key v="20177909524343e" t="String" n="$E" />
        <Key v="20177792106781e" t="String" n="$S" />
      </Data>
      <Data n="20177264014761c">
        <Key v="20177264014761e" t="String" n="$E" />
        <Key v="20177264010674e" t="String" n="$S" />
      </Data>
      <Data n="20177792019332c">
        <Key v="20177792019332e" t="String" n="$E" />
        <Key v="20177264014761e" t="String" n="$S" />
      </Data>
      <Data n="20177792091084c">
        <Key v="20177792091084e" t="String" n="$E" />
        <Key v="20177792019332e" t="String" n="$S" />
      </Data>
      <Data n="20185962424411c">
        <Key v="20185962424411e" t="String" n="$E" />
        <Key v="20177792091084e" t="String" n="$S" />
      </Data>
      <Data n="20177909392316c">
        <Key v="20177909392316e" t="String" n="$E" />
        <Key v="20177264010674e" t="String" n="$S" />
      </Data>
      <Data n="20177264044499c">
        <Key v="20177264044499e" t="String" n="$E" />
        <Key v="20177909392316e" t="String" n="$S" />
      </Data>
      <Data n="20177909394301c">
        <Key v="20177909394301e" t="String" n="$E" />
        <Key v="20177264010674e" t="String" n="$S" />
      </Data>
      <Data n="20177264044728c">
        <Key v="20177264044728e" t="String" n="$E" />
        <Key v="20177909394301e" t="String" n="$S" />
      </Data>
      <Data n="20177909683318c">
        <Key v="20177909683318e" t="String" n="$E" />
        <Key v="20177909685076e" t="String" n="$S" />
      </Data>
      <Data n="20177909681932c">
        <Key v="20177909681932e" t="String" n="$E" />
        <Key v="20177909681933e" t="String" n="$S" />
      </Data>
      <Data n="20177264017339c">
        <Key v="20177264017339e" t="String" n="$E" />
        <Key v="20185962821060e" t="String" n="$S" />
      </Data>
      <Data n="20177264014260c">
        <Key v="20177264014260e" t="String" n="$E" />
        <Key v="20177909517124e" t="String" n="$S" />
      </Data>
      <Data n="20177264014537c">
        <Key v="20177264014537e" t="String" n="$E" />
        <Key v="20177909524343e" t="String" n="$S" />
      </Data>
      <Data n="20177264014762c">
        <Key v="20177264014762e" t="String" n="$E" />
        <Key v="20185962424411e" t="String" n="$S" />
      </Data>
      <Data n="20177264044498c">
        <Key v="20177264044498e" t="String" n="$E" />
        <Key v="20177264044499e" t="String" n="$S" />
      </Data>
      <Data n="20177264044729c">
        <Key v="20177264044729e" t="String" n="$E" />
        <Key v="20177264044728e" t="String" n="$S" />
      </Data>
      <Data n="20177909624901c">
        <Key v="20177909624901e" t="String" n="$E" />
        <Key v="20177264014260e" t="String" n="$S" />
      </Data>
      <Data n="20185962416705c">
        <Key v="20185962416705e" t="String" n="$E" />
        <Key v="20177909624901e" t="String" n="$S" />
      </Data>
      <Data n="20178028518602c">
        <Key v="20178028518602e" t="String" n="$E" />
        <Key v="20177264014537e" t="String" n="$S" />
      </Data>
      <Data n="20179034739844c">
        <Key v="20179034739844e" t="String" n="$E" />
        <Key v="20178028518602e" t="String" n="$S" />
      </Data>
      <Data n="20185962422106c">
        <Key v="20185962422106e" t="String" n="$E" />
        <Key v="20179034739844e" t="String" n="$S" />
      </Data>
      <Data n="20177909373901c">
        <Key v="20177909373901e" t="String" n="$E" />
        <Key v="20177264044498e" t="String" n="$S" />
      </Data>
      <Data n="20177909526194c">
        <Key v="20177909526194e" t="String" n="$E" />
        <Key v="20177909373901e" t="String" n="$S" />
      </Data>
      <Data n="20185962428119c">
        <Key v="20185962428119e" t="String" n="$E" />
        <Key v="20177909526194e" t="String" n="$S" />
      </Data>
      <Data n="20177909376966c">
        <Key v="20177909376966e" t="String" n="$E" />
        <Key v="20177264044498e" t="String" n="$S" />
      </Data>
      <Data n="20177910050823c">
        <Key v="20177910050823e" t="String" n="$E" />
        <Key v="20177909376966e" t="String" n="$S" />
      </Data>
      <Data n="20177909411195c">
        <Key v="20177909411195e" t="String" n="$E" />
        <Key v="20177264044729e" t="String" n="$S" />
      </Data>
      <Data n="20177909527024c">
        <Key v="20177909527024e" t="String" n="$E" />
        <Key v="20177909411195e" t="String" n="$S" />
      </Data>
      <Data n="20185962430871c">
        <Key v="20185962430871e" t="String" n="$E" />
        <Key v="20177909527024e" t="String" n="$S" />
      </Data>
      <Data n="20177909411565c">
        <Key v="20177909411565e" t="String" n="$E" />
        <Key v="20177264044729e" t="String" n="$S" />
      </Data>
      <Data n="20177265573167c">
        <Key v="20177265573167e" t="String" n="$E" />
        <Key v="20185962416705e" t="String" n="$S" />
      </Data>
      <Data n="20177265585121c">
        <Key v="20177265585121e" t="String" n="$E" />
        <Key v="20185962422106e" t="String" n="$S" />
      </Data>
      <Data n="20177792114891c">
        <Key v="20177792114891e" t="String" n="$E" />
        <Key v="20185962428119e" t="String" n="$S" />
      </Data>
      <Data n="20177792115154c">
        <Key v="20177792115154e" t="String" n="$E" />
        <Key v="20177910050823e" t="String" n="$S" />
      </Data>
      <Data n="20177909407166c">
        <Key v="20177909407166e" t="String" n="$E" />
        <Key v="20185962430871e" t="String" n="$S" />
      </Data>
      <Data n="20177909407345c">
        <Key v="20177909407345e" t="String" n="$E" />
        <Key v="20177909411565e" t="String" n="$S" />
      </Data>
      <Data n="20188222480528c">
        <Key v="20188222480528e" t="String" n="$E" />
        <Key v="20177265585121e" t="String" n="$S" />
      </Data>
      <Data n="20177909792324c">
        <Key v="20177909792324e" t="String" n="$E" />
        <Key v="20188222480528e" t="String" n="$S" />
      </Data>
      <Data n="20206616256018c">
        <Key v="20177264010674e" t="String" n="$E" />
        <Key v="20177792115154e" t="String" n="$S" />
      </Data>
      <Data n="20206616256019c">
        <Key v="20177264010674e" t="String" n="$E" />
        <Key v="20177909407345e" t="String" n="$S" />
      </Data>
    </Data>
  </Data>
</DataRoot>