﻿<?xml version="1.0" encoding="utf-8"?>
<DataRoot n="D">
  <Data n="20178321773553">
    <Data n="$Elems">
      <Data n="20183164470850e">
        <Key v="450,0" t="Vector2" n="!$P" />
        <Key v="20202866798502" t="String" n="$T" />
        <Key v="%M1" t="String" n="T" />
        <Key v="A zase někdo votravuje, doufám, že z vás alespoň něco kápne. Tak co to bude?" t="String" n="%X" />
      </Data>
      <Data n="20183164490649e">
        <Key v="1050,0" t="Vector2" n="!$P" />
        <Key v="20206495856812" t="String" n="$T" />
        <Key v="Alchymista - možnosti" t="String" n="!%Txt" />
      </Data>
      <Data n="20183164493724e">
        <Key v="1650,0" t="Vector2" n="!$P" />
        <Key v="20202934699316" t="String" n="$T" />
        <Key v="Odejít" t="String" n="%CX" />
        <Key v="MrE" t="String" n="Spc" />
      </Data>
      <Data n="20183164492514e">
        <Key v="1650,-200" t="Vector2" n="!$P" />
        <Key v="20202934699316" t="String" n="$T" />
        <Key v="Zeptat se na něj" t="String" n="%CX" />
      </Data>
      <Data n="20183183839742e">
        <Key v="1650,-400" t="Vector2" n="!$P" />
        <Key v="_EGate" t="String" n="$T" />
        <Key v="G4" t="String" n="GT" />
      </Data>
      <Data n="20183164492806e">
        <Key v="1950,-400" t="Vector2" n="!$P" />
        <Key v="20202934699316" t="String" n="$T" />
        <Key v="Práce" t="String" n="%CX" />
      </Data>
      <Data n="20183183847465e">
        <Key v="2400,-400" t="Vector2" n="!$P" />
        <Key v="_EFunc" t="String" n="$T" />
        <Key v="G0" t="String" n="GT" />
        <Key v="Toxic_ukoly" t="String" n="Var" />
      </Data>
      <Data n="20183164492944e">
        <Key v="1650,-3000" t="Vector2" n="!$P" />
        <Key v="20202934699316" t="String" n="$T" />
        <Key v="Obchodování" t="String" n="%CX" />
      </Data>
      <Data n="20183164493102e">
        <Key v="1650,-3200" t="Vector2" n="!$P" />
        <Key v="20202934699316" t="String" n="$T" />
        <Key v="Výuka" t="String" n="%CX" />
      </Data>
      <Data n="20183183850092e">
        <Key v="1650,-3400" t="Vector2" n="!$P" />
        <Key v="_EGate" t="String" n="$T" />
        <Key v="G0" t="String" n="GT" />
        <Key v="1" t="Int32" n="Ex" />
        <Key v="Toxic_ukoly" t="String" n="Var" />
      </Data>
      <Data n="20183183843754e">
        <Key v="1950,-3400" t="Vector2" n="!$P" />
        <Key v="20202934699316" t="String" n="$T" />
        <Key v="Ohledně úkolů" t="String" n="%CX" />
      </Data>
      <Data n="20183164493723e">
        <Key v="2100,0" t="Vector2" n="!$P" />
        <Key v="20202866798502" t="String" n="$T" />
        <Key v="To bude všechno. Teď půjdem." t="String" n="%X" />
      </Data>
      <Data n="20183164492513e">
        <Key v="2100,-200" t="Vector2" n="!$P" />
        <Key v="20202866798502" t="String" n="$T" />
        <Key v="No nejdříve bych se rád zeptal kdo jsi a co vlastně nabízíš. Než se začnem dál bavit." t="String" n="%X" />
      </Data>
      <Data n="20183164492805e">
        <Key v="2850,-400" t="Vector2" n="!$P" />
        <Key v="20202866798502" t="String" n="$T" />
        <Key v="Sháníme práci, neměl bys něco pro nás? Alchymisti pořád něco potřebujou." t="String" n="%X" />
      </Data>
      <Data n="20183164492943e">
        <Key v="2100,-3000" t="Vector2" n="!$P" />
        <Key v="20202866798502" t="String" n="$T" />
        <Key v="Chci se podívat, co prodáváš." t="String" n="%X" />
      </Data>
      <Data n="20183164493103e">
        <Key v="2100,-3200" t="Vector2" n="!$P" />
        <Key v="20202866798502" t="String" n="$T" />
        <Key v="Mohli bychom se u tebe něco naučit?" t="String" n="%X" />
      </Data>
      <Data n="20183183843753e">
        <Key v="2400,-3400" t="Vector2" n="!$P" />
        <Key v="20202866798502" t="String" n="$T" />
        <Key v="Ohledně práce..." t="String" n="%X" />
      </Data>
      <Data n="20183164557088e">
        <Key v="2700,-200" t="Vector2" n="!$P" />
        <Key v="20202866798502" t="String" n="$T" />
        <Key v="%M1" t="String" n="T" />
        <Key v="&lt;smích a kašel&gt; Takže vy někam vejdete a ani nevíte kam, jo? Tak to jste dobrý. Dobrá tedy, představím se vám." t="String" n="%X" />
      </Data>
      <Data n="20183165013182e">
        <Key v="3450,-400" t="Vector2" n="!$P" />
        <Key v="20202866798502" t="String" n="$T" />
        <Key v="%M1" t="String" n="T" />
        <Key v="A máte naprostou pravdu. Je pár věcí, co bych potřeboval." t="String" n="%X" />
      </Data>
      <Data n="20183164648515e">
        <Key v="2700,-3000" t="Vector2" n="!$P" />
        <Key v="20206371455404" t="String" n="$T" />
        <Key v="GUI - OBCHOD" t="String" n="!%Txt" />
        <Key v="" t="String" n="GT" />
      </Data>
      <Data n="20183164877753e">
        <Key v="2700,-3200" t="Vector2" n="!$P" />
        <Key v="20206371455404" t="String" n="$T" />
        <Key v="GUI - VÝUKA" t="String" n="!%Txt" />
        <Key v="" t="String" n="GT" />
      </Data>
      <Data n="20183183827057e">
        <Key v="3000,-3400" t="Vector2" n="!$P" />
        <Key v="20206495856812" t="String" n="$T" />
        <Key v="Úkoly - Toxic" t="String" n="!%Txt" />
      </Data>
      <Data n="20183164567772e">
        <Key v="3300,-200" t="Vector2" n="!$P" />
        <Key v="20202866798502" t="String" n="$T" />
        <Key v="%M1" t="String" n="T" />
        <Key v="Jmenuju se Bradburn Kellam, ale šici mi tady říkaj Toxík. Jsem místní alchymista, vyrábím lektvary a další všemožné serepetičky na který jak se na tebe tak koukám stejně nemáš prachy...." t="String" n="%X" />
      </Data>
      <Data n="20183165030989e">
        <Key v="4050,-400" t="Vector2" n="!$P" />
        <Key v="20202866798502" t="String" n="$T" />
        <Key v="Výborně, tak ven s tím." t="String" n="%X" />
      </Data>
      <Data n="20183164639487e">
        <Key v="3150,-3000" t="Vector2" n="!$P" />
        <Key v="20202866798502" t="String" n="$T" />
        <Key v="%M1" t="String" n="T" />
        <Key v="A výborně, rovnou k věci tak se tedy rozhlédni, zda tě něco zaujme." t="String" n="%X" />
      </Data>
      <Data n="20183164871631e">
        <Key v="3150,-3200" t="Vector2" n="!$P" />
        <Key v="20202866798502" t="String" n="$T" />
        <Key v="%M1" t="String" n="T" />
        <Key v="Ale jistě jistě, ale rozhodně to nebude zadarmo." t="String" n="%X" />
      </Data>
      <Data n="20183183860810e">
        <Key v="3600,-3400" t="Vector2" n="!$P" />
        <Key v="20202934699316" t="String" n="$T" />
        <Key v="Nadále se nezajímat" t="String" n="%CX" />
      </Data>
      <Data n="20183185303306e">
        <Key v="3600,-3600" t="Vector2" n="!$P" />
        <Key v="20206352251934" t="String" n="$T" />
        <Key v="CkQ" t="String" n="GT" />
        <Key v="SkN" t="String" n="T" />
        <Key v="Q20183185279615" t="String" n="Qs" />
      </Data>
      <Data n="20183183858525e">
        <Key v="4050,-3600" t="Vector2" n="!$P" />
        <Key v="20202934699316" t="String" n="$T" />
        <Key v="Zeptat se na sběr bylin" t="String" n="%CX" />
      </Data>
      <Data n="20183183858708e">
        <Key v="3600,-4200" t="Vector2" n="!$P" />
        <Key v="20202934699316" t="String" n="$T" />
        <Key v="Zeptat se na speciální elixír" t="String" n="%CX" />
      </Data>
      <Data n="20183185886414e">
        <Key v="3600,-4400" t="Vector2" n="!$P" />
        <Key v="20206352251934" t="String" n="$T" />
        <Key v="CkQ" t="String" n="GT" />
        <Key v="SkN" t="String" n="T" />
        <Key v="Q20183185280766" t="String" n="Qs" />
      </Data>
      <Data n="20183183858896e">
        <Key v="4050,-4400" t="Vector2" n="!$P" />
        <Key v="20202934699316" t="String" n="$T" />
        <Key v="Zeptat se na učně" t="String" n="%CX" />
      </Data>
      <Data n="20183300282722e">
        <Key v="3600,-5000" t="Vector2" n="!$P" />
        <Key v="20206352251934" t="String" n="$T" />
        <Key v="CkQ" t="String" n="GT" />
        <Key v="SkA" t="String" n="T" />
        <Key v="Q20183185279615" t="String" n="Qs" />
      </Data>
      <Data n="20183300280320e">
        <Key v="4050,-5000" t="Vector2" n="!$P" />
        <Key v="20202934699316" t="String" n="$T" />
        <Key v="Ohledně sběru bylin" t="String" n="%CX" />
      </Data>
      <Data n="20183301237946e">
        <Key v="3600,-5400" t="Vector2" n="!$P" />
        <Key v="20206352251934" t="String" n="$T" />
        <Key v="CkQ" t="String" n="GT" />
        <Key v="SkA" t="String" n="T" />
        <Key v="Q20183185280766" t="String" n="Qs" />
      </Data>
      <Data n="20183300280750e">
        <Key v="4050,-5400" t="Vector2" n="!$P" />
        <Key v="20202934699316" t="String" n="$T" />
        <Key v="Ohledně Walbarta" t="String" n="%CX" />
      </Data>
      <Data n="20183164592285e">
        <Key v="3900,-200" t="Vector2" n="!$P" />
        <Key v="20202866798502" t="String" n="$T" />
        <Key v="No vida, hned víme s kým máme tu čest a teď tedy k obchodu." t="String" n="%X" />
      </Data>
      <Data n="20183165035480e">
        <Key v="4650,-400" t="Vector2" n="!$P" />
        <Key v="20202866798502" t="String" n="$T" />
        <Key v="%M1" t="String" n="T" />
        <Key v="Nu takže potřeboval bych dokončit jeden elixír, na který bude třeba několik speciálních ingrediencí. Je to můj osobní pokus, takže sám jsem zvědavej, jestli to vyjde." t="String" n="%X" />
      </Data>
      <Data n="20183164644503e">
        <Key v="3750,-3000" t="Vector2" n="!$P" />
        <Key v="20202866798502" t="String" n="$T" />
        <Key v="%M1" t="String" n="T" />
        <Key v="Díky za obchod, ještě něco?" t="String" n="%X" />
      </Data>
      <Data n="20183183860809e">
        <Key v="4050,-3400" t="Vector2" n="!$P" />
        <Key v="20202866798502" t="String" n="$T" />
        <Key v="Práce nás teď nezajímá. Raděj pojďmě rešit něco jiného" t="String" n="%X" />
      </Data>
      <Data n="20183183858524e">
        <Key v="4500,-3600" t="Vector2" n="!$P" />
        <Key v="20202866798502" t="String" n="$T" />
        <Key v="Pověz nám víc o těch bylinách co potřebuješ. Jaké to jsou a kolik jich má být?" t="String" n="%X" />
      </Data>
      <Data n="20183183858707e">
        <Key v="4050,-4200" t="Vector2" n="!$P" />
        <Key v="20202866798502" t="String" n="$T" />
        <Key v="Mluvil jsi o nějakém experimentu, na který budeš potřbovat něco speciálního. O co jde?" t="String" n="%X" />
      </Data>
      <Data n="20183183858895e">
        <Key v="4500,-4400" t="Vector2" n="!$P" />
        <Key v="20202866798502" t="String" n="$T" />
        <Key v="Mluvil si o nějakém pohřešovaném učni. Pověz nám něco bližšího." t="String" n="%X" />
      </Data>
      <Data n="20183300280321e">
        <Key v="4500,-5000" t="Vector2" n="!$P" />
        <Key v="20202866798502" t="String" n="$T" />
        <Key v="Co se týká bylin, které si požadoval..." t="String" n="%X" />
      </Data>
      <Data n="20183300280749e">
        <Key v="4500,-5400" t="Vector2" n="!$P" />
        <Key v="20202866798502" t="String" n="$T" />
        <Key v="Co se týká tvého zmizelého učně..." t="String" n="%X" />
      </Data>
      <Data n="20183165093057e">
        <Key v="5250,-400" t="Vector2" n="!$P" />
        <Key v="20202866798502" t="String" n="$T" />
        <Key v="%M1" t="String" n="T" />
        <Key v="Dále bych potřeboval základní byliny. Používám je prakticky pořád a přijde mi, že pořád docházej. To mi připomíná další problém, kterej mám." t="String" n="%X" />
      </Data>
      <Data n="20183183872052e">
        <Key v="4650,-3400" t="Vector2" n="!$P" />
        <Key v="20202866798502" t="String" n="$T" />
        <Key v="%M1" t="String" n="T" />
        <Key v="V pořádku, tak co to bude?" t="String" n="%X" />
      </Data>
      <Data n="20183184699146e">
        <Key v="5100,-3600" t="Vector2" n="!$P" />
        <Key v="20202866798502" t="String" n="$T" />
        <Key v="%M1" t="String" n="T" />
        <Key v="No to není jen tak. V bylinách se člověk musí vyznat. No samozřejmě rád ti prozradím, jaké potřebuju, ale pokud je neznáš, stejně ti to k ničemu nebude." t="String" n="%X" />
      </Data>
      <Data n="20183185647560e">
        <Key v="4650,-4200" t="Vector2" n="!$P" />
        <Key v="20202866798502" t="String" n="$T" />
        <Key v="%M1" t="String" n="T" />
        <Key v="NEDOSTUPNÉ" t="String" n="%X" />
      </Data>
      <Data n="20183185740104e">
        <Key v="5100,-4400" t="Vector2" n="!$P" />
        <Key v="20202866798502" t="String" n="$T" />
        <Key v="%M1" t="String" n="T" />
        <Key v="Jojo, jde mi o Walbarta, mladého gnóma který se u mě učí. Poslal jsem ho do bažin pro byliny a ještě se nevrátil. Mám o něj trochu strach. Byl bych rád kdybys zjistil, co se s ním stalo. Určitě se ti odměním." t="String" n="%X" />
      </Data>
      <Data n="20183300295712e">
        <Key v="5100,-5000" t="Vector2" n="!$P" />
        <Key v="20202866798502" t="String" n="$T" />
        <Key v="%M1" t="String" n="T" />
        <Key v="Už je pro mě máš? Pomalu je budu potřebovat." t="String" n="%X" />
      </Data>
      <Data n="20183300372997e">
        <Key v="5100,-5400" t="Vector2" n="!$P" />
        <Key v="20202866798502" t="String" n="$T" />
        <Key v="%M1" t="String" n="T" />
        <Key v="Ano? Nějaké novinky?" t="String" n="%X" />
      </Data>
      <Data n="20183165101118e">
        <Key v="5850,-400" t="Vector2" n="!$P" />
        <Key v="20202866798502" t="String" n="$T" />
        <Key v="%M1" t="String" n="T" />
        <Key v="Jak už jsem říkal, tak na sběr bylin nemám příliš času a tak jsem na ně poslal svého učně Walbarta. No ale nějak se nevrací. Začínám o něj mít trochu starost." t="String" n="%X" />
      </Data>
      <Data n="20183184718650e">
        <Key v="5700,-3600" t="Vector2" n="!$P" />
        <Key v="20202866798502" t="String" n="$T" />
        <Key v="%M1" t="String" n="T" />
        <Key v="Takže potřebuju Vachty bahení, Žlučový kosatce a bahení kopřivy. Deset kusů od každý. Dále bych potřeboval Závojenky jedový a Císařský bobule. Těch mi bude stačit míň. Tak pět od každé by mohlo stačit." t="String" n="%X" />
      </Data>
      <Data n="20183185873370e">
        <Key v="5700,-4400" t="Vector2" n="!$P" />
        <Key v="20206495856812" t="String" n="$T" />
        <Key v="Kam se poděl Walbart - úkol" t="String" n="!%Txt" />
      </Data>
      <Data n="20183300613378e">
        <Key v="5700,-5000" t="Vector2" n="!$P" />
        <Key v="20206352251934" t="String" n="$T" />
        <Key v="CkI" t="String" n="GT" />
        <Key v="SkH" t="String" n="T" />
        <Key v="I20177241249541" t="String" n="It" />
        <Key v="10" t="String" n="C" />
      </Data>
      <Data n="20183300613528e">
        <Key v="6150,-5000" t="Vector2" n="!$P" />
        <Key v="20206352251934" t="String" n="$T" />
        <Key v="CkI" t="String" n="GT" />
        <Key v="SkH" t="String" n="T" />
        <Key v="I20177532242023" t="String" n="It" />
        <Key v="10" t="String" n="C" />
      </Data>
      <Data n="20183300613803e">
        <Key v="6600,-5000" t="Vector2" n="!$P" />
        <Key v="20206352251934" t="String" n="$T" />
        <Key v="CkI" t="String" n="GT" />
        <Key v="SkH" t="String" n="T" />
        <Key v="I20177532246356" t="String" n="It" />
        <Key v="10" t="String" n="C" />
      </Data>
      <Data n="20183300628720e">
        <Key v="7050,-5000" t="Vector2" n="!$P" />
        <Key v="20206352251934" t="String" n="$T" />
        <Key v="CkI" t="String" n="GT" />
        <Key v="SkH" t="String" n="T" />
        <Key v="I20167286292708" t="String" n="It" />
        <Key v="5" t="String" n="C" />
      </Data>
      <Data n="20183300629153e">
        <Key v="7500,-5000" t="Vector2" n="!$P" />
        <Key v="20206352251934" t="String" n="$T" />
        <Key v="CkI" t="String" n="GT" />
        <Key v="SkH" t="String" n="T" />
        <Key v="I20177532193433" t="String" n="It" />
        <Key v="5" t="String" n="C" />
      </Data>
      <Data n="20183300382373e">
        <Key v="7950,-5000" t="Vector2" n="!$P" />
        <Key v="20202934699316" t="String" n="$T" />
        <Key v="Předat byliny" t="String" n="%CX" />
      </Data>
      <Data n="20183300382589e">
        <Key v="5700,-5200" t="Vector2" n="!$P" />
        <Key v="20202934699316" t="String" n="$T" />
        <Key v="Ještě ne" t="String" n="%CX" />
      </Data>
      <Data n="20183301051932e">
        <Key v="5700,-5400" t="Vector2" n="!$P" />
        <Key v="_EGate" t="String" n="$T" />
        <Key v="G1" t="String" n="GT" />
        <Key v="1" t="Int32" n="T2" />
        <Key v="2" t="Decimal" n="Val" />
        <Key v="Walbart_stav" t="String" n="Cnt" />
        <Key v="Oe" t="String" n="O" />
      </Data>
      <Data n="20183301025773e">
        <Key v="6000,-5400" t="Vector2" n="!$P" />
        <Key v="20202934699316" t="String" n="$T" />
        <Key v="Živý Walbart" t="String" n="%CX" />
      </Data>
      <Data n="20183301057466e">
        <Key v="5700,-5600" t="Vector2" n="!$P" />
        <Key v="_EGate" t="String" n="$T" />
        <Key v="G1" t="String" n="GT" />
        <Key v="1" t="Int32" n="T2" />
        <Key v="1" t="Decimal" n="Val" />
        <Key v="Walbart_stav" t="String" n="Cnt" />
        <Key v="Oe" t="String" n="O" />
      </Data>
      <Data n="20183300377710e">
        <Key v="6000,-5600" t="Vector2" n="!$P" />
        <Key v="20202934699316" t="String" n="$T" />
        <Key v="Smutná zpráva" t="String" n="%CX" />
      </Data>
      <Data n="20183300378002e">
        <Key v="5700,-5800" t="Vector2" n="!$P" />
        <Key v="20202934699316" t="String" n="$T" />
        <Key v="Nic nového" t="String" n="%CX" />
      </Data>
      <Data n="20183184747895e">
        <Key v="6300,-3600" t="Vector2" n="!$P" />
        <Key v="20206495856812" t="String" n="$T" />
        <Key v="Líný alchymista - úkol" t="String" n="!%Txt" />
      </Data>
      <Data n="20183185875013e">
        <Key v="6300,-4400" t="Vector2" n="!$P" />
        <Key v="20202934699316" t="String" n="$T" />
        <Key v="Souhlasit s pomocí" t="String" n="%CX" />
      </Data>
      <Data n="20183300238209e">
        <Key v="6750,-4400" t="Vector2" n="!$P" />
        <Key v="20206371455404" t="String" n="$T" />
        <Key v="CkQ" t="String" n="GT" />
        <Key v="Q20183185280766" t="String" n="Qs" />
      </Data>
      <Data n="20183185875193e">
        <Key v="6300,-4600" t="Vector2" n="!$P" />
        <Key v="20202934699316" t="String" n="$T" />
        <Key v="O odměně" t="String" n="%CX" />
      </Data>
      <Data n="20183185875360e">
        <Key v="6300,-4800" t="Vector2" n="!$P" />
        <Key v="20202934699316" t="String" n="$T" />
        <Key v="Nechat to zatím být" t="String" n="%CX" />
      </Data>
      <Data n="20183300382372e">
        <Key v="8400,-5000" t="Vector2" n="!$P" />
        <Key v="20202866798502" t="String" n="$T" />
        <Key v="Jasně. Mám je tady pro tebe." t="String" n="%X" />
      </Data>
      <Data n="20183300382590e">
        <Key v="6150,-5200" t="Vector2" n="!$P" />
        <Key v="20202866798502" t="String" n="$T" />
        <Key v="Pracujem na tom." t="String" n="%X" />
      </Data>
      <Data n="20183301025774e">
        <Key v="6450,-5400" t="Vector2" n="!$P" />
        <Key v="20202866798502" t="String" n="$T" />
        <Key v="Máme pro tebe dobrou zprávu. Je živý, ale jen tak tak. Našli jsme ho obklíčeného nemrtvými. Kdybychom nezasáhli, už by sis musel hledat nového učně." t="String" n="%X" />
      </Data>
      <Data n="20183300377709e">
        <Key v="6450,-5600" t="Vector2" n="!$P" />
        <Key v="20202866798502" t="String" n="$T" />
        <Key v="Ano, ale bohužel ne šťastné. Našli jsme ho oblklíčeného nemrtvými, nebylo možné mu pomoci..." t="String" n="%X" />
      </Data>
      <Data n="20183300378003e">
        <Key v="6150,-5800" t="Vector2" n="!$P" />
        <Key v="20202866798502" t="String" n="$T" />
        <Key v="Bohužel, zatím nic. Jakmile ho najdem, hned ho přivedem." t="String" n="%X" />
      </Data>
      <Data n="20183185135141e">
        <Key v="6900,-3600" t="Vector2" n="!$P" />
        <Key v="20202934699316" t="String" n="$T" />
        <Key v="Zeptat se na odměnu" t="String" n="%CX" />
      </Data>
      <Data n="20183184749735e">
        <Key v="6900,-3800" t="Vector2" n="!$P" />
        <Key v="20202934699316" t="String" n="$T" />
        <Key v="Vzít práci" t="String" n="%CX" />
      </Data>
      <Data n="20183185273819e">
        <Key v="7350,-3800" t="Vector2" n="!$P" />
        <Key v="20206371455404" t="String" n="$T" />
        <Key v="CkQ" t="String" n="GT" />
        <Key v="Q20183185279615" t="String" n="Qs" />
      </Data>
      <Data n="20183184749889e">
        <Key v="6900,-4000" t="Vector2" n="!$P" />
        <Key v="20202934699316" t="String" n="$T" />
        <Key v="Nechat to být" t="String" n="%CX" />
      </Data>
      <Data n="20183185875014e">
        <Key v="7200,-4400" t="Vector2" n="!$P" />
        <Key v="20202866798502" t="String" n="$T" />
        <Key v="Jasně, podíváme se po něm. Snad bude v pořádku." t="String" n="%X" />
      </Data>
      <Data n="20183185875192e">
        <Key v="6750,-4600" t="Vector2" n="!$P" />
        <Key v="20202866798502" t="String" n="$T" />
        <Key v="A co přesně za tu pomoc dostaneme?" t="String" n="%X" />
      </Data>
      <Data n="20183185875359e">
        <Key v="6750,-4800" t="Vector2" n="!$P" />
        <Key v="20202866798502" t="String" n="$T" />
        <Key v="No, na to bohužel nemám čas." t="String" n="%X" />
      </Data>
      <Data n="20183300741297e">
        <Key v="9000,-5000" t="Vector2" n="!$P" />
        <Key v="20206371455404" t="String" n="$T" />
        <Key v="CkI" t="String" n="GT" />
        <Key v="SaA" t="String" n="T" />
        <Key v="1" t="String" n="M" />
        <Key v="1000" t="String" n="C" />
      </Data>
      <Data n="20183300741481e">
        <Key v="9450,-5000" t="Vector2" n="!$P" />
        <Key v="20206371455404" t="String" n="$T" />
        <Key v="CkI" t="String" n="GT" />
        <Key v="SaA" t="String" n="T" />
        <Key v="I20183300697014" t="String" n="It" />
        <Key v="1" t="String" n="C" />
      </Data>
      <Data n="20183300747615e">
        <Key v="9900,-5000" t="Vector2" n="!$P" />
        <Key v="20206371455404" t="String" n="$T" />
        <Key v="CkI" t="String" n="GT" />
        <Key v="SaA" t="String" n="T" />
        <Key v="I20161870551526" t="String" n="It" />
        <Key v="1" t="String" n="C" />
      </Data>
      <Data n="20183300891911e">
        <Key v="6750,-5200" t="Vector2" n="!$P" />
        <Key v="20202866798502" t="String" n="$T" />
        <Key v="%M1" t="String" n="T" />
        <Key v="Tak šup, šup. Čím dříve je budu mít, tím lépe." t="String" n="%X" />
      </Data>
      <Data n="20183301228642e">
        <Key v="7050,-5400" t="Vector2" n="!$P" />
        <Key v="20206371455404" t="String" n="$T" />
        <Key v="CkI" t="String" n="GT" />
        <Key v="SaA" t="String" n="T" />
        <Key v="1" t="String" n="M" />
        <Key v="2000" t="String" n="C" />
      </Data>
      <Data n="20183301230585e">
        <Key v="7500,-5400" t="Vector2" n="!$P" />
        <Key v="20206371455404" t="String" n="$T" />
        <Key v="CkI" t="String" n="GT" />
        <Key v="SaA" t="String" n="T" />
        <Key v="I20161870551526" t="String" n="It" />
        <Key v="1" t="String" n="C" />
      </Data>
      <Data n="20183301221257e">
        <Key v="7050,-5600" t="Vector2" n="!$P" />
        <Key v="20206371455404" t="String" n="$T" />
        <Key v="CkI" t="String" n="GT" />
        <Key v="SaA" t="String" n="T" />
        <Key v="1" t="String" n="M" />
        <Key v="1000" t="String" n="C" />
      </Data>
      <Data n="20183301215827e">
        <Key v="6750,-5800" t="Vector2" n="!$P" />
        <Key v="20202866798502" t="String" n="$T" />
        <Key v="%M1" t="String" n="T" />
        <Key v="Tak neztrácejte čas, může mu jít o život." t="String" n="%X" />
      </Data>
      <Data n="20183185135140e">
        <Key v="7350,-3600" t="Vector2" n="!$P" />
        <Key v="20202866798502" t="String" n="$T" />
        <Key v="No ještě si nemluvil o odměně, roste to sice všude, ale je to hodně běhání..." t="String" n="%X" />
      </Data>
      <Data n="20183184749734e">
        <Key v="7800,-3800" t="Vector2" n="!$P" />
        <Key v="20202866798502" t="String" n="$T" />
        <Key v="Dobrá, vrátím se, až budu mít všechno, co požaduješ" t="String" n="%X" />
      </Data>
      <Data n="20183184749890e">
        <Key v="7350,-4000" t="Vector2" n="!$P" />
        <Key v="20202866798502" t="String" n="$T" />
        <Key v="Ještě si to nechám projít hlavou." t="String" n="%X" />
      </Data>
      <Data n="20183300227972e">
        <Key v="7800,-4400" t="Vector2" n="!$P" />
        <Key v="20202866798502" t="String" n="$T" />
        <Key v="%M1" t="String" n="T" />
        <Key v="Výborně. Už se o něj opravdu bojím. Jděte prosím co nejdříve." t="String" n="%X" />
      </Data>
      <Data n="20183300184408e">
        <Key v="7350,-4600" t="Vector2" n="!$P" />
        <Key v="20202866798502" t="String" n="$T" />
        <Key v="%M1" t="String" n="T" />
        <Key v="No jasně, jak jinak. Dobrá tedy. Když mi přivedeš Walbarta živého a zdravého zaplatím ti 20 stříbrných." t="String" n="%X" />
      </Data>
      <Data n="20183300222596e">
        <Key v="7350,-4800" t="Vector2" n="!$P" />
        <Key v="20202866798502" t="String" n="$T" />
        <Key v="%M1" t="String" n="T" />
        <Key v="Škoda no, no snad bude v pořádku." t="String" n="%X" />
      </Data>
      <Data n="20183300659400e">
        <Key v="10350,-5000" t="Vector2" n="!$P" />
        <Key v="20202866798502" t="String" n="$T" />
        <Key v="%M1" t="String" n="T" />
        <Key v="Skvělé. Tak a teď k tvojí odměně. Tady jak jsem slíbil 10 stříbrných a 2 lektvary." t="String" n="%X" />
      </Data>
      <Data n="20183301199533e">
        <Key v="7950,-5400" t="Vector2" n="!$P" />
        <Key v="20202866798502" t="String" n="$T" />
        <Key v="%M1" t="String" n="T" />
        <Key v="A, výborně. Jsem rád, že je Walbart v pořádku. Nerad bych si sháněl nového učně. Zde slíbená odměna a něco navíc za to, že jste mi ho přivedli v pořádku." t="String" n="%X" />
      </Data>
      <Data n="20183301182729e">
        <Key v="7500,-5600" t="Vector2" n="!$P" />
        <Key v="20202866798502" t="String" n="$T" />
        <Key v="%M1" t="String" n="T" />
        <Key v="Ach ne, měl jsem ho rád. No se nedá nic dělat. Budu si muset najít nového učně. Tady alespoň část vaší odměny za výdaje...." t="String" n="%X" />
      </Data>
      <Data n="20183186016789e">
        <Key v="7950,-3600" t="Vector2" n="!$P" />
        <Key v="20202866798502" t="String" n="$T" />
        <Key v="%M1" t="String" n="T" />
        <Key v="Jo vidíš, jsem to hlava děravá. No jasně. Takže to máme deset, dvacet &lt;mumlání si&gt;. Když mi přineseš všechno, co chci, dám ti 10 stříbrných a nějakeké lektvary k tomu. Tak co ty na to?" t="String" n="%X" />
      </Data>
      <Data n="20183300716297e">
        <Key v="10950,-5000" t="Vector2" n="!$P" />
        <Key v="20202866798502" t="String" n="$T" />
        <Key v="Super, díky moc Toxíku." t="String" n="%X" />
      </Data>
      <Data n="20183301210565e">
        <Key v="8550,-5400" t="Vector2" n="!$P" />
        <Key v="20202866798502" t="String" n="$T" />
        <Key v="Skvělé, díky Toxíku" t="String" n="%X" />
      </Data>
    </Data>
    <Data n="$Conns">
      <Data n="20183164470850c">
        <Key v="20183164470850e" t="String" n="$E" />
      </Data>
      <Data n="20183164490649c">
        <Key v="20183164490649e" t="String" n="$E" />
        <Key v="20183164470850e" t="String" n="$S" />
      </Data>
      <Data n="20183164493724c">
        <Key v="20183164493724e" t="String" n="$E" />
        <Key v="20183164490649e" t="String" n="$S" />
      </Data>
      <Data n="20183164492514c">
        <Key v="20183164492514e" t="String" n="$E" />
        <Key v="20183164490649e" t="String" n="$S" />
      </Data>
      <Data n="20183183839742c">
        <Key v="20183183839742e" t="String" n="$E" />
        <Key v="20183164490649e" t="String" n="$S" />
      </Data>
      <Data n="20183164492806c">
        <Key v="20183164492806e" t="String" n="$E" />
        <Key v="20183183839742e" t="String" n="$S" />
      </Data>
      <Data n="20183183847465c">
        <Key v="20183183847465e" t="String" n="$E" />
        <Key v="20183164492806e" t="String" n="$S" />
      </Data>
      <Data n="20183164492944c">
        <Key v="20183164492944e" t="String" n="$E" />
        <Key v="20183164490649e" t="String" n="$S" />
      </Data>
      <Data n="20183164493102c">
        <Key v="20183164493102e" t="String" n="$E" />
        <Key v="20183164490649e" t="String" n="$S" />
      </Data>
      <Data n="20183183850092c">
        <Key v="20183183850092e" t="String" n="$E" />
        <Key v="20183164490649e" t="String" n="$S" />
      </Data>
      <Data n="20183183843754c">
        <Key v="20183183843754e" t="String" n="$E" />
        <Key v="20183183850092e" t="String" n="$S" />
      </Data>
      <Data n="20183164493723c">
        <Key v="20183164493723e" t="String" n="$E" />
        <Key v="20183164493724e" t="String" n="$S" />
      </Data>
      <Data n="20183164492513c">
        <Key v="20183164492513e" t="String" n="$E" />
        <Key v="20183164492514e" t="String" n="$S" />
      </Data>
      <Data n="20183164492805c">
        <Key v="20183164492805e" t="String" n="$E" />
        <Key v="20183183847465e" t="String" n="$S" />
      </Data>
      <Data n="20183164492943c">
        <Key v="20183164492943e" t="String" n="$E" />
        <Key v="20183164492944e" t="String" n="$S" />
      </Data>
      <Data n="20183164493103c">
        <Key v="20183164493103e" t="String" n="$E" />
        <Key v="20183164493102e" t="String" n="$S" />
      </Data>
      <Data n="20183183843753c">
        <Key v="20183183843753e" t="String" n="$E" />
        <Key v="20183183843754e" t="String" n="$S" />
      </Data>
      <Data n="20183164557088c">
        <Key v="20183164557088e" t="String" n="$E" />
        <Key v="20183164492513e" t="String" n="$S" />
      </Data>
      <Data n="20183165013182c">
        <Key v="20183165013182e" t="String" n="$E" />
        <Key v="20183164492805e" t="String" n="$S" />
      </Data>
      <Data n="20183164648515c">
        <Key v="20183164648515e" t="String" n="$E" />
        <Key v="20183164492943e" t="String" n="$S" />
      </Data>
      <Data n="20183164877753c">
        <Key v="20183164877753e" t="String" n="$E" />
        <Key v="20183164493103e" t="String" n="$S" />
      </Data>
      <Data n="20183183827057c">
        <Key v="20183183827057e" t="String" n="$E" />
        <Key v="20183183843753e" t="String" n="$S" />
      </Data>
      <Data n="20183164567772c">
        <Key v="20183164567772e" t="String" n="$E" />
        <Key v="20183164557088e" t="String" n="$S" />
      </Data>
      <Data n="20183165030989c">
        <Key v="20183165030989e" t="String" n="$E" />
        <Key v="20183165013182e" t="String" n="$S" />
      </Data>
      <Data n="20183164639487c">
        <Key v="20183164639487e" t="String" n="$E" />
        <Key v="20183164648515e" t="String" n="$S" />
      </Data>
      <Data n="20183164871631c">
        <Key v="20183164871631e" t="String" n="$E" />
        <Key v="20183164877753e" t="String" n="$S" />
      </Data>
      <Data n="20183183860810c">
        <Key v="20183183860810e" t="String" n="$E" />
        <Key v="20183183827057e" t="String" n="$S" />
      </Data>
      <Data n="20183185303306c">
        <Key v="20183185303306e" t="String" n="$E" />
        <Key v="20183183827057e" t="String" n="$S" />
      </Data>
      <Data n="20183183858525c">
        <Key v="20183183858525e" t="String" n="$E" />
        <Key v="20183185303306e" t="String" n="$S" />
      </Data>
      <Data n="20183183858708c">
        <Key v="20183183858708e" t="String" n="$E" />
        <Key v="20183183827057e" t="String" n="$S" />
      </Data>
      <Data n="20183185886414c">
        <Key v="20183185886414e" t="String" n="$E" />
        <Key v="20183183827057e" t="String" n="$S" />
      </Data>
      <Data n="20183183858896c">
        <Key v="20183183858896e" t="String" n="$E" />
        <Key v="20183185886414e" t="String" n="$S" />
      </Data>
      <Data n="20183300282722c">
        <Key v="20183300282722e" t="String" n="$E" />
        <Key v="20183183827057e" t="String" n="$S" />
      </Data>
      <Data n="20183300280320c">
        <Key v="20183300280320e" t="String" n="$E" />
        <Key v="20183300282722e" t="String" n="$S" />
      </Data>
      <Data n="20183301237946c">
        <Key v="20183301237946e" t="String" n="$E" />
        <Key v="20183183827057e" t="String" n="$S" />
      </Data>
      <Data n="20183300280750c">
        <Key v="20183300280750e" t="String" n="$E" />
        <Key v="20183301237946e" t="String" n="$S" />
      </Data>
      <Data n="20183164592285c">
        <Key v="20183164592285e" t="String" n="$E" />
        <Key v="20183164567772e" t="String" n="$S" />
      </Data>
      <Data n="20183165035480c">
        <Key v="20183165035480e" t="String" n="$E" />
        <Key v="20183165030989e" t="String" n="$S" />
      </Data>
      <Data n="20183164644503c">
        <Key v="20183164644503e" t="String" n="$E" />
        <Key v="20183164639487e" t="String" n="$S" />
      </Data>
      <Data n="20206616256027c">
        <Key v="20183164490649e" t="String" n="$E" />
        <Key v="20183164871631e" t="String" n="$S" />
      </Data>
      <Data n="20183183860809c">
        <Key v="20183183860809e" t="String" n="$E" />
        <Key v="20183183860810e" t="String" n="$S" />
      </Data>
      <Data n="20183183858524c">
        <Key v="20183183858524e" t="String" n="$E" />
        <Key v="20183183858525e" t="String" n="$S" />
      </Data>
      <Data n="20183183858707c">
        <Key v="20183183858707e" t="String" n="$E" />
        <Key v="20183183858708e" t="String" n="$S" />
      </Data>
      <Data n="20183183858895c">
        <Key v="20183183858895e" t="String" n="$E" />
        <Key v="20183183858896e" t="String" n="$S" />
      </Data>
      <Data n="20183300280321c">
        <Key v="20183300280321e" t="String" n="$E" />
        <Key v="20183300280320e" t="String" n="$S" />
      </Data>
      <Data n="20183300280749c">
        <Key v="20183300280749e" t="String" n="$E" />
        <Key v="20183300280750e" t="String" n="$S" />
      </Data>
      <Data n="20206616256034c">
        <Key v="20183164490649e" t="String" n="$E" />
        <Key v="20183164592285e" t="String" n="$S" />
      </Data>
      <Data n="20183165093057c">
        <Key v="20183165093057e" t="String" n="$E" />
        <Key v="20183165035480e" t="String" n="$S" />
      </Data>
      <Data n="20206616256036c">
        <Key v="20183164490649e" t="String" n="$E" />
        <Key v="20183164644503e" t="String" n="$S" />
      </Data>
      <Data n="20183183872052c">
        <Key v="20183183872052e" t="String" n="$E" />
        <Key v="20183183860809e" t="String" n="$S" />
      </Data>
      <Data n="20183184699146c">
        <Key v="20183184699146e" t="String" n="$E" />
        <Key v="20183183858524e" t="String" n="$S" />
      </Data>
      <Data n="20183185647560c">
        <Key v="20183185647560e" t="String" n="$E" />
        <Key v="20183183858707e" t="String" n="$S" />
      </Data>
      <Data n="20183185740104c">
        <Key v="20183185740104e" t="String" n="$E" />
        <Key v="20183183858895e" t="String" n="$S" />
      </Data>
      <Data n="20183300295712c">
        <Key v="20183300295712e" t="String" n="$E" />
        <Key v="20183300280321e" t="String" n="$S" />
      </Data>
      <Data n="20183300372997c">
        <Key v="20183300372997e" t="String" n="$E" />
        <Key v="20183300280749e" t="String" n="$S" />
      </Data>
      <Data n="20183165101118c">
        <Key v="20183165101118e" t="String" n="$E" />
        <Key v="20183165093057e" t="String" n="$S" />
      </Data>
      <Data n="20206616256044c">
        <Key v="20183164490649e" t="String" n="$E" />
        <Key v="20183183872052e" t="String" n="$S" />
      </Data>
      <Data n="20183184718650c">
        <Key v="20183184718650e" t="String" n="$E" />
        <Key v="20183184699146e" t="String" n="$S" />
      </Data>
      <Data n="20206616256046c">
        <Key v="20183183827057e" t="String" n="$E" />
        <Key v="20183185647560e" t="String" n="$S" />
      </Data>
      <Data n="20183185873370c">
        <Key v="20183185873370e" t="String" n="$E" />
        <Key v="20183185740104e" t="String" n="$S" />
      </Data>
      <Data n="20183300613378c">
        <Key v="20183300613378e" t="String" n="$E" />
        <Key v="20183300295712e" t="String" n="$S" />
      </Data>
      <Data n="20183300613528c">
        <Key v="20183300613528e" t="String" n="$E" />
        <Key v="20183300613378e" t="String" n="$S" />
      </Data>
      <Data n="20183300613803c">
        <Key v="20183300613803e" t="String" n="$E" />
        <Key v="20183300613528e" t="String" n="$S" />
      </Data>
      <Data n="20183300628720c">
        <Key v="20183300628720e" t="String" n="$E" />
        <Key v="20183300613803e" t="String" n="$S" />
      </Data>
      <Data n="20183300629153c">
        <Key v="20183300629153e" t="String" n="$E" />
        <Key v="20183300628720e" t="String" n="$S" />
      </Data>
      <Data n="20183300382373c">
        <Key v="20183300382373e" t="String" n="$E" />
        <Key v="20183300629153e" t="String" n="$S" />
      </Data>
      <Data n="20183300382589c">
        <Key v="20183300382589e" t="String" n="$E" />
        <Key v="20183300295712e" t="String" n="$S" />
      </Data>
      <Data n="20183301051932c">
        <Key v="20183301051932e" t="String" n="$E" />
        <Key v="20183300372997e" t="String" n="$S" />
      </Data>
      <Data n="20183301025773c">
        <Key v="20183301025773e" t="String" n="$E" />
        <Key v="20183301051932e" t="String" n="$S" />
      </Data>
      <Data n="20183301057466c">
        <Key v="20183301057466e" t="String" n="$E" />
        <Key v="20183300372997e" t="String" n="$S" />
      </Data>
      <Data n="20183300377710c">
        <Key v="20183300377710e" t="String" n="$E" />
        <Key v="20183301057466e" t="String" n="$S" />
      </Data>
      <Data n="20183300378002c">
        <Key v="20183300378002e" t="String" n="$E" />
        <Key v="20183300372997e" t="String" n="$S" />
      </Data>
      <Data n="20206616256060c">
        <Key v="20183183827057e" t="String" n="$E" />
        <Key v="20183165101118e" t="String" n="$S" />
      </Data>
      <Data n="20183184747895c">
        <Key v="20183184747895e" t="String" n="$E" />
        <Key v="20183184718650e" t="String" n="$S" />
      </Data>
      <Data n="20183185875013c">
        <Key v="20183185875013e" t="String" n="$E" />
        <Key v="20183185873370e" t="String" n="$S" />
      </Data>
      <Data n="20183300238209c">
        <Key v="20183300238209e" t="String" n="$E" />
        <Key v="20183185875013e" t="String" n="$S" />
      </Data>
      <Data n="20183185875193c">
        <Key v="20183185875193e" t="String" n="$E" />
        <Key v="20183185873370e" t="String" n="$S" />
      </Data>
      <Data n="20183185875360c">
        <Key v="20183185875360e" t="String" n="$E" />
        <Key v="20183185873370e" t="String" n="$S" />
      </Data>
      <Data n="20183300382372c">
        <Key v="20183300382372e" t="String" n="$E" />
        <Key v="20183300382373e" t="String" n="$S" />
      </Data>
      <Data n="20183300382590c">
        <Key v="20183300382590e" t="String" n="$E" />
        <Key v="20183300382589e" t="String" n="$S" />
      </Data>
      <Data n="20183301025774c">
        <Key v="20183301025774e" t="String" n="$E" />
        <Key v="20183301025773e" t="String" n="$S" />
      </Data>
      <Data n="20183300377709c">
        <Key v="20183300377709e" t="String" n="$E" />
        <Key v="20183300377710e" t="String" n="$S" />
      </Data>
      <Data n="20183300378003c">
        <Key v="20183300378003e" t="String" n="$E" />
        <Key v="20183300378002e" t="String" n="$S" />
      </Data>
      <Data n="20183185135141c">
        <Key v="20183185135141e" t="String" n="$E" />
        <Key v="20183184747895e" t="String" n="$S" />
      </Data>
      <Data n="20183184749735c">
        <Key v="20183184749735e" t="String" n="$E" />
        <Key v="20183184747895e" t="String" n="$S" />
      </Data>
      <Data n="20183185273819c">
        <Key v="20183185273819e" t="String" n="$E" />
        <Key v="20183184749735e" t="String" n="$S" />
      </Data>
      <Data n="20183184749889c">
        <Key v="20183184749889e" t="String" n="$E" />
        <Key v="20183184747895e" t="String" n="$S" />
      </Data>
      <Data n="20183185875014c">
        <Key v="20183185875014e" t="String" n="$E" />
        <Key v="20183300238209e" t="String" n="$S" />
      </Data>
      <Data n="20183185875192c">
        <Key v="20183185875192e" t="String" n="$E" />
        <Key v="20183185875193e" t="String" n="$S" />
      </Data>
      <Data n="20183185875359c">
        <Key v="20183185875359e" t="String" n="$E" />
        <Key v="20183185875360e" t="String" n="$S" />
      </Data>
      <Data n="20183300741297c">
        <Key v="20183300741297e" t="String" n="$E" />
        <Key v="20183300382372e" t="String" n="$S" />
      </Data>
      <Data n="20183300741481c">
        <Key v="20183300741481e" t="String" n="$E" />
        <Key v="20183300741297e" t="String" n="$S" />
      </Data>
      <Data n="20183300747615c">
        <Key v="20183300747615e" t="String" n="$E" />
        <Key v="20183300741481e" t="String" n="$S" />
      </Data>
      <Data n="20183300891911c">
        <Key v="20183300891911e" t="String" n="$E" />
        <Key v="20183300382590e" t="String" n="$S" />
      </Data>
      <Data n="20183301228642c">
        <Key v="20183301228642e" t="String" n="$E" />
        <Key v="20183301025774e" t="String" n="$S" />
      </Data>
      <Data n="20183301230585c">
        <Key v="20183301230585e" t="String" n="$E" />
        <Key v="20183301228642e" t="String" n="$S" />
      </Data>
      <Data n="20183301221257c">
        <Key v="20183301221257e" t="String" n="$E" />
        <Key v="20183300377709e" t="String" n="$S" />
      </Data>
      <Data n="20183301215827c">
        <Key v="20183301215827e" t="String" n="$E" />
        <Key v="20183300378003e" t="String" n="$S" />
      </Data>
      <Data n="20183185135140c">
        <Key v="20183185135140e" t="String" n="$E" />
        <Key v="20183185135141e" t="String" n="$S" />
      </Data>
      <Data n="20183184749734c">
        <Key v="20183184749734e" t="String" n="$E" />
        <Key v="20183185273819e" t="String" n="$S" />
      </Data>
      <Data n="20183184749890c">
        <Key v="20183184749890e" t="String" n="$E" />
        <Key v="20183184749889e" t="String" n="$S" />
      </Data>
      <Data n="20183300227972c">
        <Key v="20183300227972e" t="String" n="$E" />
        <Key v="20183185875014e" t="String" n="$S" />
      </Data>
      <Data n="20183300184408c">
        <Key v="20183300184408e" t="String" n="$E" />
        <Key v="20183185875192e" t="String" n="$S" />
      </Data>
      <Data n="20183300222596c">
        <Key v="20183300222596e" t="String" n="$E" />
        <Key v="20183185875359e" t="String" n="$S" />
      </Data>
      <Data n="20183300659400c">
        <Key v="20183300659400e" t="String" n="$E" />
        <Key v="20183300747615e" t="String" n="$S" />
      </Data>
      <Data n="20206616256094c">
        <Key v="20183183827057e" t="String" n="$E" />
        <Key v="20183300891911e" t="String" n="$S" />
      </Data>
      <Data n="20183301199533c">
        <Key v="20183301199533e" t="String" n="$E" />
        <Key v="20183301230585e" t="String" n="$S" />
      </Data>
      <Data n="20183301182729c">
        <Key v="20183301182729e" t="String" n="$E" />
        <Key v="20183301221257e" t="String" n="$S" />
      </Data>
      <Data n="20206616256098c">
        <Key v="20183183827057e" t="String" n="$E" />
        <Key v="20183301215827e" t="String" n="$S" />
      </Data>
      <Data n="20183186016789c">
        <Key v="20183186016789e" t="String" n="$E" />
        <Key v="20183185135140e" t="String" n="$S" />
      </Data>
      <Data n="20206616256100c">
        <Key v="20183183827057e" t="String" n="$E" />
        <Key v="20183184749734e" t="String" n="$S" />
      </Data>
      <Data n="20206616256101c">
        <Key v="20183183827057e" t="String" n="$E" />
        <Key v="20183184749890e" t="String" n="$S" />
      </Data>
      <Data n="20206616256102c">
        <Key v="20183183827057e" t="String" n="$E" />
        <Key v="20183300227972e" t="String" n="$S" />
      </Data>
      <Data n="20206616256103c">
        <Key v="20183185873370e" t="String" n="$E" />
        <Key v="20183300184408e" t="String" n="$S" />
      </Data>
      <Data n="20206616256104c">
        <Key v="20183183827057e" t="String" n="$E" />
        <Key v="20183300222596e" t="String" n="$S" />
      </Data>
      <Data n="20183300716297c">
        <Key v="20183300716297e" t="String" n="$E" />
        <Key v="20183300659400e" t="String" n="$S" />
      </Data>
      <Data n="20183301210565c">
        <Key v="20183301210565e" t="String" n="$E" />
        <Key v="20183301199533e" t="String" n="$S" />
      </Data>
      <Data n="20206616256107c">
        <Key v="20183164490649e" t="String" n="$E" />
        <Key v="20183301182729e" t="String" n="$S" />
      </Data>
      <Data n="20206616256108c">
        <Key v="20183184747895e" t="String" n="$E" />
        <Key v="20183186016789e" t="String" n="$S" />
      </Data>
      <Data n="20206616256109c">
        <Key v="20183164490649e" t="String" n="$E" />
        <Key v="20183300716297e" t="String" n="$S" />
      </Data>
      <Data n="20206616256110c">
        <Key v="20183164490649e" t="String" n="$E" />
        <Key v="20183301210565e" t="String" n="$S" />
      </Data>
    </Data>
  </Data>
</DataRoot>