﻿<?xml version="1.0" encoding="utf-8"?>
<DataRoot n="D">
  <Data n="20162629375301">
    <Data n="$Elems">
      <Data n="20162643006720e">
        <Key v="450,0" t="Vector2" n="!$P" />
        <Key v="_EGate" t="String" n="$T" />
        <Key v="G0" t="String" n="GT" />
        <Key v="Mosdany_nezajem" t="String" n="Var" />
      </Data>
      <Data n="20162642868547e">
        <Key v="450,-3000" t="Vector2" n="!$P" />
        <Key v="_EGate" t="String" n="$T" />
        <Key v="G0" t="String" n="GT" />
        <Key v="Mosdany_o_druzine" t="String" n="Var" />
      </Data>
      <Data n="20162642869905e">
        <Key v="750,-3000" t="Vector2" n="!$P" />
        <Key v="_EGate" t="String" n="$T" />
        <Key v="G0" t="String" n="GT" />
        <Key v="Mosdany_predstaveni" t="String" n="Var" />
      </Data>
      <Data n="20162643282030e">
        <Key v="1050,-3000" t="Vector2" n="!$P" />
        <Key v="_EGate" t="String" n="$T" />
        <Key v="G0" t="String" n="GT" />
        <Key v="Mosdany_nezajem" t="String" n="Var" />
      </Data>
      <Data n="20162642897914e">
        <Key v="450,-3400" t="Vector2" n="!$P" />
        <Key v="20202866798502" t="String" n="$T" />
        <Key v="%M1" t="String" n="T" />
        <Key v="Jdi si votravovat jinam...." t="String" n="%X" />
      </Data>
      <Data n="20162642211709e">
        <Key v="900,0" t="Vector2" n="!$P" />
        <Key v="20202866798502" t="String" n="$T" />
        <Key v="%M1" t="String" n="T" />
        <Key v="A, to jste vy. V klidu sedejte... Přišli jste si zahrát jednu partičku &quot;Hledačů&quot;? Nebo jen tak na pívo &lt;smích&gt;" t="String" n="%X" />
      </Data>
      <Data n="20162632552869e">
        <Key v="1500,-3000" t="Vector2" n="!$P" />
        <Key v="20202866798502" t="String" n="$T" />
        <Key v="Zdravím. Můžem přisednout na kus řeči?" t="String" n="%X" />
      </Data>
      <Data n="20162642882678e">
        <Key v="1500,0" t="Vector2" n="!$P" />
        <Key v="20206495856812" t="String" n="$T" />
        <Key v="Mosdeny možnosti" t="String" n="!%Txt" />
      </Data>
      <Data n="20162632560582e">
        <Key v="2100,-3000" t="Vector2" n="!$P" />
        <Key v="20202866798502" t="String" n="$T" />
        <Key v="%M1" t="String" n="T" />
        <Key v="Jasně, proč ne. Společnost není nikdy na škodu. Ačkoli tam, odkud pocházím bylo vždy vhodné koupit rundu piv. Co říkáš? Je to taková slušnost." t="String" n="%X" />
      </Data>
      <Data n="20162643113609e">
        <Key v="2100,0" t="Vector2" n="!$P" />
        <Key v="_EGate" t="String" n="$T" />
        <Key v="G0" t="String" n="GT" />
        <Key v="1" t="Int32" n="Ex" />
        <Key v="Mosdany_o_druzine" t="String" n="Var" />
      </Data>
      <Data n="20162643103128e">
        <Key v="2400,0" t="Vector2" n="!$P" />
        <Key v="20202934699316" t="String" n="$T" />
        <Key v="Ohledně hry &quot;Hledání pokladů&quot;" t="String" n="%CX" />
      </Data>
      <Data n="20162643077618e">
        <Key v="2100,-1200" t="Vector2" n="!$P" />
        <Key v="20202934699316" t="String" n="$T" />
        <Key v="Něco o tobě?" t="String" n="%CX" />
      </Data>
      <Data n="20162643150715e">
        <Key v="2100,-2400" t="Vector2" n="!$P" />
        <Key v="20202934699316" t="String" n="$T" />
        <Key v="Naverbovat Mosdenyho" t="String" n="%CX" />
      </Data>
      <Data n="20162632588937e">
        <Key v="2700,-3000" t="Vector2" n="!$P" />
        <Key v="20202934699316" t="String" n="$T" />
        <Key v="Koupit rundu piva" t="String" n="%CX" />
      </Data>
      <Data n="20162632609411e">
        <Key v="3150,-3000" t="Vector2" n="!$P" />
        <Key v="20206371455404" t="String" n="$T" />
        <Key v="CkI" t="String" n="GT" />
        <Key v="SaT" t="String" n="T" />
        <Key v="1" t="String" n="M" />
        <Key v="2" t="String" n="C" />
      </Data>
      <Data n="20162632603960e">
        <Key v="3600,-3000" t="Vector2" n="!$P" />
        <Key v="20206371455404" t="String" n="$T" />
        <Key v="Pravidla pro alkohol." t="String" n="!%Txt" />
        <Key v="" t="String" n="GT" />
      </Data>
      <Data n="20162632589190e">
        <Key v="2700,-3200" t="Vector2" n="!$P" />
        <Key v="20202934699316" t="String" n="$T" />
        <Key v="Nic nekupovat" t="String" n="%CX" />
      </Data>
      <Data n="20162643002838e">
        <Key v="3150,-3200" t="Vector2" n="!$P" />
        <Key v="_EFunc" t="String" n="$T" />
        <Key v="G0" t="String" n="GT" />
        <Key v="Mosdany_nezajem" t="String" n="Var" />
      </Data>
      <Data n="20162643103129e">
        <Key v="2850,0" t="Vector2" n="!$P" />
        <Key v="20202866798502" t="String" n="$T" />
        <Key v="Ty Mosdany, předtím si mluvil o hře &quot;Hledání pokladů&quot;. Furt si chceš zahrát?" t="String" n="%X" />
      </Data>
      <Data n="20162643077617e">
        <Key v="2550,-1200" t="Vector2" n="!$P" />
        <Key v="20202866798502" t="String" n="$T" />
        <Key v="Řekni nám něco o sobě, ať nejsme navzájem takoví cizinci. Chcem slyšet tvůj příběh." t="String" n="%X" />
      </Data>
      <Data n="20162643150714e">
        <Key v="2550,-2400" t="Vector2" n="!$P" />
        <Key v="20202866798502" t="String" n="$T" />
        <Key v="Mosdany, tak mě napadlo. Nechceš se k nám přidat? Stejně se jen tak potloukáš, orci ti vzali domov, tak máš jistě důvod jim to vrátit, ne?" t="String" n="%X" />
      </Data>
      <Data n="20162632588936e">
        <Key v="4050,-3000" t="Vector2" n="!$P" />
        <Key v="20202866798502" t="String" n="$T" />
        <Key v="Vrchní,  jednu rundu piv." t="String" n="%X" />
      </Data>
      <Data n="20162632589189e">
        <Key v="3600,-3200" t="Vector2" n="!$P" />
        <Key v="20202866798502" t="String" n="$T" />
        <Key v="Ty, na to kašlem. Sponzorovat kde jakýho vandráka." t="String" n="%X" />
      </Data>
      <Data n="20162946213327e">
        <Key v="3450,0" t="Vector2" n="!$P" />
        <Key v="20202866798502" t="String" n="$T" />
        <Key v="%M1" t="String" n="T" />
        <Key v="Jasně, já můžu vždycky." t="String" n="%X" />
      </Data>
      <Data n="20162641898239e">
        <Key v="3150,-1200" t="Vector2" n="!$P" />
        <Key v="20202866798502" t="String" n="$T" />
        <Key v="%M1" t="String" n="T" />
        <Key v="Heh, &lt; přátelský úšklebek&gt; to máte asi pravdu. Tak kde bych začal. Jmenuju se Mosdany." t="String" n="%X" />
      </Data>
      <Data n="20162643183726e">
        <Key v="3150,-2400" t="Vector2" n="!$P" />
        <Key v="_EGate" t="String" n="$T" />
        <Key v="G0" t="String" n="GT" />
        <Key v="1" t="Int32" n="Ex" />
        <Key v="Mosdany_prohral" t="String" n="Var" />
      </Data>
      <Data n="20162643183263e">
        <Key v="3150,-2600" t="Vector2" n="!$P" />
        <Key v="20202866798502" t="String" n="$T" />
        <Key v="%M1" t="String" n="T" />
        <Key v="No, nezní to špatně. Celkem nad tím uvažuju. Ale přece nebudu cestovat s někým, kdo není ani schopen mě porazit v &quot;Hledačích pokladů&quot;..." t="String" n="%X" />
      </Data>
      <Data n="20162640230471e">
        <Key v="4650,-3000" t="Vector2" n="!$P" />
        <Key v="20202866798502" t="String" n="$T" />
        <Key v="%M1" t="String" n="T" />
        <Key v="Tak se mi to líbí. Tak se pěkně posaďte a vyprávějte, co Vás přivádí do týhle zaplivaný putiky. &lt;smích&gt;" t="String" n="%X" />
      </Data>
      <Data n="20162632597374e">
        <Key v="4200,-3200" t="Vector2" n="!$P" />
        <Key v="20202866798502" t="String" n="$T" />
        <Key v="%M1" t="String" n="T" />
        <Key v="V tom případě je tady obsazeno." t="String" n="%X" />
      </Data>
      <Data n="20162642142690e">
        <Key v="4050,0" t="Vector2" n="!$P" />
        <Key v="20206495856812" t="String" n="$T" />
        <Key v="Ohledně hraní &quot;Hledače pokladů&quot;" t="String" n="!%Txt" />
      </Data>
      <Data n="20162641750387e">
        <Key v="3750,-1200" t="Vector2" n="!$P" />
        <Key v="20202866798502" t="String" n="$T" />
        <Key v="%M1" t="String" n="T" />
        <Key v="Pocházím od hraniční pevnosti Dernot. Když ji před nedávnem napadli orci, utekl jsem dále do vnitrozemí. Chvíli jsem se jen tak potuloval v pustinách. Pracoval jsem chvilku pro jednoho votrapu z Tarmy." t="String" n="%X" />
      </Data>
      <Data n="20162643181492e">
        <Key v="3600,-2400" t="Vector2" n="!$P" />
        <Key v="20202866798502" t="String" n="$T" />
        <Key v="%M1" t="String" n="T" />
        <Key v="No, když nad tím tak uvažuju. Rád se k vám přidám. &quot;Hledače pokladů&quot; umíte, takže si můžem na cestách zahrát, když bude nuda. Ale jak se tak na vás dívám, s váma nuda nebude. &lt;smích&gt;" t="String" n="%X" />
      </Data>
      <Data n="20162643214551e">
        <Key v="3750,-2600" t="Vector2" n="!$P" />
        <Key v="20202934699316" t="String" n="$T" />
        <Key v="Výhra tě přemluví?" t="String" n="%CX" />
      </Data>
      <Data n="20162643250883e">
        <Key v="3750,-2800" t="Vector2" n="!$P" />
        <Key v="20202934699316" t="String" n="$T" />
        <Key v="Zpět na možnosti" t="String" n="%CX" />
      </Data>
      <Data n="20162641848781e">
        <Key v="5250,-3000" t="Vector2" n="!$P" />
        <Key v="20206495856812" t="String" n="$T" />
        <Key v="První seznámení." t="String" n="!%Txt" />
      </Data>
      <Data n="20162641507220e">
        <Key v="4650,0" t="Vector2" n="!$P" />
        <Key v="20202934699316" t="String" n="$T" />
        <Key v="Zeptat se na sázky" t="String" n="%CX" />
      </Data>
      <Data n="20162641501609e">
        <Key v="4650,-800" t="Vector2" n="!$P" />
        <Key v="20202934699316" t="String" n="$T" />
        <Key v="Odmítnout. Nicméně nezavrhovat" t="String" n="%CX" />
      </Data>
      <Data n="20162641501241e">
        <Key v="4650,-1000" t="Vector2" n="!$P" />
        <Key v="20202934699316" t="String" n="$T" />
        <Key v="Přijmout a zahrát si hru" t="String" n="%CX" />
      </Data>
      <Data n="20162641781959e">
        <Key v="4350,-1200" t="Vector2" n="!$P" />
        <Key v="20202866798502" t="String" n="$T" />
        <Key v="%M1" t="String" n="T" />
        <Key v="Nicméně nedávno začalo být horko i v Tarmě a tak jsem šel raděj sem k Mantu. Většinu času trávím na lovu. To je totiž to co dělám a co mi jde asi nejíp. No a když nějaká ta kačka zbyde, tak si zajdu na pivo." t="String" n="%X" />
      </Data>
      <Data n="20162643199157e">
        <Key v="4200,-2400" t="Vector2" n="!$P" />
        <Key v="20206371455404" t="String" n="$T" />
        <Key v="Mosdany se stává členem družiny" t="String" n="!%Txt" />
        <Key v="" t="String" n="GT" />
      </Data>
      <Data n="20162643214552e">
        <Key v="4200,-2600" t="Vector2" n="!$P" />
        <Key v="20202866798502" t="String" n="$T" />
        <Key v="A co když tě porazíme?" t="String" n="%X" />
      </Data>
      <Data n="20162642048706e">
        <Key v="5850,-3000" t="Vector2" n="!$P" />
        <Key v="_EGate" t="String" n="$T" />
        <Key v="G0" t="String" n="GT" />
        <Key v="1" t="Int32" n="Ex" />
        <Key v="Mosdany_predstaveni" t="String" n="Var" />
      </Data>
      <Data n="20162642043322e">
        <Key v="6150,-3000" t="Vector2" n="!$P" />
        <Key v="20202934699316" t="String" n="$T" />
        <Key v="Nic mu neříkat" t="String" n="%CX" />
      </Data>
      <Data n="20162641466297e">
        <Key v="5850,-3200" t="Vector2" n="!$P" />
        <Key v="_EGate" t="String" n="$T" />
        <Key v="G1" t="String" n="GT" />
        <Key v="1" t="Int32" n="T2" />
        <Key v="9" t="Decimal" n="Val" />
        <Key v="HL" t="String" n="Cnt" />
        <Key v="Oeg" t="String" n="O" />
      </Data>
      <Data n="20162641302392e">
        <Key v="6150,-3200" t="Vector2" n="!$P" />
        <Key v="20202934699316" t="String" n="$T" />
        <Key v="Vyprávět mu o cíli výpravy" t="String" n="%CX" />
      </Data>
      <Data n="20162642199572e">
        <Key v="6600,-3200" t="Vector2" n="!$P" />
        <Key v="_EFunc" t="String" n="$T" />
        <Key v="G0" t="String" n="GT" />
        <Key v="Mosdany_o_druzine" t="String" n="Var" />
      </Data>
      <Data n="20162641423095e">
        <Key v="5850,-3400" t="Vector2" n="!$P" />
        <Key v="_EGate" t="String" n="$T" />
        <Key v="G1" t="String" n="GT" />
        <Key v="1" t="Int32" n="T2" />
        <Key v="7" t="Decimal" n="Val" />
        <Key v="HL" t="String" n="Cnt" />
        <Key v="Oel" t="String" n="O" />
      </Data>
      <Data n="20162641302143e">
        <Key v="6150,-3400" t="Vector2" n="!$P" />
        <Key v="20202934699316" t="String" n="$T" />
        <Key v="Vyprávět mu o cíli výpravy" t="String" n="%CX" />
      </Data>
      <Data n="20162642194860e">
        <Key v="6600,-3400" t="Vector2" n="!$P" />
        <Key v="_EFunc" t="String" n="$T" />
        <Key v="G0" t="String" n="GT" />
        <Key v="Mosdany_o_druzine" t="String" n="Var" />
      </Data>
      <Data n="20162642028851e">
        <Key v="5850,-3600" t="Vector2" n="!$P" />
        <Key v="_EGate" t="String" n="$T" />
        <Key v="G0" t="String" n="GT" />
        <Key v="Mosdany_predstaveni" t="String" n="Var" />
      </Data>
      <Data n="20162641274231e">
        <Key v="6150,-3600" t="Vector2" n="!$P" />
        <Key v="20202934699316" t="String" n="$T" />
        <Key v="Nejdříve se optat jeho" t="String" n="%CX" />
      </Data>
      <Data n="20162642033319e">
        <Key v="6600,-3600" t="Vector2" n="!$P" />
        <Key v="_EFunc" t="String" n="$T" />
        <Key v="G0" t="String" n="GT" />
        <Key v="Mosdany_predstaveni" t="String" n="Var" />
      </Data>
      <Data n="20162641311812e">
        <Key v="5850,-3800" t="Vector2" n="!$P" />
        <Key v="_EGate" t="String" n="$T" />
        <Key v="G1" t="String" n="GT" />
        <Key v="1" t="Int32" n="T2" />
        <Key v="8" t="Decimal" n="Val" />
        <Key v="HL" t="String" n="Cnt" />
        <Key v="Oe" t="String" n="O" />
      </Data>
      <Data n="20162641273676e">
        <Key v="6150,-3800" t="Vector2" n="!$P" />
        <Key v="20202934699316" t="String" n="$T" />
        <Key v="Vyprávět mu o cíli výpravy" t="String" n="%CX" />
      </Data>
      <Data n="20162642199941e">
        <Key v="6600,-3800" t="Vector2" n="!$P" />
        <Key v="_EFunc" t="String" n="$T" />
        <Key v="G0" t="String" n="GT" />
        <Key v="Mosdany_o_druzine" t="String" n="Var" />
      </Data>
      <Data n="20162642053470e">
        <Key v="5850,-4000" t="Vector2" n="!$P" />
        <Key v="_EGate" t="String" n="$T" />
        <Key v="G0" t="String" n="GT" />
        <Key v="Mosdany_predstaveni" t="String" n="Var" />
      </Data>
      <Data n="20162642051595e">
        <Key v="6150,-4000" t="Vector2" n="!$P" />
        <Key v="20202934699316" t="String" n="$T" />
        <Key v="Odejít" t="String" n="%CX" />
        <Key v="MrE" t="String" n="Spc" />
      </Data>
      <Data n="20162641507221e">
        <Key v="5100,0" t="Vector2" n="!$P" />
        <Key v="20202866798502" t="String" n="$T" />
        <Key v="A co budem hrát?" t="String" n="%X" />
      </Data>
      <Data n="20162641501608e">
        <Key v="5100,-800" t="Vector2" n="!$P" />
        <Key v="20202866798502" t="String" n="$T" />
        <Key v="Ne díky, na Hledače teď nemáme chuť. Možná později." t="String" n="%X" />
      </Data>
      <Data n="20162641501242e">
        <Key v="5100,-1000" t="Vector2" n="!$P" />
        <Key v="20202866798502" t="String" n="$T" />
        <Key v="Tak jo, jednu hru si dát můžem..." t="String" n="%X" />
      </Data>
      <Data n="20162643097159e">
        <Key v="4950,-1200" t="Vector2" n="!$P" />
        <Key v="_EGate" t="String" n="$T" />
        <Key v="G0" t="String" n="GT" />
        <Key v="Mosdany_o_druzine" t="String" n="Var" />
      </Data>
      <Data n="20162643219340e">
        <Key v="4800,-2600" t="Vector2" n="!$P" />
        <Key v="20202866798502" t="String" n="$T" />
        <Key v="%M1" t="String" n="T" />
        <Key v="Haha, to by byla jiná, pak bych nad tím vážně uvažoval. Ale mě na žádné &quot;co kdyby&quot; neužije &lt;úsměv&gt;." t="String" n="%X" />
      </Data>
      <Data n="20162642043323e">
        <Key v="6600,-3000" t="Vector2" n="!$P" />
        <Key v="20202866798502" t="String" n="$T" />
        <Key v="Hele, nic ti říkat nebudem." t="String" n="%X" />
      </Data>
      <Data n="20162641302391e">
        <Key v="7050,-3200" t="Vector2" n="!$P" />
        <Key v="20202866798502" t="String" n="$T" />
        <Key v="Ale, v Mantu jsme se jen zastavili. Potřebovali jsme si promluvit s jednou osobou. Ta nás nasměrovala dál, ale to nám nebránilo zajít si na jedno, že &lt;smích&gt;." t="String" n="%X" />
      </Data>
      <Data n="20162641302144e">
        <Key v="7050,-3400" t="Vector2" n="!$P" />
        <Key v="20202866798502" t="String" n="$T" />
        <Key v="Jasně, proč ne. Tak, tady jsme víceméně náhodou. Myslím v Mantě. Zavedla nás sem naše výprava. Máme za úkol najít legendárního kouzelníka Thémila, který prý může pomoci ve válce s orky." t="String" n="%X" />
      </Data>
      <Data n="20162641274232e">
        <Key v="7050,-3600" t="Vector2" n="!$P" />
        <Key v="20202866798502" t="String" n="$T" />
        <Key v="No heleď, my koupili pivo, tak je řada na tobě. Pověz nám něco o sobě." t="String" n="%X" />
      </Data>
      <Data n="20162641273677e">
        <Key v="7050,-3800" t="Vector2" n="!$P" />
        <Key v="20202866798502" t="String" n="$T" />
        <Key v="No Mantem jenom procházíme. Potřebujeme zde najít jednu osobu. Jmenuje se Morg, třeba ti to něco říká?" t="String" n="%X" />
      </Data>
      <Data n="20162642051594e">
        <Key v="6600,-4000" t="Vector2" n="!$P" />
        <Key v="20202866798502" t="String" n="$T" />
        <Key v="A víš co, vlastně si s tebou ani povídat nechceme." t="String" n="%X" />
      </Data>
      <Data n="20162641691196e">
        <Key v="5700,0" t="Vector2" n="!$P" />
        <Key v="20202866798502" t="String" n="$T" />
        <Key v="%M1" t="String" n="T" />
        <Key v="No, můžem si zahrát jen tak pro zábavu, nebo třeba o další rundu, co říkáš?" t="String" n="%X" />
      </Data>
      <Data n="20162641515459e">
        <Key v="5700,-1000" t="Vector2" n="!$P" />
        <Key v="20206371455404" t="String" n="$T" />
        <Key v="Přepnutí do rozhraní minihry." t="String" n="!%Txt" />
        <Key v="" t="String" n="GT" />
      </Data>
      <Data n="20162641832770e">
        <Key v="5400,-1200" t="Vector2" n="!$P" />
        <Key v="20202866798502" t="String" n="$T" />
        <Key v="%M1" t="String" n="T" />
        <Key v="Dobrá a teď je řada na vás. &lt;vřelý úsměv&gt;" t="String" n="%X" />
      </Data>
      <Data n="20162642065683e">
        <Key v="7200,-3000" t="Vector2" n="!$P" />
        <Key v="20202866798502" t="String" n="$T" />
        <Key v="%M1" t="String" n="T" />
        <Key v="Jak chcete. &lt;Mosdeny pije dál a nadále si vás nevšímá&gt;" t="String" n="%X" />
      </Data>
      <Data n="20162641489739e">
        <Key v="7650,-3200" t="Vector2" n="!$P" />
        <Key v="20202866798502" t="String" n="$T" />
        <Key v="%M1" t="String" n="T" />
        <Key v="Jo to máte teda pravdu, tak na zdraví. A když už jste tady, nedáte si partičku &quot;Hledače pokladů&quot;?" t="String" n="%X" />
      </Data>
      <Data n="20162643019271e">
        <Key v="7650,-3400" t="Vector2" n="!$P" />
        <Key v="20202866798502" t="String" n="$T" />
        <Key v="%M1" t="String" n="T" />
        <Key v="Panečku, tak to vás čeká ještě hodně práce. A nechcete si trochu odfrknout u partičky &quot;Hledačů pokladů&quot;? Co říkáte?" t="String" n="%X" />
      </Data>
      <Data n="20162641407696e">
        <Key v="7650,-3800" t="Vector2" n="!$P" />
        <Key v="20202866798502" t="String" n="$T" />
        <Key v="%M1" t="String" n="T" />
        <Key v="Jo tak to nemohu sloužit. Též tudy jen procházím. Nicméně, když jsem se tady sešli, takhle samí cestovatelé, co si zahrát jednu hru &quot;Hledače pokladů&quot;, co říkáte?" t="String" n="%X" />
      </Data>
      <Data n="20162642073611e">
        <Key v="7200,-4000" t="Vector2" n="!$P" />
        <Key v="20202866798502" t="String" n="$T" />
        <Key v="%M1" t="String" n="T" />
        <Key v="Hehe, vaše volba. Každopádně já mám pivo zdarma. &lt;smích&gt; &lt;Mosdeny pije dál a nadále si vás nevšímá&gt;" t="String" n="%X" />
      </Data>
      <Data n="20162641697986e">
        <Key v="6300,0" t="Vector2" n="!$P" />
        <Key v="20202934699316" t="String" n="$T" />
        <Key v="O rundu" t="String" n="%CX" />
      </Data>
      <Data n="20162946230158e">
        <Key v="6750,0" t="Vector2" n="!$P" />
        <Key v="20206371455404" t="String" n="$T" />
        <Key v="Hraní o rundu piv" t="String" n="!%Txt" />
        <Key v="" t="String" n="GT" />
      </Data>
      <Data n="20162641697431e">
        <Key v="6300,-400" t="Vector2" n="!$P" />
        <Key v="20202934699316" t="String" n="$T" />
        <Key v="Pro zábavu" t="String" n="%CX" />
      </Data>
      <Data n="20162641698315e">
        <Key v="6300,-600" t="Vector2" n="!$P" />
        <Key v="20202934699316" t="String" n="$T" />
        <Key v="Nehrát" t="String" n="%CX" />
      </Data>
      <Data n="20162641519520e">
        <Key v="6150,-1000" t="Vector2" n="!$P" />
        <Key v="20206495856812" t="String" n="$T" />
        <Key v="Hra &quot;Hledaní pokladu&quot; &gt;&gt;&gt; výsledky" t="String" n="!%Txt" />
      </Data>
      <Data n="20162641697985e">
        <Key v="7200,0" t="Vector2" n="!$P" />
        <Key v="20202866798502" t="String" n="$T" />
        <Key v="O rundu? To zní dobře. Je ti jasné, že nás je víc a ty jsi sám? Takže když prohraješ, bude tě to stát mnohem více..." t="String" n="%X" />
      </Data>
      <Data n="20162641697430e">
        <Key v="6750,-400" t="Vector2" n="!$P" />
        <Key v="20202866798502" t="String" n="$T" />
        <Key v="Tak dáme jen tak. Jdeme na to..." t="String" n="%X" />
      </Data>
      <Data n="20162641698316e">
        <Key v="6750,-600" t="Vector2" n="!$P" />
        <Key v="20202866798502" t="String" n="$T" />
        <Key v="To jsou na mě slabé sázky. Takhle se mi hrát nechce." t="String" n="%X" />
      </Data>
      <Data n="20162641673656e">
        <Key v="6750,-1000" t="Vector2" n="!$P" />
        <Key v="_EGate" t="String" n="$T" />
        <Key v="G1" t="String" n="GT" />
        <Key v="1" t="Int32" n="T2" />
        <Key v="2" t="Decimal" n="Val" />
        <Key v="XResult" t="String" n="Cnt" />
        <Key v="Oeg" t="String" n="O" />
      </Data>
      <Data n="20162643174758e">
        <Key v="7050,-1000" t="Vector2" n="!$P" />
        <Key v="_EFunc" t="String" n="$T" />
        <Key v="G0" t="String" n="GT" />
        <Key v="Mosdany_prohral" t="String" n="Var" />
      </Data>
      <Data n="20162641675881e">
        <Key v="6750,-1200" t="Vector2" n="!$P" />
        <Key v="_EGate" t="String" n="$T" />
        <Key v="G1" t="String" n="GT" />
        <Key v="1" t="Int32" n="T2" />
        <Key v="0" t="Decimal" n="Val" />
        <Key v="XResult" t="String" n="Cnt" />
        <Key v="Oeg" t="String" n="O" />
      </Data>
      <Data n="20162641729875e">
        <Key v="7800,0" t="Vector2" n="!$P" />
        <Key v="20206371455404" t="String" n="$T" />
        <Key v="Přepnutí do rozhraní minihry." t="String" n="!%Txt" />
        <Key v="" t="String" n="GT" />
      </Data>
      <Data n="20162641727128e">
        <Key v="7350,-400" t="Vector2" n="!$P" />
        <Key v="20206371455404" t="String" n="$T" />
        <Key v="Přepnutí do rozhraní minihry." t="String" n="!%Txt" />
        <Key v="" t="String" n="GT" />
      </Data>
      <Data n="20162643309247e">
        <Key v="7350,-600" t="Vector2" n="!$P" />
        <Key v="20202866798502" t="String" n="$T" />
        <Key v="%M1" t="String" n="T" />
        <Key v="No co se dá dělat. O víc já hrát nechci, hraju to jen pro zábavu." t="String" n="%X" />
      </Data>
      <Data n="20162641527108e">
        <Key v="7500,-1000" t="Vector2" n="!$P" />
        <Key v="20202866798502" t="String" n="$T" />
        <Key v="%M1" t="String" n="T" />
        <Key v="Sakryš. No nevadí, výhru sis zasloužil." t="String" n="%X" />
      </Data>
      <Data n="20162641527342e">
        <Key v="7200,-1200" t="Vector2" n="!$P" />
        <Key v="20202866798502" t="String" n="$T" />
        <Key v="%M1" t="String" n="T" />
        <Key v="Cha chá... Ale pěkně jsme si zahráli, třeba ti to příště vyjde." t="String" n="%X" />
      </Data>
    </Data>
    <Data n="$Conns">
      <Data n="20162643006720c">
        <Key v="20162643006720e" t="String" n="$E" />
      </Data>
      <Data n="20162642868547c">
        <Key v="20162642868547e" t="String" n="$E" />
      </Data>
      <Data n="20162642869905c">
        <Key v="20162642869905e" t="String" n="$E" />
        <Key v="20162642868547e" t="String" n="$S" />
      </Data>
      <Data n="20162643282030c">
        <Key v="20162643282030e" t="String" n="$E" />
        <Key v="20162642869905e" t="String" n="$S" />
      </Data>
      <Data n="20162642897914c">
        <Key v="20162642897914e" t="String" n="$E" />
      </Data>
      <Data n="20162642211709c">
        <Key v="20162642211709e" t="String" n="$E" />
        <Key v="20162643006720e" t="String" n="$S" />
      </Data>
      <Data n="20162632552869c">
        <Key v="20162632552869e" t="String" n="$E" />
        <Key v="20162643282030e" t="String" n="$S" />
      </Data>
      <Data n="20162642882678c">
        <Key v="20162642882678e" t="String" n="$E" />
        <Key v="20162642211709e" t="String" n="$S" />
      </Data>
      <Data n="20162632560582c">
        <Key v="20162632560582e" t="String" n="$E" />
        <Key v="20162632552869e" t="String" n="$S" />
      </Data>
      <Data n="20162643113609c">
        <Key v="20162643113609e" t="String" n="$E" />
        <Key v="20162642882678e" t="String" n="$S" />
      </Data>
      <Data n="20162643103128c">
        <Key v="20162643103128e" t="String" n="$E" />
        <Key v="20162643113609e" t="String" n="$S" />
      </Data>
      <Data n="20162643077618c">
        <Key v="20162643077618e" t="String" n="$E" />
        <Key v="20162642882678e" t="String" n="$S" />
      </Data>
      <Data n="20162643150715c">
        <Key v="20162643150715e" t="String" n="$E" />
        <Key v="20162642882678e" t="String" n="$S" />
      </Data>
      <Data n="20162632588937c">
        <Key v="20162632588937e" t="String" n="$E" />
        <Key v="20162632560582e" t="String" n="$S" />
      </Data>
      <Data n="20162632609411c">
        <Key v="20162632609411e" t="String" n="$E" />
        <Key v="20162632588937e" t="String" n="$S" />
      </Data>
      <Data n="20162632603960c">
        <Key v="20162632603960e" t="String" n="$E" />
        <Key v="20162632609411e" t="String" n="$S" />
      </Data>
      <Data n="20162632589190c">
        <Key v="20162632589190e" t="String" n="$E" />
        <Key v="20162632560582e" t="String" n="$S" />
      </Data>
      <Data n="20162643002838c">
        <Key v="20162643002838e" t="String" n="$E" />
        <Key v="20162632589190e" t="String" n="$S" />
      </Data>
      <Data n="20162643103129c">
        <Key v="20162643103129e" t="String" n="$E" />
        <Key v="20162643103128e" t="String" n="$S" />
      </Data>
      <Data n="20162643077617c">
        <Key v="20162643077617e" t="String" n="$E" />
        <Key v="20162643077618e" t="String" n="$S" />
      </Data>
      <Data n="20162643150714c">
        <Key v="20162643150714e" t="String" n="$E" />
        <Key v="20162643150715e" t="String" n="$S" />
      </Data>
      <Data n="20162632588936c">
        <Key v="20162632588936e" t="String" n="$E" />
        <Key v="20162632603960e" t="String" n="$S" />
      </Data>
      <Data n="20162632589189c">
        <Key v="20162632589189e" t="String" n="$E" />
        <Key v="20162643002838e" t="String" n="$S" />
      </Data>
      <Data n="20162946213327c">
        <Key v="20162946213327e" t="String" n="$E" />
        <Key v="20162643103129e" t="String" n="$S" />
      </Data>
      <Data n="20162641898239c">
        <Key v="20162641898239e" t="String" n="$E" />
        <Key v="20162643077617e" t="String" n="$S" />
      </Data>
      <Data n="20162643183726c">
        <Key v="20162643183726e" t="String" n="$E" />
        <Key v="20162643150714e" t="String" n="$S" />
      </Data>
      <Data n="20162643183263c">
        <Key v="20162643183263e" t="String" n="$E" />
        <Key v="20162643150714e" t="String" n="$S" />
      </Data>
      <Data n="20162640230471c">
        <Key v="20162640230471e" t="String" n="$E" />
        <Key v="20162632588936e" t="String" n="$S" />
      </Data>
      <Data n="20162632597374c">
        <Key v="20162632597374e" t="String" n="$E" />
        <Key v="20162632589189e" t="String" n="$S" />
      </Data>
      <Data n="20162642142690c">
        <Key v="20162642142690e" t="String" n="$E" />
        <Key v="20162946213327e" t="String" n="$S" />
      </Data>
      <Data n="20162641750387c">
        <Key v="20162641750387e" t="String" n="$E" />
        <Key v="20162641898239e" t="String" n="$S" />
      </Data>
      <Data n="20162643181492c">
        <Key v="20162643181492e" t="String" n="$E" />
        <Key v="20162643183726e" t="String" n="$S" />
      </Data>
      <Data n="20162643214551c">
        <Key v="20162643214551e" t="String" n="$E" />
        <Key v="20162643183263e" t="String" n="$S" />
      </Data>
      <Data n="20162643250883c">
        <Key v="20162643250883e" t="String" n="$E" />
        <Key v="20162643183263e" t="String" n="$S" />
      </Data>
      <Data n="20162641848781c">
        <Key v="20162641848781e" t="String" n="$E" />
        <Key v="20162640230471e" t="String" n="$S" />
      </Data>
      <Data n="20162641507220c">
        <Key v="20162641507220e" t="String" n="$E" />
        <Key v="20162642142690e" t="String" n="$S" />
      </Data>
      <Data n="20162641501609c">
        <Key v="20162641501609e" t="String" n="$E" />
        <Key v="20162642142690e" t="String" n="$S" />
      </Data>
      <Data n="20162641501241c">
        <Key v="20162641501241e" t="String" n="$E" />
        <Key v="20162642142690e" t="String" n="$S" />
      </Data>
      <Data n="20162641781959c">
        <Key v="20162641781959e" t="String" n="$E" />
        <Key v="20162641750387e" t="String" n="$S" />
      </Data>
      <Data n="20162643199157c">
        <Key v="20162643199157e" t="String" n="$E" />
        <Key v="20162643181492e" t="String" n="$S" />
      </Data>
      <Data n="20162643214552c">
        <Key v="20162643214552e" t="String" n="$E" />
        <Key v="20162643214551e" t="String" n="$S" />
      </Data>
      <Data n="20206616255965c">
        <Key v="20162642882678e" t="String" n="$E" />
        <Key v="20162643250883e" t="String" n="$S" />
      </Data>
      <Data n="20162642048706c">
        <Key v="20162642048706e" t="String" n="$E" />
        <Key v="20162641848781e" t="String" n="$S" />
      </Data>
      <Data n="20162642043322c">
        <Key v="20162642043322e" t="String" n="$E" />
        <Key v="20162642048706e" t="String" n="$S" />
      </Data>
      <Data n="20162641466297c">
        <Key v="20162641466297e" t="String" n="$E" />
        <Key v="20162641848781e" t="String" n="$S" />
      </Data>
      <Data n="20162641302392c">
        <Key v="20162641302392e" t="String" n="$E" />
        <Key v="20162641466297e" t="String" n="$S" />
      </Data>
      <Data n="20162642199572c">
        <Key v="20162642199572e" t="String" n="$E" />
        <Key v="20162641302392e" t="String" n="$S" />
      </Data>
      <Data n="20162641423095c">
        <Key v="20162641423095e" t="String" n="$E" />
        <Key v="20162641848781e" t="String" n="$S" />
      </Data>
      <Data n="20162641302143c">
        <Key v="20162641302143e" t="String" n="$E" />
        <Key v="20162641423095e" t="String" n="$S" />
      </Data>
      <Data n="20162642194860c">
        <Key v="20162642194860e" t="String" n="$E" />
        <Key v="20162641302143e" t="String" n="$S" />
      </Data>
      <Data n="20162642028851c">
        <Key v="20162642028851e" t="String" n="$E" />
        <Key v="20162641848781e" t="String" n="$S" />
      </Data>
      <Data n="20162641274231c">
        <Key v="20162641274231e" t="String" n="$E" />
        <Key v="20162642028851e" t="String" n="$S" />
      </Data>
      <Data n="20162642033319c">
        <Key v="20162642033319e" t="String" n="$E" />
        <Key v="20162641274231e" t="String" n="$S" />
      </Data>
      <Data n="20162641311812c">
        <Key v="20162641311812e" t="String" n="$E" />
        <Key v="20162641848781e" t="String" n="$S" />
      </Data>
      <Data n="20162641273676c">
        <Key v="20162641273676e" t="String" n="$E" />
        <Key v="20162641311812e" t="String" n="$S" />
      </Data>
      <Data n="20162642199941c">
        <Key v="20162642199941e" t="String" n="$E" />
        <Key v="20162641273676e" t="String" n="$S" />
      </Data>
      <Data n="20162642053470c">
        <Key v="20162642053470e" t="String" n="$E" />
        <Key v="20162641848781e" t="String" n="$S" />
      </Data>
      <Data n="20162642051595c">
        <Key v="20162642051595e" t="String" n="$E" />
        <Key v="20162642053470e" t="String" n="$S" />
      </Data>
      <Data n="20162641507221c">
        <Key v="20162641507221e" t="String" n="$E" />
        <Key v="20162641507220e" t="String" n="$S" />
      </Data>
      <Data n="20162641501608c">
        <Key v="20162641501608e" t="String" n="$E" />
        <Key v="20162641501609e" t="String" n="$S" />
      </Data>
      <Data n="20162641501242c">
        <Key v="20162641501242e" t="String" n="$E" />
        <Key v="20162641501241e" t="String" n="$S" />
      </Data>
      <Data n="20162643097159c">
        <Key v="20162643097159e" t="String" n="$E" />
        <Key v="20162641781959e" t="String" n="$S" />
      </Data>
      <Data n="20206616255986c">
        <Key v="20162642882678e" t="String" n="$E" />
        <Key v="20162641781959e" t="String" n="$S" />
      </Data>
      <Data n="20162643219340c">
        <Key v="20162643219340e" t="String" n="$E" />
        <Key v="20162643214552e" t="String" n="$S" />
      </Data>
      <Data n="20162642043323c">
        <Key v="20162642043323e" t="String" n="$E" />
        <Key v="20162642043322e" t="String" n="$S" />
      </Data>
      <Data n="20162641302391c">
        <Key v="20162641302391e" t="String" n="$E" />
        <Key v="20162642199572e" t="String" n="$S" />
      </Data>
      <Data n="20162641302144c">
        <Key v="20162641302144e" t="String" n="$E" />
        <Key v="20162642194860e" t="String" n="$S" />
      </Data>
      <Data n="20162641274232c">
        <Key v="20162641274232e" t="String" n="$E" />
        <Key v="20162642033319e" t="String" n="$S" />
      </Data>
      <Data n="20162641273677c">
        <Key v="20162641273677e" t="String" n="$E" />
        <Key v="20162642199941e" t="String" n="$S" />
      </Data>
      <Data n="20162642051594c">
        <Key v="20162642051594e" t="String" n="$E" />
        <Key v="20162642051595e" t="String" n="$S" />
      </Data>
      <Data n="20162641691196c">
        <Key v="20162641691196e" t="String" n="$E" />
        <Key v="20162641507221e" t="String" n="$S" />
      </Data>
      <Data n="20162641515459c">
        <Key v="20162641515459e" t="String" n="$E" />
        <Key v="20162641501242e" t="String" n="$S" />
      </Data>
      <Data n="20162641832770c">
        <Key v="20162641832770e" t="String" n="$E" />
        <Key v="20162643097159e" t="String" n="$S" />
      </Data>
      <Data n="20206616255997c">
        <Key v="20162642882678e" t="String" n="$E" />
        <Key v="20162643219340e" t="String" n="$S" />
      </Data>
      <Data n="20162642065683c">
        <Key v="20162642065683e" t="String" n="$E" />
        <Key v="20162642043323e" t="String" n="$S" />
      </Data>
      <Data n="20162641489739c">
        <Key v="20162641489739e" t="String" n="$E" />
        <Key v="20162641302391e" t="String" n="$S" />
      </Data>
      <Data n="20162643019271c">
        <Key v="20162643019271e" t="String" n="$E" />
        <Key v="20162641302144e" t="String" n="$S" />
      </Data>
      <Data n="20206616256003c">
        <Key v="20162641898239e" t="String" n="$E" />
        <Key v="20162641274232e" t="String" n="$S" />
      </Data>
      <Data n="20162641407696c">
        <Key v="20162641407696e" t="String" n="$E" />
        <Key v="20162641273677e" t="String" n="$S" />
      </Data>
      <Data n="20162642073611c">
        <Key v="20162642073611e" t="String" n="$E" />
        <Key v="20162642051594e" t="String" n="$S" />
      </Data>
      <Data n="20162641697986c">
        <Key v="20162641697986e" t="String" n="$E" />
        <Key v="20162641691196e" t="String" n="$S" />
      </Data>
      <Data n="20162946230158c">
        <Key v="20162946230158e" t="String" n="$E" />
        <Key v="20162641697986e" t="String" n="$S" />
      </Data>
      <Data n="20162641697431c">
        <Key v="20162641697431e" t="String" n="$E" />
        <Key v="20162641691196e" t="String" n="$S" />
      </Data>
      <Data n="20162641698315c">
        <Key v="20162641698315e" t="String" n="$E" />
        <Key v="20162641691196e" t="String" n="$S" />
      </Data>
      <Data n="20162641519520c">
        <Key v="20162641519520e" t="String" n="$E" />
        <Key v="20162641515459e" t="String" n="$S" />
      </Data>
      <Data n="20206616256011c">
        <Key v="20162641848781e" t="String" n="$E" />
        <Key v="20162641832770e" t="String" n="$S" />
      </Data>
      <Data n="20206616256012c">
        <Key v="20162642142690e" t="String" n="$E" />
        <Key v="20162641489739e" t="String" n="$S" />
      </Data>
      <Data n="20206616256013c">
        <Key v="20162642142690e" t="String" n="$E" />
        <Key v="20162643019271e" t="String" n="$S" />
      </Data>
      <Data n="20206616256014c">
        <Key v="20162642142690e" t="String" n="$E" />
        <Key v="20162641407696e" t="String" n="$S" />
      </Data>
      <Data n="20162641697985c">
        <Key v="20162641697985e" t="String" n="$E" />
        <Key v="20162946230158e" t="String" n="$S" />
      </Data>
      <Data n="20162641697430c">
        <Key v="20162641697430e" t="String" n="$E" />
        <Key v="20162641697431e" t="String" n="$S" />
      </Data>
      <Data n="20162641698316c">
        <Key v="20162641698316e" t="String" n="$E" />
        <Key v="20162641698315e" t="String" n="$S" />
      </Data>
      <Data n="20162641673656c">
        <Key v="20162641673656e" t="String" n="$E" />
        <Key v="20162641519520e" t="String" n="$S" />
      </Data>
      <Data n="20162643174758c">
        <Key v="20162643174758e" t="String" n="$E" />
        <Key v="20162641673656e" t="String" n="$S" />
      </Data>
      <Data n="20162641675881c">
        <Key v="20162641675881e" t="String" n="$E" />
        <Key v="20162641519520e" t="String" n="$S" />
      </Data>
      <Data n="20162641729875c">
        <Key v="20162641729875e" t="String" n="$E" />
        <Key v="20162641697985e" t="String" n="$S" />
      </Data>
      <Data n="20162641727128c">
        <Key v="20162641727128e" t="String" n="$E" />
        <Key v="20162641697430e" t="String" n="$S" />
      </Data>
      <Data n="20162643309247c">
        <Key v="20162643309247e" t="String" n="$E" />
        <Key v="20162641698316e" t="String" n="$S" />
      </Data>
      <Data n="20162641527108c">
        <Key v="20162641527108e" t="String" n="$E" />
        <Key v="20162643174758e" t="String" n="$S" />
      </Data>
      <Data n="20162641527342c">
        <Key v="20162641527342e" t="String" n="$E" />
        <Key v="20162641675881e" t="String" n="$S" />
      </Data>
      <Data n="20206616256027c">
        <Key v="20162641519520e" t="String" n="$E" />
        <Key v="20162641729875e" t="String" n="$S" />
      </Data>
      <Data n="20206616256028c">
        <Key v="20162641519520e" t="String" n="$E" />
        <Key v="20162641727128e" t="String" n="$S" />
      </Data>
      <Data n="20206616256029c">
        <Key v="20162642882678e" t="String" n="$E" />
        <Key v="20162643309247e" t="String" n="$S" />
      </Data>
      <Data n="20206616256030c">
        <Key v="20162642882678e" t="String" n="$E" />
        <Key v="20162641527108e" t="String" n="$S" />
      </Data>
      <Data n="20206616256031c">
        <Key v="20162642882678e" t="String" n="$E" />
        <Key v="20162641527342e" t="String" n="$S" />
      </Data>
    </Data>
  </Data>
</DataRoot>