﻿<?xml version="1.0" encoding="utf-8"?>
<DataRoot n="D">
  <Data n="20178322000375">
    <Data n="$Elems">
      <Data n="20181406566583e">
        <Key v="450,0" t="Vector2" n="!$P" />
        <Key v="20202866798502" t="String" n="$T" />
        <Key v="Dobrý den přejeme" t="String" n="%X" />
      </Data>
      <Data n="20181406569602e">
        <Key v="1050,0" t="Vector2" n="!$P" />
        <Key v="20202866798502" t="String" n="$T" />
        <Key v="%M1" t="String" n="T" />
        <Key v="Dobrý den i Vám, tak co to bude?" t="String" n="%X" />
      </Data>
      <Data n="20181406572946e">
        <Key v="1650,0" t="Vector2" n="!$P" />
        <Key v="20206495856812" t="String" n="$T" />
        <Key v="Možnosti - hostinský" t="String" n="!%Txt" />
      </Data>
      <Data n="20181406592897e">
        <Key v="2250,0" t="Vector2" n="!$P" />
        <Key v="20202934699316" t="String" n="$T" />
        <Key v="Odejít" t="String" n="%CX" />
      </Data>
      <Data n="20181407487794e">
        <Key v="2250,-200" t="Vector2" n="!$P" />
        <Key v="_EGate" t="String" n="$T" />
        <Key v="G1" t="String" n="GT" />
        <Key v="1" t="Int32" n="T2" />
        <Key v="41" t="Decimal" n="Val" />
        <Key v="Straseni_na_farme" t="String" n="Cnt" />
        <Key v="Oe" t="String" n="O" />
      </Data>
      <Data n="20181406580878e">
        <Key v="2550,-200" t="Vector2" n="!$P" />
        <Key v="20202934699316" t="String" n="$T" />
        <Key v="Zeptat se na Shaleeby" t="String" n="%CX" />
      </Data>
      <Data n="20181406592896e">
        <Key v="2700,0" t="Vector2" n="!$P" />
        <Key v="20202866798502" t="String" n="$T" />
        <Key v="To bude vše, díky" t="String" n="%X" />
      </Data>
      <Data n="20181406580879e">
        <Key v="3000,-200" t="Vector2" n="!$P" />
        <Key v="20202866798502" t="String" n="$T" />
        <Key v="Neříká ti něco jméno Shaleeby?" t="String" n="%X" />
      </Data>
      <Data n="20181406887069e">
        <Key v="3600,-200" t="Vector2" n="!$P" />
        <Key v="20202866798502" t="String" n="$T" />
        <Key v="%M1" t="String" n="T" />
        <Key v="No možná jo, možná ne. Moje paměť je taková zpomalená, když tady nic necinká." t="String" n="%X" />
      </Data>
      <Data n="20181406893391e">
        <Key v="4200,-200" t="Vector2" n="!$P" />
        <Key v="20206495856812" t="String" n="$T" />
        <Key v="Získání informací o Shaleeby" t="String" n="!%Txt" />
      </Data>
      <Data n="20181407579721e">
        <Key v="4800,-200" t="Vector2" n="!$P" />
        <Key v="_EGate" t="String" n="$T" />
        <Key v="G4" t="String" n="GT" />
      </Data>
      <Data n="20181407714376e">
        <Key v="5100,-200" t="Vector2" n="!$P" />
        <Key v="_EGate" t="String" n="$T" />
        <Key v="G0" t="String" n="GT" />
        <Key v="Marooner_urazen" t="String" n="Var" />
      </Data>
      <Data n="20181407009446e">
        <Key v="5400,-200" t="Vector2" n="!$P" />
        <Key v="20202934699316" t="String" n="$T" />
        <Key v="Přemluvit ho" t="String" n="%CX" />
        <Key v="RoP" t="String" n="Spc" />
        <Key v="L2" t="String" n="Lvl" />
      </Data>
      <Data n="20181407577548e">
        <Key v="4800,-1000" t="Vector2" n="!$P" />
        <Key v="_EGate" t="String" n="$T" />
        <Key v="G0" t="String" n="GT" />
        <Key v="Marooner_urazen" t="String" n="Var" />
      </Data>
      <Data n="20181407587156e">
        <Key v="5100,-1000" t="Vector2" n="!$P" />
        <Key v="_EGate" t="String" n="$T" />
        <Key v="G4" t="String" n="GT" />
      </Data>
      <Data n="20181406897908e">
        <Key v="5400,-1000" t="Vector2" n="!$P" />
        <Key v="20202934699316" t="String" n="$T" />
        <Key v="Dát úplatek (5 st)" t="String" n="%CX" />
      </Data>
      <Data n="20181407585709e">
        <Key v="4800,-1200" t="Vector2" n="!$P" />
        <Key v="_EGate" t="String" n="$T" />
        <Key v="G4" t="String" n="GT" />
      </Data>
      <Data n="20181407712549e">
        <Key v="5100,-1200" t="Vector2" n="!$P" />
        <Key v="_EGate" t="String" n="$T" />
        <Key v="G0" t="String" n="GT" />
        <Key v="Marooner_urazen" t="String" n="Var" />
      </Data>
      <Data n="20181407009596e">
        <Key v="5400,-1200" t="Vector2" n="!$P" />
        <Key v="20202934699316" t="String" n="$T" />
        <Key v="Vyhrožovat" t="String" n="%CX" />
        <Key v="RoI" t="String" n="Spc" />
        <Key v="L4" t="String" n="Lvl" />
      </Data>
      <Data n="20181407601998e">
        <Key v="4800,-2000" t="Vector2" n="!$P" />
        <Key v="_EGate" t="String" n="$T" />
        <Key v="G4" t="String" n="GT" />
      </Data>
      <Data n="20181407602440e">
        <Key v="5100,-2000" t="Vector2" n="!$P" />
        <Key v="_EGate" t="String" n="$T" />
        <Key v="G0" t="String" n="GT" />
        <Key v="1" t="Int32" n="Ex" />
        <Key v="Marooner_urazen" t="String" n="Var" />
      </Data>
      <Data n="20181407588092e">
        <Key v="5400,-2000" t="Vector2" n="!$P" />
        <Key v="20202934699316" t="String" n="$T" />
        <Key v="Usmířit se a dát úplatek" t="String" n="%CX" />
      </Data>
      <Data n="20181407735507e">
        <Key v="4800,-2200" t="Vector2" n="!$P" />
        <Key v="20202934699316" t="String" n="$T" />
        <Key v="Předchozí možnosti" t="String" n="%CX" />
      </Data>
      <Data n="20181407009447e">
        <Key v="5850,-200" t="Vector2" n="!$P" />
        <Key v="20202866798502" t="String" n="$T" />
        <Key v="Poslouchej Maroonere. Něco strašného se jí muselo stát. Nevím, jestlis slyšel o tom strašidlu na Lishakově farmě, ale myslíme si, že je to její duch a potřebujeme o ní zjistit co nejvíce informací, abychom jí pomohli odpočívat." t="String" n="%X" />
      </Data>
      <Data n="20181406897907e">
        <Key v="5850,-1000" t="Vector2" n="!$P" />
        <Key v="20202866798502" t="String" n="$T" />
        <Key v="Ah jistě, třeba ti těchle pět cinkrlátek trochu osvěží paměť." t="String" n="%X" />
      </Data>
      <Data n="20181407009597e">
        <Key v="5850,-1200" t="Vector2" n="!$P" />
        <Key v="20202866798502" t="String" n="$T" />
        <Key v="Maroonere, možná sis neuvědomil s kým mluvíš a že namísto k pár stříbrných bys mohl přijít o pár zubů." t="String" n="%X" />
      </Data>
      <Data n="20181407588086e">
        <Key v="5850,-2000" t="Vector2" n="!$P" />
        <Key v="20202866798502" t="String" n="$T" />
        <Key v="Hej Maroonere, sorry za to. Tady je padesát stříbrných. Snad nám to oboum pomůže zapomenout na předchozí potíže. Co říkáš?" t="String" n="%X" />
      </Data>
      <Data n="20181407735506e">
        <Key v="5250,-2200" t="Vector2" n="!$P" />
        <Key v="20202866798502" t="String" n="$T" />
        <Key v="No raděj se zeptáme na něco jiného." t="String" n="%X" />
      </Data>
      <Data n="20181407154572e">
        <Key v="6450,-200" t="Vector2" n="!$P" />
        <Key v="_EGate" t="String" n="$T" />
        <Key v="G1" t="String" n="GT" />
        <Key v="1" t="Int32" n="T2" />
        <Key v="3" t="Decimal" n="Val" />
        <Key v="XResult" t="String" n="Cnt" />
        <Key v="Oeg" t="String" n="O" />
      </Data>
      <Data n="20181407707186e">
        <Key v="6750,-200" t="Vector2" n="!$P" />
        <Key v="_EFunc" t="String" n="$T" />
        <Key v="G1" t="String" n="GT" />
        <Key v="1" t="Int32" n="T2" />
        <Key v="42" t="Decimal" n="Val" />
        <Key v="Straseni_na_farme" t="String" n="Cnt" />
        <Key v="Os" t="String" n="O" />
      </Data>
      <Data n="20181407156782e">
        <Key v="6450,-400" t="Vector2" n="!$P" />
        <Key v="_EGate" t="String" n="$T" />
        <Key v="G1" t="String" n="GT" />
        <Key v="1" t="Int32" n="T2" />
        <Key v="2" t="Decimal" n="Val" />
        <Key v="XResult" t="String" n="Cnt" />
        <Key v="Oeg" t="String" n="O" />
      </Data>
      <Data n="20181407707487e">
        <Key v="6750,-400" t="Vector2" n="!$P" />
        <Key v="_EFunc" t="String" n="$T" />
        <Key v="G1" t="String" n="GT" />
        <Key v="1" t="Int32" n="T2" />
        <Key v="42" t="Decimal" n="Val" />
        <Key v="Straseni_na_farme" t="String" n="Cnt" />
        <Key v="Os" t="String" n="O" />
      </Data>
      <Data n="20181407157478e">
        <Key v="6450,-600" t="Vector2" n="!$P" />
        <Key v="_EGate" t="String" n="$T" />
        <Key v="G1" t="String" n="GT" />
        <Key v="1" t="Int32" n="T2" />
        <Key v="1" t="Decimal" n="Val" />
        <Key v="XResult" t="String" n="Cnt" />
        <Key v="Oeg" t="String" n="O" />
      </Data>
      <Data n="20181407158212e">
        <Key v="6450,-800" t="Vector2" n="!$P" />
        <Key v="_EGate" t="String" n="$T" />
        <Key v="G1" t="String" n="GT" />
        <Key v="1" t="Int32" n="T2" />
        <Key v="0" t="Decimal" n="Val" />
        <Key v="XResult" t="String" n="Cnt" />
        <Key v="Oeg" t="String" n="O" />
      </Data>
      <Data n="20181407573853e">
        <Key v="6750,-800" t="Vector2" n="!$P" />
        <Key v="_EFunc" t="String" n="$T" />
        <Key v="G0" t="String" n="GT" />
        <Key v="Marooner_urazen" t="String" n="Var" />
      </Data>
      <Data n="20181407700568e">
        <Key v="6450,-1000" t="Vector2" n="!$P" />
        <Key v="_EFunc" t="String" n="$T" />
        <Key v="G1" t="String" n="GT" />
        <Key v="1" t="Int32" n="T2" />
        <Key v="42" t="Decimal" n="Val" />
        <Key v="Straseni_na_farme" t="String" n="Cnt" />
        <Key v="Os" t="String" n="O" />
      </Data>
      <Data n="20181407156415e">
        <Key v="6450,-1200" t="Vector2" n="!$P" />
        <Key v="_EGate" t="String" n="$T" />
        <Key v="G1" t="String" n="GT" />
        <Key v="1" t="Int32" n="T2" />
        <Key v="3" t="Decimal" n="Val" />
        <Key v="XResult" t="String" n="Cnt" />
        <Key v="Oeg" t="String" n="O" />
      </Data>
      <Data n="20181407707904e">
        <Key v="6750,-1200" t="Vector2" n="!$P" />
        <Key v="_EFunc" t="String" n="$T" />
        <Key v="G1" t="String" n="GT" />
        <Key v="1" t="Int32" n="T2" />
        <Key v="42" t="Decimal" n="Val" />
        <Key v="Straseni_na_farme" t="String" n="Cnt" />
        <Key v="Os" t="String" n="O" />
      </Data>
      <Data n="20181407159367e">
        <Key v="6450,-1400" t="Vector2" n="!$P" />
        <Key v="_EGate" t="String" n="$T" />
        <Key v="G1" t="String" n="GT" />
        <Key v="1" t="Int32" n="T2" />
        <Key v="2" t="Decimal" n="Val" />
        <Key v="XResult" t="String" n="Cnt" />
        <Key v="Oeg" t="String" n="O" />
      </Data>
      <Data n="20181407708291e">
        <Key v="6750,-1400" t="Vector2" n="!$P" />
        <Key v="_EFunc" t="String" n="$T" />
        <Key v="G1" t="String" n="GT" />
        <Key v="1" t="Int32" n="T2" />
        <Key v="42" t="Decimal" n="Val" />
        <Key v="Straseni_na_farme" t="String" n="Cnt" />
        <Key v="Os" t="String" n="O" />
      </Data>
      <Data n="20181407159705e">
        <Key v="6450,-1600" t="Vector2" n="!$P" />
        <Key v="_EGate" t="String" n="$T" />
        <Key v="G1" t="String" n="GT" />
        <Key v="1" t="Int32" n="T2" />
        <Key v="1" t="Decimal" n="Val" />
        <Key v="XResult" t="String" n="Cnt" />
        <Key v="Oeg" t="String" n="O" />
      </Data>
      <Data n="20181407160047e">
        <Key v="6450,-1800" t="Vector2" n="!$P" />
        <Key v="_EGate" t="String" n="$T" />
        <Key v="G1" t="String" n="GT" />
        <Key v="1" t="Int32" n="T2" />
        <Key v="0" t="Decimal" n="Val" />
        <Key v="XResult" t="String" n="Cnt" />
        <Key v="Oeg" t="String" n="O" />
      </Data>
      <Data n="20181407576785e">
        <Key v="6750,-1800" t="Vector2" n="!$P" />
        <Key v="_EFunc" t="String" n="$T" />
        <Key v="G0" t="String" n="GT" />
        <Key v="Marooner_urazen" t="String" n="Var" />
      </Data>
      <Data n="20181407709088e">
        <Key v="6450,-2000" t="Vector2" n="!$P" />
        <Key v="_EFunc" t="String" n="$T" />
        <Key v="G1" t="String" n="GT" />
        <Key v="1" t="Int32" n="T2" />
        <Key v="42" t="Decimal" n="Val" />
        <Key v="Straseni_na_farme" t="String" n="Cnt" />
        <Key v="Os" t="String" n="O" />
      </Data>
      <Data n="20181407149814e">
        <Key v="7200,-200" t="Vector2" n="!$P" />
        <Key v="20202866798502" t="String" n="$T" />
        <Key v="%M1" t="String" n="T" />
        <Key v="Ježiš, chudák holka. No povím vám, co vím. Shaleeby nebyla moc hospodskej typ, takže jí tolik neznám. Ale vím rozhodně, kdo vám může povědět víc." t="String" n="%X" />
      </Data>
      <Data n="20181407149989e">
        <Key v="7200,-400" t="Vector2" n="!$P" />
        <Key v="20202866798502" t="String" n="$T" />
        <Key v="%M1" t="String" n="T" />
        <Key v="No dobrá, pomůžu vám. Ale jen kvůli tý holce. Nic moc o ní nevím, ale támhle &quot;Knife&quot;, s ní něco měl. Třeba bude vědět víc." t="String" n="%X" />
      </Data>
      <Data n="20181407150139e">
        <Key v="6900,-600" t="Vector2" n="!$P" />
        <Key v="20202866798502" t="String" n="$T" />
        <Key v="%M1" t="String" n="T" />
        <Key v="No jo, no jo. Spousta keců. Ale ty mě neuživí... Jestli chceš nějakou informaci, tak si budeš mušet zaplatit, mladej." t="String" n="%X" />
      </Data>
      <Data n="20181407150314e">
        <Key v="7200,-800" t="Vector2" n="!$P" />
        <Key v="20202866798502" t="String" n="$T" />
        <Key v="%M1" t="String" n="T" />
        <Key v="Pche, samé žvásty. Snažíš se mě opít rohlíkem a ukecat. Máš mě za blázna? Za tyhle zbytečný kecy tě ta informace bude stát pořádnou sumičku. Teda jestli o ní máš opravdu zájem." t="String" n="%X" />
      </Data>
      <Data n="20181407047077e">
        <Key v="6900,-1000" t="Vector2" n="!$P" />
        <Key v="20202866798502" t="String" n="$T" />
        <Key v="%M1" t="String" n="T" />
        <Key v="&lt;Marooner rychle shrábne mince&gt; No jo, Shaleeby, jasně že vím. Celkem hezká, trochu zbrklá. Už jsem jí nějkou dobu neviděl. Ale můžete se na ní zeptat jejího přítele. Sedí zrovna támhle u stolu. Jmenuje se Erkel &quot;Knife&quot; Oneeyed" t="String" n="%X" />
      </Data>
      <Data n="20181407151190e">
        <Key v="7200,-1200" t="Vector2" n="!$P" />
        <Key v="20202866798502" t="String" n="$T" />
        <Key v="%M1" t="String" n="T" />
        <Key v="Dobrá dobra, asi jsem špatně koukal. Povím co vím. Shaleeby nebyla moc hospodskej typ, takže jí tolik neznám. Ale vím rozhodně, kdo vám může povědět víc." t="String" n="%X" />
      </Data>
      <Data n="20181407151348e">
        <Key v="7200,-1400" t="Vector2" n="!$P" />
        <Key v="20202866798502" t="String" n="$T" />
        <Key v="%M1" t="String" n="T" />
        <Key v="Ok, ok. Řeknu co vím. Shaleeby nebyla moc hospodskej typ, takže jí tolik neznám. Ale vím rozhodně, kdo vám může povědět víc." t="String" n="%X" />
      </Data>
      <Data n="20181407151519e">
        <Key v="6900,-1600" t="Vector2" n="!$P" />
        <Key v="20202866798502" t="String" n="$T" />
        <Key v="%M1" t="String" n="T" />
        <Key v="Hoho, koho si myslíš, že tady vystrašíš ty pískle. Pche. Bez peněz se nic nedozvíš." t="String" n="%X" />
      </Data>
      <Data n="20181407151665e">
        <Key v="7200,-1800" t="Vector2" n="!$P" />
        <Key v="20202866798502" t="String" n="$T" />
        <Key v="%M1" t="String" n="T" />
        <Key v="Komu si myslíš, že tady vyhrožuješ. Tak a teď si mě pěkně naštval. Řeknu ti jediný. Pokud budeš chctí něco vědět, tak tě to bude stát mnohem víc, než jsem původně zamejšlel." t="String" n="%X" />
      </Data>
      <Data n="20181407610860e">
        <Key v="6900,-2000" t="Vector2" n="!$P" />
        <Key v="20202866798502" t="String" n="$T" />
        <Key v="%M1" t="String" n="T" />
        <Key v="No to už by mohlo. Takže co ste to vlastně chtěli? Jo už vím, něco o tý holce. Shaleebě, že?" t="String" n="%X" />
      </Data>
      <Data n="20181407193809e">
        <Key v="7800,-200" t="Vector2" n="!$P" />
        <Key v="20202866798502" t="String" n="$T" />
        <Key v="%M1" t="String" n="T" />
        <Key v="Támhle ten týpek s tou páskou přes voko, je její přítel. Teda asi bývalej, pokud je opravdu po smrti. Nebudu vám lhát, je to pěknej syčák. Myslím si, že by jí klidně dokázal zamordovat. Ale jsou to jen moje domněnky. Jmenuje se Erkel &quot;Knife&quot; Oeeyed." t="String" n="%X" />
      </Data>
      <Data n="20181407723384e">
        <Key v="7800,-400" t="Vector2" n="!$P" />
        <Key v="20202866798502" t="String" n="$T" />
        <Key v="%M1" t="String" n="T" />
        <Key v="Budete chtít ještě něco?" t="String" n="%X" />
      </Data>
      <Data n="20181407377964e">
        <Key v="7800,-1200" t="Vector2" n="!$P" />
        <Key v="20202866798502" t="String" n="$T" />
        <Key v="%M1" t="String" n="T" />
        <Key v="Támhle ten týpek s tou páskou přes voko, je její přítel. Nebudu vám lhát, je to pěknej syčák. Jmenuje se Erkel &quot;Knife&quot; Oeeyed." t="String" n="%X" />
      </Data>
      <Data n="20181407533824e">
        <Key v="7800,-1400" t="Vector2" n="!$P" />
        <Key v="20202866798502" t="String" n="$T" />
        <Key v="%M1" t="String" n="T" />
        <Key v="Támhle u toho stolu sedí Erkel &quot;Knife&quot; Oneeyed. Vím že s ní něco měl, třeba bude vědět víc." t="String" n="%X" />
      </Data>
      <Data n="20181407620718e">
        <Key v="7500,-2000" t="Vector2" n="!$P" />
        <Key v="20202866798502" t="String" n="$T" />
        <Key v="%M1" t="String" n="T" />
        <Key v="Celkem hezká, trochu zbrklá. Už jsem jí nějkou dobu neviděl. Ale můžete se na ní zeptat jejího přítele. Sedí zrovna támhle u stolu. Jmenuje se Erkel &quot;Knife&quot; Oneeyed" t="String" n="%X" />
      </Data>
    </Data>
    <Data n="$Conns">
      <Data n="20181406566583c">
        <Key v="20181406566583e" t="String" n="$E" />
      </Data>
      <Data n="20181406569602c">
        <Key v="20181406569602e" t="String" n="$E" />
        <Key v="20181406566583e" t="String" n="$S" />
      </Data>
      <Data n="20181406572946c">
        <Key v="20181406572946e" t="String" n="$E" />
        <Key v="20181406569602e" t="String" n="$S" />
      </Data>
      <Data n="20181406592897c">
        <Key v="20181406592897e" t="String" n="$E" />
        <Key v="20181406572946e" t="String" n="$S" />
      </Data>
      <Data n="20181407487794c">
        <Key v="20181407487794e" t="String" n="$E" />
        <Key v="20181406572946e" t="String" n="$S" />
      </Data>
      <Data n="20181406580878c">
        <Key v="20181406580878e" t="String" n="$E" />
        <Key v="20181407487794e" t="String" n="$S" />
      </Data>
      <Data n="20181406592896c">
        <Key v="20181406592896e" t="String" n="$E" />
        <Key v="20181406592897e" t="String" n="$S" />
      </Data>
      <Data n="20181406580879c">
        <Key v="20181406580879e" t="String" n="$E" />
        <Key v="20181406580878e" t="String" n="$S" />
      </Data>
      <Data n="20181406887069c">
        <Key v="20181406887069e" t="String" n="$E" />
        <Key v="20181406580879e" t="String" n="$S" />
      </Data>
      <Data n="20181406893391c">
        <Key v="20181406893391e" t="String" n="$E" />
        <Key v="20181406887069e" t="String" n="$S" />
      </Data>
      <Data n="20181407579721c">
        <Key v="20181407579721e" t="String" n="$E" />
        <Key v="20181406893391e" t="String" n="$S" />
      </Data>
      <Data n="20181407714376c">
        <Key v="20181407714376e" t="String" n="$E" />
        <Key v="20181407579721e" t="String" n="$S" />
      </Data>
      <Data n="20181407009446c">
        <Key v="20181407009446e" t="String" n="$E" />
        <Key v="20181407714376e" t="String" n="$S" />
      </Data>
      <Data n="20181407577548c">
        <Key v="20181407577548e" t="String" n="$E" />
        <Key v="20181406893391e" t="String" n="$S" />
      </Data>
      <Data n="20181407587156c">
        <Key v="20181407587156e" t="String" n="$E" />
        <Key v="20181407577548e" t="String" n="$S" />
      </Data>
      <Data n="20181406897908c">
        <Key v="20181406897908e" t="String" n="$E" />
        <Key v="20181407587156e" t="String" n="$S" />
      </Data>
      <Data n="20181407585709c">
        <Key v="20181407585709e" t="String" n="$E" />
        <Key v="20181406893391e" t="String" n="$S" />
      </Data>
      <Data n="20181407712549c">
        <Key v="20181407712549e" t="String" n="$E" />
        <Key v="20181407585709e" t="String" n="$S" />
      </Data>
      <Data n="20181407009596c">
        <Key v="20181407009596e" t="String" n="$E" />
        <Key v="20181407712549e" t="String" n="$S" />
      </Data>
      <Data n="20181407601998c">
        <Key v="20181407601998e" t="String" n="$E" />
        <Key v="20181406893391e" t="String" n="$S" />
      </Data>
      <Data n="20181407602440c">
        <Key v="20181407602440e" t="String" n="$E" />
        <Key v="20181407601998e" t="String" n="$S" />
      </Data>
      <Data n="20181407588092c">
        <Key v="20181407588092e" t="String" n="$E" />
        <Key v="20181407602440e" t="String" n="$S" />
      </Data>
      <Data n="20181407735507c">
        <Key v="20181407735507e" t="String" n="$E" />
        <Key v="20181406893391e" t="String" n="$S" />
      </Data>
      <Data n="20181407009447c">
        <Key v="20181407009447e" t="String" n="$E" />
        <Key v="20181407009446e" t="String" n="$S" />
      </Data>
      <Data n="20181406897907c">
        <Key v="20181406897907e" t="String" n="$E" />
        <Key v="20181406897908e" t="String" n="$S" />
      </Data>
      <Data n="20181407009597c">
        <Key v="20181407009597e" t="String" n="$E" />
        <Key v="20181407009596e" t="String" n="$S" />
      </Data>
      <Data n="20181407588086c">
        <Key v="20181407588086e" t="String" n="$E" />
        <Key v="20181407588092e" t="String" n="$S" />
      </Data>
      <Data n="20181407735506c">
        <Key v="20181407735506e" t="String" n="$E" />
        <Key v="20181407735507e" t="String" n="$S" />
      </Data>
      <Data n="20181407154572c">
        <Key v="20181407154572e" t="String" n="$E" />
        <Key v="20181407009447e" t="String" n="$S" />
      </Data>
      <Data n="20181407707186c">
        <Key v="20181407707186e" t="String" n="$E" />
        <Key v="20181407154572e" t="String" n="$S" />
      </Data>
      <Data n="20181407156782c">
        <Key v="20181407156782e" t="String" n="$E" />
        <Key v="20181407009447e" t="String" n="$S" />
      </Data>
      <Data n="20181407707487c">
        <Key v="20181407707487e" t="String" n="$E" />
        <Key v="20181407156782e" t="String" n="$S" />
      </Data>
      <Data n="20181407157478c">
        <Key v="20181407157478e" t="String" n="$E" />
        <Key v="20181407009447e" t="String" n="$S" />
      </Data>
      <Data n="20181407158212c">
        <Key v="20181407158212e" t="String" n="$E" />
        <Key v="20181407009447e" t="String" n="$S" />
      </Data>
      <Data n="20181407573853c">
        <Key v="20181407573853e" t="String" n="$E" />
        <Key v="20181407158212e" t="String" n="$S" />
      </Data>
      <Data n="20181407700568c">
        <Key v="20181407700568e" t="String" n="$E" />
        <Key v="20181406897907e" t="String" n="$S" />
      </Data>
      <Data n="20181407156415c">
        <Key v="20181407156415e" t="String" n="$E" />
        <Key v="20181407009597e" t="String" n="$S" />
      </Data>
      <Data n="20181407707904c">
        <Key v="20181407707904e" t="String" n="$E" />
        <Key v="20181407156415e" t="String" n="$S" />
      </Data>
      <Data n="20181407159367c">
        <Key v="20181407159367e" t="String" n="$E" />
        <Key v="20181407009597e" t="String" n="$S" />
      </Data>
      <Data n="20181407708291c">
        <Key v="20181407708291e" t="String" n="$E" />
        <Key v="20181407159367e" t="String" n="$S" />
      </Data>
      <Data n="20181407159705c">
        <Key v="20181407159705e" t="String" n="$E" />
        <Key v="20181407009597e" t="String" n="$S" />
      </Data>
      <Data n="20181407160047c">
        <Key v="20181407160047e" t="String" n="$E" />
        <Key v="20181407009597e" t="String" n="$S" />
      </Data>
      <Data n="20181407576785c">
        <Key v="20181407576785e" t="String" n="$E" />
        <Key v="20181407160047e" t="String" n="$S" />
      </Data>
      <Data n="20181407709088c">
        <Key v="20181407709088e" t="String" n="$E" />
        <Key v="20181407588086e" t="String" n="$S" />
      </Data>
      <Data n="20206616256036c">
        <Key v="20181406572946e" t="String" n="$E" />
        <Key v="20181407735506e" t="String" n="$S" />
      </Data>
      <Data n="20181407149814c">
        <Key v="20181407149814e" t="String" n="$E" />
        <Key v="20181407707186e" t="String" n="$S" />
      </Data>
      <Data n="20181407149989c">
        <Key v="20181407149989e" t="String" n="$E" />
        <Key v="20181407707487e" t="String" n="$S" />
      </Data>
      <Data n="20181407150139c">
        <Key v="20181407150139e" t="String" n="$E" />
        <Key v="20181407157478e" t="String" n="$S" />
      </Data>
      <Data n="20181407150314c">
        <Key v="20181407150314e" t="String" n="$E" />
        <Key v="20181407573853e" t="String" n="$S" />
      </Data>
      <Data n="20181407047077c">
        <Key v="20181407047077e" t="String" n="$E" />
        <Key v="20181407700568e" t="String" n="$S" />
      </Data>
      <Data n="20181407151190c">
        <Key v="20181407151190e" t="String" n="$E" />
        <Key v="20181407707904e" t="String" n="$S" />
      </Data>
      <Data n="20181407151348c">
        <Key v="20181407151348e" t="String" n="$E" />
        <Key v="20181407708291e" t="String" n="$S" />
      </Data>
      <Data n="20181407151519c">
        <Key v="20181407151519e" t="String" n="$E" />
        <Key v="20181407159705e" t="String" n="$S" />
      </Data>
      <Data n="20181407151665c">
        <Key v="20181407151665e" t="String" n="$E" />
        <Key v="20181407576785e" t="String" n="$S" />
      </Data>
      <Data n="20181407610860c">
        <Key v="20181407610860e" t="String" n="$E" />
        <Key v="20181407709088e" t="String" n="$S" />
      </Data>
      <Data n="20181407193809c">
        <Key v="20181407193809e" t="String" n="$E" />
        <Key v="20181407149814e" t="String" n="$S" />
      </Data>
      <Data n="20181407723384c">
        <Key v="20181407723384e" t="String" n="$E" />
        <Key v="20181407149989e" t="String" n="$S" />
      </Data>
      <Data n="20206616256050c">
        <Key v="20181406893391e" t="String" n="$E" />
        <Key v="20181407150139e" t="String" n="$S" />
      </Data>
      <Data n="20206616256051c">
        <Key v="20181406893391e" t="String" n="$E" />
        <Key v="20181407150314e" t="String" n="$S" />
      </Data>
      <Data n="20206616256052c">
        <Key v="20181407723384e" t="String" n="$E" />
        <Key v="20181407047077e" t="String" n="$S" />
      </Data>
      <Data n="20181407377964c">
        <Key v="20181407377964e" t="String" n="$E" />
        <Key v="20181407151190e" t="String" n="$S" />
      </Data>
      <Data n="20181407533824c">
        <Key v="20181407533824e" t="String" n="$E" />
        <Key v="20181407151348e" t="String" n="$S" />
      </Data>
      <Data n="20206616256055c">
        <Key v="20181406893391e" t="String" n="$E" />
        <Key v="20181407151519e" t="String" n="$S" />
      </Data>
      <Data n="20206616256056c">
        <Key v="20181406893391e" t="String" n="$E" />
        <Key v="20181407151665e" t="String" n="$S" />
      </Data>
      <Data n="20181407620718c">
        <Key v="20181407620718e" t="String" n="$E" />
        <Key v="20181407610860e" t="String" n="$S" />
      </Data>
      <Data n="20206616256058c">
        <Key v="20181407723384e" t="String" n="$E" />
        <Key v="20181407193809e" t="String" n="$S" />
      </Data>
      <Data n="20206616256059c">
        <Key v="20181406572946e" t="String" n="$E" />
        <Key v="20181407723384e" t="String" n="$S" />
      </Data>
      <Data n="20206616256060c">
        <Key v="20181407723384e" t="String" n="$E" />
        <Key v="20181407377964e" t="String" n="$S" />
      </Data>
      <Data n="20206616256061c">
        <Key v="20181407723384e" t="String" n="$E" />
        <Key v="20181407533824e" t="String" n="$S" />
      </Data>
      <Data n="20206616256062c">
        <Key v="20181407723384e" t="String" n="$E" />
        <Key v="20181407620718e" t="String" n="$S" />
      </Data>
    </Data>
  </Data>
</DataRoot>