﻿<?xml version="1.0" encoding="utf-8"?>
<DataRoot n="D">
  <Data n="20178318855664">
    <Data n="$Elems">
      <Data n="20195100227276e">
        <Key v="450,0" t="Vector2" n="!$P" />
        <Key v="_EGate" t="String" n="$T" />
        <Key v="G0" t="String" n="GT" />
        <Key v="1" t="Int32" n="Ex" />
        <Key v="C_spravedlivy_muz_uvitani" t="String" n="Var" />
      </Data>
      <Data n="20195100170596e">
        <Key v="450,-200" t="Vector2" n="!$P" />
        <Key v="_EGate" t="String" n="$T" />
        <Key v="G0" t="String" n="GT" />
        <Key v="C_spravedlivy_muz_uvitani" t="String" n="Var" />
      </Data>
      <Data n="20195100151225e">
        <Key v="750,-200" t="Vector2" n="!$P" />
        <Key v="_EFunc" t="String" n="$T" />
        <Key v="G0" t="String" n="GT" />
        <Key v="C_spravedlivy_muz_uvitani" t="String" n="Var" />
      </Data>
      <Data n="20195100150316e">
        <Key v="900,0" t="Vector2" n="!$P" />
        <Key v="20202866798502" t="String" n="$T" />
        <Key v="Zdravíme Spravedlivý, můžem mít pár otázek?" t="String" n="%X" />
      </Data>
      <Data n="20195100147213e">
        <Key v="1200,-200" t="Vector2" n="!$P" />
        <Key v="20202866798502" t="String" n="$T" />
        <Key v="%M1" t="String" n="T" />
        <Key v="A koho pak to sem moře zaválo. Vás jsem tu ještě neviděl. Mé jméno je Wolcott Sharker, ale všichni mi tady říkají Spravedlivý muž." t="String" n="%X" />
      </Data>
      <Data n="20195100221872e">
        <Key v="1500,0" t="Vector2" n="!$P" />
        <Key v="20202866798502" t="String" n="$T" />
        <Key v="%M1" t="String" n="T" />
        <Key v="Ale jo, tak co to bude?" t="String" n="%X" />
      </Data>
      <Data n="20195100187143e">
        <Key v="1800,-200" t="Vector2" n="!$P" />
        <Key v="20202866798502" t="String" n="$T" />
        <Key v="Ah, těší nás, mé jméno je @$. A je tomu opravdu tak jak říkáš, před chvílí jsme se vylodili." t="String" n="%X" />
        <Key v="1" t="String" n="!Vt" />
        <Key v="XN_Leader" t="String" n="Var" />
      </Data>
      <Data n="20195100208924e">
        <Key v="2100,0" t="Vector2" n="!$P" />
        <Key v="20206495856812" t="String" n="$T" />
        <Key v="Wolcott - možnosti" t="String" n="!%Txt" />
      </Data>
      <Data n="20195100200149e">
        <Key v="2400,-200" t="Vector2" n="!$P" />
        <Key v="20202866798502" t="String" n="$T" />
        <Key v="%M1" t="String" n="T" />
        <Key v="No tak v tom případě vítejte na &quot;Svobodném ostrově&quot; a jeho hlavním městě Corma. Tak co pro vás můžu udělat?" t="String" n="%X" />
      </Data>
    </Data>
    <Data n="$Conns">
      <Data n="20195100227276c">
        <Key v="20195100227276e" t="String" n="$E" />
      </Data>
      <Data n="20195100170596c">
        <Key v="20195100170596e" t="String" n="$E" />
      </Data>
      <Data n="20195100151225c">
        <Key v="20195100151225e" t="String" n="$E" />
        <Key v="20195100170596e" t="String" n="$S" />
      </Data>
      <Data n="20195100150316c">
        <Key v="20195100150316e" t="String" n="$E" />
        <Key v="20195100227276e" t="String" n="$S" />
      </Data>
      <Data n="20195100147213c">
        <Key v="20195100147213e" t="String" n="$E" />
        <Key v="20195100151225e" t="String" n="$S" />
      </Data>
      <Data n="20195100221872c">
        <Key v="20195100221872e" t="String" n="$E" />
        <Key v="20195100150316e" t="String" n="$S" />
      </Data>
      <Data n="20195100187143c">
        <Key v="20195100187143e" t="String" n="$E" />
        <Key v="20195100147213e" t="String" n="$S" />
      </Data>
      <Data n="20195100208924c">
        <Key v="20195100208924e" t="String" n="$E" />
        <Key v="20195100221872e" t="String" n="$S" />
      </Data>
      <Data n="20195100200149c">
        <Key v="20195100200149e" t="String" n="$E" />
        <Key v="20195100187143e" t="String" n="$S" />
      </Data>
      <Data n="20206616255991c">
        <Key v="20195100208924e" t="String" n="$E" />
        <Key v="20195100200149e" t="String" n="$S" />
      </Data>
    </Data>
  </Data>
</DataRoot>