﻿<?xml version="1.0" encoding="utf-8"?>
<DataRoot n="D">
  <Data n="20178321782046">
    <Data n="$Elems">
      <Data n="20182941747626e">
        <Key v="450,0" t="Vector2" n="!$P" />
        <Key v="20202866798502" t="String" n="$T" />
        <Key v="%M1" t="String" n="T" />
        <Key v="Zdravím, co pro vás starej BB může udělat?" t="String" n="%X" />
      </Data>
      <Data n="20182941754222e">
        <Key v="1050,0" t="Vector2" n="!$P" />
        <Key v="20206495856812" t="String" n="$T" />
        <Key v="Možnosti" t="String" n="!%Txt" />
      </Data>
      <Data n="20182942070854e">
        <Key v="1650,0" t="Vector2" n="!$P" />
        <Key v="_EGate" t="String" n="$T" />
        <Key v="G1" t="String" n="GT" />
        <Key v="1" t="Int32" n="T2" />
        <Key v="3" t="Decimal" n="Val" />
        <Key v="HL" t="String" n="Cnt" />
        <Key v="Oeg" t="String" n="O" />
      </Data>
      <Data n="20182942079436e">
        <Key v="1950,0" t="Vector2" n="!$P" />
        <Key v="_EGate" t="String" n="$T" />
        <Key v="G1" t="String" n="GT" />
        <Key v="1" t="Int32" n="T2" />
        <Key v="3" t="Decimal" n="Val" />
        <Key v="HL" t="String" n="Cnt" />
        <Key v="Oel" t="String" n="O" />
      </Data>
      <Data n="20182941794578e">
        <Key v="2250,0" t="Vector2" n="!$P" />
        <Key v="20202934699316" t="String" n="$T" />
        <Key v="Dung?" t="String" n="%CX" />
      </Data>
      <Data n="20182941756020e">
        <Key v="1650,-200" t="Vector2" n="!$P" />
        <Key v="20202934699316" t="String" n="$T" />
        <Key v="BB?" t="String" n="%CX" />
      </Data>
      <Data n="20182941756162e">
        <Key v="1650,-400" t="Vector2" n="!$P" />
        <Key v="20202934699316" t="String" n="$T" />
        <Key v="Obchod" t="String" n="%CX" />
      </Data>
      <Data n="20182941756329e">
        <Key v="1650,-600" t="Vector2" n="!$P" />
        <Key v="20202934699316" t="String" n="$T" />
        <Key v="Práce?" t="String" n="%CX" />
      </Data>
      <Data n="20182941795674e">
        <Key v="1650,-800" t="Vector2" n="!$P" />
        <Key v="20202934699316" t="String" n="$T" />
        <Key v="Odejít" t="String" n="%CX" />
        <Key v="MrE" t="String" n="Spc" />
      </Data>
      <Data n="20182941794577e">
        <Key v="2700,0" t="Vector2" n="!$P" />
        <Key v="20202866798502" t="String" n="$T" />
        <Key v="Hledáme jistého dobrodruha Dunga. Slyšel jsi o něm někdy?" t="String" n="%X" />
      </Data>
      <Data n="20182941756021e">
        <Key v="2100,-200" t="Vector2" n="!$P" />
        <Key v="20202866798502" t="String" n="$T" />
        <Key v="BB?" t="String" n="%X" />
      </Data>
      <Data n="20182941756161e">
        <Key v="2100,-400" t="Vector2" n="!$P" />
        <Key v="20202866798502" t="String" n="$T" />
        <Key v="Rádi bychom si něco koupili." t="String" n="%X" />
      </Data>
      <Data n="20182941756328e">
        <Key v="2100,-600" t="Vector2" n="!$P" />
        <Key v="20202866798502" t="String" n="$T" />
        <Key v="Sháníme nějakou práci, nevíš o něčem?" t="String" n="%X" />
      </Data>
      <Data n="20182941795675e">
        <Key v="2100,-800" t="Vector2" n="!$P" />
        <Key v="20202866798502" t="String" n="$T" />
      </Data>
      <Data n="20182941850486e">
        <Key v="3300,0" t="Vector2" n="!$P" />
        <Key v="20202866798502" t="String" n="$T" />
        <Key v="%M1" t="String" n="T" />
        <Key v="Jojo, myslím, že tady někde poblíž bydlí, ale kde to nevím. Nicméně zkusil bych se poptat některého z kapitánů." t="String" n="%X" />
      </Data>
      <Data n="20182941761070e">
        <Key v="2700,-200" t="Vector2" n="!$P" />
        <Key v="20202866798502" t="String" n="$T" />
        <Key v="%M1" t="String" n="T" />
        <Key v="Black Beard. Podle toho, že mám pořád černý vousy. Jinak se jmenuju Farold Atherton, ale tak mi tady nikdo neříká." t="String" n="%X" />
      </Data>
      <Data n="20182941780044e">
        <Key v="2700,-400" t="Vector2" n="!$P" />
        <Key v="20202866798502" t="String" n="$T" />
        <Key v="%M1" t="String" n="T" />
        <Key v="No samozřejmě, od toho jsem tady." t="String" n="%X" />
      </Data>
      <Data n="20182941807425e">
        <Key v="2700,-600" t="Vector2" n="!$P" />
        <Key v="20202866798502" t="String" n="$T" />
        <Key v="%M1" t="String" n="T" />
        <Key v="No, zkusil bych se zeptat po hospodách a nebo přímo u kapitánů. Jsem si jist, že jak Lishak, tak Hardon mít určitě něco budou." t="String" n="%X" />
      </Data>
      <Data n="20182941857054e">
        <Key v="3900,0" t="Vector2" n="!$P" />
        <Key v="20202866798502" t="String" n="$T" />
        <Key v="Díky" t="String" n="%X" />
      </Data>
      <Data n="20182941788551e">
        <Key v="3300,-200" t="Vector2" n="!$P" />
        <Key v="20202866798502" t="String" n="$T" />
        <Key v="Aha, díky za vysvětlení." t="String" n="%X" />
      </Data>
      <Data n="20182941782162e">
        <Key v="3300,-400" t="Vector2" n="!$P" />
        <Key v="20206371455404" t="String" n="$T" />
        <Key v="přechod do prostředí obchodu" t="String" n="!%Txt" />
        <Key v="" t="String" n="GT" />
      </Data>
      <Data n="20182941825799e">
        <Key v="3300,-600" t="Vector2" n="!$P" />
        <Key v="20202866798502" t="String" n="$T" />
        <Key v="%M1" t="String" n="T" />
        <Key v="Nicméně pozor, ti dva se nemají zrovna v lásce. Je dost možný, že když budeš dělat pro jednoho, tak u druhýho si už neškrtneš." t="String" n="%X" />
      </Data>
      <Data n="20182941784631e">
        <Key v="3750,-400" t="Vector2" n="!$P" />
        <Key v="20202866798502" t="String" n="$T" />
        <Key v="%M1" t="String" n="T" />
        <Key v="Ještě něco?" t="String" n="%X" />
      </Data>
      <Data n="20182941827146e">
        <Key v="3900,-600" t="Vector2" n="!$P" />
        <Key v="20202866798502" t="String" n="$T" />
        <Key v="%M1" t="String" n="T" />
        <Key v="Můžeš se zkusit optat i u spravedlivého muže. Ten má starostí nad hlavu, takže určitě ti nějakou rád přenechá. Jo a pokud se umíte ohánět zbraní, tak peníze se daj přividělat aj v místní aréně, ale je to jen pro silné povahy." t="String" n="%X" />
      </Data>
      <Data n="20182941843973e">
        <Key v="4500,-600" t="Vector2" n="!$P" />
        <Key v="20202866798502" t="String" n="$T" />
        <Key v="Super, díky za info BB." t="String" n="%X" />
      </Data>
    </Data>
    <Data n="$Conns">
      <Data n="20182941747626c">
        <Key v="20182941747626e" t="String" n="$E" />
      </Data>
      <Data n="20182941754222c">
        <Key v="20182941754222e" t="String" n="$E" />
        <Key v="20182941747626e" t="String" n="$S" />
      </Data>
      <Data n="20182942070854c">
        <Key v="20182942070854e" t="String" n="$E" />
        <Key v="20182941754222e" t="String" n="$S" />
      </Data>
      <Data n="20182942079436c">
        <Key v="20182942079436e" t="String" n="$E" />
        <Key v="20182942070854e" t="String" n="$S" />
      </Data>
      <Data n="20182941794578c">
        <Key v="20182941794578e" t="String" n="$E" />
        <Key v="20182942079436e" t="String" n="$S" />
      </Data>
      <Data n="20182941756020c">
        <Key v="20182941756020e" t="String" n="$E" />
        <Key v="20182941754222e" t="String" n="$S" />
      </Data>
      <Data n="20182941756162c">
        <Key v="20182941756162e" t="String" n="$E" />
        <Key v="20182941754222e" t="String" n="$S" />
      </Data>
      <Data n="20182941756329c">
        <Key v="20182941756329e" t="String" n="$E" />
        <Key v="20182941754222e" t="String" n="$S" />
      </Data>
      <Data n="20182941795674c">
        <Key v="20182941795674e" t="String" n="$E" />
        <Key v="20182941754222e" t="String" n="$S" />
      </Data>
      <Data n="20182941794577c">
        <Key v="20182941794577e" t="String" n="$E" />
        <Key v="20182941794578e" t="String" n="$S" />
      </Data>
      <Data n="20182941756021c">
        <Key v="20182941756021e" t="String" n="$E" />
        <Key v="20182941756020e" t="String" n="$S" />
      </Data>
      <Data n="20182941756161c">
        <Key v="20182941756161e" t="String" n="$E" />
        <Key v="20182941756162e" t="String" n="$S" />
      </Data>
      <Data n="20182941756328c">
        <Key v="20182941756328e" t="String" n="$E" />
        <Key v="20182941756329e" t="String" n="$S" />
      </Data>
      <Data n="20182941795675c">
        <Key v="20182941795675e" t="String" n="$E" />
        <Key v="20182941795674e" t="String" n="$S" />
      </Data>
      <Data n="20182941850486c">
        <Key v="20182941850486e" t="String" n="$E" />
        <Key v="20182941794577e" t="String" n="$S" />
      </Data>
      <Data n="20182941761070c">
        <Key v="20182941761070e" t="String" n="$E" />
        <Key v="20182941756021e" t="String" n="$S" />
      </Data>
      <Data n="20182941780044c">
        <Key v="20182941780044e" t="String" n="$E" />
        <Key v="20182941756161e" t="String" n="$S" />
      </Data>
      <Data n="20182941807425c">
        <Key v="20182941807425e" t="String" n="$E" />
        <Key v="20182941756328e" t="String" n="$S" />
      </Data>
      <Data n="20182941857054c">
        <Key v="20182941857054e" t="String" n="$E" />
        <Key v="20182941850486e" t="String" n="$S" />
      </Data>
      <Data n="20182941788551c">
        <Key v="20182941788551e" t="String" n="$E" />
        <Key v="20182941761070e" t="String" n="$S" />
      </Data>
      <Data n="20182941782162c">
        <Key v="20182941782162e" t="String" n="$E" />
        <Key v="20182941780044e" t="String" n="$S" />
      </Data>
      <Data n="20182941825799c">
        <Key v="20182941825799e" t="String" n="$E" />
        <Key v="20182941807425e" t="String" n="$S" />
      </Data>
      <Data n="20206616256012c">
        <Key v="20182941754222e" t="String" n="$E" />
        <Key v="20182941857054e" t="String" n="$S" />
      </Data>
      <Data n="20206616256013c">
        <Key v="20182941754222e" t="String" n="$E" />
        <Key v="20182941788551e" t="String" n="$S" />
      </Data>
      <Data n="20182941784631c">
        <Key v="20182941784631e" t="String" n="$E" />
        <Key v="20182941782162e" t="String" n="$S" />
      </Data>
      <Data n="20182941827146c">
        <Key v="20182941827146e" t="String" n="$E" />
        <Key v="20182941825799e" t="String" n="$S" />
      </Data>
      <Data n="20206616256016c">
        <Key v="20182941754222e" t="String" n="$E" />
        <Key v="20182941784631e" t="String" n="$S" />
      </Data>
      <Data n="20182941843973c">
        <Key v="20182941843973e" t="String" n="$E" />
        <Key v="20182941827146e" t="String" n="$S" />
      </Data>
      <Data n="20206616256018c">
        <Key v="20182941754222e" t="String" n="$E" />
        <Key v="20182941843973e" t="String" n="$S" />
      </Data>
    </Data>
  </Data>
</DataRoot>