﻿<?xml version="1.0" encoding="utf-8"?>
<DataRoot n="D">
  <Data n="20202844842755">
    <Key v="-1008,161" t="Vector2" n="!$MP" />
    <Key v="0.7,0.7,0.7" t="Vector3" n="!$MZ" />
    <Data n="$Elems">
      <Data n="20202935175047!">
        <Key v="C" t="String" n="$T" />
        <Key v="376,643" t="Vector2" n="!$P" />
        <Key v="Tohle je komentář, který je tu úplně zbytečný, ale musí se taky otestovat že..." t="String" n="%V" />
      </Data>
      <Data n="20202920182449e">
        <Key v="20202866798502" t="String" n="$T" />
        <Key v="1650,500" t="Vector2" n="!$P" />
        <Key v="%M1" t="String" n="T" />
        <Key v="Lorem ipsum dolor sit amet, consectetuer adipiscing elit. Nullam rhoncus aliquam metus. In sem justo, commodo ut, suscipit at, pharetra vitae, orci. Ut enim ad minima veniam, quis nostrum exercitationem ullam corporis suscipit laboriosam, nisi ut aliquid ex ea commodi consequatur? Praesent id justo in neque elementum ultrices. Duis bibendum, lectus ut viverra rhoncus, dolor nunc faucibus libero, eget facilisis enim ipsum id lacus. Duis sapien nunc, commodo et, interdum suscipit, sollicitudin et, dolor. In rutrum. Pellentesque sapien. Et harum quidem rerum facilis est et expedita distinctio. Vivamus luctus egestas leo. Curabitur vitae diam non enim vestibulum interdum. Aliquam erat volutpat. Mauris dolor felis, sagittis at, luctus sed, aliquam non, tellus. Phasellus enim erat, vestibulum vel, aliquam a, posuere eu, velit. Neque porro quisquam est, qui dolorem ipsum quia dolor sit amet, consectetur, adipisci velit, sed quia non numquam eius modi tempora incidunt ut labore et dolore magnam aliquam quaerat voluptatem. Pellentesque pretium lectus id turpis. Mauris dolor felis, sagittis at, luctus sed, aliquam non, tellus." t="String" n="%X" />
      </Data>
      <Data n="20202915527319e">
        <Key v="20202866798502" t="String" n="$T" />
        <Key v="900,450" t="Vector2" n="!$P" />
        <Key v="A ještě jeden pro velký úspěch" t="String" n="%X" />
      </Data>
      <Data n="20202969117118e">
        <Key v="20202934718137" t="String" n="$T" />
        <Key v="300,450" t="Vector2" n="!$P" />
        <Key v="CkQ" t="String" n="GT" />
        <Key v="SkN" t="String" n="T" />
        <Key v="Q20202985059558" t="String" n="Qs" />
      </Data>
      <Data n="20202961403051e">
        <Key v="20202934718137" t="String" n="$T" />
        <Key v="300,250" t="Vector2" n="!$P" />
        <Key v="Tady bude podmínka, která zatím nejde definovat" t="String" n="!%Txt" />
        <Key v="CkT" t="String" n="GT" />
        <Key v="StD" t="String" n="T" />
        <Key v="10" t="Int32" n="Dy" />
        <Key v="0" t="Int32" n="Ho" />
      </Data>
      <Data n="20202920135396e">
        <Key v="20202866798502" t="String" n="$T" />
        <Key v="1650,250" t="Vector2" n="!$P" />
        <Key v="Tak tohle je ale pořádný zátěžový test na hodně velké dialogy." t="String" n="%X" />
      </Data>
      <Data n="20202935194568e">
        <Key v="20202934699316" t="String" n="$T" />
        <Key v="1050,250" t="Vector2" n="!$P" />
        <Key v="A" t="String" n="%X" />
      </Data>
      <Data n="20202935194831e">
        <Key v="20202934699316" t="String" n="$T" />
        <Key v="1050,150" t="Vector2" n="!$P" />
        <Key v="B" t="String" n="%X" />
      </Data>
      <Data n="20202874835745e">
        <Key v="20202866798502" t="String" n="$T" />
        <Key v="450,100" t="Vector2" n="!$P" />
        <Key v="%M1" t="String" n="T" />
        <Key v="Telltale choice" t="String" n="%X" />
      </Data>
      <Data n="20202935194977e">
        <Key v="20202934699316" t="String" n="$T" />
        <Key v="1050,50" t="Vector2" n="!$P" />
        <Key v="C" t="String" n="%X" />
      </Data>
      <Data n="20202920186022e">
        <Key v="20202866798502" t="String" n="$T" />
        <Key v="1650,-250" t="Vector2" n="!$P" />
        <Key v="%M1" t="String" n="T" />
        <Key v="Lorem ipsum dolor sit amet, consectetuer adipiscing elit. Nullam rhoncus aliquam metus. In sem justo, commodo ut, suscipit at, pharetra vitae, orci. Ut enim ad minima veniam, quis nostrum exercitationem ullam corporis suscipit laboriosam, nisi ut aliquid ex ea commodi consequatur? Praesent id justo in neque elementum ultrices. Duis bibendum, lectus ut viverra rhoncus, dolor nunc faucibus libero, eget facilisis enim ipsum id lacus. Duis sapien nunc, commodo et, interdum suscipit, sollicitudin et, dolor. In rutrum. Pellentesque sapien. Et harum quidem rerum facilis est et expedita distinctio. Vivamus luctus egestas leo. Curabitur vitae diam non enim vestibulum interdum. Aliquam erat volutpat. Mauris dolor felis, sagittis at, luctus sed, aliquam non, tellus. Phasellus enim erat, vestibulum vel, aliquam a, posuere eu, velit. Neque porro quisquam est, qui dolorem ipsum quia dolor sit amet, consectetur, adipisci velit, sed quia non numquam eius modi tempora incidunt ut labore et dolore magnam aliquam quaerat voluptatem. Pellentesque pretium lectus id turpis. Mauris dolor felis, sagittis at, luctus sed, aliquam non, tellus." t="String" n="%X" />
      </Data>
      <Data n="20202935181286e">
        <Key v="20202934699316" t="String" n="$T" />
        <Key v="1050,-250" t="Vector2" n="!$P" />
        <Key v="Zavřít dveře" t="String" n="%X" />
      </Data>
      <Data n="20202920185539e">
        <Key v="20202866798502" t="String" n="$T" />
        <Key v="150,-300" t="Vector2" n="!$P" />
        <Key v="%M1" t="String" n="T" />
        <Key v="Lorem ipsum dolor sit amet, consectetuer adipiscing elit. Nullam rhoncus aliquam metus. In sem justo, commodo ut, suscipit at, pharetra vitae, orci. Ut enim ad minima veniam, quis nostrum exercitationem ullam corporis suscipit laboriosam, nisi ut aliquid ex ea commodi consequatur? Praesent id justo in neque elementum ultrices. Duis bibendum, lectus ut viverra rhoncus, dolor nunc faucibus libero, eget facilisis enim ipsum id lacus. Duis sapien nunc, commodo et, interdum suscipit, sollicitudin et, dolor. In rutrum. Pellentesque sapien. Et harum quidem rerum facilis est et expedita distinctio. Vivamus luctus egestas leo. Curabitur vitae diam non enim vestibulum interdum. Aliquam erat volutpat. Mauris dolor felis, sagittis at, luctus sed, aliquam non, tellus. Phasellus enim erat, vestibulum vel, aliquam a, posuere eu, velit. Neque porro quisquam est, qui dolorem ipsum quia dolor sit amet, consectetur, adipisci velit, sed quia non numquam eius modi tempora incidunt ut labore et dolore magnam aliquam quaerat voluptatem. Pellentesque pretium lectus id turpis. Mauris dolor felis, sagittis at, luctus sed, aliquam non, tellus." t="String" n="%X" />
      </Data>
      <Data n="20202935181390e">
        <Key v="20202934699316" t="String" n="$T" />
        <Key v="1050,-350" t="Vector2" n="!$P" />
        <Key v="Otevřít dveře" t="String" n="%X" />
      </Data>
      <Data n="20202935214202e">
        <Key v="20202934724872" t="String" n="$T" />
        <Key v="1650,-400" t="Vector2" n="!$P" />
      </Data>
      <Data n="20202935214348e">
        <Key v="20202934724872" t="String" n="$T" />
        <Key v="1650,-500" t="Vector2" n="!$P" />
      </Data>
      <Data n="20202920186207e">
        <Key v="20202866798502" t="String" n="$T" />
        <Key v="1950,-800" t="Vector2" n="!$P" />
        <Key v="%M1" t="String" n="T" />
        <Key v="Lorem ipsum dolor sit amet, consectetuer adipiscing elit. Nullam rhoncus aliquam metus. In sem justo, commodo ut, suscipit at, pharetra vitae, orci. Ut enim ad minima veniam, quis nostrum exercitationem ullam corporis suscipit laboriosam, nisi ut aliquid ex ea commodi consequatur? Praesent id justo in neque elementum ultrices. Duis bibendum, lectus ut viverra rhoncus, dolor nunc faucibus libero, eget facilisis enim ipsum id lacus. Duis sapien nunc, commodo et, interdum suscipit, sollicitudin et, dolor. In rutrum. Pellentesque sapien. Et harum quidem rerum facilis est et expedita distinctio. Vivamus luctus egestas leo. Curabitur vitae diam non enim vestibulum interdum. Aliquam erat volutpat. Mauris dolor felis, sagittis at, luctus sed, aliquam non, tellus. Phasellus enim erat, vestibulum vel, aliquam a, posuere eu, velit. Neque porro quisquam est, qui dolorem ipsum quia dolor sit amet, consectetur, adipisci velit, sed quia non numquam eius modi tempora incidunt ut labore et dolore magnam aliquam quaerat voluptatem. Pellentesque pretium lectus id turpis. Mauris dolor felis, sagittis at, luctus sed, aliquam non, tellus." t="String" n="%X" />
      </Data>
      <Data n="20202920186168e">
        <Key v="20202866798502" t="String" n="$T" />
        <Key v="1350,-900" t="Vector2" n="!$P" />
        <Key v="%M1" t="String" n="T" />
        <Key v="Lorem ipsum dolor sit amet, consectetuer adipiscing elit. Nullam rhoncus aliquam metus. In sem justo, commodo ut, suscipit at, pharetra vitae, orci. Ut enim ad minima veniam, quis nostrum exercitationem ullam corporis suscipit laboriosam, nisi ut aliquid ex ea commodi consequatur? Praesent id justo in neque elementum ultrices. Duis bibendum, lectus ut viverra rhoncus, dolor nunc faucibus libero, eget facilisis enim ipsum id lacus. Duis sapien nunc, commodo et, interdum suscipit, sollicitudin et, dolor. In rutrum. Pellentesque sapien. Et harum quidem rerum facilis est et expedita distinctio. Vivamus luctus egestas leo. Curabitur vitae diam non enim vestibulum interdum. Aliquam erat volutpat. Mauris dolor felis, sagittis at, luctus sed, aliquam non, tellus. Phasellus enim erat, vestibulum vel, aliquam a, posuere eu, velit. Neque porro quisquam est, qui dolorem ipsum quia dolor sit amet, consectetur, adipisci velit, sed quia non numquam eius modi tempora incidunt ut labore et dolore magnam aliquam quaerat voluptatem. Pellentesque pretium lectus id turpis. Mauris dolor felis, sagittis at, luctus sed, aliquam non, tellus." t="String" n="%X" />
      </Data>
      <Data n="20202920186132e">
        <Key v="20202866798502" t="String" n="$T" />
        <Key v="150,-950" t="Vector2" n="!$P" />
        <Key v="%M1" t="String" n="T" />
        <Key v="Lorem ipsum dolor sit amet, consectetuer adipiscing elit. Nullam rhoncus aliquam metus. In sem justo, commodo ut, suscipit at, pharetra vitae, orci. Ut enim ad minima veniam, quis nostrum exercitationem ullam corporis suscipit laboriosam, nisi ut aliquid ex ea commodi consequatur? Praesent id justo in neque elementum ultrices. Duis bibendum, lectus ut viverra rhoncus, dolor nunc faucibus libero, eget facilisis enim ipsum id lacus. Duis sapien nunc, commodo et, interdum suscipit, sollicitudin et, dolor. In rutrum. Pellentesque sapien. Et harum quidem rerum facilis est et expedita distinctio. Vivamus luctus egestas leo. Curabitur vitae diam non enim vestibulum interdum. Aliquam erat volutpat. Mauris dolor felis, sagittis at, luctus sed, aliquam non, tellus. Phasellus enim erat, vestibulum vel, aliquam a, posuere eu, velit. Neque porro quisquam est, qui dolorem ipsum quia dolor sit amet, consectetur, adipisci velit, sed quia non numquam eius modi tempora incidunt ut labore et dolore magnam aliquam quaerat voluptatem. Pellentesque pretium lectus id turpis. Mauris dolor felis, sagittis at, luctus sed, aliquam non, tellus." t="String" n="%X" />
      </Data>
      <Data n="20202920186240e">
        <Key v="20202866798502" t="String" n="$T" />
        <Key v="750,-1000" t="Vector2" n="!$P" />
        <Key v="%M1" t="String" n="T" />
        <Key v="Lorem ipsum dolor sit amet, consectetuer adipiscing elit. Nullam rhoncus aliquam metus. In sem justo, commodo ut, suscipit at, pharetra vitae, orci. Ut enim ad minima veniam, quis nostrum exercitationem ullam corporis suscipit laboriosam, nisi ut aliquid ex ea commodi consequatur? Praesent id justo in neque elementum ultrices. Duis bibendum, lectus ut viverra rhoncus, dolor nunc faucibus libero, eget facilisis enim ipsum id lacus. Duis sapien nunc, commodo et, interdum suscipit, sollicitudin et, dolor. In rutrum. Pellentesque sapien. Et harum quidem rerum facilis est et expedita distinctio. Vivamus luctus egestas leo. Curabitur vitae diam non enim vestibulum interdum. Aliquam erat volutpat. Mauris dolor felis, sagittis at, luctus sed, aliquam non, tellus. Phasellus enim erat, vestibulum vel, aliquam a, posuere eu, velit. Neque porro quisquam est, qui dolorem ipsum quia dolor sit amet, consectetur, adipisci velit, sed quia non numquam eius modi tempora incidunt ut labore et dolore magnam aliquam quaerat voluptatem. Pellentesque pretium lectus id turpis. Mauris dolor felis, sagittis at, luctus sed, aliquam non, tellus." t="String" n="%X" />
      </Data>
      <Data n="20202920186377e">
        <Key v="20202866798502" t="String" n="$T" />
        <Key v="1650,-1150" t="Vector2" n="!$P" />
        <Key v="%M1" t="String" n="T" />
        <Key v="Lorem ipsum dolor sit amet, consectetuer adipiscing elit. Nullam rhoncus aliquam metus. In sem justo, commodo ut, suscipit at, pharetra vitae, orci. Ut enim ad minima veniam, quis nostrum exercitationem ullam corporis suscipit laboriosam, nisi ut aliquid ex ea commodi consequatur? Praesent id justo in neque elementum ultrices. Duis bibendum, lectus ut viverra rhoncus, dolor nunc faucibus libero, eget facilisis enim ipsum id lacus. Duis sapien nunc, commodo et, interdum suscipit, sollicitudin et, dolor. In rutrum. Pellentesque sapien. Et harum quidem rerum facilis est et expedita distinctio. Vivamus luctus egestas leo. Curabitur vitae diam non enim vestibulum interdum. Aliquam erat volutpat. Mauris dolor felis, sagittis at, luctus sed, aliquam non, tellus. Phasellus enim erat, vestibulum vel, aliquam a, posuere eu, velit. Neque porro quisquam est, qui dolorem ipsum quia dolor sit amet, consectetur, adipisci velit, sed quia non numquam eius modi tempora incidunt ut labore et dolore magnam aliquam quaerat voluptatem. Pellentesque pretium lectus id turpis. Mauris dolor felis, sagittis at, luctus sed, aliquam non, tellus." t="String" n="%X" />
      </Data>
      <Data n="20202920186419e">
        <Key v="20202866798502" t="String" n="$T" />
        <Key v="2400,-1150" t="Vector2" n="!$P" />
        <Key v="%M1" t="String" n="T" />
        <Key v="Lorem ipsum dolor sit amet, consectetuer adipiscing elit. Nullam rhoncus aliquam metus. In sem justo, commodo ut, suscipit at, pharetra vitae, orci. Ut enim ad minima veniam, quis nostrum exercitationem ullam corporis suscipit laboriosam, nisi ut aliquid ex ea commodi consequatur? Praesent id justo in neque elementum ultrices. Duis bibendum, lectus ut viverra rhoncus, dolor nunc faucibus libero, eget facilisis enim ipsum id lacus. Duis sapien nunc, commodo et, interdum suscipit, sollicitudin et, dolor. In rutrum. Pellentesque sapien. Et harum quidem rerum facilis est et expedita distinctio. Vivamus luctus egestas leo. Curabitur vitae diam non enim vestibulum interdum. Aliquam erat volutpat. Mauris dolor felis, sagittis at, luctus sed, aliquam non, tellus. Phasellus enim erat, vestibulum vel, aliquam a, posuere eu, velit. Neque porro quisquam est, qui dolorem ipsum quia dolor sit amet, consectetur, adipisci velit, sed quia non numquam eius modi tempora incidunt ut labore et dolore magnam aliquam quaerat voluptatem. Pellentesque pretium lectus id turpis. Mauris dolor felis, sagittis at, luctus sed, aliquam non, tellus." t="String" n="%X" />
      </Data>
      <Data n="20202920186273e">
        <Key v="20202866798502" t="String" n="$T" />
        <Key v="1200,-1200" t="Vector2" n="!$P" />
        <Key v="%M1" t="String" n="T" />
        <Key v="Lorem ipsum dolor sit amet, consectetuer adipiscing elit. Nullam rhoncus aliquam metus. In sem justo, commodo ut, suscipit at, pharetra vitae, orci. Ut enim ad minima veniam, quis nostrum exercitationem ullam corporis suscipit laboriosam, nisi ut aliquid ex ea commodi consequatur? Praesent id justo in neque elementum ultrices. Duis bibendum, lectus ut viverra rhoncus, dolor nunc faucibus libero, eget facilisis enim ipsum id lacus. Duis sapien nunc, commodo et, interdum suscipit, sollicitudin et, dolor. In rutrum. Pellentesque sapien. Et harum quidem rerum facilis est et expedita distinctio. Vivamus luctus egestas leo. Curabitur vitae diam non enim vestibulum interdum. Aliquam erat volutpat. Mauris dolor felis, sagittis at, luctus sed, aliquam non, tellus. Phasellus enim erat, vestibulum vel, aliquam a, posuere eu, velit. Neque porro quisquam est, qui dolorem ipsum quia dolor sit amet, consectetur, adipisci velit, sed quia non numquam eius modi tempora incidunt ut labore et dolore magnam aliquam quaerat voluptatem. Pellentesque pretium lectus id turpis. Mauris dolor felis, sagittis at, luctus sed, aliquam non, tellus." t="String" n="%X" />
      </Data>
      <Data n="20202920186310e">
        <Key v="20202866798502" t="String" n="$T" />
        <Key v="3150,-1200" t="Vector2" n="!$P" />
        <Key v="%M1" t="String" n="T" />
        <Key v="Lorem ipsum dolor sit amet, consectetuer adipiscing elit. Nullam rhoncus aliquam metus. In sem justo, commodo ut, suscipit at, pharetra vitae, orci. Ut enim ad minima veniam, quis nostrum exercitationem ullam corporis suscipit laboriosam, nisi ut aliquid ex ea commodi consequatur? Praesent id justo in neque elementum ultrices. Duis bibendum, lectus ut viverra rhoncus, dolor nunc faucibus libero, eget facilisis enim ipsum id lacus. Duis sapien nunc, commodo et, interdum suscipit, sollicitudin et, dolor. In rutrum. Pellentesque sapien. Et harum quidem rerum facilis est et expedita distinctio. Vivamus luctus egestas leo. Curabitur vitae diam non enim vestibulum interdum. Aliquam erat volutpat. Mauris dolor felis, sagittis at, luctus sed, aliquam non, tellus. Phasellus enim erat, vestibulum vel, aliquam a, posuere eu, velit. Neque porro quisquam est, qui dolorem ipsum quia dolor sit amet, consectetur, adipisci velit, sed quia non numquam eius modi tempora incidunt ut labore et dolore magnam aliquam quaerat voluptatem. Pellentesque pretium lectus id turpis. Mauris dolor felis, sagittis at, luctus sed, aliquam non, tellus." t="String" n="%X" />
      </Data>
      <Data n="20202920186098e">
        <Key v="20202866798502" t="String" n="$T" />
        <Key v="750,-1350" t="Vector2" n="!$P" />
        <Key v="%M1" t="String" n="T" />
        <Key v="Lorem ipsum dolor sit amet, consectetuer adipiscing elit. Nullam rhoncus aliquam metus. In sem justo, commodo ut, suscipit at, pharetra vitae, orci. Ut enim ad minima veniam, quis nostrum exercitationem ullam corporis suscipit laboriosam, nisi ut aliquid ex ea commodi consequatur? Praesent id justo in neque elementum ultrices. Duis bibendum, lectus ut viverra rhoncus, dolor nunc faucibus libero, eget facilisis enim ipsum id lacus. Duis sapien nunc, commodo et, interdum suscipit, sollicitudin et, dolor. In rutrum. Pellentesque sapien. Et harum quidem rerum facilis est et expedita distinctio. Vivamus luctus egestas leo. Curabitur vitae diam non enim vestibulum interdum. Aliquam erat volutpat. Mauris dolor felis, sagittis at, luctus sed, aliquam non, tellus. Phasellus enim erat, vestibulum vel, aliquam a, posuere eu, velit. Neque porro quisquam est, qui dolorem ipsum quia dolor sit amet, consectetur, adipisci velit, sed quia non numquam eius modi tempora incidunt ut labore et dolore magnam aliquam quaerat voluptatem. Pellentesque pretium lectus id turpis. Mauris dolor felis, sagittis at, luctus sed, aliquam non, tellus." t="String" n="%X" />
      </Data>
      <Data n="20202920186056e">
        <Key v="20202866798502" t="String" n="$T" />
        <Key v="300,-1400" t="Vector2" n="!$P" />
        <Key v="%M1" t="String" n="T" />
        <Key v="Lorem ipsum dolor sit amet, consectetuer adipiscing elit. Nullam rhoncus aliquam metus. In sem justo, commodo ut, suscipit at, pharetra vitae, orci. Ut enim ad minima veniam, quis nostrum exercitationem ullam corporis suscipit laboriosam, nisi ut aliquid ex ea commodi consequatur? Praesent id justo in neque elementum ultrices. Duis bibendum, lectus ut viverra rhoncus, dolor nunc faucibus libero, eget facilisis enim ipsum id lacus. Duis sapien nunc, commodo et, interdum suscipit, sollicitudin et, dolor. In rutrum. Pellentesque sapien. Et harum quidem rerum facilis est et expedita distinctio. Vivamus luctus egestas leo. Curabitur vitae diam non enim vestibulum interdum. Aliquam erat volutpat. Mauris dolor felis, sagittis at, luctus sed, aliquam non, tellus. Phasellus enim erat, vestibulum vel, aliquam a, posuere eu, velit. Neque porro quisquam est, qui dolorem ipsum quia dolor sit amet, consectetur, adipisci velit, sed quia non numquam eius modi tempora incidunt ut labore et dolore magnam aliquam quaerat voluptatem. Pellentesque pretium lectus id turpis. Mauris dolor felis, sagittis at, luctus sed, aliquam non, tellus." t="String" n="%X" />
      </Data>
      <Data n="20202920186344e">
        <Key v="20202866798502" t="String" n="$T" />
        <Key v="2100,-1550" t="Vector2" n="!$P" />
        <Key v="%M1" t="String" n="T" />
        <Key v="Lorem ipsum dolor sit amet, consectetuer adipiscing elit. Nullam rhoncus aliquam metus. In sem justo, commodo ut, suscipit at, pharetra vitae, orci. Ut enim ad minima veniam, quis nostrum exercitationem ullam corporis suscipit laboriosam, nisi ut aliquid ex ea commodi consequatur? Praesent id justo in neque elementum ultrices. Duis bibendum, lectus ut viverra rhoncus, dolor nunc faucibus libero, eget facilisis enim ipsum id lacus. Duis sapien nunc, commodo et, interdum suscipit, sollicitudin et, dolor. In rutrum. Pellentesque sapien. Et harum quidem rerum facilis est et expedita distinctio. Vivamus luctus egestas leo. Curabitur vitae diam non enim vestibulum interdum. Aliquam erat volutpat. Mauris dolor felis, sagittis at, luctus sed, aliquam non, tellus. Phasellus enim erat, vestibulum vel, aliquam a, posuere eu, velit. Neque porro quisquam est, qui dolorem ipsum quia dolor sit amet, consectetur, adipisci velit, sed quia non numquam eius modi tempora incidunt ut labore et dolore magnam aliquam quaerat voluptatem. Pellentesque pretium lectus id turpis. Mauris dolor felis, sagittis at, luctus sed, aliquam non, tellus." t="String" n="%X" />
      </Data>
    </Data>
    <Data n="$Conns">
      <Data n="20202874838889c">
        <Key v="20202874835745e" t="String" n="$E" />
      </Data>
      <Data n="20202935200453c">
        <Key v="20202935194568e" t="String" n="$S" />
        <Key v="20202920135396e" t="String" n="$E" />
      </Data>
      <Data n="20202920184405c">
        <Key v="20202915527319e" t="String" n="$S" />
        <Key v="20202920182449e" t="String" n="$E" />
      </Data>
      <Data n="20202920187091c">
        <Key v="20202920185539e" t="String" n="$E" />
        <Data n="!Node">
          <Key v="20,-180" t="Vector2" n="0" />
          <Key v="97,-296" t="Vector2" n="1" />
        </Data>
      </Data>
      <Data n="20202935197663c">
        <Key v="20202874835745e" t="String" n="$S" />
        <Key v="20202935194568e" t="String" n="$E" />
      </Data>
      <Data n="20202935181658c">
        <Key v="20202920185539e" t="String" n="$S" />
        <Key v="20202935181286e" t="String" n="$E" />
      </Data>
      <Data n="20202935181891c">
        <Key v="20202920185539e" t="String" n="$S" />
        <Key v="20202935181390e" t="String" n="$E" />
      </Data>
      <Data n="20202935188080c">
        <Key v="20202935181286e" t="String" n="$S" />
        <Key v="20202920186022e" t="String" n="$E" />
      </Data>
      <Data n="20202935197884c">
        <Key v="20202874835745e" t="String" n="$S" />
        <Key v="20202935194831e" t="String" n="$E" />
      </Data>
      <Data n="20202935198843c">
        <Key v="20202874835745e" t="String" n="$S" />
        <Key v="20202935194977e" t="String" n="$E" />
      </Data>
      <Data n="20202935200720c">
        <Key v="20202935194831e" t="String" n="$S" />
        <Key v="20202920135396e" t="String" n="$E" />
      </Data>
      <Data n="20202935200999c">
        <Key v="20202935194977e" t="String" n="$S" />
        <Key v="20202920135396e" t="String" n="$E" />
      </Data>
      <Data n="20202935215007c">
        <Key v="20202935181390e" t="String" n="$S" />
        <Key v="20202935214202e" t="String" n="$E" />
      </Data>
      <Data n="20202935215274c">
        <Key v="20202935181390e" t="String" n="$S" />
        <Key v="20202935214348e" t="String" n="$E" />
      </Data>
      <Data n="20202961404919c">
        <Key v="20202961403051e" t="String" n="$E" />
      </Data>
      <Data n="20202961405228c">
        <Key v="20202961403051e" t="String" n="$S" />
        <Key v="20202915527319e" t="String" n="$E" />
      </Data>
      <Data n="20202969118099c">
        <Key v="20202969117118e" t="String" n="$E" />
      </Data>
      <Data n="20202969118370c">
        <Key v="20202969117118e" t="String" n="$S" />
        <Key v="20202915527319e" t="String" n="$E" />
      </Data>
    </Data>
  </Data>
</DataRoot>