﻿<?xml version="1.0" encoding="utf-8"?>
<DataRoot n="">
  <Data n="!MAP">
    <Data n="_ROOTS">
      <Key v="-602,171" t="Vector2" n="!$MP" />
      <Key v="0.4,0.4,0.4" t="Vector3" n="!$MZ" />
    </Data>
    <Data n="C20177024615651">
      <Key v="-644,184" t="Vector2" n="!$MP" />
      <Key v="0.8,0.8,0.8" t="Vector3" n="!$MZ" />
    </Data>
    <Data n="C20187931772169">
      <Key v="-433,32" t="Vector2" n="!$MP" />
      <Key v="1,1,1" t="Vector3" n="!$MZ" />
    </Data>
  </Data>
</DataRoot>