﻿<?xml version="1.0" encoding="utf-8"?>
<DataRoot n="">
  <Data n="_ROOTS">
    <Key v="20206446810373" t="String" n="!$LC" />
    <Data n="$Elems">
      <Data n="C20172629397102">
        <Key v="20206446810373" t="String" n="!$LC" />
        <Key v="SC_01_podpalubi_skrin_A_01" t="String" n="N" />
        <Key v="Podpalubí" t="String" n="L" />
        <Key v="1" t="Int32" n="OldID" />
      </Data>
      <Data n="C20172651582431">
        <Key v="20206446810373" t="String" n="!$LC" />
        <Key v="SC_01_podpalubi_vojensky_set" t="String" n="N" />
        <Key v="Podpalubí" t="String" n="L" />
        <Key v="7" t="Int32" n="OldID" />
      </Data>
      <Data n="C20172874345336">
        <Key v="20206446810373" t="String" n="!$LC" />
        <Key v="SC_01_podpalubi_Kajuta_A_pytel" t="String" n="N" />
        <Key v="Podpalubí" t="String" n="L" />
        <Key v="100" t="Int32" n="V" />
        <Key v="12" t="Int32" n="OldID" />
      </Data>
      <Data n="C20172966446020">
        <Key v="20206446810373" t="String" n="!$LC" />
        <Key v="SC_01_podpalubi_Police_v_nalevne" t="String" n="N" />
        <Key v="Podpalubí" t="String" n="L" />
        <Key v="15" t="Int32" n="OldID" />
      </Data>
      <Data n="C20172967040379">
        <Key v="20206446810373" t="String" n="!$LC" />
        <Key v="SC_01_podpalubi_Police_v_nalevne_II" t="String" n="N" />
        <Key v="Podpalubí" t="String" n="L" />
        <Key v="16" t="Int32" n="OldID" />
      </Data>
      <Data n="C20172967286433">
        <Key v="20206446810373" t="String" n="!$LC" />
        <Key v="SC_01_podpalubi_Police_v_jidelne" t="String" n="N" />
        <Key v="Podpalubí" t="String" n="L" />
        <Key v="17" t="Int32" n="OldID" />
      </Data>
      <Data n="C20173156049266">
        <Key v="20206446810373" t="String" n="!$LC" />
        <Key v="SC_01_podpalubi_stul_jidelna" t="String" n="N" />
        <Key v="Podpalubí" t="String" n="L" />
        <Key v="20" t="Int32" n="OldID" />
      </Data>
      <Data n="C20173156701889">
        <Key v="20206446810373" t="String" n="!$LC" />
        <Key v="Bezejmenný kontejner" t="String" n="N" />
        <Key v="Podpalubí" t="String" n="L" />
        <Key v="22" t="Int32" n="OldID" />
      </Data>
      <Data n="C20173156771365">
        <Key v="20206446810373" t="String" n="!$LC" />
        <Key v="SC_01_podpalubi_bedny_se_zasobami" t="String" n="N" />
        <Key v="Podpalubí" t="String" n="L" />
        <Key v="75" t="Int32" n="V" />
        <Key v="23" t="Int32" n="OldID" />
      </Data>
      <Data n="C20173157006069">
        <Key v="20206446810373" t="String" n="!$LC" />
        <Key v="SC_01_podpalubi_sudy_se_zasobama" t="String" n="N" />
        <Key v="Podpalubí" t="String" n="L" />
        <Key v="50" t="Int32" n="V" />
        <Key v="24" t="Int32" n="OldID" />
      </Data>
      <Data n="C20173157060900">
        <Key v="20206446810373" t="String" n="!$LC" />
        <Key v="SC_01_podpalubi_pytel_kukurice" t="String" n="N" />
        <Key v="Podpalubí" t="String" n="L" />
        <Key v="75" t="Int32" n="V" />
        <Key v="25" t="Int32" n="OldID" />
      </Data>
      <Data n="C20173157536554">
        <Key v="20206446810373" t="String" n="!$LC" />
        <Key v="SC_01_skrin_v_kajute_dustojniku" t="String" n="N" />
        <Key v="Podpalubí" t="String" n="L" />
        <Key v="150" t="Int32" n="V" />
        <Key v="26" t="Int32" n="OldID" />
      </Data>
      <Data n="C20173158063617">
        <Key v="20206446810373" t="String" n="!$LC" />
        <Key v="SC_01_podpalubi_stul_kajuta_dustojniku" t="String" n="N" />
        <Key v="Podpalubí" t="String" n="L" />
        <Key v="27" t="Int32" n="OldID" />
      </Data>
      <Data n="C20173158156499">
        <Key v="20206446810373" t="String" n="!$LC" />
        <Key v="SC_01_podplaubi_komoda_dustojniku" t="String" n="N" />
        <Key v="Podpalubí" t="String" n="L" />
        <Key v="100" t="Int32" n="V" />
        <Key v="28" t="Int32" n="OldID" />
      </Data>
      <Data n="C20173325079032">
        <Key v="20206446810373" t="String" n="!$LC" />
        <Key v="SC_01_podpalubi_dustojnicka_truhla" t="String" n="N" />
        <Key v="Podpalubí" t="String" n="L" />
        <Key v="2500" t="Int32" n="V" />
        <Key v="32" t="Int32" n="OldID" />
      </Data>
      <Data n="C20173325543621">
        <Key v="20206446810373" t="String" n="!$LC" />
        <Key v="SC_01_podpalubi_Komoda_kaitan" t="String" n="N" />
        <Key v="Podpalubí" t="String" n="L" />
        <Key v="2500" t="Int32" n="V" />
        <Key v="33" t="Int32" n="OldID" />
      </Data>
      <Data n="C20173326022890">
        <Key v="20206446810373" t="String" n="!$LC" />
        <Key v="SC_01_podpalubi_kapitanska_truhla" t="String" n="N" />
        <Key v="Podpalubí" t="String" n="L" />
        <Key v="2500" t="Int32" n="V" />
        <Key v="35" t="Int32" n="OldID" />
      </Data>
      <Data n="C20173326061342">
        <Key v="20206446810373" t="String" n="!$LC" />
        <Key v="SC_01_podpalubi_pracovni_stul_kapitana" t="String" n="N" />
        <Key v="Podpalubí" t="String" n="L" />
        <Key v="36" t="Int32" n="OldID" />
      </Data>
      <Data n="C20173326594506">
        <Key v="20206446810373" t="String" n="!$LC" />
        <Key v="SC_01_podpalubi_stolek_s_mapou_kapitan" t="String" n="N" />
        <Key v="Podpalubí" t="String" n="L" />
        <Key v="37" t="Int32" n="OldID" />
      </Data>
      <Data n="C20173326680396">
        <Key v="20206446810373" t="String" n="!$LC" />
        <Key v="Hodovní_stůl_lvl_1" t="String" n="N" />
        <Key v="Univerzální" t="String" n="L" />
        <Key v="50" t="Int32" n="V" />
        <Key v="38" t="Int32" n="OldID" />
      </Data>
      <Data n="C20176735275075">
        <Key v="20206446810373" t="String" n="!$LC" />
        <Key v="Sud_s_potravinami_lvl_1" t="String" n="N" />
        <Key v="Univerzální" t="String" n="L" />
        <Key v="20" t="Int32" n="V" />
        <Key v="39" t="Int32" n="OldID" />
      </Data>
      <Data n="C20176735326071">
        <Key v="20206446810373" t="String" n="!$LC" />
        <Key v="Sud_s_potravinami_lvl_2" t="String" n="N" />
        <Key v="Univerzální" t="String" n="L" />
        <Key v="40" t="Int32" n="V" />
        <Key v="40" t="Int32" n="OldID" />
      </Data>
      <Data n="C20176735332706">
        <Key v="20206446810373" t="String" n="!$LC" />
        <Key v="Sud_s_potravinami_lvl_3" t="String" n="N" />
        <Key v="Univerzální" t="String" n="L" />
        <Key v="80" t="Int32" n="V" />
        <Key v="41" t="Int32" n="OldID" />
      </Data>
      <Data n="C20177023549510">
        <Key v="20206446810373" t="String" n="!$LC" />
        <Key v="Bedna s výstrojí_lvl_1" t="String" n="N" />
        <Key v="Univerzální" t="String" n="L" />
        <Key v="1000" t="Int32" n="V" />
        <Key v="42" t="Int32" n="OldID" />
      </Data>
      <Data n="C20177023625849">
        <Key v="20206446810373" t="String" n="!$LC" />
        <Key v="Bedna s výstrojí_lvl_2" t="String" n="N" />
        <Key v="Univerzální" t="String" n="L" />
        <Key v="2500" t="Int32" n="V" />
        <Key v="43" t="Int32" n="OldID" />
      </Data>
      <Data n="C20177023628605">
        <Key v="20206446810373" t="String" n="!$LC" />
        <Key v="Bedna s výstrojí_lvl_3" t="String" n="N" />
        <Key v="Univerzální" t="String" n="L" />
        <Key v="7500" t="Int32" n="V" />
        <Key v="44" t="Int32" n="OldID" />
      </Data>
      <Data n="C20177023729899">
        <Key v="20206446810373" t="String" n="!$LC" />
        <Key v="Bedna s vybavením_lvl1" t="String" n="N" />
        <Key v="Univerzální" t="String" n="L" />
        <Key v="25" t="Int32" n="V" />
        <Key v="45" t="Int32" n="OldID" />
      </Data>
      <Data n="C20177023780837">
        <Key v="20206446810373" t="String" n="!$LC" />
        <Key v="Bedna s vybavením_lvl2" t="String" n="N" />
        <Key v="Univerzální" t="String" n="L" />
        <Key v="50" t="Int32" n="V" />
        <Key v="46" t="Int32" n="OldID" />
      </Data>
      <Data n="C20177023780983">
        <Key v="20206446810373" t="String" n="!$LC" />
        <Key v="Bedna s vybavením_lvl3" t="String" n="N" />
        <Key v="Univerzální" t="String" n="L" />
        <Key v="100" t="Int32" n="V" />
        <Key v="47" t="Int32" n="OldID" />
      </Data>
      <Data n="C20177024615651">
        <Key v="20206446810373" t="String" n="!$LC" />
        <Key v="SC_02_Bedna_pirata_01" t="String" n="N" />
        <Key v="Condra" t="String" n="L" />
        <Key v="48" t="Int32" n="OldID" />
      </Data>
      <Data n="C20177430669955">
        <Key v="20206446810373" t="String" n="!$LC" />
        <Key v="SC_02_Bažiny_jisté_rostliny" t="String" n="N" />
        <Key v="Condra" t="String" n="L" />
        <Key v="Spawn" t="String" n="!P" />
        <Key v="50" t="Int32" n="OldID" />
      </Data>
      <Data n="C20177573375789">
        <Key v="20206446810373" t="String" n="!$LC" />
        <Key v="Lesy_lvl_1" t="String" n="N" />
        <Key v="Biomy (oblasti výskytu) - rostliny" t="String" n="L" />
        <Key v="51" t="Int32" n="OldID" />
      </Data>
      <Data n="C20177574288855">
        <Key v="20206446810373" t="String" n="!$LC" />
        <Key v="Lesy_lvl_2" t="String" n="N" />
        <Key v="Biomy (oblasti výskytu) - rostliny" t="String" n="L" />
        <Key v="52" t="Int32" n="OldID" />
      </Data>
      <Data n="C20177574317641">
        <Key v="20206446810373" t="String" n="!$LC" />
        <Key v="Lesy_lvl_3" t="String" n="N" />
        <Key v="Biomy (oblasti výskytu) - rostliny" t="String" n="L" />
        <Key v="53" t="Int32" n="OldID" />
      </Data>
      <Data n="C20177574363930">
        <Key v="20206446810373" t="String" n="!$LC" />
        <Key v="Bažiny_lvl_2" t="String" n="N" />
        <Key v="Biomy (oblasti výskytu) - rostliny" t="String" n="L" />
        <Key v="54" t="Int32" n="OldID" />
      </Data>
      <Data n="C20177574410331">
        <Key v="20206446810373" t="String" n="!$LC" />
        <Key v="Bažiny_lvl_1" t="String" n="N" />
        <Key v="Biomy (oblasti výskytu) - rostliny" t="String" n="L" />
        <Key v="55" t="Int32" n="OldID" />
      </Data>
      <Data n="C20177574468772">
        <Key v="20206446810373" t="String" n="!$LC" />
        <Key v="Bažiny_lvl_3" t="String" n="N" />
        <Key v="Biomy (oblasti výskytu) - rostliny" t="String" n="L" />
        <Key v="56" t="Int32" n="OldID" />
      </Data>
      <Data n="C20177574565207">
        <Key v="20206446810373" t="String" n="!$LC" />
        <Key v="Louky_lvl_1" t="String" n="N" />
        <Key v="Biomy (oblasti výskytu) - rostliny" t="String" n="L" />
        <Key v="57" t="Int32" n="OldID" />
      </Data>
      <Data n="C20177574636963">
        <Key v="20206446810373" t="String" n="!$LC" />
        <Key v="Louky_lvl_2" t="String" n="N" />
        <Key v="Biomy (oblasti výskytu) - rostliny" t="String" n="L" />
        <Key v="58" t="Int32" n="OldID" />
      </Data>
      <Data n="C20177574663115">
        <Key v="20206446810373" t="String" n="!$LC" />
        <Key v="Louky_lvl_3" t="String" n="N" />
        <Key v="Biomy (oblasti výskytu) - rostliny" t="String" n="L" />
        <Key v="59" t="Int32" n="OldID" />
      </Data>
      <Data n="C20177574720851">
        <Key v="20206446810373" t="String" n="!$LC" />
        <Key v="Hory_lvl_1" t="String" n="N" />
        <Key v="Biomy (oblasti výskytu) - rostliny" t="String" n="L" />
        <Key v="60" t="Int32" n="OldID" />
      </Data>
      <Data n="C20177574770826">
        <Key v="20206446810373" t="String" n="!$LC" />
        <Key v="Hory_lvl_2" t="String" n="N" />
        <Key v="Biomy (oblasti výskytu) - rostliny" t="String" n="L" />
        <Key v="61" t="Int32" n="OldID" />
      </Data>
      <Data n="C20177574800196">
        <Key v="20206446810373" t="String" n="!$LC" />
        <Key v="Hory_lvl_3" t="String" n="N" />
        <Key v="Biomy (oblasti výskytu) - rostliny" t="String" n="L" />
        <Key v="62" t="Int32" n="OldID" />
      </Data>
      <Data n="C20177574819258">
        <Key v="20206446810373" t="String" n="!$LC" />
        <Key v="Poušť_lvl_1" t="String" n="N" />
        <Key v="Biomy (oblasti výskytu) - rostliny" t="String" n="L" />
        <Key v="63" t="Int32" n="OldID" />
      </Data>
      <Data n="C20177574856006">
        <Key v="20206446810373" t="String" n="!$LC" />
        <Key v="Poušť_lvl_2" t="String" n="N" />
        <Key v="Biomy (oblasti výskytu) - rostliny" t="String" n="L" />
        <Key v="64" t="Int32" n="OldID" />
      </Data>
      <Data n="C20177574888842">
        <Key v="20206446810373" t="String" n="!$LC" />
        <Key v="Poušť_lvl_3" t="String" n="N" />
        <Key v="Biomy (oblasti výskytu) - rostliny" t="String" n="L" />
        <Key v="65" t="Int32" n="OldID" />
      </Data>
      <Data n="C20177575011261">
        <Key v="20206446810373" t="String" n="!$LC" />
        <Key v="Jeskyně_lvl_1" t="String" n="N" />
        <Key v="Biomy (oblasti výskytu) - rostliny" t="String" n="L" />
        <Key v="66" t="Int32" n="OldID" />
      </Data>
      <Data n="C20177575042053">
        <Key v="20206446810373" t="String" n="!$LC" />
        <Key v="Jeskyně_lvl_2" t="String" n="N" />
        <Key v="Biomy (oblasti výskytu) - rostliny" t="String" n="L" />
        <Key v="67" t="Int32" n="OldID" />
      </Data>
      <Data n="C20177575068359">
        <Key v="20206446810373" t="String" n="!$LC" />
        <Key v="Jeskyně_lvl_3" t="String" n="N" />
        <Key v="Biomy (oblasti výskytu) - rostliny" t="String" n="L" />
        <Key v="68" t="Int32" n="OldID" />
      </Data>
      <Data n="C20177576475481">
        <Key v="20206446810373" t="String" n="!$LC" />
        <Key v="Pole_univerzální" t="String" n="N" />
        <Key v="Biomy (oblasti výskytu) - rostliny" t="String" n="L" />
        <Key v="74" t="Int32" n="OldID" />
      </Data>
      <Data n="C20177743044883">
        <Key v="20206446810373" t="String" n="!$LC" />
        <Key v="Alchymistova_zahradka_lvl1" t="String" n="N" />
        <Key v="Univerzální" t="String" n="L" />
        <Key v="Pole a zahrady" t="String" n="!P" />
        <Key v="75" t="Int32" n="OldID" />
      </Data>
      <Data n="C20185963119494">
        <Key v="20206446810373" t="String" n="!$LC" />
        <Key v="Testovací bedna" t="String" n="N" />
        <Key v="Condra" t="String" n="L" />
        <Key v="100" t="Int32" n="OldID" />
      </Data>
      <Data n="C20187379689726">
        <Key v="20206446810373" t="String" n="!$LC" />
        <Key v="Zelezna_ruda" t="String" n="N" />
        <Key v="Univerzální" t="String" n="L" />
        <Key v="Těžba" t="String" n="!P" />
        <Key v="101" t="Int32" n="OldID" />
      </Data>
      <Data n="C20187308714571">
        <Key v="20206446810373" t="String" n="!$LC" />
        <Key v="Sarkofág neznámého panovníka" t="String" n="N" />
        <Key v="Condra" t="String" n="L" />
        <Key v="Medvědí jeskyně" t="String" n="!P" />
        <Key v="10000" t="Int32" n="V" />
        <Key v="102" t="Int32" n="OldID" />
      </Data>
      <Data n="C20187379690033">
        <Key v="20206446810373" t="String" n="!$LC" />
        <Key v="Stribrna_ruda" t="String" n="N" />
        <Key v="Univerzální" t="String" n="L" />
        <Key v="Těžba" t="String" n="!P" />
        <Key v="103" t="Int32" n="OldID" />
      </Data>
      <Data n="C20187379690450">
        <Key v="20206446810373" t="String" n="!$LC" />
        <Key v="Zlata_ruda" t="String" n="N" />
        <Key v="Univerzální" t="String" n="L" />
        <Key v="Těžba" t="String" n="!P" />
        <Key v="104" t="Int32" n="OldID" />
      </Data>
      <Data n="C20187379701042">
        <Key v="20206446810373" t="String" n="!$LC" />
        <Key v="Agapitova_ruda" t="String" n="N" />
        <Key v="Univerzální" t="String" n="L" />
        <Key v="Těžba" t="String" n="!P" />
        <Key v="105" t="Int32" n="OldID" />
      </Data>
      <Data n="C20187379708206">
        <Key v="20206446810373" t="String" n="!$LC" />
        <Key v="Sirna_ruda" t="String" n="N" />
        <Key v="Univerzální" t="String" n="L" />
        <Key v="Těžba" t="String" n="!P" />
        <Key v="106" t="Int32" n="OldID" />
      </Data>
      <Data n="C20187380090856">
        <Key v="20206446810373" t="String" n="!$LC" />
        <Key v="Bedna_dve_sochy" t="String" n="N" />
        <Key v="Condra" t="String" n="L" />
        <Key v="Medvědí jeskyně" t="String" n="!P" />
        <Key v="2000" t="Int32" n="V" />
        <Key v="107" t="Int32" n="OldID" />
      </Data>
      <Data n="C20187380404206">
        <Key v="20206446810373" t="String" n="!$LC" />
        <Key v="Hromada_lebek_dve_sochy" t="String" n="N" />
        <Key v="Condra" t="String" n="L" />
        <Key v="Medvědí jeskyně" t="String" n="!P" />
        <Key v="108" t="Int32" n="OldID" />
      </Data>
      <Data n="C20187404720360">
        <Key v="20206446810373" t="String" n="!$LC" />
        <Key v="Condra_MJ_vaza" t="String" n="N" />
        <Key v="Condra" t="String" n="L" />
        <Key v="Medvědí jeskyně" t="String" n="!P" />
        <Key v="500" t="Int32" n="V" />
        <Key v="109" t="Int32" n="OldID" />
      </Data>
      <Data n="C20187528700462">
        <Key v="20206446810373" t="String" n="!$LC" />
        <Key v="Condra_MJ_Sarkofág_A" t="String" n="N" />
        <Key v="Condra" t="String" n="L" />
        <Key v="Medvědí jeskyně" t="String" n="!P" />
        <Key v="5000" t="Int32" n="V" />
        <Key v="110" t="Int32" n="OldID" />
      </Data>
      <Data n="C20187528700900">
        <Key v="20206446810373" t="String" n="!$LC" />
        <Key v="Condra_MJ_Sarkofág_B" t="String" n="N" />
        <Key v="Condra" t="String" n="L" />
        <Key v="Medvědí jeskyně" t="String" n="!P" />
        <Key v="50" t="Int32" n="V" />
        <Key v="111" t="Int32" n="OldID" />
      </Data>
      <Data n="C20187931697178">
        <Key v="20206446810373" t="String" n="!$LC" />
        <Key v="OGP_tajny_tunel_medvedi_brloh" t="String" n="N" />
        <Key v="Okolí gobliní pevnosti" t="String" n="L" />
        <Key v="Tajný tunel" t="String" n="!P" />
        <Key v="113" t="Int32" n="OldID" />
      </Data>
      <Data n="C20187931772169">
        <Key v="20206446810373" t="String" n="!$LC" />
        <Key v="OGP_tajny_tunel_kostra" t="String" n="N" />
        <Key v="Okolí gobliní pevnosti" t="String" n="L" />
        <Key v="Tajný tunel" t="String" n="!P" />
        <Key v="10000" t="Int32" n="V" />
        <Key v="114" t="Int32" n="OldID" />
      </Data>
      <Data n="C20188388772192">
        <Key v="20206446810373" t="String" n="!$LC" />
        <Key v="Kostra_lvl_1" t="String" n="N" />
        <Key v="Univerzální" t="String" n="L" />
        <Key v="Kostry a mrtvoly" t="String" n="!P" />
        <Key v="1000" t="Int32" n="V" />
        <Key v="115" t="Int32" n="OldID" />
      </Data>
      <Data n="C20188388831980">
        <Key v="20206446810373" t="String" n="!$LC" />
        <Key v="Kostra_lvl_2" t="String" n="N" />
        <Key v="Univerzální" t="String" n="L" />
        <Key v="Kostry a mrtvoly" t="String" n="!P" />
        <Key v="4000" t="Int32" n="V" />
        <Key v="116" t="Int32" n="OldID" />
      </Data>
      <Data n="C20188388842147">
        <Key v="20206446810373" t="String" n="!$LC" />
        <Key v="Kostra_lvl_3" t="String" n="N" />
        <Key v="Univerzální" t="String" n="L" />
        <Key v="Kostry a mrtvoly" t="String" n="!P" />
        <Key v="8000" t="Int32" n="V" />
        <Key v="117" t="Int32" n="OldID" />
      </Data>
      <Data n="C20188388894562">
        <Key v="20206446810373" t="String" n="!$LC" />
        <Key v="Kostra_lvl_4" t="String" n="N" />
        <Key v="Univerzální" t="String" n="L" />
        <Key v="Kostry a mrtvoly" t="String" n="!P" />
        <Key v="16000" t="Int32" n="V" />
        <Key v="118" t="Int32" n="OldID" />
      </Data>
      <Data n="C20188389023365">
        <Key v="20206446810373" t="String" n="!$LC" />
        <Key v="Kostra_lvl_5" t="String" n="N" />
        <Key v="Univerzální" t="String" n="L" />
        <Key v="Kostry a mrtvoly" t="String" n="!P" />
        <Key v="32000" t="Int32" n="V" />
        <Key v="119" t="Int32" n="OldID" />
      </Data>
      <Data n="C20188389098595">
        <Key v="20206446810373" t="String" n="!$LC" />
        <Key v="Hromada_zavaleni_dobrodruzi" t="String" n="N" />
        <Key v="Mantský lesík" t="String" n="L" />
        <Key v="Jeskyně stínů" t="String" n="!P" />
        <Key v="10000" t="Int32" n="V" />
        <Key v="120" t="Int32" n="OldID" />
      </Data>
      <Data n="C20188437726654">
        <Key v="20206446810373" t="String" n="!$LC" />
        <Key v="OGP_TT_odpadky_01" t="String" n="N" />
        <Key v="Okolí gobliní pevnosti" t="String" n="L" />
        <Key v="Tajný tunel" t="String" n="!P" />
        <Key v="121" t="Int32" n="OldID" />
      </Data>
      <Data n="C20188437793286">
        <Key v="20206446810373" t="String" n="!$LC" />
        <Key v="OGP_TT_suť_01" t="String" n="N" />
        <Key v="Okolí gobliní pevnosti" t="String" n="L" />
        <Key v="Tajný tunel" t="String" n="!P" />
        <Key v="122" t="Int32" n="OldID" />
      </Data>
      <Data n="C20193636613034">
        <Key v="20206446810373" t="String" n="!$LC" />
        <Key v="Bedna obchodnika_lvl1" t="String" n="N" />
        <Key v="Univerzální" t="String" n="L" />
        <Key v="2000" t="Int32" n="V" />
        <Key v="123" t="Int32" n="OldID" />
      </Data>
      <Data n="C20193637086289">
        <Key v="20206446810373" t="String" n="!$LC" />
        <Key v="Bedna obchodnika_lvl3" t="String" n="N" />
        <Key v="Univerzální" t="String" n="L" />
        <Key v="8000" t="Int32" n="V" />
        <Key v="124" t="Int32" n="OldID" />
      </Data>
      <Data n="C20193637007327">
        <Key v="20206446810373" t="String" n="!$LC" />
        <Key v="Bedna obchodnika_lvl2" t="String" n="N" />
        <Key v="Univerzální" t="String" n="L" />
        <Key v="4000" t="Int32" n="V" />
        <Key v="125" t="Int32" n="OldID" />
      </Data>
    </Data>
  </Data>
</DataRoot>