﻿<?xml version="1.0" encoding="utf-8"?>
<DataRoot n="">
  <Data n="20203901833497">
    <Key v="0,0" t="Vector2" n="!$MP" />
    <Key v="1,1,1" t="Vector3" n="!$MZ" />
    <Data n="$Elems">
      <Data n="20203953144729e">
        <Key v="20203890601294" t="String" n="$T" />
        <Key v="250,100" t="Vector2" n="!$P" />
        <Key v="20203956336369" t="String" n="FinalEvent" />
      </Data>
      <Data n="20203953147348e">
        <Key v="20203890631590" t="String" n="$T" />
        <Key v="250,-50" t="Vector2" n="!$P" />
        <Key v="20203890660776" t="String" n="DirectEvent" />
        <Key v="2" t="Int32" n="Order" />
      </Data>
    </Data>
    <Data n="$Conns">
      <Data n="20203953144734c">
        <Key v="20203953144729e" t="String" n="$E" />
      </Data>
      <Data n="20203953147352c">
        <Key v="20203953147348e" t="String" n="$E" />
      </Data>
    </Data>
  </Data>
</DataRoot>