﻿<?xml version="1.0" encoding="utf-8"?>
<DataRoot n="">
  <Data n="!MAP">
    <Data n="_ROOTS">
      <Key v="-433,128" t="Vector2" n="!$MP" />
      <Key v="0.8,0.8,0.8" t="Vector3" n="!$MZ" />
    </Data>
    <Data n="20206662170715">
      <Key v="0,0" t="Vector2" n="!$MP" />
      <Key v="1,1,1" t="Vector3" n="!$MZ" />
    </Data>
    <Data n="20206662233625">
      <Key v="0,0" t="Vector2" n="!$MP" />
      <Key v="1,1,1" t="Vector3" n="!$MZ" />
    </Data>
    <Data n="20203901833497">
      <Key v="0,0" t="Vector2" n="!$MP" />
      <Key v="1,1,1" t="Vector3" n="!$MZ" />
    </Data>
  </Data>
</DataRoot>