﻿<?xml version="1.0" encoding="utf-8"?>
<DataRoot n="">
  <Data n="_ROOTS">
    <Key v="-221,232" t="Vector2" n="!$MP" />
    <Key v="0.9,0.9,0.9" t="Vector3" n="!$MZ" />
    <Key v="20208293100155" t="String" n="!$LC" />
    <Data n="$Elems">
      <Data n="20203901833497">
        <Key v="930,0" t="Vector2" n="!$P" />
        <Key v="2" t="Int32" n="!$C" />
        <Key v="Informace z průzkumu:&#xD;&#xA;Průzkum hlásí, že oblast je plná králičích nor. Možná by se vyplatilo strávit pár hodin jejich chytáním. Dušeného králíka si každý rád dá a zásob není nikdy dost.&#xD;&#xA;Oblast by měla být klidná a cestou nehrozí žádné výraznější nebezpečí.&#xD;" t="String" n="%Description" />
        <Key v="Zaječí stezky" t="String" n="%Name" />
        <Key v="Lesy,Louky" t="String" n="Terrain" />
        <Key v="28800" t="Int32" n="Time" />
        <Key v="2" t="Int32" n="SpecMin" />
        <Key v="4" t="Int32" n="SpecMax" />
        <Key v="20208293068561" t="String" n="!$LC" />
        <Key v="Vehicle0" t="String" n="Transport" />
        <Key v="1" t="Int32" n="EventsMin" />
        <Key v="2" t="Int32" n="EventsMax" />
        <Key v="Pruzkum" t="String" n="%Type" />
        <Key v="P01M01" t="String" n="MissionPointer" />
        <Key v="Pole01" t="String" n="%MapField" />
        <Key v="20206734791503" t="String" n="%MapFieldName" />
        <Key v="1" t="Int32" n="Repeatable" />
        <Key v="345600" t="Int32" n="RepTime" />
        <Key v="1" t="Int32" n="DifficultyMin" />
        <Key v="2" t="Int32" n="DifficultyMax" />
      </Data>
      <Data n="20203953155497">
        <Key v="620,0" t="Vector2" n="!$P" />
        <Key v="Vehicle0" t="String" n="Transport" />
        <Key v="20208293066109" t="String" n="!$LC" />
        <Key v="Průzkum oblasti" t="String" n="%Name" />
        <Key v="Je třeba prohlédnout nejbližší okolí a lokalizovat zajímavá místa, která by pomohla přeživším." t="String" n="%Description" />
        <Key v="1" t="Int32" n="EventsMin" />
        <Key v="86400" t="Int32" n="Time" />
        <Key v="1" t="Int32" n="SpecMin" />
        <Key v="2" t="Int32" n="SpecMax" />
        <Key v="Lesy,Louky,Vesnice" t="String" n="Terrain" />
        <Key v="1" t="Int32" n="!$C" />
        <Key v="PruzObl" t="String" n="%Type" />
        <Key v="P01M00" t="String" n="MissionPointer" />
        <Key v="Pole01" t="String" n="%MapField" />
        <Key v="20206734791503" t="String" n="%MapFieldName" />
        <Key v="1" t="Int32" n="DifficultyMin" />
        <Key v="1" t="Int32" n="DifficultyMax" />
      </Data>
      <Data n="20205825789652">
        <Key v="310,0" t="Vector2" n="!$P" />
        <Key v="Scaveng" t="String" n="%Type" />
        <Key v="Vehicle0" t="String" n="Transport" />
        <Key v="20208293063528" t="String" n="!$LC" />
        <Key v="Chata na jezeře" t="String" n="%Name" />
        <Key v="Průzkum hlásí, že nedaleko jezera se nachází velká chata. Na první pohled byla nevyrabovaná a mohla by obsahovat nemalé množství zdrojů." t="String" n="%Description" />
        <Key v="2" t="Int32" n="EventsMin" />
        <Key v="3" t="Int32" n="EventsMax" />
        <Key v="21600" t="Int32" n="Time" />
        <Key v="2" t="Int32" n="SpecMin" />
        <Key v="5" t="Int32" n="SpecMax" />
        <Key v="Louky,Lesy" t="String" n="Terrain" />
        <Key v="P01M02" t="String" n="MissionPointer" />
        <Key v="Pole01" t="String" n="%MapField" />
        <Key v="20206734791503" t="String" n="%MapFieldName" />
        <Key v="1" t="Int32" n="DifficultyMin" />
        <Key v="3" t="Int32" n="DifficultyMax" />
      </Data>
      <Data n="20205825876349">
        <Key v="0,0" t="Vector2" n="!$P" />
        <Key v="SberLov" t="String" n="%Type" />
        <Key v="Vehicle0" t="String" n="Transport" />
        <Key v="20208293061902" t="String" n="!$LC" />
        <Key v="Cínový důl" t="String" n="%Name" />
        <Key v="Rozvědka zjistila, že se v oblasi nalézá cínový důl. Mohli bychom si z lokace odnést technické vybavení. Stav dolu bohužel není znám." t="String" n="%Description" />
        <Key v="2" t="Int32" n="EventsMin" />
        <Key v="3" t="Int32" n="EventsMax" />
        <Key v="39600" t="Int32" n="Time" />
        <Key v="2" t="Int32" n="SpecMin" />
        <Key v="4" t="Int32" n="SpecMax" />
        <Key v="Hory" t="String" n="Terrain" />
        <Key v="P01M03" t="String" n="MissionPointer" />
        <Key v="Pole01" t="String" n="%MapField" />
        <Key v="20206734791503" t="String" n="%MapFieldName" />
        <Key v="2" t="Int32" n="DifficultyMin" />
        <Key v="4" t="Int32" n="DifficultyMax" />
      </Data>
      <Data n="20206662102762">
        <Key v="620,-431.48" t="Vector2" n="!$P" />
        <Key v="Pruzkum" t="String" n="%Type" />
        <Key v="Vehicle0" t="String" n="Transport" />
        <Key v="Průzkum oblasti" t="String" n="%Name" />
        <Key v="P02M00" t="String" n="MissionPointer" />
        <Key v="Je třeba prohlédnout nejbližší okolí a lokalizovat zajímavá místa, která by pomohla přeživším." t="String" n="%Description" />
        <Key v="2" t="Int32" n="EventsMin" />
        <Key v="3" t="Int32" n="EventsMax" />
        <Key v="1" t="Int32" n="SpecMin" />
        <Key v="2" t="Int32" n="SpecMax" />
        <Key v="115200" t="Int32" n="Time" />
        <Key v="20208293072254" t="String" n="!$LC" />
        <Key v="Lesy" t="String" n="Terrain" />
        <Key v="Pole02" t="String" n="%MapField" />
        <Key v="20206735214252" t="String" n="%MapFieldName" />
        <Key v="1" t="Int32" n="DifficultyMin" />
        <Key v="3" t="Int32" n="DifficultyMax" />
      </Data>
      <Data n="20207264197737">
        <Key v="310,-431.48" t="Vector2" n="!$P" />
        <Key v="ZachPrez" t="String" n="%Type" />
        <Key v="Vehicle0" t="String" n="Transport" />
        <Key v="20208293071189" t="String" n="!$LC" />
        <Key v="Lesní tábor" t="String" n="%Name" />
        <Key v="P02M01" t="String" n="MissionPointer" />
        <Key v="Pole02" t="String" n="%MapField" />
        <Key v="20206735214252" t="String" n="%MapFieldName" />
        <Key v="3" t="Int32" n="EventsMin" />
        <Key v="5" t="Int32" n="EventsMax" />
        <Key v="67200" t="Int32" n="Time" />
        <Key v="2" t="Int32" n="SpecMin" />
        <Key v="4" t="Int32" n="SpecMax" />
        <Key v="Lesy" t="String" n="Terrain" />
        <Key v="Nalezli jsme zde bývalý lesní tábor. Zdá se, že v některých chatkách někdo přežívá. Oblast je ovšem plná démonů. Pokud se v oblasti opravdu skrývají nějací přeživší, záchrana nebude jednoduchá. S každým dalším dnem ale bohužel klesá naděje na jejich záchranu." t="String" n="%Description" />
        <Key v="4" t="Int32" n="DifficultyMin" />
        <Key v="6" t="Int32" n="DifficultyMax" />
      </Data>
      <Data n="20207264319084">
        <Key v="0,-431.48" t="Vector2" n="!$P" />
        <Key v="Pole02" t="String" n="%MapField" />
        <Key v="SberLov" t="String" n="%Type" />
        <Key v="Vehicle0" t="String" n="Transport" />
        <Key v="20208293069854" t="String" n="!$LC" />
        <Key v="Loviště vysoké&#x9;" t="String" n="%Name" />
        <Key v="P02M02" t="String" n="MissionPointer" />
        <Key v="20206735214252" t="String" n="%MapFieldName" />
        <Key v="V oblasti jsme nalezli větší množství stom zvěře. Není špatný nápad místo prozkoumat a popřípadě vystopovat srnce, či jelena. Z takového úlovku bychom mohli na chvíli nakrmit celý bunkr." t="String" n="%Description" />
        <Key v="1" t="Int32" n="SpecMin" />
        <Key v="3" t="Int32" n="SpecMax" />
        <Key v="1" t="Int32" n="EventsMin" />
        <Key v="2" t="Int32" n="EventsMax" />
        <Key v="79200" t="Int32" n="Time" />
        <Key v="Lesy" t="String" n="Terrain" />
        <Key v="1" t="Int32" n="DifficultyMin" />
        <Key v="3" t="Int32" n="DifficultyMax" />
      </Data>
      <Data n="20206662233625">
        <Key v="620,-810.8" t="Vector2" n="!$P" />
        <Key v="Pruzkum" t="String" n="%Type" />
        <Key v="Vehicle0" t="String" n="Transport" />
        <Key v="Průzkum oblasti" t="String" n="%Name" />
        <Key v="P03M00" t="String" n="MissionPointer" />
        <Key v="Je třeba prohlédnout nejbližší okolí a lokalizovat zajímavá místa, která by pomohla přeživším." t="String" n="%Description" />
        <Key v="2" t="Int32" n="EventsMin" />
        <Key v="3" t="Int32" n="EventsMax" />
        <Key v="1" t="Int32" n="SpecMin" />
        <Key v="2" t="Int32" n="SpecMax" />
        <Key v="115200" t="Int32" n="Time" />
        <Key v="20208293082269" t="String" n="!$LC" />
        <Key v="Lesy,Vesnice" t="String" n="Terrain" />
        <Key v="Pole03" t="String" n="%MapField" />
        <Key v="war" t="String" n="!!%MapFieldName" />
        <Key v="20206735377746" t="String" n="%MapFieldName" />
        <Key v="2" t="Int32" n="DifficultyMin" />
        <Key v="3" t="Int32" n="DifficultyMax" />
      </Data>
      <Data n="20207264401678">
        <Key v="310,-810.8" t="Vector2" n="!$P" />
        <Key v="Pole03" t="String" n="%MapField" />
        <Key v="SberLov" t="String" n="%Type" />
        <Key v="Vehicle0" t="String" n="Transport" />
        <Key v="20208293076443" t="String" n="!$LC" />
        <Key v="Lesy,Louky" t="String" n="Terrain" />
        <Key v="Ovocný sad" t="String" n="%Name" />
        <Key v="20206735377746" t="String" n="%MapFieldName" />
        <Key v="P03M01" t="String" n="MissionPointer" />
        <Key v="Nalezli jsme zde ovocný sad. I když většinu úrody sežrala zvěř. Určitě zde půjde něco málo najít. Jídla není nikdy dost." t="String" n="%Description" />
        <Key v="1" t="Int32" n="EventsMin" />
        <Key v="2" t="Int32" n="EventsMax" />
        <Key v="36000" t="Int32" n="Time" />
        <Key v="1" t="Int32" n="SpecMin" />
        <Key v="5" t="Int32" n="SpecMax" />
        <Key v="2" t="Int32" n="DifficultyMin" />
        <Key v="2" t="Int32" n="DifficultyMax" />
      </Data>
      <Data n="20207264444960">
        <Key v="0,-810.8" t="Vector2" n="!$P" />
        <Key v="Pole03" t="String" n="%MapField" />
        <Key v="Scaveng" t="String" n="%Type" />
        <Key v="Vehicle0" t="String" n="Transport" />
        <Key v="20208293074154" t="String" n="!$LC" />
        <Key v="Výzkumná stanice" t="String" n="%Name" />
        <Key v="P03M02" t="String" n="MissionPointer" />
        <Key v="20206735377746" t="String" n="%MapFieldName" />
        <Key v="Hluboko v lese jsme našli výzkumnou stanici. Pravděpodobně tady před incidentem probíhal nějaký výzkum v oblasti lesního inženýrství. Nevíme, co máme vevnitř čekat." t="String" n="%Description" />
        <Key v="2" t="Int32" n="EventsMin" />
        <Key v="4" t="Int32" n="EventsMax" />
        <Key v="100800" t="Int32" n="Time" />
        <Key v="3" t="Int32" n="SpecMin" />
        <Key v="5" t="Int32" n="SpecMax" />
        <Key v="Lesy,Vesnice" t="String" n="Terrain" />
        <Key v="5" t="Int32" n="DifficultyMin" />
        <Key v="7" t="Int32" n="DifficultyMax" />
      </Data>
      <Data n="20206662170715">
        <Key v="0,-1216.2" t="Vector2" n="!$P" />
        <Key v="Pruzkum" t="String" n="%Type" />
        <Key v="VehicleA" t="String" n="Transport" />
        <Key v="Průzkum oblasti" t="String" n="%Name" />
        <Key v="P04M00" t="String" n="MissionPointer" />
        <Key v="Je třeba prohlédnout nejbližší okolí a lokalizovat zajímavá místa, která by pomohla přeživším." t="String" n="%Description" />
        <Key v="3" t="Int32" n="EventsMin" />
        <Key v="4" t="Int32" n="EventsMax" />
        <Key v="1" t="Int32" n="SpecMin" />
        <Key v="2" t="Int32" n="SpecMax" />
        <Key v="144000" t="Int32" n="Time" />
        <Key v="20208293083670" t="String" n="!$LC" />
        <Key v="Lesy,Vesnice" t="String" n="Terrain" />
        <Key v="Pole04" t="String" n="%MapField" />
        <Key v="20206735383268" t="String" n="%MapFieldName" />
        <Key v="3" t="Int32" n="DifficultyMin" />
        <Key v="5" t="Int32" n="DifficultyMax" />
      </Data>
      <Data n="20206662291228">
        <Key v="310,-1621.6" t="Vector2" n="!$P" />
        <Key v="Pruzkum" t="String" n="%Type" />
        <Key v="Vehicle0" t="String" n="Transport" />
        <Key v="Průzkum oblasti" t="String" n="%Name" />
        <Key v="P05M00" t="String" n="MissionPointer" />
        <Key v="Je třeba prohlédnout nejbližší okolí a lokalizovat zajímavá místa, která by pomohla přeživším." t="String" n="%Description" />
        <Key v="2" t="Int32" n="EventsMin" />
        <Key v="3" t="Int32" n="EventsMax" />
        <Key v="1" t="Int32" n="SpecMin" />
        <Key v="2" t="Int32" n="SpecMax" />
        <Key v="115200" t="Int32" n="Time" />
        <Key v="Lesy,Vesnice" t="String" n="Terrain" />
        <Key v="20208293089662" t="String" n="!$LC" />
        <Key v="Pole05" t="String" n="%MapField" />
        <Key v="20206735401008" t="String" n="%MapFieldName" />
        <Key v="2" t="Int32" n="DifficultyMin" />
        <Key v="3" t="Int32" n="DifficultyMax" />
      </Data>
      <Data n="20207264505001">
        <Key v="0,-1621.6" t="Vector2" n="!$P" />
        <Key v="Pole05" t="String" n="%MapField" />
        <Key v="Scaveng" t="String" n="%Type" />
        <Key v="Vehicle0" t="String" n="Transport" />
        <Key v="20208293088445" t="String" n="!$LC" />
        <Key v="V lese jsme nalezli Panskou myslivnu. Myslíme si, že by v ní mohlo být zajímavé vybavení. V okolí se ale bohužel pohybuje několik démonů. Jako všechno, nebude to zadarmo." t="String" n="%Description" />
        <Key v="3" t="Int32" n="EventsMin" />
        <Key v="4" t="Int32" n="EventsMax" />
        <Key v="50400" t="Int32" n="Time" />
        <Key v="2" t="Int32" n="SpecMin" />
        <Key v="5" t="Int32" n="SpecMax" />
        <Key v="Lesy,Vesnice" t="String" n="Terrain" />
        <Key v="Panská myslivna" t="String" n="%Name" />
        <Key v="P05M01" t="String" n="MissionPointer" />
        <Key v="20206735401008" t="String" n="%MapFieldName" />
        <Key v="3" t="Int32" n="DifficultyMin" />
        <Key v="5" t="Int32" n="DifficultyMax" />
      </Data>
      <Data n="20206662027308">
        <Key v="620,-2027" t="Vector2" n="!$P" />
        <Key v="Pruzkum" t="String" n="%Type" />
        <Key v="Vehicle0" t="String" n="Transport" />
        <Key v="20208293093695" t="String" n="!$LC" />
        <Key v="Průzkum oblasti" t="String" n="%Name" />
        <Key v="P07M00" t="String" n="MissionPointer" />
        <Key v="Je třeba prohlédnout nejbližší okolí a lokalizovat zajímavá místa, která by pomohla přeživším." t="String" n="%Description" />
        <Key v="2" t="Int32" n="EventsMin" />
        <Key v="3" t="Int32" n="EventsMax" />
        <Key v="1" t="Int32" n="SpecMin" />
        <Key v="2" t="Int32" n="SpecMax" />
        <Key v="115200" t="Int32" n="Time" />
        <Key v="VelkaMesta,Louky" t="String" n="Terrain" />
        <Key v="Pole07" t="String" n="%MapField" />
        <Key v="20206735553718" t="String" n="%MapFieldName" />
        <Key v="3" t="Int32" n="DifficultyMin" />
        <Key v="5" t="Int32" n="DifficultyMax" />
      </Data>
      <Data n="20207264628396">
        <Key v="310,-2027" t="Vector2" n="!$P" />
        <Key v="Pole07" t="String" n="%MapField" />
        <Key v="Pruzkum" t="String" n="%Type" />
        <Key v="Vehicle0" t="String" n="Transport" />
        <Key v="20208293092748" t="String" n="!$LC" />
        <Key v="Průzkum Chaunfordu" t="String" n="%Name" />
        <Key v="P07M01" t="String" n="MissionPointer" />
        <Key v="20206735553718" t="String" n="%MapFieldName" />
        <Key v="Chaunford. Město ze kterého jsi uprchl, město kam se musíš vrátit. Zde je dobrý start pro výzkum démonů. Je třeba prozkoumat město a lokalizovat místo pro nás zajímavá. Zároveň kde jinde, než ve městě je možné nalézt nejrůznější suroviny." t="String" n="%Description" />
        <Key v="4" t="Int32" n="EventsMin" />
        <Key v="6" t="Int32" n="EventsMax" />
        <Key v="86400" t="Int32" n="Time" />
        <Key v="4" t="Int32" n="SpecMin" />
        <Key v="5" t="Int32" n="SpecMax" />
        <Key v="VelkaMesta,MalaMesta,Louky" t="String" n="Terrain" />
        <Key v="1" t="Int32" n="Repeatable" />
        <Key v="864000" t="Int32" n="RepTime" />
        <Key v="5" t="Int32" n="DifficultyMin" />
        <Key v="7" t="Int32" n="DifficultyMax" />
      </Data>
      <Data n="20207264714159">
        <Key v="0,-2027" t="Vector2" n="!$P" />
        <Key v="Pole07" t="String" n="%MapField" />
        <Key v="ZajmNepr" t="String" n="%Type" />
        <Key v="Vehicle0" t="String" n="Transport" />
        <Key v="20208293091510" t="String" n="!$LC" />
        <Key v="Zajmutí Nekromutanta" t="String" n="%Name" />
        <Key v="P07M02" t="String" n="MissionPointer" />
        <Key v="20206735553718" t="String" n="%MapFieldName" />
        <Key v="V oblasti je velké množství nekromutantů. Možná bychom mohli zkusit jednoho zajmout a studovat ho. Naši vědci by jistě byli rádi." t="String" n="%Description" />
        <Key v="3" t="Int32" n="EventsMin" />
        <Key v="5" t="Int32" n="EventsMax" />
        <Key v="50400" t="Int32" n="Time" />
        <Key v="3" t="Int32" n="SpecMin" />
        <Key v="5" t="Int32" n="SpecMax" />
        <Key v="VelkaMesta,MalaMesta" t="String" n="Terrain" />
        <Key v="7" t="Int32" n="DifficultyMin" />
        <Key v="9" t="Int32" n="DifficultyMax" />
      </Data>
      <Data n="20206662328275">
        <Key v="0,-2484.09" t="Vector2" n="!$P" />
        <Key v="Pruzkum" t="String" n="%Type" />
        <Key v="Vehicle0" t="String" n="Transport" />
        <Key v="20208293095230" t="String" n="!$LC" />
        <Key v="Průzkum oblasti" t="String" n="%Name" />
        <Key v="P13M00" t="String" n="MissionPointer" />
        <Key v="Je třeba prohlédnout nejbližší okolí a lokalizovat zajímavá místa, která by pomohla přeživším." t="String" n="%Description" />
        <Key v="2" t="Int32" n="EventsMin" />
        <Key v="3" t="Int32" n="EventsMax" />
        <Key v="1" t="Int32" n="SpecMin" />
        <Key v="2" t="Int32" n="SpecMax" />
        <Key v="115200" t="Int32" n="Time" />
        <Key v="Louky,Lesy,Vesnice" t="String" n="Terrain" />
        <Key v="Pole13" t="String" n="%MapField" />
        <Key v="20206735728081" t="String" n="%MapFieldName" />
        <Key v="2" t="Int32" n="DifficultyMin" />
        <Key v="4" t="Int32" n="DifficultyMax" />
      </Data>
    </Data>
  </Data>
</DataRoot>