﻿<?xml version="1.0" encoding="utf-8"?>
<DataRoot n="">
  <Data n="_ROOTS">
    <Key v="20209957744388" t="String" n="!$LC" />
    <Data n="$Elems">
      <Data n="C20185963119494">
        <Key v="20206446810373" t="String" n="!$LC" />
        <Key v="Testovací bedna" t="String" n="N" />
        <Key v="100" t="Int32" n="OldID" />
        <Key v="0,0" t="Vector2" n="!$P" />
      </Data>
      <Data n="C20177574468772">
        <Key v="20209593733504" t="String" n="!$LC" />
        <Key v="Bažiny_lvl_3" t="String" n="N" />
        <Key v="56" t="Int32" n="OldID" />
        <Key v="720,-80" t="Vector2" n="!$P" />
        <Key v="Biomy" t="String" n="!L" />
        <Key v="30" t="Int32" n="!$C" />
        <Key v="Bažiny" t="String" n="!P" />
        <Key v="Rostliny" t="String" n="G" />
      </Data>
      <Data n="C20177574363930">
        <Key v="20209593732921" t="String" n="!$LC" />
        <Key v="Bažiny_lvl_2" t="String" n="N" />
        <Key v="54" t="Int32" n="OldID" />
        <Key v="360,-80" t="Vector2" n="!$P" />
        <Key v="Biomy" t="String" n="!L" />
        <Key v="Bažiny" t="String" n="!P" />
        <Key v="24" t="Int32" n="!$C" />
        <Key v="Rostliny" t="String" n="G" />
      </Data>
      <Data n="C20177574410331">
        <Key v="20209593731590" t="String" n="!$LC" />
        <Key v="Bažiny_lvl_1" t="String" n="N" />
        <Key v="55" t="Int32" n="OldID" />
        <Key v="0,-80" t="Vector2" n="!$P" />
        <Key v="Biomy" t="String" n="!L" />
        <Key v="Bažiny" t="String" n="!P" />
        <Key v="14" t="Int32" n="!$C" />
        <Key v="Rostliny" t="String" n="G" />
      </Data>
      <Data n="C20177574720851">
        <Key v="20209593733971" t="String" n="!$LC" />
        <Key v="Hory_lvl_1" t="String" n="N" />
        <Key v="60" t="Int32" n="OldID" />
        <Key v="0,-172.02" t="Vector2" n="!$P" />
        <Key v="Biomy" t="String" n="!L" />
        <Key v="Hory" t="String" n="!P" />
        <Key v="20" t="Int32" n="!$C" />
        <Key v="Rostliny" t="String" n="G" />
      </Data>
      <Data n="C20177574770826">
        <Key v="20209593734388" t="String" n="!$LC" />
        <Key v="Hory_lvl_2" t="String" n="N" />
        <Key v="61" t="Int32" n="OldID" />
        <Key v="360,-172.02" t="Vector2" n="!$P" />
        <Key v="Biomy" t="String" n="!L" />
        <Key v="Hory" t="String" n="!P" />
        <Key v="Rostliny" t="String" n="G" />
      </Data>
      <Data n="C20177574800196">
        <Key v="20209593734797" t="String" n="!$LC" />
        <Key v="Hory_lvl_3" t="String" n="N" />
        <Key v="62" t="Int32" n="OldID" />
        <Key v="720,-172.02" t="Vector2" n="!$P" />
        <Key v="Biomy" t="String" n="!L" />
        <Key v="Hory" t="String" n="!P" />
        <Key v="Rostliny" t="String" n="G" />
      </Data>
      <Data n="C20177575011261">
        <Key v="20209593735402" t="String" n="!$LC" />
        <Key v="Jeskyně_lvl_1" t="String" n="N" />
        <Key v="66" t="Int32" n="OldID" />
        <Key v="0,-264.04" t="Vector2" n="!$P" />
        <Key v="Biomy" t="String" n="!L" />
        <Key v="Jeskyně" t="String" n="!P" />
        <Key v="14" t="Int32" n="!$C" />
        <Key v="Rostliny" t="String" n="G" />
      </Data>
      <Data n="C20177575042053">
        <Key v="20209593735806" t="String" n="!$LC" />
        <Key v="Jeskyně_lvl_2" t="String" n="N" />
        <Key v="67" t="Int32" n="OldID" />
        <Key v="360,-264.04" t="Vector2" n="!$P" />
        <Key v="Biomy" t="String" n="!L" />
        <Key v="Jeskyně" t="String" n="!P" />
        <Key v="Rostliny" t="String" n="G" />
      </Data>
      <Data n="C20177575068359">
        <Key v="20209593736202" t="String" n="!$LC" />
        <Key v="Jeskyně_lvl_3" t="String" n="N" />
        <Key v="68" t="Int32" n="OldID" />
        <Key v="720,-264.04" t="Vector2" n="!$P" />
        <Key v="Biomy" t="String" n="!L" />
        <Key v="Jeskyně" t="String" n="!P" />
        <Key v="Rostliny" t="String" n="G" />
      </Data>
      <Data n="C20177573375789">
        <Key v="20209593736603" t="String" n="!$LC" />
        <Key v="Lesy_lvl_1" t="String" n="N" />
        <Key v="51" t="Int32" n="OldID" />
        <Key v="0,-356.06" t="Vector2" n="!$P" />
        <Key v="Biomy" t="String" n="!L" />
        <Key v="Lesy" t="String" n="!P" />
        <Key v="16" t="Int32" n="!$C" />
        <Key v="Rostliny" t="String" n="G" />
      </Data>
      <Data n="C20177574288855">
        <Key v="20209593736936" t="String" n="!$LC" />
        <Key v="Lesy_lvl_2" t="String" n="N" />
        <Key v="52" t="Int32" n="OldID" />
        <Key v="360,-356.06" t="Vector2" n="!$P" />
        <Key v="Biomy" t="String" n="!L" />
        <Key v="Lesy" t="String" n="!P" />
        <Key v="Rostliny" t="String" n="G" />
      </Data>
      <Data n="C20177574317641">
        <Key v="20209593737224" t="String" n="!$LC" />
        <Key v="Lesy_lvl_3" t="String" n="N" />
        <Key v="53" t="Int32" n="OldID" />
        <Key v="720,-356.06" t="Vector2" n="!$P" />
        <Key v="Biomy" t="String" n="!L" />
        <Key v="Lesy" t="String" n="!P" />
        <Key v="Rostliny" t="String" n="G" />
      </Data>
      <Data n="C20177574565207">
        <Key v="20209593737716" t="String" n="!$LC" />
        <Key v="Louky_lvl_1" t="String" n="N" />
        <Key v="57" t="Int32" n="OldID" />
        <Key v="0,-448.08" t="Vector2" n="!$P" />
        <Key v="Biomy" t="String" n="!L" />
        <Key v="Louky" t="String" n="!P" />
        <Key v="18" t="Int32" n="!$C" />
        <Key v="Rostliny" t="String" n="G" />
      </Data>
      <Data n="C20177574636963">
        <Key v="20209593737958" t="String" n="!$LC" />
        <Key v="Louky_lvl_2" t="String" n="N" />
        <Key v="58" t="Int32" n="OldID" />
        <Key v="360,-448.08" t="Vector2" n="!$P" />
        <Key v="Biomy" t="String" n="!L" />
        <Key v="Louky" t="String" n="!P" />
        <Key v="Rostliny" t="String" n="G" />
        <Key v="26" t="Int32" n="!$C" />
      </Data>
      <Data n="C20177574663115">
        <Key v="20209593738408" t="String" n="!$LC" />
        <Key v="Louky_lvl_3" t="String" n="N" />
        <Key v="59" t="Int32" n="OldID" />
        <Key v="720,-448.08" t="Vector2" n="!$P" />
        <Key v="Biomy" t="String" n="!L" />
        <Key v="Louky" t="String" n="!P" />
        <Key v="Rostliny" t="String" n="G" />
      </Data>
      <Data n="C20177574819258">
        <Key v="20209593739488" t="String" n="!$LC" />
        <Key v="Poušť_lvl_1" t="String" n="N" />
        <Key v="63" t="Int32" n="OldID" />
        <Key v="0,-540.1" t="Vector2" n="!$P" />
        <Key v="Biomy" t="String" n="!L" />
        <Key v="Poušť" t="String" n="!P" />
        <Key v="14" t="Int32" n="!$C" />
        <Key v="Rostliny" t="String" n="G" />
      </Data>
      <Data n="C20177574856006">
        <Key v="20209593739785" t="String" n="!$LC" />
        <Key v="Poušť_lvl_2" t="String" n="N" />
        <Key v="64" t="Int32" n="OldID" />
        <Key v="360,-540.1" t="Vector2" n="!$P" />
        <Key v="Biomy" t="String" n="!L" />
        <Key v="Poušť" t="String" n="!P" />
        <Key v="Rostliny" t="String" n="G" />
        <Key v="26" t="Int32" n="!$C" />
      </Data>
      <Data n="C20177574888842">
        <Key v="20209593739997" t="String" n="!$LC" />
        <Key v="Poušť_lvl_3" t="String" n="N" />
        <Key v="65" t="Int32" n="OldID" />
        <Key v="720,-540.1" t="Vector2" n="!$P" />
        <Key v="Biomy" t="String" n="!L" />
        <Key v="Poušť" t="String" n="!P" />
        <Key v="Rostliny" t="String" n="G" />
        <Key v="30" t="Int32" n="!$C" />
      </Data>
      <Data n="C20187308714571">
        <Key v="20209588085161" t="String" n="!$LC" />
        <Key v="Sarkofág neznámého panovníka" t="String" n="N" />
        <Key v="Medvědí jeskyně" t="String" n="!P" />
        <Key v="10000" t="Int32" n="V" />
        <Key v="102" t="Int32" n="OldID" />
        <Key v="1800,-632.12" t="Vector2" n="!$P" />
        <Key v="Condra" t="String" n="!L" />
      </Data>
      <Data n="C20187380090856">
        <Key v="20209588082273" t="String" n="!$LC" />
        <Key v="Bedna_dve_sochy" t="String" n="N" />
        <Key v="Medvědí jeskyně" t="String" n="!P" />
        <Key v="2000" t="Int32" n="V" />
        <Key v="107" t="Int32" n="OldID" />
        <Key v="0,-632.12" t="Vector2" n="!$P" />
        <Key v="Condra" t="String" n="!L" />
      </Data>
      <Data n="C20187380404206">
        <Key v="20209588084620" t="String" n="!$LC" />
        <Key v="Hromada_lebek_dve_sochy" t="String" n="N" />
        <Key v="Medvědí jeskyně" t="String" n="!P" />
        <Key v="108" t="Int32" n="OldID" />
        <Key v="1440,-632.12" t="Vector2" n="!$P" />
        <Key v="Condra" t="String" n="!L" />
      </Data>
      <Data n="C20187404720360">
        <Key v="20209588084061" t="String" n="!$LC" />
        <Key v="Condra_MJ_vaza" t="String" n="N" />
        <Key v="Medvědí jeskyně" t="String" n="!P" />
        <Key v="500" t="Int32" n="V" />
        <Key v="109" t="Int32" n="OldID" />
        <Key v="1080,-632.12" t="Vector2" n="!$P" />
        <Key v="Condra" t="String" n="!L" />
      </Data>
      <Data n="C20187528700462">
        <Key v="20209588082978" t="String" n="!$LC" />
        <Key v="Condra_MJ_Sarkofág_A" t="String" n="N" />
        <Key v="Medvědí jeskyně" t="String" n="!P" />
        <Key v="5000" t="Int32" n="V" />
        <Key v="110" t="Int32" n="OldID" />
        <Key v="360,-632.12" t="Vector2" n="!$P" />
        <Key v="Condra" t="String" n="!L" />
      </Data>
      <Data n="C20187528700900">
        <Key v="20209588083536" t="String" n="!$LC" />
        <Key v="Condra_MJ_Sarkofág_B" t="String" n="N" />
        <Key v="Medvědí jeskyně" t="String" n="!P" />
        <Key v="50" t="Int32" n="V" />
        <Key v="111" t="Int32" n="OldID" />
        <Key v="720,-632.12" t="Vector2" n="!$P" />
        <Key v="Condra" t="String" n="!L" />
      </Data>
      <Data n="C20177430669955">
        <Key v="20209611753242" t="String" n="!$LC" />
        <Key v="SC_02_Bažiny_jisté_rostliny" t="String" n="N" />
        <Key v="Spawn" t="String" n="!P" />
        <Key v="50" t="Int32" n="OldID" />
        <Key v="0,-726.54" t="Vector2" n="!$P" />
        <Key v="3" t="Int32" n="!$C" />
        <Key v="Condra" t="String" n="!L" />
      </Data>
      <Data n="C20187931697178">
        <Key v="20209587898932" t="String" n="!$LC" />
        <Key v="OGP_tajny_tunel_medvedi_brloh" t="String" n="N" />
        <Key v="Tajný tunel" t="String" n="!P" />
        <Key v="113" t="Int32" n="OldID" />
        <Key v="360,-806.54" t="Vector2" n="!$P" />
        <Key v="Okolí gobliní pevnosti" t="String" n="!L" />
      </Data>
      <Data n="C20187931772169">
        <Key v="20209587898319" t="String" n="!$LC" />
        <Key v="OGP_tajny_tunel_kostra" t="String" n="N" />
        <Key v="Tajný tunel" t="String" n="!P" />
        <Key v="10000" t="Int32" n="V" />
        <Key v="114" t="Int32" n="OldID" />
        <Key v="0,-806.54" t="Vector2" n="!$P" />
        <Key v="Okolí gobliní pevnosti" t="String" n="!L" />
      </Data>
      <Data n="C20188437726654">
        <Key v="20209588000242" t="String" n="!$LC" />
        <Key v="OGP_TT_odpadky_01" t="String" n="N" />
        <Key v="Tajný tunel" t="String" n="!P" />
        <Key v="121" t="Int32" n="OldID" />
        <Key v="720,-806.54" t="Vector2" n="!$P" />
        <Key v="Okolí gobliní pevnosti" t="String" n="!L" />
      </Data>
      <Data n="C20188437793286">
        <Key v="20209588000775" t="String" n="!$LC" />
        <Key v="OGP_TT_suť_01" t="String" n="N" />
        <Key v="Tajný tunel" t="String" n="!P" />
        <Key v="122" t="Int32" n="OldID" />
        <Key v="1080,-806.54" t="Vector2" n="!$P" />
        <Key v="Okolí gobliní pevnosti" t="String" n="!L" />
      </Data>
      <Data n="C20173157536554">
        <Key v="20209762389321" t="String" n="!$LC" />
        <Key v="Sříň - důstojníci" t="String" n="N" />
        <Key v="150" t="Int32" n="V" />
        <Key v="26" t="Int32" n="OldID" />
        <Key v="2880,-901.48" t="Vector2" n="!$P" />
        <Key v="Podpalubí" t="String" n="!L" />
      </Data>
      <Data n="C20173158156499">
        <Key v="20209762387132" t="String" n="!$LC" />
        <Key v="Komoda - důstojníci" t="String" n="N" />
        <Key v="100" t="Int32" n="V" />
        <Key v="28" t="Int32" n="OldID" />
        <Key v="1080,-901.48" t="Vector2" n="!$P" />
        <Key v="Podpalubí" t="String" n="!L" />
      </Data>
      <Data n="C20172629397102">
        <Key v="20209762381327" t="String" n="!$LC" />
        <Key v="Skříň" t="String" n="N" />
        <Key v="1" t="Int32" n="OldID" />
        <Key v="2520,-901.48" t="Vector2" n="!$P" />
        <Key v="Podpalubí" t="String" n="!L" />
        <Key v="3" t="Int32" n="!$C" />
        <Key v="1000" t="Int32" n="V" />
      </Data>
      <Data n="C20172651582431">
        <Key v="20209762396119" t="String" n="!$LC" />
        <Key v="Vojenský set" t="String" n="N" />
        <Key v="7" t="Int32" n="OldID" />
        <Key v="4680,-901.48" t="Vector2" n="!$P" />
        <Key v="Podpalubí" t="String" n="!L" />
        <Key v="7" t="Int32" n="!$C" />
      </Data>
      <Data n="C20172874345336">
        <Key v="20209762373333" t="String" n="!$LC" />
        <Key v="Kajuta - pytel" t="String" n="N" />
        <Key v="100" t="Int32" n="V" />
        <Key v="12" t="Int32" n="OldID" />
        <Key v="720,-901.48" t="Vector2" n="!$P" />
        <Key v="Podpalubí" t="String" n="!L" />
        <Key v="7" t="Int32" n="!$C" />
      </Data>
      <Data n="C20173157006069">
        <Key v="20209762384746" t="String" n="!$LC" />
        <Key v="Sudy se zásobama" t="String" n="N" />
        <Key v="50" t="Int32" n="V" />
        <Key v="24" t="Int32" n="OldID" />
        <Key v="3600,-901.48" t="Vector2" n="!$P" />
        <Key v="Podpalubí" t="String" n="!L" />
      </Data>
      <Data n="C20173157060900">
        <Key v="20209762379509" t="String" n="!$LC" />
        <Key v="Pytel s kukuřící" t="String" n="N" />
        <Key v="75" t="Int32" n="V" />
        <Key v="25" t="Int32" n="OldID" />
        <Key v="2160,-901.48" t="Vector2" n="!$P" />
        <Key v="Podpalubí" t="String" n="!L" />
        <Key v="3" t="Int32" n="!$C" />
      </Data>
      <Data n="C20173158063617">
        <Key v="20209762392278" t="String" n="!$LC" />
        <Key v="Stůl - důstojníci" t="String" n="N" />
        <Key v="27" t="Int32" n="OldID" />
        <Key v="3240,-901.48" t="Vector2" n="!$P" />
        <Key v="Podpalubí" t="String" n="!L" />
      </Data>
      <Data n="C20173325079032">
        <Key v="20209762370013" t="String" n="!$LC" />
        <Key v="Truhla - důstojnická kajuta" t="String" n="N" />
        <Key v="2500" t="Int32" n="V" />
        <Key v="32" t="Int32" n="OldID" />
        <Key v="3960,-901.48" t="Vector2" n="!$P" />
        <Key v="Podpalubí" t="String" n="!L" />
        <Key v="3" t="Int32" n="!$C" />
      </Data>
      <Data n="C20173325543621">
        <Key v="20209762366552" t="String" n="!$LC" />
        <Key v="Komoda - kapitán" t="String" n="N" />
        <Key v="2500" t="Int32" n="V" />
        <Key v="33" t="Int32" n="OldID" />
        <Key v="1440,-901.48" t="Vector2" n="!$P" />
        <Key v="Podpalubí" t="String" n="!L" />
        <Key v="3" t="Int32" n="!$C" />
      </Data>
      <Data n="C20173326022890">
        <Key v="20209762375142" t="String" n="!$LC" />
        <Key v="Truhla - kapitán" t="String" n="N" />
        <Key v="2500" t="Int32" n="V" />
        <Key v="35" t="Int32" n="OldID" />
        <Key v="4320,-901.48" t="Vector2" n="!$P" />
        <Key v="Podpalubí" t="String" n="!L" />
        <Key v="3" t="Int32" n="!$C" />
      </Data>
      <Data n="C20173326061342">
        <Key v="20209762377182" t="String" n="!$LC" />
        <Key v="Pracovní stůl - kapitán" t="String" n="N" />
        <Key v="36" t="Int32" n="OldID" />
        <Key v="1800,-901.48" t="Vector2" n="!$P" />
        <Key v="Podpalubí" t="String" n="!L" />
        <Key v="3" t="Int32" n="!$C" />
        <Key v="1000" t="Int32" n="V" />
      </Data>
      <Data n="C20173156771365">
        <Key v="20209762364946" t="String" n="!$LC" />
        <Key v="Bedny se zásobamy" t="String" n="N" />
        <Key v="75" t="Int32" n="V" />
        <Key v="23" t="Int32" n="OldID" />
        <Key v="360,-901.48" t="Vector2" n="!$P" />
        <Key v="Podpalubí" t="String" n="!L" />
        <Key v="2" t="Int32" n="!$C" />
      </Data>
      <Data n="C20209763326106">
        <Key v="0,-901.48" t="Vector2" n="!$P" />
        <Key v="Podpalubí" t="String" n="!L" />
        <Key v="20209763328571" t="String" n="!$LC" />
        <Key v="Bedna družiny" t="String" n="N" />
      </Data>
      <Data n="C20176735275075">
        <Key v="20209587887064" t="String" n="!$LC" />
        <Key v="Sud_s_potravinami_lvl_1" t="String" n="N" />
        <Key v="20" t="Int32" n="V" />
        <Key v="39" t="Int32" n="OldID" />
        <Key v="3600,-995.9" t="Vector2" n="!$P" />
        <Key v="Univerzální" t="String" n="!L" />
        <Key v="2" t="Int32" n="!$C" />
      </Data>
      <Data n="C20209734035529">
        <Key v="2" t="Int32" n="!$C" />
        <Key v="Sud_s_potravinami_lvl_2" t="String" n="N" />
        <Key v="40" t="Int32" n="V" />
        <Key v="39" t="Int32" n="OldID" />
        <Key v="3960,-995.9" t="Vector2" n="!$P" />
        <Key v="Univerzální" t="String" n="!L" />
      </Data>
      <Data n="C20209734033331">
        <Key v="20209734036042" t="String" n="!$LC" />
        <Key v="Sud_s_potravinami_lvl_2" t="String" n="N" />
        <Key v="80" t="Int32" n="V" />
        <Key v="39" t="Int32" n="OldID" />
        <Key v="4320,-995.9" t="Vector2" n="!$P" />
        <Key v="Univerzální" t="String" n="!L" />
        <Key v="2" t="Int32" n="!$C" />
      </Data>
      <Data n="C20173326680396">
        <Key v="20209569456953" t="String" n="!$LC" />
        <Key v="Hodovní_stůl_lvl_1" t="String" n="N" />
        <Key v="50" t="Int32" n="V" />
        <Key v="38" t="Int32" n="OldID" />
        <Key v="3240,-995.9" t="Vector2" n="!$P" />
        <Key v="Univerzální" t="String" n="!L" />
        <Key v="3" t="Int32" n="!$C" />
      </Data>
      <Data n="C20177023549510">
        <Key v="20209569449659" t="String" n="!$LC" />
        <Key v="Bedna s výstrojí_lvl_1" t="String" n="N" />
        <Key v="1000" t="Int32" n="V" />
        <Key v="42" t="Int32" n="OldID" />
        <Key v="2160,-995.9" t="Vector2" n="!$P" />
        <Key v="Univerzální" t="String" n="!L" />
      </Data>
      <Data n="C20177023625849">
        <Key v="20209569450589" t="String" n="!$LC" />
        <Key v="Bedna s výstrojí_lvl_2" t="String" n="N" />
        <Key v="2500" t="Int32" n="V" />
        <Key v="43" t="Int32" n="OldID" />
        <Key v="2520,-995.9" t="Vector2" n="!$P" />
        <Key v="Univerzální" t="String" n="!L" />
      </Data>
      <Data n="C20177023628605">
        <Key v="20209569455740" t="String" n="!$LC" />
        <Key v="Bedna s výstrojí_lvl_3" t="String" n="N" />
        <Key v="7500" t="Int32" n="V" />
        <Key v="44" t="Int32" n="OldID" />
        <Key v="2880,-995.9" t="Vector2" n="!$P" />
        <Key v="Univerzální" t="String" n="!L" />
      </Data>
      <Data n="C20177023729899">
        <Key v="20209569448216" t="String" n="!$LC" />
        <Key v="Bedna s vybavením_lvl1" t="String" n="N" />
        <Key v="25" t="Int32" n="V" />
        <Key v="45" t="Int32" n="OldID" />
        <Key v="1080,-995.9" t="Vector2" n="!$P" />
        <Key v="Univerzální" t="String" n="!L" />
      </Data>
      <Data n="C20177023780837">
        <Key v="20209569448592" t="String" n="!$LC" />
        <Key v="Bedna s vybavením_lvl2" t="String" n="N" />
        <Key v="50" t="Int32" n="V" />
        <Key v="46" t="Int32" n="OldID" />
        <Key v="1440,-995.9" t="Vector2" n="!$P" />
        <Key v="Univerzální" t="String" n="!L" />
      </Data>
      <Data n="C20177023780983">
        <Key v="20209569449033" t="String" n="!$LC" />
        <Key v="Bedna s vybavením_lvl3" t="String" n="N" />
        <Key v="100" t="Int32" n="V" />
        <Key v="47" t="Int32" n="OldID" />
        <Key v="1800,-995.9" t="Vector2" n="!$P" />
        <Key v="Univerzální" t="String" n="!L" />
      </Data>
      <Data n="C20193636613034">
        <Key v="20209569446832" t="String" n="!$LC" />
        <Key v="Bedna obchodnika_lvl1" t="String" n="N" />
        <Key v="2000" t="Int32" n="V" />
        <Key v="123" t="Int32" n="OldID" />
        <Key v="0,-995.9" t="Vector2" n="!$P" />
        <Key v="10" t="Int32" n="!$C" />
        <Key v="Univerzální" t="String" n="!L" />
      </Data>
      <Data n="C20193637086289">
        <Key v="20209569447608" t="String" n="!$LC" />
        <Key v="Bedna obchodnika_lvl3" t="String" n="N" />
        <Key v="8000" t="Int32" n="V" />
        <Key v="124" t="Int32" n="OldID" />
        <Key v="720,-995.9" t="Vector2" n="!$P" />
        <Key v="Univerzální" t="String" n="!L" />
      </Data>
      <Data n="C20193637007327">
        <Key v="20209569447261" t="String" n="!$LC" />
        <Key v="Bedna obchodnika_lvl2" t="String" n="N" />
        <Key v="4000" t="Int32" n="V" />
        <Key v="125" t="Int32" n="OldID" />
        <Key v="360,-995.9" t="Vector2" n="!$P" />
        <Key v="Univerzální" t="String" n="!L" />
      </Data>
      <Data n="C20188388831980">
        <Key v="20209611739705" t="String" n="!$LC" />
        <Key v="Kostra_lvl_2" t="String" n="N" />
        <Key v="Kostry a mrtvoly" t="String" n="!P" />
        <Key v="4000" t="Int32" n="V" />
        <Key v="116" t="Int32" n="OldID" />
        <Key v="360,-1090.32" t="Vector2" n="!$P" />
        <Key v="Univerzální" t="String" n="!L" />
        <Key v="Pozustatky" t="String" n="G" />
        <Key v="12" t="Int32" n="!$C" />
      </Data>
      <Data n="C20188388842147">
        <Key v="20209611740252" t="String" n="!$LC" />
        <Key v="Kostra_lvl_3" t="String" n="N" />
        <Key v="Kostry a mrtvoly" t="String" n="!P" />
        <Key v="8000" t="Int32" n="V" />
        <Key v="117" t="Int32" n="OldID" />
        <Key v="720,-1090.32" t="Vector2" n="!$P" />
        <Key v="14" t="Int32" n="!$C" />
        <Key v="Univerzální" t="String" n="!L" />
        <Key v="Pozustatky" t="String" n="G" />
      </Data>
      <Data n="C20188388894562">
        <Key v="20209611740635" t="String" n="!$LC" />
        <Key v="Kostra_lvl_4" t="String" n="N" />
        <Key v="Kostry a mrtvoly" t="String" n="!P" />
        <Key v="16000" t="Int32" n="V" />
        <Key v="118" t="Int32" n="OldID" />
        <Key v="1080,-1090.32" t="Vector2" n="!$P" />
        <Key v="Univerzální" t="String" n="!L" />
        <Key v="Pozustatky" t="String" n="G" />
        <Key v="14" t="Int32" n="!$C" />
      </Data>
      <Data n="C20188389023365">
        <Key v="20209611741107" t="String" n="!$LC" />
        <Key v="Kostra_lvl_5" t="String" n="N" />
        <Key v="Kostry a mrtvoly" t="String" n="!P" />
        <Key v="32000" t="Int32" n="V" />
        <Key v="119" t="Int32" n="OldID" />
        <Key v="1440,-1090.32" t="Vector2" n="!$P" />
        <Key v="Univerzální" t="String" n="!L" />
        <Key v="Pozustatky" t="String" n="G" />
        <Key v="7" t="Int32" n="!$C" />
      </Data>
      <Data n="C20188388772192">
        <Key v="20209611733191" t="String" n="!$LC" />
        <Key v="Kostra_lvl_1" t="String" n="N" />
        <Key v="Kostry a mrtvoly" t="String" n="!P" />
        <Key v="1000" t="Int32" n="V" />
        <Key v="115" t="Int32" n="OldID" />
        <Key v="0,-1090.32" t="Vector2" n="!$P" />
        <Key v="11" t="Int32" n="!$C" />
        <Key v="Pozustatky" t="String" n="G" />
        <Key v="Univerzální" t="String" n="!L" />
      </Data>
      <Data n="C20177743044883">
        <Key v="20209588096614" t="String" n="!$LC" />
        <Key v="Alchymistova_zahradka_lvl1" t="String" n="N" />
        <Key v="Pole &amp; Zahrady" t="String" n="!P" />
        <Key v="75" t="Int32" n="OldID" />
        <Key v="0,-1207.95" t="Vector2" n="!$P" />
        <Key v="Univerzální" t="String" n="!L" />
        <Key v="10" t="Int32" n="!$C" />
      </Data>
      <Data n="C20177576475481">
        <Key v="20209588091443" t="String" n="!$LC" />
        <Key v="Pole se zeleninou 01" t="String" n="N" />
        <Key v="74" t="Int32" n="OldID" />
        <Key v="360,-1207.95" t="Vector2" n="!$P" />
        <Key v="Univerzální" t="String" n="!L" />
        <Key v="Pole &amp; Zahrady" t="String" n="!P" />
        <Key v="12" t="Int32" n="!$C" />
      </Data>
      <Data n="C20187379689726">
        <Key v="20209611771357" t="String" n="!$LC" />
        <Key v="Zelezna_ruda" t="String" n="N" />
        <Key v="7" t="Int32" n="!$C" />
        <Key v="Těžba" t="String" n="!P" />
        <Key v="101" t="Int32" n="OldID" />
        <Key v="1080,-1287.95" t="Vector2" n="!$P" />
        <Key v="Univerzální" t="String" n="!L" />
        <Key v="Suroviny" t="String" n="G" />
      </Data>
      <Data n="C20187379690033">
        <Key v="20209611770940" t="String" n="!$LC" />
        <Key v="Stribrna_ruda" t="String" n="N" />
        <Key v="7" t="Int32" n="!$C" />
        <Key v="Těžba" t="String" n="!P" />
        <Key v="103" t="Int32" n="OldID" />
        <Key v="720,-1287.95" t="Vector2" n="!$P" />
        <Key v="Univerzální" t="String" n="!L" />
        <Key v="Suroviny" t="String" n="G" />
      </Data>
      <Data n="C20187379690450">
        <Key v="20209611771753" t="String" n="!$LC" />
        <Key v="Zlata_ruda" t="String" n="N" />
        <Key v="5" t="Int32" n="!$C" />
        <Key v="Těžba" t="String" n="!P" />
        <Key v="104" t="Int32" n="OldID" />
        <Key v="1440,-1287.95" t="Vector2" n="!$P" />
        <Key v="Univerzální" t="String" n="!L" />
        <Key v="Suroviny" t="String" n="G" />
      </Data>
      <Data n="C20187379708206">
        <Key v="20209611770527" t="String" n="!$LC" />
        <Key v="Sirna_ruda" t="String" n="N" />
        <Key v="7" t="Int32" n="!$C" />
        <Key v="Těžba" t="String" n="!P" />
        <Key v="106" t="Int32" n="OldID" />
        <Key v="360,-1287.95" t="Vector2" n="!$P" />
        <Key v="Univerzální" t="String" n="!L" />
        <Key v="Suroviny" t="String" n="G" />
      </Data>
      <Data n="C20187379701042">
        <Key v="20209611769981" t="String" n="!$LC" />
        <Key v="Agapitova_ruda" t="String" n="N" />
        <Key v="3" t="Int32" n="!$C" />
        <Key v="Těžba" t="String" n="!P" />
        <Key v="105" t="Int32" n="OldID" />
        <Key v="0,-1287.95" t="Vector2" n="!$P" />
        <Key v="Univerzální" t="String" n="!L" />
        <Key v="Suroviny" t="String" n="G" />
      </Data>
    </Data>
  </Data>
</DataRoot>