﻿<?xml version="1.0" encoding="utf-8"?>
<DataRoot n="C">
  <Data n="20177743044883">
    <Data n="$Elems">
      <Data n="20206446810398e">
        <Key v="300,250" t="Vector2" n="!$P" />
        <Key v="_EGate" t="String" n="$T" />
        <Key v="G2" t="String" n="GT" />
        <Key v="100" t="Decimal" n="Rng" />
      </Data>
      <Data n="20206446810399e">
        <Key v="700,250" t="Vector2" n="!$P" />
        <Key v="20205847042741" t="String" n="$T" />
        <Key v="T5Herb" t="String" n="Sub" />
        <Key v="Ir0" t="String" n="MinR" />
        <Key v="Ir1" t="String" n="MaxR" />
        <Key v="1" t="Decimal" n="MinC" />
        <Key v="3" t="Decimal" n="MaxC" />
        <Key v="TResc" t="String" n="Typ" />
      </Data>
      <Data n="20206446810400e">
        <Key v="300,0" t="Vector2" n="!$P" />
        <Key v="_EGate" t="String" n="$T" />
        <Key v="G2" t="String" n="GT" />
        <Key v="75" t="Decimal" n="Rng" />
      </Data>
      <Data n="20209734171064e">
        <Key v="700,0" t="Vector2" n="!$P" />
        <Key v="20205847042741" t="String" n="$T" />
        <Key v="T5Herb" t="String" n="Sub" />
        <Key v="Ir0" t="String" n="MinR" />
        <Key v="Ir1" t="String" n="MaxR" />
        <Key v="1" t="Decimal" n="MinC" />
        <Key v="3" t="Decimal" n="MaxC" />
        <Key v="TResc" t="String" n="Typ" />
      </Data>
      <Data n="20206446810402e">
        <Key v="300,-250" t="Vector2" n="!$P" />
        <Key v="_EGate" t="String" n="$T" />
        <Key v="G2" t="String" n="GT" />
        <Key v="50" t="Decimal" n="Rng" />
      </Data>
      <Data n="20209734172031e">
        <Key v="700,-250" t="Vector2" n="!$P" />
        <Key v="20205847042741" t="String" n="$T" />
        <Key v="T5Herb" t="String" n="Sub" />
        <Key v="Ir0" t="String" n="MinR" />
        <Key v="Ir1" t="String" n="MaxR" />
        <Key v="1" t="Decimal" n="MinC" />
        <Key v="3" t="Decimal" n="MaxC" />
        <Key v="TResc" t="String" n="Typ" />
      </Data>
      <Data n="20209734172511e">
        <Key v="700,-500" t="Vector2" n="!$P" />
        <Key v="20205847042741" t="String" n="$T" />
        <Key v="T5Herb" t="String" n="Sub" />
        <Key v="Ir0" t="String" n="MinR" />
        <Key v="Ir1" t="String" n="MaxR" />
        <Key v="1" t="Decimal" n="MinC" />
        <Key v="3" t="Decimal" n="MaxC" />
        <Key v="TResc" t="String" n="Typ" />
      </Data>
      <Data n="20206446810404e">
        <Key v="300,-500" t="Vector2" n="!$P" />
        <Key v="_EGate" t="String" n="$T" />
        <Key v="G2" t="String" n="GT" />
        <Key v="25" t="Decimal" n="Rng" />
      </Data>
      <Data n="20209734173103e">
        <Key v="700,-750" t="Vector2" n="!$P" />
        <Key v="20205847042741" t="String" n="$T" />
        <Key v="T5Herb" t="String" n="Sub" />
        <Key v="Ir0" t="String" n="MinR" />
        <Key v="Ir1" t="String" n="MaxR" />
        <Key v="1" t="Decimal" n="MinC" />
        <Key v="3" t="Decimal" n="MaxC" />
        <Key v="TResc" t="String" n="Typ" />
      </Data>
      <Data n="20206446810406e">
        <Key v="300,-750" t="Vector2" n="!$P" />
        <Key v="_EGate" t="String" n="$T" />
        <Key v="G2" t="String" n="GT" />
        <Key v="10" t="Decimal" n="Rng" />
      </Data>
    </Data>
    <Data n="$Conns">
      <Data n="20206446810398c">
        <Key v="20206446810398e" t="String" n="$E" />
      </Data>
      <Data n="20206446810399c">
        <Key v="20206446810399e" t="String" n="$E" />
        <Key v="20206446810398e" t="String" n="$S" />
      </Data>
      <Data n="20206446810400c">
        <Key v="20206446810400e" t="String" n="$E" />
      </Data>
      <Data n="20209734173499c">
        <Key v="20206446810406e" t="String" n="$S" />
        <Key v="20209734173103e" t="String" n="$E" />
      </Data>
      <Data n="20206446810402c">
        <Key v="20206446810402e" t="String" n="$E" />
      </Data>
      <Data n="20209734172974c">
        <Key v="20206446810404e" t="String" n="$S" />
        <Key v="20209734172511e" t="String" n="$E" />
      </Data>
      <Data n="20206446810404c">
        <Key v="20206446810404e" t="String" n="$E" />
      </Data>
      <Data n="20209734172423c">
        <Key v="20206446810402e" t="String" n="$S" />
        <Key v="20209734172031e" t="String" n="$E" />
      </Data>
      <Data n="20206446810406c">
        <Key v="20206446810406e" t="String" n="$E" />
      </Data>
      <Data n="20209734171468c">
        <Key v="20206446810400e" t="String" n="$S" />
        <Key v="20209734171064e" t="String" n="$E" />
      </Data>
    </Data>
  </Data>
</DataRoot>