﻿<?xml version="1.0" encoding="utf-8"?>
<DataRoot n="C">
  <Data n="20173158156499">
    <Data n="$Elems">
      <Data n="20206446810381e">
        <Key v="300,250" t="Vector2" n="!$P" />
        <Key v="_EGate" t="String" n="$T" />
        <Key v="G2" t="String" n="GT" />
        <Key v="80" t="Decimal" n="Rng" />
      </Data>
      <Data n="20206446810382e">
        <Key v="700,250" t="Vector2" n="!$P" />
        <Key v="20205847042741" t="String" n="$T" />
        <Key v="TEqpA" t="String" n="Typ" />
        <Key v="Ir0" t="String" n="MinR" />
        <Key v="Ir2" t="String" n="MaxR" />
        <Key v="1" t="Decimal" n="MinC" />
        <Key v="Q0" t="String" n="MinQ" />
        <Key v="Q1" t="String" n="MaxQ" />
        <Key v="Bff2" t="String" n="MinI" />
        <Key v="D3" t="String" n="Dur" />
      </Data>
      <Data n="20206446810383e">
        <Key v="350,0" t="Vector2" n="!$P" />
        <Key v="20205847042741" t="String" n="$T" />
        <Key v="TEqpA" t="String" n="Typ" />
        <Key v="Ir0" t="String" n="MinR" />
        <Key v="Ir2" t="String" n="MaxR" />
        <Key v="1" t="Decimal" n="MinC" />
        <Key v="Q0" t="String" n="MinQ" />
        <Key v="Q1" t="String" n="MaxQ" />
        <Key v="Bff2" t="String" n="MinI" />
        <Key v="D2" t="String" n="Dur" />
      </Data>
      <Data n="20206446810384e">
        <Key v="300,-250" t="Vector2" n="!$P" />
        <Key v="_EGate" t="String" n="$T" />
        <Key v="G2" t="String" n="GT" />
        <Key v="60" t="Decimal" n="Rng" />
      </Data>
      <Data n="20206446810385e">
        <Key v="700,-250" t="Vector2" n="!$P" />
        <Key v="20205847042741" t="String" n="$T" />
        <Key v="TEqpA" t="String" n="Typ" />
        <Key v="Ir0" t="String" n="MinR" />
        <Key v="Ir2" t="String" n="MaxR" />
        <Key v="1" t="Decimal" n="MinC" />
        <Key v="Q0" t="String" n="MinQ" />
        <Key v="Q1" t="String" n="MaxQ" />
        <Key v="Bff2" t="String" n="MinI" />
        <Key v="D4" t="String" n="Dur" />
      </Data>
      <Data n="20206446810386e">
        <Key v="300,-500" t="Vector2" n="!$P" />
        <Key v="_EGate" t="String" n="$T" />
        <Key v="G2" t="String" n="GT" />
        <Key v="40" t="Decimal" n="Rng" />
      </Data>
      <Data n="20206446810387e">
        <Key v="700,-500" t="Vector2" n="!$P" />
        <Key v="20205847042741" t="String" n="$T" />
        <Key v="TEqpA" t="String" n="Typ" />
        <Key v="Ir0" t="String" n="MinR" />
        <Key v="Ir2" t="String" n="MaxR" />
        <Key v="1" t="Decimal" n="MinC" />
        <Key v="Q0" t="String" n="MinQ" />
        <Key v="Q1" t="String" n="MaxQ" />
        <Key v="Bff2" t="String" n="MinI" />
        <Key v="D1" t="String" n="Dur" />
      </Data>
      <Data n="20206446810388e">
        <Key v="300,-750" t="Vector2" n="!$P" />
        <Key v="_EGate" t="String" n="$T" />
        <Key v="G2" t="String" n="GT" />
        <Key v="20" t="Decimal" n="Rng" />
      </Data>
      <Data n="20206446810389e">
        <Key v="700,-750" t="Vector2" n="!$P" />
        <Key v="20205847042741" t="String" n="$T" />
        <Key v="TEqpA" t="String" n="Typ" />
        <Key v="Ir0" t="String" n="MinR" />
        <Key v="Ir2" t="String" n="MaxR" />
        <Key v="1" t="Decimal" n="MinC" />
        <Key v="Q0" t="String" n="MinQ" />
        <Key v="Q1" t="String" n="MaxQ" />
        <Key v="Bff2" t="String" n="MinI" />
        <Key v="D2" t="String" n="Dur" />
      </Data>
    </Data>
    <Data n="$Conns">
      <Data n="20206446810381c">
        <Key v="20206446810381e" t="String" n="$E" />
      </Data>
      <Data n="20206446810382c">
        <Key v="20206446810382e" t="String" n="$E" />
        <Key v="20206446810381e" t="String" n="$S" />
      </Data>
      <Data n="20206446810383c">
        <Key v="20206446810383e" t="String" n="$E" />
      </Data>
      <Data n="20206446810384c">
        <Key v="20206446810384e" t="String" n="$E" />
      </Data>
      <Data n="20206446810385c">
        <Key v="20206446810385e" t="String" n="$E" />
        <Key v="20206446810384e" t="String" n="$S" />
      </Data>
      <Data n="20206446810386c">
        <Key v="20206446810386e" t="String" n="$E" />
      </Data>
      <Data n="20206446810387c">
        <Key v="20206446810387e" t="String" n="$E" />
        <Key v="20206446810386e" t="String" n="$S" />
      </Data>
      <Data n="20206446810388c">
        <Key v="20206446810388e" t="String" n="$E" />
      </Data>
      <Data n="20206446810389c">
        <Key v="20206446810389e" t="String" n="$E" />
        <Key v="20206446810388e" t="String" n="$S" />
      </Data>
    </Data>
  </Data>
</DataRoot>