﻿<?xml version="1.0" encoding="utf-8"?>
<DataRoot n="C">
  <Data n="20177575042053">
    <Data n="$Elems">
      <Data n="20206446810397e">
        <Key v="300,250" t="Vector2" n="!$P" />
        <Key v="_EGate" t="String" n="$T" />
        <Key v="G2" t="String" n="GT" />
        <Key v="100" t="Decimal" n="Rng" />
      </Data>
      <Data n="20206446810398e">
        <Key v="700,250" t="Vector2" n="!$P" />
        <Key v="20205821755979" t="String" n="$T" />
        <Key v="I20167286265866" t="String" n="Itm" />
        <Key v="1" t="Decimal" n="MinC" />
        <Key v="Q1" t="String" n="MinQ" />
        <Key v="Bff2" t="String" n="MinI" />
        <Key v="D4" t="String" n="Dur" />
        <Key v="2" t="Decimal" n="MaxC" />
      </Data>
      <Data n="20209593274097e">
        <Key v="1200,250" t="Vector2" n="!$P" />
        <Key v="_EGate" t="String" n="$T" />
        <Key v="G2" t="String" n="GT" />
        <Key v="20" t="Decimal" n="Rng" />
      </Data>
      <Data n="20209593274839e">
        <Key v="20206443260255" t="String" n="$T" />
        <Key v="1600,250" t="Vector2" n="!$P" />
        <Key v="1" t="Decimal" n="MinC" />
      </Data>
      <Data n="20206446810399e">
        <Key v="300,0" t="Vector2" n="!$P" />
        <Key v="_EGate" t="String" n="$T" />
        <Key v="G2" t="String" n="GT" />
        <Key v="100" t="Decimal" n="Rng" />
      </Data>
      <Data n="20206446810400e">
        <Key v="700,0" t="Vector2" n="!$P" />
        <Key v="20205821755979" t="String" n="$T" />
        <Key v="I20177530837683" t="String" n="Itm" />
        <Key v="1" t="Decimal" n="MinC" />
        <Key v="Q1" t="String" n="MinQ" />
        <Key v="Bff2" t="String" n="MinI" />
        <Key v="D4" t="String" n="Dur" />
        <Key v="2" t="Decimal" n="MaxC" />
      </Data>
      <Data n="20209593277658e">
        <Key v="1200,0" t="Vector2" n="!$P" />
        <Key v="_EGate" t="String" n="$T" />
        <Key v="G2" t="String" n="GT" />
        <Key v="20" t="Decimal" n="Rng" />
      </Data>
      <Data n="20209593277741e">
        <Key v="20206443260255" t="String" n="$T" />
        <Key v="1600,0" t="Vector2" n="!$P" />
        <Key v="1" t="Decimal" n="MinC" />
      </Data>
      <Data n="20206446810401e">
        <Key v="300,-250" t="Vector2" n="!$P" />
        <Key v="_EGate" t="String" n="$T" />
        <Key v="G2" t="String" n="GT" />
        <Key v="100" t="Decimal" n="Rng" />
      </Data>
      <Data n="20206446810402e">
        <Key v="700,-250" t="Vector2" n="!$P" />
        <Key v="20205821755979" t="String" n="$T" />
        <Key v="I20177530849441" t="String" n="Itm" />
        <Key v="1" t="Decimal" n="MinC" />
        <Key v="Q1" t="String" n="MinQ" />
        <Key v="Bff2" t="String" n="MinI" />
        <Key v="D4" t="String" n="Dur" />
        <Key v="2" t="Decimal" n="MaxC" />
      </Data>
      <Data n="20209593277879e">
        <Key v="1200,-250" t="Vector2" n="!$P" />
        <Key v="_EGate" t="String" n="$T" />
        <Key v="G2" t="String" n="GT" />
        <Key v="20" t="Decimal" n="Rng" />
      </Data>
      <Data n="20209593277950e">
        <Key v="20206443260255" t="String" n="$T" />
        <Key v="1600,-250" t="Vector2" n="!$P" />
        <Key v="1" t="Decimal" n="MinC" />
      </Data>
      <Data n="20206446810403e">
        <Key v="300,-500" t="Vector2" n="!$P" />
        <Key v="_EGate" t="String" n="$T" />
        <Key v="G2" t="String" n="GT" />
        <Key v="80" t="Decimal" n="Rng" />
      </Data>
      <Data n="20206446810404e">
        <Key v="700,-500" t="Vector2" n="!$P" />
        <Key v="20205821755979" t="String" n="$T" />
        <Key v="I20177532150292" t="String" n="Itm" />
        <Key v="1" t="Decimal" n="MinC" />
        <Key v="Q1" t="String" n="MinQ" />
        <Key v="Bff2" t="String" n="MinI" />
        <Key v="D4" t="String" n="Dur" />
        <Key v="2" t="Decimal" n="MaxC" />
      </Data>
      <Data n="20206446810405e">
        <Key v="300,-750" t="Vector2" n="!$P" />
        <Key v="_EGate" t="String" n="$T" />
        <Key v="G2" t="String" n="GT" />
        <Key v="40" t="Decimal" n="Rng" />
      </Data>
      <Data n="20206446810406e">
        <Key v="700,-750" t="Vector2" n="!$P" />
        <Key v="20205821755979" t="String" n="$T" />
        <Key v="I20177532223579" t="String" n="Itm" />
        <Key v="1" t="Decimal" n="MinC" />
        <Key v="Q1" t="String" n="MinQ" />
        <Key v="Bff2" t="String" n="MinI" />
        <Key v="D4" t="String" n="Dur" />
      </Data>
      <Data n="20206446810407e">
        <Key v="300,-1000" t="Vector2" n="!$P" />
        <Key v="_EGate" t="String" n="$T" />
        <Key v="G2" t="String" n="GT" />
        <Key v="40" t="Decimal" n="Rng" />
      </Data>
      <Data n="20206446810408e">
        <Key v="700,-1000" t="Vector2" n="!$P" />
        <Key v="20205821755979" t="String" n="$T" />
        <Key v="I20177241249541" t="String" n="Itm" />
        <Key v="1" t="Decimal" n="MinC" />
        <Key v="Q1" t="String" n="MinQ" />
        <Key v="Bff2" t="String" n="MinI" />
        <Key v="D4" t="String" n="Dur" />
      </Data>
      <Data n="20206446810409e">
        <Key v="300,-1250" t="Vector2" n="!$P" />
        <Key v="_EGate" t="String" n="$T" />
        <Key v="G2" t="String" n="GT" />
        <Key v="40" t="Decimal" n="Rng" />
      </Data>
      <Data n="20206446810410e">
        <Key v="700,-1250" t="Vector2" n="!$P" />
        <Key v="20205821755979" t="String" n="$T" />
        <Key v="I20177532242023" t="String" n="Itm" />
        <Key v="1" t="Decimal" n="MinC" />
        <Key v="Q1" t="String" n="MinQ" />
        <Key v="Bff2" t="String" n="MinI" />
        <Key v="D4" t="String" n="Dur" />
      </Data>
      <Data n="20206446810411e">
        <Key v="300,-1500" t="Vector2" n="!$P" />
        <Key v="_EGate" t="String" n="$T" />
        <Key v="G2" t="String" n="GT" />
        <Key v="50" t="Decimal" n="Rng" />
      </Data>
      <Data n="20206446810412e">
        <Key v="700,-1500" t="Vector2" n="!$P" />
        <Key v="20205821755979" t="String" n="$T" />
        <Key v="I20177530894888" t="String" n="Itm" />
        <Key v="1" t="Decimal" n="MinC" />
        <Key v="Q1" t="String" n="MinQ" />
        <Key v="Bff2" t="String" n="MinI" />
        <Key v="D4" t="String" n="Dur" />
        <Key v="2" t="Decimal" n="MaxC" />
      </Data>
      <Data n="20206446810413e">
        <Key v="300,-1750" t="Vector2" n="!$P" />
        <Key v="_EGate" t="String" n="$T" />
        <Key v="G2" t="String" n="GT" />
        <Key v="25" t="Decimal" n="Rng" />
      </Data>
      <Data n="20206446810414e">
        <Key v="700,-1750" t="Vector2" n="!$P" />
        <Key v="20205821755979" t="String" n="$T" />
        <Key v="I20177532202920" t="String" n="Itm" />
        <Key v="1" t="Decimal" n="MinC" />
        <Key v="Q1" t="String" n="MinQ" />
        <Key v="Bff2" t="String" n="MinI" />
        <Key v="D4" t="String" n="Dur" />
      </Data>
      <Data n="20206446810415e">
        <Key v="300,-2000" t="Vector2" n="!$P" />
        <Key v="_EGate" t="String" n="$T" />
        <Key v="G2" t="String" n="GT" />
        <Key v="25" t="Decimal" n="Rng" />
      </Data>
      <Data n="20206446810416e">
        <Key v="700,-2000" t="Vector2" n="!$P" />
        <Key v="20205821755979" t="String" n="$T" />
        <Key v="I20177532251544" t="String" n="Itm" />
        <Key v="1" t="Decimal" n="MinC" />
        <Key v="Q1" t="String" n="MinQ" />
        <Key v="Bff2" t="String" n="MinI" />
        <Key v="D4" t="String" n="Dur" />
      </Data>
    </Data>
    <Data n="$Conns">
      <Data n="20206446810397c">
        <Key v="20206446810397e" t="String" n="$E" />
      </Data>
      <Data n="20206446810398c">
        <Key v="20206446810398e" t="String" n="$E" />
        <Key v="20206446810397e" t="String" n="$S" />
      </Data>
      <Data n="20206446810399c">
        <Key v="20206446810399e" t="String" n="$E" />
      </Data>
      <Data n="20206446810400c">
        <Key v="20206446810400e" t="String" n="$E" />
        <Key v="20206446810399e" t="String" n="$S" />
      </Data>
      <Data n="20206446810401c">
        <Key v="20206446810401e" t="String" n="$E" />
      </Data>
      <Data n="20206446810402c">
        <Key v="20206446810402e" t="String" n="$E" />
        <Key v="20206446810401e" t="String" n="$S" />
      </Data>
      <Data n="20206446810403c">
        <Key v="20206446810403e" t="String" n="$E" />
      </Data>
      <Data n="20206446810404c">
        <Key v="20206446810404e" t="String" n="$E" />
        <Key v="20206446810403e" t="String" n="$S" />
      </Data>
      <Data n="20206446810405c">
        <Key v="20206446810405e" t="String" n="$E" />
      </Data>
      <Data n="20206446810406c">
        <Key v="20206446810406e" t="String" n="$E" />
        <Key v="20206446810405e" t="String" n="$S" />
      </Data>
      <Data n="20206446810407c">
        <Key v="20206446810407e" t="String" n="$E" />
      </Data>
      <Data n="20206446810408c">
        <Key v="20206446810408e" t="String" n="$E" />
        <Key v="20206446810407e" t="String" n="$S" />
      </Data>
      <Data n="20206446810409c">
        <Key v="20206446810409e" t="String" n="$E" />
      </Data>
      <Data n="20206446810410c">
        <Key v="20206446810410e" t="String" n="$E" />
        <Key v="20206446810409e" t="String" n="$S" />
      </Data>
      <Data n="20206446810411c">
        <Key v="20206446810411e" t="String" n="$E" />
      </Data>
      <Data n="20206446810412c">
        <Key v="20206446810412e" t="String" n="$E" />
        <Key v="20206446810411e" t="String" n="$S" />
      </Data>
      <Data n="20206446810413c">
        <Key v="20206446810413e" t="String" n="$E" />
      </Data>
      <Data n="20206446810414c">
        <Key v="20206446810414e" t="String" n="$E" />
        <Key v="20206446810413e" t="String" n="$S" />
      </Data>
      <Data n="20206446810415c">
        <Key v="20206446810415e" t="String" n="$E" />
      </Data>
      <Data n="20206446810416c">
        <Key v="20206446810416e" t="String" n="$E" />
        <Key v="20206446810415e" t="String" n="$S" />
      </Data>
      <Data n="20209593274576c">
        <Key v="20206446810398e" t="String" n="$S" />
        <Key v="20209593274097e" t="String" n="$E" />
      </Data>
      <Data n="20209593275414c">
        <Key v="20209593274097e" t="String" n="$S" />
        <Key v="20209593274839e" t="String" n="$E" />
      </Data>
      <Data n="20209593278154c">
        <Key v="20209593277879e" t="String" n="$S" />
        <Key v="20209593277950e" t="String" n="$E" />
      </Data>
      <Data n="20209593278329c">
        <Key v="20209593277658e" t="String" n="$S" />
        <Key v="20209593277741e" t="String" n="$E" />
      </Data>
      <Data n="20209593279297c">
        <Key v="20206446810400e" t="String" n="$S" />
        <Key v="20209593277658e" t="String" n="$E" />
      </Data>
      <Data n="20209593279480c">
        <Key v="20206446810402e" t="String" n="$S" />
        <Key v="20209593277879e" t="String" n="$E" />
      </Data>
    </Data>
  </Data>
</DataRoot>