﻿<?xml version="1.0" encoding="utf-8"?>
<DataRoot n="C">
  <Data n="20177574317641">
    <Data n="$Elems">
      <Data n="20206446810387e">
        <Key v="300,250" t="Vector2" n="!$P" />
        <Key v="_EGate" t="String" n="$T" />
        <Key v="G2" t="String" n="GT" />
        <Key v="100" t="Decimal" n="Rng" />
      </Data>
      <Data n="20206446810388e">
        <Key v="700,250" t="Vector2" n="!$P" />
        <Key v="20205821755979" t="String" n="$T" />
        <Key v="I20167286292708" t="String" n="Itm" />
        <Key v="1" t="Decimal" n="MinC" />
        <Key v="Q1" t="String" n="MinQ" />
        <Key v="Bff2" t="String" n="MinI" />
        <Key v="D4" t="String" n="Dur" />
        <Key v="2" t="Decimal" n="MaxC" />
      </Data>
      <Data n="20209593589896e">
        <Key v="1200,250" t="Vector2" n="!$P" />
        <Key v="_EGate" t="String" n="$T" />
        <Key v="G2" t="String" n="GT" />
        <Key v="65" t="Decimal" n="Rng" />
      </Data>
      <Data n="20209593590646e">
        <Key v="20206443260255" t="String" n="$T" />
        <Key v="1550,250" t="Vector2" n="!$P" />
        <Key v="1" t="Decimal" n="MinC" />
      </Data>
      <Data n="20206446810389e">
        <Key v="300,0" t="Vector2" n="!$P" />
        <Key v="_EGate" t="String" n="$T" />
        <Key v="G2" t="String" n="GT" />
        <Key v="55" t="Decimal" n="Rng" />
      </Data>
      <Data n="20206446810390e">
        <Key v="700,0" t="Vector2" n="!$P" />
        <Key v="20205821755979" t="String" n="$T" />
        <Key v="I20177532187882" t="String" n="Itm" />
        <Key v="1" t="Decimal" n="MinC" />
        <Key v="Q1" t="String" n="MinQ" />
        <Key v="Bff2" t="String" n="MinI" />
        <Key v="D4" t="String" n="Dur" />
      </Data>
      <Data n="20206446810391e">
        <Key v="300,-250" t="Vector2" n="!$P" />
        <Key v="_EGate" t="String" n="$T" />
        <Key v="G2" t="String" n="GT" />
        <Key v="55" t="Decimal" n="Rng" />
      </Data>
      <Data n="20206446810392e">
        <Key v="700,-250" t="Vector2" n="!$P" />
        <Key v="20205821755979" t="String" n="$T" />
        <Key v="I20161626463106" t="String" n="Itm" />
        <Key v="1" t="Decimal" n="MinC" />
        <Key v="Q1" t="String" n="MinQ" />
        <Key v="Bff2" t="String" n="MinI" />
        <Key v="D4" t="String" n="Dur" />
      </Data>
      <Data n="20206446810393e">
        <Key v="300,-500" t="Vector2" n="!$P" />
        <Key v="_EGate" t="String" n="$T" />
        <Key v="G2" t="String" n="GT" />
        <Key v="55" t="Decimal" n="Rng" />
      </Data>
      <Data n="20206446810394e">
        <Key v="700,-500" t="Vector2" n="!$P" />
        <Key v="20205821755979" t="String" n="$T" />
        <Key v="I20177532228600" t="String" n="Itm" />
        <Key v="1" t="Decimal" n="MinC" />
        <Key v="Q1" t="String" n="MinQ" />
        <Key v="Bff2" t="String" n="MinI" />
        <Key v="D4" t="String" n="Dur" />
      </Data>
      <Data n="20206446810395e">
        <Key v="300,-750" t="Vector2" n="!$P" />
        <Key v="_EGate" t="String" n="$T" />
        <Key v="G2" t="String" n="GT" />
        <Key v="55" t="Decimal" n="Rng" />
      </Data>
      <Data n="20206446810396e">
        <Key v="700,-750" t="Vector2" n="!$P" />
        <Key v="20205821755979" t="String" n="$T" />
        <Key v="I20177241249541" t="String" n="Itm" />
        <Key v="1" t="Decimal" n="MinC" />
        <Key v="Q1" t="String" n="MinQ" />
        <Key v="Bff2" t="String" n="MinI" />
        <Key v="D4" t="String" n="Dur" />
      </Data>
      <Data n="20206446810397e">
        <Key v="300,-1000" t="Vector2" n="!$P" />
        <Key v="_EGate" t="String" n="$T" />
        <Key v="G2" t="String" n="GT" />
        <Key v="100" t="Decimal" n="Rng" />
      </Data>
      <Data n="20206446810398e">
        <Key v="700,-1000" t="Vector2" n="!$P" />
        <Key v="20205821755979" t="String" n="$T" />
        <Key v="I20177532246356" t="String" n="Itm" />
        <Key v="1" t="Decimal" n="MinC" />
        <Key v="Q1" t="String" n="MinQ" />
        <Key v="Bff2" t="String" n="MinI" />
        <Key v="D4" t="String" n="Dur" />
      </Data>
      <Data n="20209593596176e">
        <Key v="1150,-1000" t="Vector2" n="!$P" />
        <Key v="_EGate" t="String" n="$T" />
        <Key v="G2" t="String" n="GT" />
        <Key v="10" t="Decimal" n="Rng" />
      </Data>
      <Data n="20209593596234e">
        <Key v="20206443260255" t="String" n="$T" />
        <Key v="1500,-1000" t="Vector2" n="!$P" />
        <Key v="1" t="Decimal" n="MinC" />
      </Data>
      <Data n="20206446810399e">
        <Key v="300,-1250" t="Vector2" n="!$P" />
        <Key v="_EGate" t="String" n="$T" />
        <Key v="G2" t="String" n="GT" />
        <Key v="100" t="Decimal" n="Rng" />
      </Data>
      <Data n="20206446810400e">
        <Key v="700,-1250" t="Vector2" n="!$P" />
        <Key v="20205821755979" t="String" n="$T" />
        <Key v="I20177532257717" t="String" n="Itm" />
        <Key v="1" t="Decimal" n="MinC" />
        <Key v="Q1" t="String" n="MinQ" />
        <Key v="Bff2" t="String" n="MinI" />
        <Key v="D4" t="String" n="Dur" />
        <Key v="2" t="Decimal" n="MaxC" />
      </Data>
      <Data n="20209593594045e">
        <Key v="1150,-1250" t="Vector2" n="!$P" />
        <Key v="_EGate" t="String" n="$T" />
        <Key v="G2" t="String" n="GT" />
        <Key v="65" t="Decimal" n="Rng" />
      </Data>
      <Data n="20209593594124e">
        <Key v="20206443260255" t="String" n="$T" />
        <Key v="1500,-1250" t="Vector2" n="!$P" />
        <Key v="1" t="Decimal" n="MinC" />
      </Data>
      <Data n="20206446810401e">
        <Key v="300,-1500" t="Vector2" n="!$P" />
        <Key v="_EGate" t="String" n="$T" />
        <Key v="G2" t="String" n="GT" />
        <Key v="100" t="Decimal" n="Rng" />
      </Data>
      <Data n="20206446810402e">
        <Key v="700,-1500" t="Vector2" n="!$P" />
        <Key v="20205821755979" t="String" n="$T" />
        <Key v="I20177532261252" t="String" n="Itm" />
        <Key v="1" t="Decimal" n="MinC" />
        <Key v="Q1" t="String" n="MinQ" />
        <Key v="Bff2" t="String" n="MinI" />
        <Key v="D4" t="String" n="Dur" />
        <Key v="2" t="Decimal" n="MaxC" />
      </Data>
      <Data n="20209593600692e">
        <Key v="1150,-1500" t="Vector2" n="!$P" />
        <Key v="_EGate" t="String" n="$T" />
        <Key v="G2" t="String" n="GT" />
        <Key v="65" t="Decimal" n="Rng" />
      </Data>
      <Data n="20209593600755e">
        <Key v="20206443260255" t="String" n="$T" />
        <Key v="1500,-1500" t="Vector2" n="!$P" />
        <Key v="1" t="Decimal" n="MinC" />
      </Data>
      <Data n="20206446810403e">
        <Key v="300,-1750" t="Vector2" n="!$P" />
        <Key v="_EGate" t="String" n="$T" />
        <Key v="G2" t="String" n="GT" />
        <Key v="40" t="Decimal" n="Rng" />
      </Data>
      <Data n="20206446810404e">
        <Key v="700,-1750" t="Vector2" n="!$P" />
        <Key v="20205821755979" t="String" n="$T" />
        <Key v="I20177532158399" t="String" n="Itm" />
        <Key v="1" t="Decimal" n="MinC" />
        <Key v="Q1" t="String" n="MinQ" />
        <Key v="Bff2" t="String" n="MinI" />
        <Key v="D4" t="String" n="Dur" />
      </Data>
      <Data n="20206446810405e">
        <Key v="300,-2000" t="Vector2" n="!$P" />
        <Key v="_EGate" t="String" n="$T" />
        <Key v="G2" t="String" n="GT" />
        <Key v="80" t="Decimal" n="Rng" />
      </Data>
      <Data n="20206446810406e">
        <Key v="700,-2000" t="Vector2" n="!$P" />
        <Key v="20205821755979" t="String" n="$T" />
        <Key v="I20177532264008" t="String" n="Itm" />
        <Key v="1" t="Decimal" n="MinC" />
        <Key v="Q1" t="String" n="MinQ" />
        <Key v="Bff2" t="String" n="MinI" />
        <Key v="D4" t="String" n="Dur" />
        <Key v="2" t="Decimal" n="MaxC" />
      </Data>
    </Data>
    <Data n="$Conns">
      <Data n="20206446810387c">
        <Key v="20206446810387e" t="String" n="$E" />
      </Data>
      <Data n="20206446810388c">
        <Key v="20206446810388e" t="String" n="$E" />
        <Key v="20206446810387e" t="String" n="$S" />
      </Data>
      <Data n="20206446810389c">
        <Key v="20206446810389e" t="String" n="$E" />
      </Data>
      <Data n="20206446810390c">
        <Key v="20206446810390e" t="String" n="$E" />
        <Key v="20206446810389e" t="String" n="$S" />
      </Data>
      <Data n="20206446810391c">
        <Key v="20206446810391e" t="String" n="$E" />
      </Data>
      <Data n="20206446810392c">
        <Key v="20206446810392e" t="String" n="$E" />
        <Key v="20206446810391e" t="String" n="$S" />
      </Data>
      <Data n="20206446810393c">
        <Key v="20206446810393e" t="String" n="$E" />
      </Data>
      <Data n="20206446810394c">
        <Key v="20206446810394e" t="String" n="$E" />
        <Key v="20206446810393e" t="String" n="$S" />
      </Data>
      <Data n="20206446810395c">
        <Key v="20206446810395e" t="String" n="$E" />
      </Data>
      <Data n="20206446810396c">
        <Key v="20206446810396e" t="String" n="$E" />
        <Key v="20206446810395e" t="String" n="$S" />
      </Data>
      <Data n="20206446810397c">
        <Key v="20206446810397e" t="String" n="$E" />
      </Data>
      <Data n="20206446810398c">
        <Key v="20206446810398e" t="String" n="$E" />
        <Key v="20206446810397e" t="String" n="$S" />
      </Data>
      <Data n="20206446810399c">
        <Key v="20206446810399e" t="String" n="$E" />
      </Data>
      <Data n="20206446810400c">
        <Key v="20206446810400e" t="String" n="$E" />
        <Key v="20206446810399e" t="String" n="$S" />
      </Data>
      <Data n="20206446810401c">
        <Key v="20206446810401e" t="String" n="$E" />
      </Data>
      <Data n="20206446810402c">
        <Key v="20206446810402e" t="String" n="$E" />
        <Key v="20206446810401e" t="String" n="$S" />
      </Data>
      <Data n="20206446810403c">
        <Key v="20206446810403e" t="String" n="$E" />
      </Data>
      <Data n="20206446810404c">
        <Key v="20206446810404e" t="String" n="$E" />
        <Key v="20206446810403e" t="String" n="$S" />
      </Data>
      <Data n="20206446810405c">
        <Key v="20206446810405e" t="String" n="$E" />
      </Data>
      <Data n="20206446810406c">
        <Key v="20206446810406e" t="String" n="$E" />
        <Key v="20206446810405e" t="String" n="$S" />
      </Data>
      <Data n="20209593590650c">
        <Key v="20209593589896e" t="String" n="$S" />
        <Key v="20209593590646e" t="String" n="$E" />
      </Data>
      <Data n="20209593591101c">
        <Key v="20206446810388e" t="String" n="$S" />
        <Key v="20209593589896e" t="String" n="$E" />
      </Data>
      <Data n="20209593594504c">
        <Key v="20209593594045e" t="String" n="$S" />
        <Key v="20209593594124e" t="String" n="$E" />
      </Data>
      <Data n="20209593595617c">
        <Key v="20206446810400e" t="String" n="$S" />
        <Key v="20209593594045e" t="String" n="$E" />
      </Data>
      <Data n="20209593596401c">
        <Key v="20209593596176e" t="String" n="$S" />
        <Key v="20209593596234e" t="String" n="$E" />
      </Data>
      <Data n="20209593596847c">
        <Key v="20206446810398e" t="String" n="$S" />
        <Key v="20209593596176e" t="String" n="$E" />
      </Data>
      <Data n="20209593601001c">
        <Key v="20209593600692e" t="String" n="$S" />
        <Key v="20209593600755e" t="String" n="$E" />
      </Data>
      <Data n="20209593601489c">
        <Key v="20206446810402e" t="String" n="$S" />
        <Key v="20209593600692e" t="String" n="$E" />
      </Data>
    </Data>
  </Data>
</DataRoot>