﻿<?xml version="1.0" encoding="utf-8"?>
<DataRoot n="C">
  <Data n="20177574770826">
    <Data n="$Elems">
      <Data n="20206446810392e">
        <Key v="300,250" t="Vector2" n="!$P" />
        <Key v="_EGate" t="String" n="$T" />
        <Key v="G2" t="String" n="GT" />
        <Key v="40" t="Decimal" n="Rng" />
      </Data>
      <Data n="20206446810393e">
        <Key v="700,250" t="Vector2" n="!$P" />
        <Key v="20205821755979" t="String" n="$T" />
        <Key v="I20167286265866" t="String" n="Itm" />
        <Key v="1" t="Decimal" n="MinC" />
        <Key v="Q1" t="String" n="MinQ" />
        <Key v="Bff2" t="String" n="MinI" />
        <Key v="D4" t="String" n="Dur" />
      </Data>
      <Data n="20206446810394e">
        <Key v="300,0" t="Vector2" n="!$P" />
        <Key v="_EGate" t="String" n="$T" />
        <Key v="G2" t="String" n="GT" />
        <Key v="40" t="Decimal" n="Rng" />
      </Data>
      <Data n="20206446810395e">
        <Key v="700,0" t="Vector2" n="!$P" />
        <Key v="20205821755979" t="String" n="$T" />
        <Key v="I20177530837683" t="String" n="Itm" />
        <Key v="1" t="Decimal" n="MinC" />
        <Key v="Q1" t="String" n="MinQ" />
        <Key v="Bff2" t="String" n="MinI" />
        <Key v="D4" t="String" n="Dur" />
      </Data>
      <Data n="20206446810396e">
        <Key v="300,-250" t="Vector2" n="!$P" />
        <Key v="_EGate" t="String" n="$T" />
        <Key v="G2" t="String" n="GT" />
        <Key v="40" t="Decimal" n="Rng" />
      </Data>
      <Data n="20206446810397e">
        <Key v="700,-250" t="Vector2" n="!$P" />
        <Key v="20205821755979" t="String" n="$T" />
        <Key v="I20177530849441" t="String" n="Itm" />
        <Key v="1" t="Decimal" n="MinC" />
        <Key v="Q1" t="String" n="MinQ" />
        <Key v="Bff2" t="String" n="MinI" />
        <Key v="D4" t="String" n="Dur" />
      </Data>
      <Data n="20206446810398e">
        <Key v="300,-500" t="Vector2" n="!$P" />
        <Key v="_EGate" t="String" n="$T" />
        <Key v="G2" t="String" n="GT" />
        <Key v="40" t="Decimal" n="Rng" />
      </Data>
      <Data n="20206446810399e">
        <Key v="700,-500" t="Vector2" n="!$P" />
        <Key v="20205821755979" t="String" n="$T" />
        <Key v="I20177532134122" t="String" n="Itm" />
        <Key v="1" t="Decimal" n="MinC" />
        <Key v="Q1" t="String" n="MinQ" />
        <Key v="Bff2" t="String" n="MinI" />
        <Key v="D4" t="String" n="Dur" />
      </Data>
      <Data n="20206446810400e">
        <Key v="300,-750" t="Vector2" n="!$P" />
        <Key v="_EGate" t="String" n="$T" />
        <Key v="G2" t="String" n="GT" />
        <Key v="40" t="Decimal" n="Rng" />
      </Data>
      <Data n="20206446810401e">
        <Key v="700,-750" t="Vector2" n="!$P" />
        <Key v="20205821755979" t="String" n="$T" />
        <Key v="I20177532141010" t="String" n="Itm" />
        <Key v="1" t="Decimal" n="MinC" />
        <Key v="Q1" t="String" n="MinQ" />
        <Key v="Bff2" t="String" n="MinI" />
        <Key v="D4" t="String" n="Dur" />
      </Data>
      <Data n="20206446810402e">
        <Key v="300,-1000" t="Vector2" n="!$P" />
        <Key v="_EGate" t="String" n="$T" />
        <Key v="G2" t="String" n="GT" />
        <Key v="100" t="Decimal" n="Rng" />
      </Data>
      <Data n="20206446810403e">
        <Key v="700,-1000" t="Vector2" n="!$P" />
        <Key v="20205821755979" t="String" n="$T" />
        <Key v="I20177532181723" t="String" n="Itm" />
        <Key v="1" t="Decimal" n="MinC" />
        <Key v="Q1" t="String" n="MinQ" />
        <Key v="Bff2" t="String" n="MinI" />
        <Key v="D4" t="String" n="Dur" />
        <Key v="2" t="Decimal" n="MaxC" />
      </Data>
      <Data n="20209593166239e">
        <Key v="1150,-1000" t="Vector2" n="!$P" />
        <Key v="_EGate" t="String" n="$T" />
        <Key v="G2" t="String" n="GT" />
        <Key v="20" t="Decimal" n="Rng" />
      </Data>
      <Data n="20209593167461e">
        <Key v="20206443260255" t="String" n="$T" />
        <Key v="1500,-1000" t="Vector2" n="!$P" />
        <Key v="1" t="Decimal" n="MinC" />
      </Data>
      <Data n="20206446810404e">
        <Key v="300,-1250" t="Vector2" n="!$P" />
        <Key v="_EGate" t="String" n="$T" />
        <Key v="G2" t="String" n="GT" />
        <Key v="100" t="Decimal" n="Rng" />
      </Data>
      <Data n="20206446810405e">
        <Key v="700,-1250" t="Vector2" n="!$P" />
        <Key v="20205821755979" t="String" n="$T" />
        <Key v="I20177532187882" t="String" n="Itm" />
        <Key v="1" t="Decimal" n="MinC" />
        <Key v="Q1" t="String" n="MinQ" />
        <Key v="Bff2" t="String" n="MinI" />
        <Key v="D4" t="String" n="Dur" />
        <Key v="2" t="Decimal" n="MaxC" />
      </Data>
      <Data n="20209593170088e">
        <Key v="1150,-1250" t="Vector2" n="!$P" />
        <Key v="_EGate" t="String" n="$T" />
        <Key v="G2" t="String" n="GT" />
        <Key v="20" t="Decimal" n="Rng" />
      </Data>
      <Data n="20209593170193e">
        <Key v="20206443260255" t="String" n="$T" />
        <Key v="1500,-1250" t="Vector2" n="!$P" />
        <Key v="1" t="Decimal" n="MinC" />
      </Data>
      <Data n="20206446810406e">
        <Key v="300,-1500" t="Vector2" n="!$P" />
        <Key v="_EGate" t="String" n="$T" />
        <Key v="G2" t="String" n="GT" />
        <Key v="100" t="Decimal" n="Rng" />
      </Data>
      <Data n="20206446810407e">
        <Key v="700,-1500" t="Vector2" n="!$P" />
        <Key v="20205821755979" t="String" n="$T" />
        <Key v="I20177532193433" t="String" n="Itm" />
        <Key v="1" t="Decimal" n="MinC" />
        <Key v="Q1" t="String" n="MinQ" />
        <Key v="Bff2" t="String" n="MinI" />
        <Key v="D4" t="String" n="Dur" />
        <Key v="2" t="Decimal" n="MaxC" />
      </Data>
      <Data n="20209593171106e">
        <Key v="1150,-1500" t="Vector2" n="!$P" />
        <Key v="_EGate" t="String" n="$T" />
        <Key v="G2" t="String" n="GT" />
        <Key v="20" t="Decimal" n="Rng" />
      </Data>
      <Data n="20209593171172e">
        <Key v="20206443260255" t="String" n="$T" />
        <Key v="1500,-1500" t="Vector2" n="!$P" />
        <Key v="1" t="Decimal" n="MinC" />
      </Data>
      <Data n="20206446810408e">
        <Key v="300,-1750" t="Vector2" n="!$P" />
        <Key v="_EGate" t="String" n="$T" />
        <Key v="G2" t="String" n="GT" />
        <Key v="40" t="Decimal" n="Rng" />
      </Data>
      <Data n="20206446810409e">
        <Key v="700,-1750" t="Vector2" n="!$P" />
        <Key v="20205821755979" t="String" n="$T" />
        <Key v="I20161626463106" t="String" n="Itm" />
        <Key v="1" t="Decimal" n="MinC" />
        <Key v="Q1" t="String" n="MinQ" />
        <Key v="Bff2" t="String" n="MinI" />
        <Key v="D4" t="String" n="Dur" />
      </Data>
      <Data n="20206446810410e">
        <Key v="300,-2000" t="Vector2" n="!$P" />
        <Key v="_EGate" t="String" n="$T" />
        <Key v="G2" t="String" n="GT" />
        <Key v="40" t="Decimal" n="Rng" />
      </Data>
      <Data n="20206446810411e">
        <Key v="700,-2000" t="Vector2" n="!$P" />
        <Key v="20205821755979" t="String" n="$T" />
        <Key v="I20177532228600" t="String" n="Itm" />
        <Key v="1" t="Decimal" n="MinC" />
        <Key v="Q1" t="String" n="MinQ" />
        <Key v="Bff2" t="String" n="MinI" />
        <Key v="D4" t="String" n="Dur" />
      </Data>
      <Data n="20206446810412e">
        <Key v="300,-2250" t="Vector2" n="!$P" />
        <Key v="_EGate" t="String" n="$T" />
        <Key v="G2" t="String" n="GT" />
        <Key v="50" t="Decimal" n="Rng" />
      </Data>
      <Data n="20206446810413e">
        <Key v="700,-2250" t="Vector2" n="!$P" />
        <Key v="20205821755979" t="String" n="$T" />
        <Key v="I20177532202920" t="String" n="Itm" />
        <Key v="1" t="Decimal" n="MinC" />
        <Key v="Q1" t="String" n="MinQ" />
        <Key v="Bff2" t="String" n="MinI" />
        <Key v="D4" t="String" n="Dur" />
        <Key v="2" t="Decimal" n="MaxC" />
      </Data>
    </Data>
    <Data n="$Conns">
      <Data n="20206446810392c">
        <Key v="20206446810392e" t="String" n="$E" />
      </Data>
      <Data n="20206446810393c">
        <Key v="20206446810393e" t="String" n="$E" />
        <Key v="20206446810392e" t="String" n="$S" />
      </Data>
      <Data n="20206446810394c">
        <Key v="20206446810394e" t="String" n="$E" />
      </Data>
      <Data n="20206446810395c">
        <Key v="20206446810395e" t="String" n="$E" />
        <Key v="20206446810394e" t="String" n="$S" />
      </Data>
      <Data n="20206446810396c">
        <Key v="20206446810396e" t="String" n="$E" />
      </Data>
      <Data n="20206446810397c">
        <Key v="20206446810397e" t="String" n="$E" />
        <Key v="20206446810396e" t="String" n="$S" />
      </Data>
      <Data n="20206446810398c">
        <Key v="20206446810398e" t="String" n="$E" />
      </Data>
      <Data n="20206446810399c">
        <Key v="20206446810399e" t="String" n="$E" />
        <Key v="20206446810398e" t="String" n="$S" />
      </Data>
      <Data n="20206446810400c">
        <Key v="20206446810400e" t="String" n="$E" />
      </Data>
      <Data n="20206446810401c">
        <Key v="20206446810401e" t="String" n="$E" />
        <Key v="20206446810400e" t="String" n="$S" />
      </Data>
      <Data n="20206446810402c">
        <Key v="20206446810402e" t="String" n="$E" />
      </Data>
      <Data n="20206446810403c">
        <Key v="20206446810403e" t="String" n="$E" />
        <Key v="20206446810402e" t="String" n="$S" />
      </Data>
      <Data n="20206446810404c">
        <Key v="20206446810404e" t="String" n="$E" />
      </Data>
      <Data n="20206446810405c">
        <Key v="20206446810405e" t="String" n="$E" />
        <Key v="20206446810404e" t="String" n="$S" />
      </Data>
      <Data n="20206446810406c">
        <Key v="20206446810406e" t="String" n="$E" />
      </Data>
      <Data n="20206446810407c">
        <Key v="20206446810407e" t="String" n="$E" />
        <Key v="20206446810406e" t="String" n="$S" />
      </Data>
      <Data n="20206446810408c">
        <Key v="20206446810408e" t="String" n="$E" />
      </Data>
      <Data n="20206446810409c">
        <Key v="20206446810409e" t="String" n="$E" />
        <Key v="20206446810408e" t="String" n="$S" />
      </Data>
      <Data n="20206446810410c">
        <Key v="20206446810410e" t="String" n="$E" />
      </Data>
      <Data n="20206446810411c">
        <Key v="20206446810411e" t="String" n="$E" />
        <Key v="20206446810410e" t="String" n="$S" />
      </Data>
      <Data n="20206446810412c">
        <Key v="20206446810412e" t="String" n="$E" />
      </Data>
      <Data n="20206446810413c">
        <Key v="20206446810413e" t="String" n="$E" />
        <Key v="20206446810412e" t="String" n="$S" />
      </Data>
      <Data n="20209593166702c">
        <Key v="20206446810403e" t="String" n="$S" />
        <Key v="20209593166239e" t="String" n="$E" />
      </Data>
      <Data n="20209593168066c">
        <Key v="20209593166239e" t="String" n="$S" />
        <Key v="20209593167461e" t="String" n="$E" />
      </Data>
      <Data n="20209593170409c">
        <Key v="20209593170088e" t="String" n="$S" />
        <Key v="20209593170193e" t="String" n="$E" />
      </Data>
      <Data n="20209593171435c">
        <Key v="20209593171106e" t="String" n="$S" />
        <Key v="20209593171172e" t="String" n="$E" />
      </Data>
      <Data n="20209593171911c">
        <Key v="20206446810405e" t="String" n="$S" />
        <Key v="20209593170088e" t="String" n="$E" />
      </Data>
      <Data n="20209593172127c">
        <Key v="20206446810407e" t="String" n="$S" />
        <Key v="20209593171106e" t="String" n="$E" />
      </Data>
    </Data>
  </Data>
</DataRoot>