﻿<?xml version="1.0" encoding="utf-8"?>
<DataRoot n="C">
  <Data n="20172629397102">
    <Data n="$Elems">
      <Data n="20206446810378e">
        <Key v="350,250" t="Vector2" n="!$P" />
        <Key v="20205847042741" t="String" n="$T" />
        <Key v="TEqpA" t="String" n="Typ" />
        <Key v="Ir0" t="String" n="MinR" />
        <Key v="1" t="Decimal" n="MinC" />
        <Key v="Q0" t="String" n="MinQ" />
        <Key v="Bff0" t="String" n="MinI" />
        <Key v="Bff1" t="String" n="MaxI" />
        <Key v="D3" t="String" n="Dur" />
      </Data>
      <Data n="20206446810379e">
        <Key v="300,0" t="Vector2" n="!$P" />
        <Key v="_EGate" t="String" n="$T" />
        <Key v="G2" t="String" n="GT" />
        <Key v="50" t="Decimal" n="Rng" />
      </Data>
      <Data n="20206446810380e">
        <Key v="700,0" t="Vector2" n="!$P" />
        <Key v="20205847042741" t="String" n="$T" />
        <Key v="TEqpA" t="String" n="Typ" />
        <Key v="Ir0" t="String" n="MinR" />
        <Key v="1" t="Decimal" n="MinC" />
        <Key v="Q0" t="String" n="MinQ" />
        <Key v="Bff0" t="String" n="MinI" />
        <Key v="D3" t="String" n="Dur" />
      </Data>
    </Data>
    <Data n="$Conns">
      <Data n="20206446810378c">
        <Key v="20206446810378e" t="String" n="$E" />
      </Data>
      <Data n="20206446810379c">
        <Key v="20206446810379e" t="String" n="$E" />
      </Data>
      <Data n="20206446810380c">
        <Key v="20206446810380e" t="String" n="$E" />
        <Key v="20206446810379e" t="String" n="$S" />
      </Data>
    </Data>
  </Data>
</DataRoot>