﻿<?xml version="1.0" encoding="utf-8"?>
<DataRoot n="C">
  <Data n="20193636613034">
    <Data n="$Elems">
      <Data n="20206446810406e">
        <Key v="450,700" t="Vector2" n="!$P" />
        <Key v="20205847042741" t="String" n="$T" />
        <Key v="TUse" t="String" n="Typ" />
        <Key v="Ir0" t="String" n="MinR" />
        <Key v="2" t="Decimal" n="MinC" />
        <Key v="D2" t="String" n="Dur" />
        <Key v="4" t="Decimal" n="MaxC" />
      </Data>
      <Data n="20206446810407e">
        <Key v="450,500" t="Vector2" n="!$P" />
        <Key v="20205847042741" t="String" n="$T" />
        <Key v="TLoot" t="String" n="Typ" />
        <Key v="Ir0" t="String" n="MinR" />
        <Key v="1" t="Decimal" n="MinC" />
        <Key v="2" t="Decimal" n="MaxC" />
      </Data>
      <Data n="20206446810409e">
        <Key v="450,350" t="Vector2" n="!$P" />
        <Key v="20205821755979" t="String" n="$T" />
        <Key v="I20157354355645" t="String" n="Itm" />
        <Key v="25" t="Decimal" n="MinC" />
        <Key v="Q1" t="String" n="MinQ" />
        <Key v="Bff2" t="String" n="MinI" />
        <Key v="D4" t="String" n="Dur" />
        <Key v="50" t="Decimal" n="MaxC" />
      </Data>
      <Data n="20206446810411e">
        <Key v="450,150" t="Vector2" n="!$P" />
        <Key v="20205821755979" t="String" n="$T" />
        <Key v="I20157375210590" t="String" n="Itm" />
        <Key v="5" t="Decimal" n="MinC" />
        <Key v="Q1" t="String" n="MinQ" />
        <Key v="Bff2" t="String" n="MinI" />
        <Key v="D4" t="String" n="Dur" />
        <Key v="10" t="Decimal" n="MaxC" />
      </Data>
      <Data n="20206446810412e">
        <Key v="450,-50" t="Vector2" n="!$P" />
        <Key v="20205847042741" t="String" n="$T" />
        <Key v="5" t="Decimal" n="MaxC" />
        <Key v="Ir0" t="String" n="MinR" />
        <Key v="Ir2" t="String" n="MaxR" />
        <Key v="3" t="Decimal" n="MinC" />
        <Key v="Q0" t="String" n="MinQ" />
        <Key v="Q1" t="String" n="MaxQ" />
        <Key v="Bff2" t="String" n="MinI" />
        <Key v="D1" t="String" n="Dur" />
        <Key v="TEqpA" t="String" n="Typ" />
      </Data>
      <Data n="20206446810413e">
        <Key v="350,-300" t="Vector2" n="!$P" />
        <Key v="_EGate" t="String" n="$T" />
        <Key v="G2" t="String" n="GT" />
        <Key v="25" t="Decimal" n="Rng" />
      </Data>
      <Data n="20206446810414e">
        <Key v="750,-300" t="Vector2" n="!$P" />
        <Key v="20205847042741" t="String" n="$T" />
        <Key v="TResc" t="String" n="Typ" />
        <Key v="Ir0" t="String" n="MinR" />
        <Key v="Ir2" t="String" n="MaxR" />
        <Key v="1" t="Decimal" n="MinC" />
      </Data>
      <Data n="20206446810415e">
        <Key v="450,-550" t="Vector2" n="!$P" />
        <Key v="20205847042741" t="String" n="$T" />
        <Key v="Ir0" t="String" n="MinR" />
        <Key v="Ir2" t="String" n="MaxR" />
        <Key v="1" t="Decimal" n="MinC" />
        <Key v="Q0" t="String" n="MinQ" />
        <Key v="Q1" t="String" n="MaxQ" />
        <Key v="Bff2" t="String" n="MinI" />
        <Key v="D1" t="String" n="Dur" />
        <Key v="TEqpW" t="String" n="Typ" />
      </Data>
    </Data>
    <Data n="$Conns">
      <Data n="20206446810406c">
        <Key v="20206446810406e" t="String" n="$E" />
      </Data>
      <Data n="20206446810407c">
        <Key v="20206446810407e" t="String" n="$E" />
      </Data>
      <Data n="20206446810409c">
        <Key v="20206446810409e" t="String" n="$E" />
      </Data>
      <Data n="20206446810411c">
        <Key v="20206446810411e" t="String" n="$E" />
      </Data>
      <Data n="20206446810412c">
        <Key v="20206446810412e" t="String" n="$E" />
      </Data>
      <Data n="20206446810413c">
        <Key v="20206446810413e" t="String" n="$E" />
      </Data>
      <Data n="20206446810414c">
        <Key v="20206446810414e" t="String" n="$E" />
        <Key v="20206446810413e" t="String" n="$S" />
      </Data>
      <Data n="20206446810415c">
        <Key v="20206446810415e" t="String" n="$E" />
      </Data>
    </Data>
  </Data>
</DataRoot>