﻿<?xml version="1.0" encoding="utf-8"?>
<DataRoot n="C">
  <Data n="20177575068359">
    <Data n="$Elems">
      <Data n="20206446810397e">
        <Key v="300,250" t="Vector2" n="!$P" />
        <Key v="_EGate" t="String" n="$T" />
        <Key v="G2" t="String" n="GT" />
        <Key v="100" t="Decimal" n="Rng" />
      </Data>
      <Data n="20206446810398e">
        <Key v="700,250" t="Vector2" n="!$P" />
        <Key v="20205821755979" t="String" n="$T" />
        <Key v="I20167286265866" t="String" n="Itm" />
        <Key v="1" t="Decimal" n="MinC" />
        <Key v="Q1" t="String" n="MinQ" />
        <Key v="Bff2" t="String" n="MinI" />
        <Key v="D4" t="String" n="Dur" />
        <Key v="2" t="Decimal" n="MaxC" />
      </Data>
      <Data n="20209593540358e">
        <Key v="1150,250" t="Vector2" n="!$P" />
        <Key v="_EGate" t="String" n="$T" />
        <Key v="G2" t="String" n="GT" />
        <Key v="65" t="Decimal" n="Rng" />
      </Data>
      <Data n="20209593541172e">
        <Key v="20206443260255" t="String" n="$T" />
        <Key v="1550,250" t="Vector2" n="!$P" />
        <Key v="1" t="Decimal" n="MinC" />
      </Data>
      <Data n="20206446810399e">
        <Key v="300,0" t="Vector2" n="!$P" />
        <Key v="_EGate" t="String" n="$T" />
        <Key v="G2" t="String" n="GT" />
        <Key v="100" t="Decimal" n="Rng" />
      </Data>
      <Data n="20206446810400e">
        <Key v="700,0" t="Vector2" n="!$P" />
        <Key v="20205821755979" t="String" n="$T" />
        <Key v="I20177530837683" t="String" n="Itm" />
        <Key v="1" t="Decimal" n="MinC" />
        <Key v="Q1" t="String" n="MinQ" />
        <Key v="Bff2" t="String" n="MinI" />
        <Key v="D4" t="String" n="Dur" />
        <Key v="2" t="Decimal" n="MaxC" />
      </Data>
      <Data n="20209593543544e">
        <Key v="1150,0" t="Vector2" n="!$P" />
        <Key v="_EGate" t="String" n="$T" />
        <Key v="G2" t="String" n="GT" />
        <Key v="65" t="Decimal" n="Rng" />
      </Data>
      <Data n="20209593543598e">
        <Key v="20206443260255" t="String" n="$T" />
        <Key v="1550,0" t="Vector2" n="!$P" />
        <Key v="1" t="Decimal" n="MinC" />
      </Data>
      <Data n="20206446810401e">
        <Key v="300,-250" t="Vector2" n="!$P" />
        <Key v="_EGate" t="String" n="$T" />
        <Key v="G2" t="String" n="GT" />
        <Key v="100" t="Decimal" n="Rng" />
      </Data>
      <Data n="20206446810402e">
        <Key v="700,-250" t="Vector2" n="!$P" />
        <Key v="20205821755979" t="String" n="$T" />
        <Key v="I20177530849441" t="String" n="Itm" />
        <Key v="1" t="Decimal" n="MinC" />
        <Key v="Q1" t="String" n="MinQ" />
        <Key v="Bff2" t="String" n="MinI" />
        <Key v="D4" t="String" n="Dur" />
        <Key v="2" t="Decimal" n="MaxC" />
      </Data>
      <Data n="20209593543394e">
        <Key v="1150,-250" t="Vector2" n="!$P" />
        <Key v="_EGate" t="String" n="$T" />
        <Key v="G2" t="String" n="GT" />
        <Key v="65" t="Decimal" n="Rng" />
      </Data>
      <Data n="20209593543461e">
        <Key v="20206443260255" t="String" n="$T" />
        <Key v="1550,-250" t="Vector2" n="!$P" />
        <Key v="1" t="Decimal" n="MinC" />
      </Data>
      <Data n="20206446810403e">
        <Key v="300,-500" t="Vector2" n="!$P" />
        <Key v="_EGate" t="String" n="$T" />
        <Key v="G2" t="String" n="GT" />
        <Key v="100" t="Decimal" n="Rng" />
      </Data>
      <Data n="20206446810405e">
        <Key v="700,-500" t="Vector2" n="!$P" />
        <Key v="20205821755979" t="String" n="$T" />
        <Key v="I20177532150292" t="String" n="Itm" />
        <Key v="1" t="Decimal" n="MinC" />
        <Key v="Q1" t="String" n="MinQ" />
        <Key v="Bff2" t="String" n="MinI" />
        <Key v="D4" t="String" n="Dur" />
      </Data>
      <Data n="20209593548252e">
        <Key v="1150,-500" t="Vector2" n="!$P" />
        <Key v="_EGate" t="String" n="$T" />
        <Key v="G2" t="String" n="GT" />
        <Key v="10" t="Decimal" n="Rng" />
      </Data>
      <Data n="20209593548319e">
        <Key v="20206443260255" t="String" n="$T" />
        <Key v="1550,-500" t="Vector2" n="!$P" />
        <Key v="1" t="Decimal" n="MinC" />
      </Data>
      <Data n="20206446810406e">
        <Key v="300,-750" t="Vector2" n="!$P" />
        <Key v="_EGate" t="String" n="$T" />
        <Key v="G2" t="String" n="GT" />
        <Key v="55" t="Decimal" n="Rng" />
      </Data>
      <Data n="20206446810407e">
        <Key v="700,-750" t="Vector2" n="!$P" />
        <Key v="20205821755979" t="String" n="$T" />
        <Key v="I20177532223579" t="String" n="Itm" />
        <Key v="1" t="Decimal" n="MinC" />
        <Key v="Q1" t="String" n="MinQ" />
        <Key v="Bff2" t="String" n="MinI" />
        <Key v="D4" t="String" n="Dur" />
      </Data>
      <Data n="20206446810408e">
        <Key v="300,-1000" t="Vector2" n="!$P" />
        <Key v="_EGate" t="String" n="$T" />
        <Key v="G2" t="String" n="GT" />
        <Key v="55" t="Decimal" n="Rng" />
      </Data>
      <Data n="20206446810409e">
        <Key v="700,-1000" t="Vector2" n="!$P" />
        <Key v="20205821755979" t="String" n="$T" />
        <Key v="I20177241249541" t="String" n="Itm" />
        <Key v="1" t="Decimal" n="MinC" />
        <Key v="Q1" t="String" n="MinQ" />
        <Key v="Bff2" t="String" n="MinI" />
        <Key v="D4" t="String" n="Dur" />
      </Data>
      <Data n="20206446810410e">
        <Key v="300,-1250" t="Vector2" n="!$P" />
        <Key v="_EGate" t="String" n="$T" />
        <Key v="G2" t="String" n="GT" />
        <Key v="55" t="Decimal" n="Rng" />
      </Data>
      <Data n="20206446810411e">
        <Key v="700,-1250" t="Vector2" n="!$P" />
        <Key v="20205821755979" t="String" n="$T" />
        <Key v="I20177532242023" t="String" n="Itm" />
        <Key v="1" t="Decimal" n="MinC" />
        <Key v="Q1" t="String" n="MinQ" />
        <Key v="Bff2" t="String" n="MinI" />
        <Key v="D4" t="String" n="Dur" />
      </Data>
      <Data n="20206446810412e">
        <Key v="300,-1500" t="Vector2" n="!$P" />
        <Key v="_EGate" t="String" n="$T" />
        <Key v="G2" t="String" n="GT" />
        <Key v="80" t="Decimal" n="Rng" />
      </Data>
      <Data n="20206446810413e">
        <Key v="700,-1500" t="Vector2" n="!$P" />
        <Key v="20205821755979" t="String" n="$T" />
        <Key v="I20177530894888" t="String" n="Itm" />
        <Key v="1" t="Decimal" n="MinC" />
        <Key v="Q1" t="String" n="MinQ" />
        <Key v="Bff2" t="String" n="MinI" />
        <Key v="D4" t="String" n="Dur" />
        <Key v="2" t="Decimal" n="MaxC" />
      </Data>
      <Data n="20206446810414e">
        <Key v="300,-1750" t="Vector2" n="!$P" />
        <Key v="_EGate" t="String" n="$T" />
        <Key v="G2" t="String" n="GT" />
        <Key v="40" t="Decimal" n="Rng" />
      </Data>
      <Data n="20206446810415e">
        <Key v="700,-1750" t="Vector2" n="!$P" />
        <Key v="20205821755979" t="String" n="$T" />
        <Key v="I20177532202920" t="String" n="Itm" />
        <Key v="1" t="Decimal" n="MinC" />
        <Key v="Q1" t="String" n="MinQ" />
        <Key v="Bff2" t="String" n="MinI" />
        <Key v="D4" t="String" n="Dur" />
      </Data>
      <Data n="20206446810416e">
        <Key v="300,-2000" t="Vector2" n="!$P" />
        <Key v="_EGate" t="String" n="$T" />
        <Key v="G2" t="String" n="GT" />
        <Key v="40" t="Decimal" n="Rng" />
      </Data>
      <Data n="20206446810417e">
        <Key v="700,-2000" t="Vector2" n="!$P" />
        <Key v="20205821755979" t="String" n="$T" />
        <Key v="I20177532251544" t="String" n="Itm" />
        <Key v="1" t="Decimal" n="MinC" />
        <Key v="Q1" t="String" n="MinQ" />
        <Key v="Bff2" t="String" n="MinI" />
        <Key v="D4" t="String" n="Dur" />
      </Data>
    </Data>
    <Data n="$Conns">
      <Data n="20206446810397c">
        <Key v="20206446810397e" t="String" n="$E" />
      </Data>
      <Data n="20206446810398c">
        <Key v="20206446810398e" t="String" n="$E" />
        <Key v="20206446810397e" t="String" n="$S" />
      </Data>
      <Data n="20206446810399c">
        <Key v="20206446810399e" t="String" n="$E" />
      </Data>
      <Data n="20206446810400c">
        <Key v="20206446810400e" t="String" n="$E" />
        <Key v="20206446810399e" t="String" n="$S" />
      </Data>
      <Data n="20206446810401c">
        <Key v="20206446810401e" t="String" n="$E" />
      </Data>
      <Data n="20206446810402c">
        <Key v="20206446810402e" t="String" n="$E" />
        <Key v="20206446810401e" t="String" n="$S" />
      </Data>
      <Data n="20206446810403c">
        <Key v="20206446810403e" t="String" n="$E" />
      </Data>
      <Data n="20206446810405c">
        <Key v="20206446810405e" t="String" n="$E" />
        <Key v="20206446810403e" t="String" n="$S" />
      </Data>
      <Data n="20206446810406c">
        <Key v="20206446810406e" t="String" n="$E" />
      </Data>
      <Data n="20206446810407c">
        <Key v="20206446810407e" t="String" n="$E" />
        <Key v="20206446810406e" t="String" n="$S" />
      </Data>
      <Data n="20206446810408c">
        <Key v="20206446810408e" t="String" n="$E" />
      </Data>
      <Data n="20206446810409c">
        <Key v="20206446810409e" t="String" n="$E" />
        <Key v="20206446810408e" t="String" n="$S" />
      </Data>
      <Data n="20206446810410c">
        <Key v="20206446810410e" t="String" n="$E" />
      </Data>
      <Data n="20206446810411c">
        <Key v="20206446810411e" t="String" n="$E" />
        <Key v="20206446810410e" t="String" n="$S" />
      </Data>
      <Data n="20206446810412c">
        <Key v="20206446810412e" t="String" n="$E" />
        <Data n="!Node" />
      </Data>
      <Data n="20206446810413c">
        <Key v="20206446810413e" t="String" n="$E" />
        <Key v="20206446810412e" t="String" n="$S" />
      </Data>
      <Data n="20206446810414c">
        <Key v="20206446810414e" t="String" n="$E" />
      </Data>
      <Data n="20206446810415c">
        <Key v="20206446810415e" t="String" n="$E" />
        <Key v="20206446810414e" t="String" n="$S" />
      </Data>
      <Data n="20206446810416c">
        <Key v="20206446810416e" t="String" n="$E" />
      </Data>
      <Data n="20206446810417c">
        <Key v="20206446810417e" t="String" n="$E" />
        <Key v="20206446810416e" t="String" n="$S" />
      </Data>
      <Data n="20209593540784c">
        <Key v="20206446810398e" t="String" n="$S" />
        <Key v="20209593540358e" t="String" n="$E" />
      </Data>
      <Data n="20209593541509c">
        <Key v="20209593540358e" t="String" n="$S" />
        <Key v="20209593541172e" t="String" n="$E" />
      </Data>
      <Data n="20209593543778c">
        <Key v="20209593543394e" t="String" n="$S" />
        <Key v="20209593543461e" t="String" n="$E" />
      </Data>
      <Data n="20209593543903c">
        <Key v="20209593543544e" t="String" n="$S" />
        <Key v="20209593543598e" t="String" n="$E" />
      </Data>
      <Data n="20209593545020c">
        <Key v="20206446810402e" t="String" n="$S" />
        <Key v="20209593543394e" t="String" n="$E" />
      </Data>
      <Data n="20209593545262c">
        <Key v="20206446810400e" t="String" n="$S" />
        <Key v="20209593543544e" t="String" n="$E" />
      </Data>
      <Data n="20209593548515c">
        <Key v="20209593548252e" t="String" n="$S" />
        <Key v="20209593548319e" t="String" n="$E" />
      </Data>
      <Data n="20209593549424c">
        <Key v="20206446810405e" t="String" n="$S" />
        <Key v="20209593548252e" t="String" n="$E" />
      </Data>
    </Data>
  </Data>
</DataRoot>