﻿<?xml version="1.0" encoding="utf-8"?>
<DataRoot n="C">
  <Data n="20193637086289">
    <Data n="$Elems">
      <Data n="20206446810406e">
        <Key v="500,650" t="Vector2" n="!$P" />
        <Key v="20205847042741" t="String" n="$T" />
        <Key v="TUse" t="String" n="Typ" />
        <Key v="Ir0" t="String" n="MinR" />
        <Key v="2" t="Decimal" n="MinC" />
        <Key v="D2" t="String" n="Dur" />
        <Key v="4" t="Decimal" n="MaxC" />
      </Data>
      <Data n="20206446810408e">
        <Key v="500,450" t="Vector2" n="!$P" />
        <Key v="20205821755979" t="String" n="$T" />
        <Key v="I20157354355645" t="String" n="Itm" />
        <Key v="25" t="Decimal" n="MinC" />
        <Key v="Q1" t="String" n="MinQ" />
        <Key v="Q1" t="String" n="MaxQ" />
        <Key v="Bff2" t="String" n="MinI" />
        <Key v="Bff2" t="String" n="MaxI" />
        <Key v="D1" t="String" n="Dur" />
        <Key v="75" t="Decimal" n="MaxC" />
      </Data>
      <Data n="20206446810410e">
        <Key v="500,200" t="Vector2" n="!$P" />
        <Key v="20205821755979" t="String" n="$T" />
        <Key v="I20157375210590" t="String" n="Itm" />
        <Key v="5" t="Decimal" n="MinC" />
        <Key v="Q1" t="String" n="MinQ" />
        <Key v="Q1" t="String" n="MaxQ" />
        <Key v="Bff2" t="String" n="MinI" />
        <Key v="Bff2" t="String" n="MaxI" />
        <Key v="D1" t="String" n="Dur" />
        <Key v="15" t="Decimal" n="MaxC" />
      </Data>
      <Data n="20206446810411e">
        <Key v="500,-50" t="Vector2" n="!$P" />
        <Key v="20205847042741" t="String" n="$T" />
        <Key v="5" t="Decimal" n="MaxC" />
        <Key v="Ir0" t="String" n="MinR" />
        <Key v="Ir2" t="String" n="MaxR" />
        <Key v="3" t="Decimal" n="MinC" />
        <Key v="Q0" t="String" n="MinQ" />
        <Key v="Q1" t="String" n="MaxQ" />
        <Key v="Bff2" t="String" n="MinI" />
        <Key v="D3" t="String" n="Dur" />
        <Key v="TEqpA" t="String" n="Typ" />
      </Data>
      <Data n="20206446810412e">
        <Key v="500,-300" t="Vector2" n="!$P" />
        <Key v="20205847042741" t="String" n="$T" />
        <Key v="TLoot" t="String" n="Typ" />
        <Key v="Ir0" t="String" n="MinR" />
        <Key v="2" t="Decimal" n="MaxC" />
        <Key v="1" t="Decimal" n="MinC" />
      </Data>
      <Data n="20206446810413e">
        <Key v="400,-500" t="Vector2" n="!$P" />
        <Key v="_EGate" t="String" n="$T" />
        <Key v="G2" t="String" n="GT" />
        <Key v="25" t="Decimal" n="Rng" />
      </Data>
      <Data n="20206446810414e">
        <Key v="800,-500" t="Vector2" n="!$P" />
        <Key v="20205847042741" t="String" n="$T" />
        <Key v="TResc" t="String" n="Typ" />
        <Key v="Ir0" t="String" n="MinR" />
        <Key v="Ir2" t="String" n="MaxR" />
        <Key v="1" t="Decimal" n="MinC" />
      </Data>
      <Data n="20206446810415e">
        <Key v="500,-700" t="Vector2" n="!$P" />
        <Key v="20205847042741" t="String" n="$T" />
        <Key v="Ir0" t="String" n="MinR" />
        <Key v="Ir2" t="String" n="MaxR" />
        <Key v="1" t="Decimal" n="MinC" />
        <Key v="Q0" t="String" n="MinQ" />
        <Key v="Q1" t="String" n="MaxQ" />
        <Key v="Bff2" t="String" n="MinI" />
        <Key v="Bff3" t="String" n="MaxI" />
        <Key v="D4" t="String" n="Dur" />
        <Key v="TEqpW" t="String" n="Typ" />
      </Data>
      <Data n="20206446810416e">
        <Key v="400,-1000" t="Vector2" n="!$P" />
        <Key v="_EGate" t="String" n="$T" />
        <Key v="G2" t="String" n="GT" />
        <Key v="25" t="Decimal" n="Rng" />
      </Data>
      <Data n="20206446810417e">
        <Key v="800,-1000" t="Vector2" n="!$P" />
        <Key v="20205847042741" t="String" n="$T" />
        <Key v="Ir0" t="String" n="MinR" />
        <Key v="Ir1" t="String" n="MaxR" />
        <Key v="1" t="Decimal" n="MinC" />
        <Key v="Q0" t="String" n="MinQ" />
        <Key v="Q1" t="String" n="MaxQ" />
        <Key v="Bff2" t="String" n="MinI" />
        <Key v="D3" t="String" n="Dur" />
        <Key v="TEqpW" t="String" n="Typ" />
      </Data>
    </Data>
    <Data n="$Conns">
      <Data n="20206446810406c">
        <Key v="20206446810406e" t="String" n="$E" />
      </Data>
      <Data n="20206446810408c">
        <Key v="20206446810408e" t="String" n="$E" />
      </Data>
      <Data n="20206446810410c">
        <Key v="20206446810410e" t="String" n="$E" />
      </Data>
      <Data n="20206446810411c">
        <Key v="20206446810411e" t="String" n="$E" />
      </Data>
      <Data n="20206446810412c">
        <Key v="20206446810412e" t="String" n="$E" />
      </Data>
      <Data n="20206446810413c">
        <Key v="20206446810413e" t="String" n="$E" />
      </Data>
      <Data n="20206446810414c">
        <Key v="20206446810414e" t="String" n="$E" />
        <Key v="20206446810413e" t="String" n="$S" />
      </Data>
      <Data n="20206446810415c">
        <Key v="20206446810415e" t="String" n="$E" />
      </Data>
      <Data n="20206446810416c">
        <Key v="20206446810416e" t="String" n="$E" />
      </Data>
      <Data n="20206446810417c">
        <Key v="20206446810417e" t="String" n="$E" />
        <Key v="20206446810416e" t="String" n="$S" />
      </Data>
    </Data>
  </Data>
</DataRoot>