﻿<?xml version="1.0" encoding="utf-8"?>
<DataRoot n="C">
  <Data n="20176735275075">
    <Data n="$Elems">
      <Data n="20206446810382e">
        <Key v="350,250" t="Vector2" n="!$P" />
        <Key v="20205847042741" t="String" n="$T" />
        <Key v="Ir0" t="String" n="MinR" />
        <Key v="Ir2" t="String" n="MaxR" />
        <Key v="5" t="Decimal" n="MinC" />
        <Key v="D3" t="String" n="Dur" />
        <Key v="TUse" t="String" n="Typ" />
        <Key v="TCFRaw" t="String" n="Spec2" />
        <Key v="15" t="Decimal" n="MaxC" />
      </Data>
      <Data n="20209734018348e">
        <Key v="350,-100" t="Vector2" n="!$P" />
        <Key v="20205847042741" t="String" n="$T" />
        <Key v="Ir0" t="String" n="MinR" />
        <Key v="Ir2" t="String" n="MaxR" />
        <Key v="1" t="Decimal" n="MinC" />
        <Key v="D3" t="String" n="Dur" />
        <Key v="TUse" t="String" n="Typ" />
        <Key v="TCFDri" t="String" n="Spec2" />
        <Key v="2" t="Decimal" n="MaxC" />
      </Data>
    </Data>
    <Data n="$Conns">
      <Data n="20206446810382c">
        <Key v="20206446810382e" t="String" n="$E" />
      </Data>
      <Data n="20209734018982c">
        <Key v="20209734018348e" t="String" n="$E" />
      </Data>
    </Data>
  </Data>
</DataRoot>