﻿<?xml version="1.0" encoding="utf-8"?>
<DataRoot n="C">
  <Data n="20172651582431">
    <Data n="$Elems">
      <Data n="20209762399505e">
        <Key v="20205821755979" t="String" n="$T" />
        <Key v="400,800" t="Vector2" n="!$P" />
        <Key v="1" t="Decimal" n="MinC" />
        <Key v="Q0" t="String" n="MinQ" />
        <Key v="Bff2" t="String" n="MinI" />
        <Key v="D3" t="String" n="Dur" />
        <Key v="vojen" t="String" n="!!Itm" />
        <Key v="I20172845761003" t="String" n="Itm" />
        <Key v="1" t="Int32" n="A" />
        <Key v="1" t="Int32" n="U" />
      </Data>
      <Data n="20209762405276e">
        <Key v="20205821755979" t="String" n="$T" />
        <Key v="400,550" t="Vector2" n="!$P" />
        <Key v="1" t="Decimal" n="MinC" />
        <Key v="Q0" t="String" n="MinQ" />
        <Key v="Bff2" t="String" n="MinI" />
        <Key v="D3" t="String" n="Dur" />
        <Key v="vojen" t="String" n="!!Itm" />
        <Key v="I20161845166220" t="String" n="Itm" />
        <Key v="1" t="Int32" n="A" />
        <Key v="1" t="Int32" n="U" />
      </Data>
      <Data n="20209762406302e">
        <Key v="20205821755979" t="String" n="$T" />
        <Key v="400,300" t="Vector2" n="!$P" />
        <Key v="1" t="Decimal" n="MinC" />
        <Key v="Q0" t="String" n="MinQ" />
        <Key v="Bff2" t="String" n="MinI" />
        <Key v="D3" t="String" n="Dur" />
        <Key v="vojen" t="String" n="!!Itm" />
        <Key v="I20161845142099" t="String" n="Itm" />
        <Key v="1" t="Int32" n="A" />
        <Key v="1" t="Int32" n="U" />
      </Data>
      <Data n="20209762408987e">
        <Key v="20205821755979" t="String" n="$T" />
        <Key v="400,50" t="Vector2" n="!$P" />
        <Key v="1" t="Decimal" n="MinC" />
        <Key v="Q0" t="String" n="MinQ" />
        <Key v="Bff2" t="String" n="MinI" />
        <Key v="D3" t="String" n="Dur" />
        <Key v="vojen" t="String" n="!!Itm" />
        <Key v="I20161845358331" t="String" n="Itm" />
        <Key v="1" t="Int32" n="A" />
        <Key v="1" t="Int32" n="U" />
      </Data>
      <Data n="20209762410126e">
        <Key v="20205821755979" t="String" n="$T" />
        <Key v="400,-200" t="Vector2" n="!$P" />
        <Key v="1" t="Decimal" n="MinC" />
        <Key v="Q0" t="String" n="MinQ" />
        <Key v="Bff2" t="String" n="MinI" />
        <Key v="D3" t="String" n="Dur" />
        <Key v="vojen" t="String" n="!!Itm" />
        <Key v="I20161845004988" t="String" n="Itm" />
        <Key v="1" t="Int32" n="A" />
        <Key v="1" t="Int32" n="U" />
      </Data>
      <Data n="20209762411340e">
        <Key v="20205821755979" t="String" n="$T" />
        <Key v="400,-450" t="Vector2" n="!$P" />
        <Key v="1" t="Decimal" n="MinC" />
        <Key v="Q0" t="String" n="MinQ" />
        <Key v="Bff2" t="String" n="MinI" />
        <Key v="D3" t="String" n="Dur" />
        <Key v="vojen" t="String" n="!!Itm" />
        <Key v="I20161845483750" t="String" n="Itm" />
        <Key v="1" t="Int32" n="A" />
        <Key v="1" t="Int32" n="U" />
      </Data>
      <Data n="20209762412032e">
        <Key v="20205821755979" t="String" n="$T" />
        <Key v="400,-700" t="Vector2" n="!$P" />
        <Key v="1" t="Decimal" n="MinC" />
        <Key v="Q0" t="String" n="MinQ" />
        <Key v="Bff2" t="String" n="MinI" />
        <Key v="D3" t="String" n="Dur" />
        <Key v="vojen" t="String" n="!!Itm" />
        <Key v="I20161845483750" t="String" n="Itm" />
        <Key v="1" t="Int32" n="A" />
        <Key v="1" t="Int32" n="U" />
      </Data>
    </Data>
    <Data n="$Conns">
      <Data n="20209762412759c">
        <Key v="20209762412032e" t="String" n="$E" />
      </Data>
      <Data n="20209762412491c">
        <Key v="20209762411340e" t="String" n="$E" />
      </Data>
      <Data n="20209762411144c">
        <Key v="20209762410126e" t="String" n="$E" />
      </Data>
      <Data n="20209762409434c">
        <Key v="20209762408987e" t="String" n="$E" />
      </Data>
      <Data n="20209762406790c">
        <Key v="20209762406302e" t="String" n="$E" />
      </Data>
      <Data n="20209762400080c">
        <Key v="20209762399505e" t="String" n="$E" />
      </Data>
      <Data n="20209762405660c">
        <Key v="20209762405276e" t="String" n="$E" />
      </Data>
    </Data>
  </Data>
</DataRoot>