﻿<?xml version="1.0" encoding="utf-8"?>
<DataRoot n="C">
  <Data n="20173325079032">
    <Data n="$Elems">
      <Data n="20206446810381e">
        <Key v="350,250" t="Vector2" n="!$P" />
        <Key v="20205847042741" t="String" n="$T" />
        <Key v="TEqpW" t="String" n="Typ" />
        <Key v="Ir0" t="String" n="MinR" />
        <Key v="1" t="Decimal" n="MinC" />
        <Key v="Q0" t="String" n="MinQ" />
        <Key v="Bff2" t="String" n="MinI" />
        <Key v="D3" t="String" n="Dur" />
      </Data>
      <Data n="20206446810382e">
        <Key v="350,0" t="Vector2" n="!$P" />
        <Key v="20205847042741" t="String" n="$T" />
        <Key v="TLoot" t="String" n="Typ" />
        <Key v="Ir0" t="String" n="MinR" />
        <Key v="1" t="Decimal" n="MinC" />
      </Data>
      <Data n="20206446810383e">
        <Key v="350,-250" t="Vector2" n="!$P" />
        <Key v="20205847042741" t="String" n="$T" />
        <Key v="TEqpA" t="String" n="Typ" />
        <Key v="Ir0" t="String" n="MinR" />
        <Key v="1" t="Decimal" n="MinC" />
        <Key v="Q0" t="String" n="MinQ" />
        <Key v="Bff2" t="String" n="MinI" />
        <Key v="D3" t="String" n="Dur" />
      </Data>
    </Data>
    <Data n="$Conns">
      <Data n="20206446810381c">
        <Key v="20206446810381e" t="String" n="$E" />
      </Data>
      <Data n="20206446810382c">
        <Key v="20206446810382e" t="String" n="$E" />
      </Data>
      <Data n="20206446810383c">
        <Key v="20206446810383e" t="String" n="$E" />
      </Data>
    </Data>
  </Data>
</DataRoot>