﻿<?xml version="1.0" encoding="utf-8"?>
<DataRoot n="I">
  <Data n="20172806469013">
    <Data n="$Elems">
      <Data n="20205609159713e">
        <Key v="20205464271286" t="String" n="$T" />
        <Key v="200,50" t="Vector2" n="!$P" />
        <Key v="Tb" t="String" n="Typ" />
        <Key v="add" t="String" n="Mod" />
        <Key v="X20205337445028" t="String" n="Att" />
        <Key v="1" t="Int32" n="Val" />
      </Data>
    </Data>
    <Data n="$Conns">
      <Data n="20205609159713c">
        <Key v="20205609159713e" t="String" n="$E" />
      </Data>
    </Data>
  </Data>
</DataRoot>