﻿<?xml version="1.0" encoding="utf-8"?>
<DataRoot n="I">
  <Data n="20172798579351">
    <Data n="$Elems">
      <Data n="20205609159710e">
        <Key v="20205464271286" t="String" n="$T" />
        <Key v="200,50" t="Vector2" n="!$P" />
        <Key v="Tb" t="String" n="Typ" />
        <Key v="add" t="String" n="Mod" />
        <Key v="X20205337791587" t="String" n="Att" />
        <Key v="10" t="Int32" n="Val" />
      </Data>
    </Data>
    <Data n="$Conns">
      <Data n="20205609159710c">
        <Key v="20205609159710e" t="String" n="$E" />
      </Data>
    </Data>
  </Data>
</DataRoot>