﻿<?xml version="1.0" encoding="utf-8"?>
<DataRoot n="">
  <Data n="20205825434423">
    <Key v="-479,94" t="Vector2" n="!$MP" />
    <Key v="0.8,0.8,0.8" t="Vector3" n="!$MZ" />
    <Data n="$Elems">
      <Data n="20205825522804e">
        <Key v="20203901576091" t="String" n="$T" />
        <Key v="600,400" t="Vector2" n="!$P" />
        <Key v="Dumb" t="String" n="Perks" />
        <Key v="5" t="Int32" n="Value" />
      </Data>
      <Data n="20205825524752e">
        <Key v="20203901576091" t="String" n="$T" />
        <Key v="600,300" t="Vector2" n="!$P" />
        <Key v="SlowReflex" t="String" n="Perks" />
        <Key v="1" t="Int32" n="Value" />
      </Data>
      <Data n="20205825528726e">
        <Key v="20203948317001" t="String" n="$T" />
        <Key v="600,-50" t="Vector2" n="!$P" />
        <Key v="100" t="Decimal" n="DropChance" />
        <Key v="ResBasic" t="String" n="!DropType" />
        <Key v="20203978442136" t="String" n="DropItem" />
        <Key v="2" t="Int32" n="ItemsCountMin" />
        <Key v="4" t="Int32" n="ItemsCountMax" />
      </Data>
      <Data n="20205825532362e">
        <Key v="20203948317001" t="String" n="$T" />
        <Key v="600,-200" t="Vector2" n="!$P" />
        <Key v="100" t="Int32" n="DropChance" />
        <Key v="ResBasic" t="String" n="!DropType" />
        <Key v="20203978444588" t="String" n="DropItem" />
        <Key v="1" t="Int32" n="ItemsCountMin" />
        <Key v="3" t="Int32" n="ItemsCountMax" />
      </Data>
      <Data n="20205825548547e">
        <Key v="20203948317001" t="String" n="$T" />
        <Key v="600,-350" t="Vector2" n="!$P" />
        <Key v="50" t="Int32" n="DropChance" />
        <Key v="ResBasic" t="String" n="!DropType" />
        <Key v="20203978446648" t="String" n="DropItem" />
        <Key v="1" t="Int32" n="ItemsCountMin" />
        <Key v="1" t="Int32" n="ItemsCountMax" />
      </Data>
    </Data>
    <Data n="$Conns">
      <Data n="20205825522809c">
        <Key v="20205825522804e" t="String" n="$E" />
      </Data>
      <Data n="20205825524756c">
        <Key v="20205825524752e" t="String" n="$E" />
      </Data>
      <Data n="20205825528730c">
        <Key v="20205825528726e" t="String" n="$E" />
      </Data>
      <Data n="20205825532367c">
        <Key v="20205825532362e" t="String" n="$E" />
      </Data>
      <Data n="20205825548551c">
        <Key v="20205825548547e" t="String" n="$E" />
      </Data>
    </Data>
  </Data>
</DataRoot>