﻿<?xml version="1.0" encoding="utf-8"?>
<DataRoot n="">
  <Data n="20205825613734">
    <Data n="$Elems">
      <Data n="20205825640598e">
        <Key v="20203901576091" t="String" n="$T" />
        <Key v="700,450" t="Vector2" n="!$P" />
        <Key v="FirstStrike" t="String" n="Perks" />
        <Key v="1" t="Int32" n="Value" />
      </Data>
      <Data n="20205825644368e">
        <Key v="20203901576091" t="String" n="$T" />
        <Key v="700,350" t="Vector2" n="!$P" />
        <Key v="Reload" t="String" n="Perks" />
        <Key v="1" t="Int32" n="Value" />
      </Data>
      <Data n="20205825648659e">
        <Key v="20203948317001" t="String" n="$T" />
        <Key v="700,0" t="Vector2" n="!$P" />
        <Key v="50" t="Int32" n="DropChance" />
        <Key v="ResBasic" t="String" n="!DropType" />
        <Key v="20203978442136" t="String" n="DropItem" />
        <Key v="1" t="Int32" n="ItemsCountMin" />
        <Key v="1" t="Int32" n="ItemsCountMax" />
      </Data>
    </Data>
    <Data n="$Conns">
      <Data n="20205825641353c">
        <Key v="20205825640598e" t="String" n="$E" />
      </Data>
      <Data n="20205825644372c">
        <Key v="20205825644368e" t="String" n="$E" />
      </Data>
      <Data n="20205825648663c">
        <Key v="20205825648659e" t="String" n="$E" />
      </Data>
    </Data>
    <Key v="-593,85" t="Vector2" n="!$MP" />
    <Key v="1,1,1" t="Vector3" n="!$MZ" />
  </Data>
</DataRoot>