﻿<?xml version="1.0" encoding="utf-8"?>
<DataRoot n="">
  <Data n="20203901264861">
    <Key v="-473,146" t="Vector2" n="!$MP" />
    <Key v="1,1,1" t="Vector3" n="!$MZ" />
    <Data n="$Elems">
      <Data n="20203908759427e">
        <Key v="20203901576091" t="String" n="$T" />
        <Key v="500,300" t="Vector2" n="!$P" />
        <Key v="Dumb" t="String" n="Perks" />
        <Key v="3" t="Int32" n="Value" />
      </Data>
      <Data n="20203908762121e">
        <Key v="20203901576091" t="String" n="$T" />
        <Key v="500,200" t="Vector2" n="!$P" />
        <Key v="SlowReflex" t="String" n="Perks" />
        <Key v="1" t="Int32" n="Value" />
      </Data>
      <Data n="20203978619304e">
        <Key v="20203948317001" t="String" n="$T" />
        <Key v="500,50" t="Vector2" n="!$P" />
        <Key v="50" t="Int32" n="DropChance" />
        <Key v="20203978442136" t="String" n="DropItem" />
        <Key v="ResBasic" t="String" n="!DropType" />
        <Key v="1" t="Int32" n="ItemsCountMin" />
        <Key v="3" t="Int32" n="ItemsCountMax" />
      </Data>
      <Data n="20203978665810e">
        <Key v="20203948317001" t="String" n="$T" />
        <Key v="500,-100" t="Vector2" n="!$P" />
        <Key v="25" t="Int32" n="DropChance" />
        <Key v="ResBasic" t="String" n="!DropType" />
        <Key v="20203978444588" t="String" n="DropItem" />
        <Key v="1" t="Int32" n="ItemsCountMin" />
        <Key v="2" t="Int32" n="ItemsCountMax" />
      </Data>
      <Data n="20203978678637e">
        <Key v="20203948317001" t="String" n="$T" />
        <Key v="500,-250" t="Vector2" n="!$P" />
        <Key v="5" t="Int32" n="DropChance" />
        <Key v="ResBasic" t="String" n="!DropType" />
        <Key v="20203978446648" t="String" n="DropItem" />
        <Key v="1" t="Int32" n="ItemsCountMin" />
      </Data>
    </Data>
    <Data n="$Conns">
      <Data n="20203908759432c">
        <Key v="20203908759427e" t="String" n="$E" />
      </Data>
      <Data n="20203908762125c">
        <Key v="20203908762121e" t="String" n="$E" />
      </Data>
      <Data n="20203978619308c">
        <Key v="20203978619304e" t="String" n="$E" />
      </Data>
      <Data n="20203978666331c">
        <Key v="20203978665810e" t="String" n="$E" />
      </Data>
      <Data n="20203978678641c">
        <Key v="20203978678637e" t="String" n="$E" />
      </Data>
    </Data>
  </Data>
</DataRoot>