﻿<?xml version="1.0" encoding="utf-8"?>
<DataRoot n="">
  <Data n="20205825283080">
    <Key v="-500,12" t="Vector2" n="!$MP" />
    <Key v="1.1,1.1,1.1" t="Vector3" n="!$MZ" />
    <Data n="$Elems">
      <Data n="20205825393134e">
        <Key v="20203901576091" t="String" n="$T" />
        <Key v="600,350" t="Vector2" n="!$P" />
        <Key v="Reload" t="String" n="Perks" />
        <Key v="2" t="Int32" n="Value" />
      </Data>
      <Data n="20205825402705e">
        <Key v="20203948317001" t="String" n="$T" />
        <Key v="600,250" t="Vector2" n="!$P" />
        <Key v="100" t="Decimal" n="DropChance" />
        <Key v="ResBasic" t="String" n="!DropType" />
        <Key v="20203978442136" t="String" n="DropItem" />
        <Key v="1" t="Int32" n="ItemsCountMin" />
        <Key v="2" t="Int32" n="ItemsCountMax" />
      </Data>
      <Data n="20205825407096e">
        <Key v="20203948317001" t="String" n="$T" />
        <Key v="600,100" t="Vector2" n="!$P" />
        <Key v="50" t="Int32" n="DropChance" />
        <Key v="1" t="Int32" n="ItemsCountMin" />
        <Key v="1" t="Int32" n="ItemsCountMax" />
        <Key v="ResBasic" t="String" n="!DropType" />
        <Key v="20203948682800" t="String" n="DropItem" />
      </Data>
      <Data n="20205825412675e">
        <Key v="20203948317001" t="String" n="$T" />
        <Key v="600,-50" t="Vector2" n="!$P" />
        <Key v="20" t="Int32" n="DropChance" />
        <Key v="ResBasic" t="String" n="!DropType" />
        <Key v="20203978444588" t="String" n="DropItem" />
        <Key v="1" t="Int32" n="ItemsCountMin" />
        <Key v="1" t="Int32" n="ItemsCountMax" />
      </Data>
    </Data>
    <Data n="$Conns">
      <Data n="20205825393138c">
        <Key v="20205825393134e" t="String" n="$E" />
      </Data>
      <Data n="20205825402709c">
        <Key v="20205825402705e" t="String" n="$E" />
      </Data>
      <Data n="20205825407100c">
        <Key v="20205825407096e" t="String" n="$E" />
      </Data>
      <Data n="20205825412680c">
        <Key v="20205825412675e" t="String" n="$E" />
      </Data>
    </Data>
  </Data>
</DataRoot>