﻿<?xml version="1.0" encoding="utf-8"?>
<DataRoot n="">
  <Data n="_ROOTS">
    <Key v="-126,331" t="Vector2" n="!$MP" />
    <Key v="0.7,0.7,0.7" t="Vector3" n="!$MZ" />
    <Key v="20208511699367" t="String" n="!$LC" />
    <Key v="1" t="Int32" n="!$SI" />
    <Data n="$Elems">
      <Data n="20203901264861">
        <Key v="0,0" t="Vector2" n="!$P" />
        <Key v="20208510175952" t="String" n="!$LC" />
        <Key v="Zombie" t="String" n="%Name" />
        <Key v="3" t="Int32" n="Treath" />
        <Key v="5" t="Int32" n="MiL" />
        <Key v="10" t="Int32" n="Lives" />
        <Key v="0.2" t="Decimal" n="Speed" />
        <Key v="5" t="Int32" n="!$C" />
        <Key v="1" t="Int32" n="Danger" />
        <Key v="KindObsessed" t="String" n="EnemyKind" />
      </Data>
      <Data n="20205825283080">
        <Key v="310,0" t="Vector2" n="!$P" />
        <Key v="20208510177040" t="String" n="!$LC" />
        <Key v="Undead Acolyte" t="String" n="%Name" />
        <Key v="Jedná se o oživeného člověka pomocí temné magie. Oproti zombii je však mnohem inteligentnější a ovládá základy témné síly. Vypadá jako kostlivec a téměř výhradně má na sobě plášť." t="String" n="%Description" />
        <Key v="3" t="Int32" n="Treath" />
        <Key v="4" t="Int32" n="MiL" />
        <Key v="5" t="Int32" n="Lives" />
        <Key v="1" t="Int32" n="Ranged" />
        <Key v="0.5" t="Decimal" n="Speed" />
        <Key v="4" t="Int32" n="!$C" />
        <Key v="10" t="Int32" n="Range" />
        <Key v="1" t="Int32" n="Danger" />
        <Key v="KindObsessed" t="String" n="EnemyKind" />
      </Data>
      <Data n="20205825434423">
        <Key v="0,-336.44" t="Vector2" n="!$P" />
        <Key v="20208510177607" t="String" n="!$LC" />
        <Key v="Necromutant" t="String" n="%Name" />
        <Key v="Jedná se o oživeného člověka pomocí temné magie. Oproti zombii je však mohutnější a silnější." t="String" n="%Description" />
        <Key v="4" t="Int32" n="Treath" />
        <Key v="8" t="Int32" n="MiL" />
        <Key v="20" t="Int32" n="Lives" />
        <Key v="0.3" t="Decimal" n="Speed" />
        <Key v="5" t="Int32" n="!$C" />
        <Key v="2" t="Int32" n="Danger" />
        <Key v="KindObsessed" t="String" n="EnemyKind" />
      </Data>
      <Data n="20205825613734">
        <Key v="310,-336.44" t="Vector2" n="!$P" />
        <Key v="20208510178079" t="String" n="!$LC" />
        <Key v="Imp" t="String" n="%Name" />
        <Key v="Malý okřídlený démon, který je velmi mobilní a zákeřný. Nicméně jeho malinkaté tělo je velmi křehké a po dobrém úderu z něj zbyde jen mastný flek." t="String" n="%Description" />
        <Key v="1" t="Int32" n="Ranged" />
        <Key v="6" t="Int32" n="Range" />
        <Key v="2" t="Decimal" n="Speed" />
        <Key v="4" t="Int32" n="Treath" />
        <Key v="5" t="Int32" n="MiL" />
        <Key v="12" t="Int32" n="Lives" />
        <Key v="2" t="Int32" n="Danger" />
        <Key v="KindDemons" t="String" n="EnemyKind" />
      </Data>
      <Data n="20206232823475">
        <Key v="0,-672.88" t="Vector2" n="!$P" />
        <Key v="20208510039376" t="String" n="!$LC" />
        <Key v="Bandita" t="String" n="%Name" />
        <Key v="Otrhanec s pistolí" t="String" n="%Description" />
        <Key v="1" t="Int32" n="Ranged" />
        <Key v="4" t="Int32" n="Treath" />
        <Key v="7" t="Int32" n="MiL" />
        <Key v="15" t="Int32" n="Lives" />
        <Key v="1" t="Decimal" n="Speed" />
        <Key v="6" t="Int32" n="Range" />
        <Key v="3" t="Int32" n="Danger" />
        <Key v="KindHumans" t="String" n="EnemyKind" />
      </Data>
      <Data n="20208511692583">
        <Key v="0,-1009.32" t="Vector2" n="!$P" />
        <Key v="20208511697884" t="String" n="!$LC" />
        <Key v="Ostřílený bandita" t="String" n="%Name" />
        <Key v="Otrhanec s pistolí" t="String" n="%Description" />
        <Key v="1" t="Int32" n="Ranged" />
        <Key v="5" t="Int32" n="Treath" />
        <Key v="8" t="Int32" n="MiL" />
        <Key v="25" t="Int32" n="Lives" />
        <Key v="1" t="Decimal" n="Speed" />
        <Key v="4" t="Int32" n="Range" />
        <Key v="5" t="Int32" n="Danger" />
        <Key v="KindHumans" t="String" n="EnemyKind" />
      </Data>
    </Data>
  </Data>
</DataRoot>