﻿<?xml version="1.0" encoding="utf-8"?>
<DataRoot n="">
  <Data n="_ROOTS">
    <Key v="20206568888605" t="String" n="!$LC" />
    <Data n="$Elems">
      <Data n="Q20158365618191">
        <Key v="20206568888605" t="String" n="!$LC" />
        <Key v="Zeis_q_Vloupačka" t="String" n="%N" />
        <Key v="Manto" t="String" n="L" />
        <Key v="1" t="Int32" n="OldID" />
      </Data>
      <Data n="Q20161602557153">
        <Key v="20206568888605" t="String" n="!$LC" />
        <Key v="Belif_q_Mizení_dobytka" t="String" n="%N" />
        <Key v="Manto" t="String" n="L" />
        <Key v="2" t="Int32" n="OldID" />
      </Data>
      <Data n="Q20161626260616">
        <Key v="20206568888605" t="String" n="!$LC" />
        <Key v="Iaia_q_Sběr_pro_Niome" t="String" n="%N" />
        <Key v="Manto" t="String" n="L" />
        <Key v="3" t="Int32" n="OldID" />
      </Data>
      <Data n="Q20161645099781">
        <Key v="20206568888605" t="String" n="!$LC" />
        <Key v="Iaia_q_Sběr_na_jed" t="String" n="%N" />
        <Key v="Manto" t="String" n="L" />
        <Key v="4" t="Int32" n="OldID" />
      </Data>
      <Data n="Q20162245462062">
        <Key v="20206568888605" t="String" n="!$LC" />
        <Key v="Onot_q_Špinavý_byznis" t="String" n="%N" />
        <Key v="Manto" t="String" n="L" />
        <Key v="5" t="Int32" n="OldID" />
      </Data>
      <Data n="Q20162246005753">
        <Key v="20206568888605" t="String" n="!$LC" />
        <Key v="Riny_Ormves_q_Gobliní_pevnost" t="String" n="%N" />
        <Key v="Manto" t="String" n="L" />
        <Key v="6" t="Int32" n="OldID" />
      </Data>
      <Data n="Q20162461770579">
        <Key v="20206568888605" t="String" n="!$LC" />
        <Key v="Kimller_q_odstranění_obrovské_ropuchy" t="String" n="%N" />
        <Key v="Manto" t="String" n="L" />
        <Key v="Lesík u Manta" t="String" n="!P" />
        <Key v="7" t="Int32" n="OldID" />
      </Data>
      <Data n="Q20165923450626">
        <Key v="20206568888605" t="String" n="!$LC" />
        <Key v="Problémy s alchymistou" t="String" n="%N" />
        <Key v="Temný hvozd" t="String" n="L" />
        <Key v="8" t="Int32" n="OldID" />
      </Data>
      <Data n="Q20178075565265">
        <Key v="20206568888605" t="String" n="!$LC" />
        <Key v="Schůzka s Hardonem" t="String" n="%N" />
        <Key v="Condra" t="String" n="L" />
        <Key v="9" t="Int32" n="OldID" />
      </Data>
      <Data n="Q20178538834212">
        <Key v="20206568888605" t="String" n="!$LC" />
        <Key v="Něco za něco" t="String" n="%N" />
        <Key v="Condra" t="String" n="L" />
        <Key v="C7 - Kovárna" t="String" n="!P" />
        <Key v="Quest - Něco za něco" t="String" n="!S" />
        <Key v="10" t="Int32" n="OldID" />
      </Data>
      <Data n="Q20178919229795">
        <Key v="20206568888605" t="String" n="!$LC" />
        <Key v="Šampion arény" t="String" n="%N" />
        <Key v="Condra" t="String" n="L" />
        <Key v="11" t="Int32" n="OldID" />
      </Data>
      <Data n="Q20179183842483">
        <Key v="20206568888605" t="String" n="!$LC" />
        <Key v="Zikkova kronika" t="String" n="%N" />
        <Key v="Hlavní linie" t="String" n="L" />
        <Key v="12" t="Int32" n="OldID" />
      </Data>
      <Data n="Q20179184379175">
        <Key v="20206568888605" t="String" n="!$LC" />
        <Key v="Záhadná mizení" t="String" n="%N" />
        <Key v="Condra" t="String" n="L" />
        <Key v="C10 - Loď - Zabijákův Dublon" t="String" n="!P" />
        <Key v="13" t="Int32" n="OldID" />
      </Data>
      <Data n="Q20179254853040">
        <Key v="20206568888605" t="String" n="!$LC" />
        <Key v="Druhá část artefaktu" t="String" n="%N" />
        <Key v="Hlavní linie" t="String" n="L" />
        <Key v="14" t="Int32" n="OldID" />
      </Data>
      <Data n="Q20179421688679">
        <Key v="20206568888605" t="String" n="!$LC" />
        <Key v="Schůzka s Lishakem" t="String" n="%N" />
        <Key v="Condra" t="String" n="L" />
        <Key v="15" t="Int32" n="OldID" />
      </Data>
      <Data n="Q20179542555384">
        <Key v="20206568888605" t="String" n="!$LC" />
        <Key v="Strašení na farmě" t="String" n="%N" />
        <Key v="Condra" t="String" n="L" />
        <Key v="C12 - Lishákův dům" t="String" n="!P" />
        <Key v="16" t="Int32" n="OldID" />
      </Data>
      <Data n="Q20180853058127">
        <Key v="20206568888605" t="String" n="!$LC" />
        <Key v="Pirátská pracka" t="String" n="%N" />
        <Key v="Condra" t="String" n="L" />
        <Key v="C10 - Loď - Zabijákův Dublon" t="String" n="!P" />
        <Key v="17" t="Int32" n="OldID" />
      </Data>
      <Data n="Q20180857017262">
        <Key v="20206568888605" t="String" n="!$LC" />
        <Key v="Krev a písek" t="String" n="%N" />
        <Key v="Condra" t="String" n="L" />
        <Key v="C10 - Loď - Zabijákův Dublon" t="String" n="!P" />
        <Key v="18" t="Int32" n="OldID" />
      </Data>
      <Data n="Q20180857017720">
        <Key v="20206568888605" t="String" n="!$LC" />
        <Key v="Písek a krev" t="String" n="%N" />
        <Key v="Condra" t="String" n="L" />
        <Key v="C12 - Lishákův dům" t="String" n="!P" />
        <Key v="19" t="Int32" n="OldID" />
      </Data>
      <Data n="Q20181337263927">
        <Key v="20206568888605" t="String" n="!$LC" />
        <Key v="Kudla v zádech" t="String" n="%N" />
        <Key v="Condra" t="String" n="L" />
        <Key v="C12 - Lishákův dům" t="String" n="!P" />
        <Key v="20" t="Int32" n="OldID" />
      </Data>
      <Data n="Q20182372104430">
        <Key v="20206568888605" t="String" n="!$LC" />
        <Key v="Krvavé řešení" t="String" n="%N" />
        <Key v="21" t="Int32" n="OldID" />
      </Data>
      <Data n="Q20183185279615">
        <Key v="20206568888605" t="String" n="!$LC" />
        <Key v="Liný alchymista" t="String" n="%N" />
        <Key v="Condra" t="String" n="L" />
        <Key v="C02 - Kouzla a čáry" t="String" n="!P" />
        <Key v="22" t="Int32" n="OldID" />
      </Data>
      <Data n="Q20183185280766">
        <Key v="20206568888605" t="String" n="!$LC" />
        <Key v="Kam se poděl Walbart?" t="String" n="%N" />
        <Key v="Condra" t="String" n="L" />
        <Key v="C02 - Kouzla a čáry" t="String" n="!P" />
        <Key v="23" t="Int32" n="OldID" />
      </Data>
      <Data n="Q20183185280932">
        <Key v="20206568888605" t="String" n="!$LC" />
        <Key v="Neznámý experiment" t="String" n="%N" />
        <Key v="Condra" t="String" n="L" />
        <Key v="C02 - Kouzla a čáry" t="String" n="!P" />
        <Key v="24" t="Int32" n="OldID" />
      </Data>
      <Data n="Q20197739468658">
        <Key v="20206568888605" t="String" n="!$LC" />
        <Key v="Čisté ruce" t="String" n="%N" />
        <Key v="Lim" t="String" n="L" />
        <Key v="Obchodní čtvrť" t="String" n="!P" />
        <Key v="Cech zlodějů" t="String" n="!S" />
        <Key v="25" t="Int32" n="OldID" />
      </Data>
      <Data n="Q20197739473346">
        <Key v="20206568888605" t="String" n="!$LC" />
        <Key v="Obchodní rozepře" t="String" n="%N" />
        <Key v="Lim" t="String" n="L" />
        <Key v="Obchodní čtvrť" t="String" n="!P" />
        <Key v="Cech zlodějů" t="String" n="!S" />
        <Key v="26" t="Int32" n="OldID" />
      </Data>
      <Data n="Q20197739475676">
        <Key v="20206568888605" t="String" n="!$LC" />
        <Key v="Nikdo přece nechce konkurenci" t="String" n="%N" />
        <Key v="Lim" t="String" n="L" />
        <Key v="Obchodní čtvrť" t="String" n="!P" />
        <Key v="Cech zlodějů" t="String" n="!S" />
        <Key v="27" t="Int32" n="OldID" />
      </Data>
    </Data>
  </Data>
</DataRoot>