﻿<?xml version="1.0" encoding="utf-8"?>
<DataRoot n="">
  <Data n="!MAP">
    <Data n="_ROOTS">
      <Key v="-470,1404" t="Vector2" n="!$MP" />
      <Key v="0.4,0.4,0.4" t="Vector3" n="!$MZ" />
    </Data>
    <Data n="I20172798802665">
      <Key v="0,0" t="Vector2" n="!$MP" />
      <Key v="1,1,1" t="Vector3" n="!$MZ" />
    </Data>
    <Data n="I20188271063657">
      <Key v="0,0" t="Vector2" n="!$MP" />
      <Key v="1,1,1" t="Vector3" n="!$MZ" />
    </Data>
    <Data n="I20161870421777">
      <Key v="0,0" t="Vector2" n="!$MP" />
      <Key v="1,1,1" t="Vector3" n="!$MZ" />
    </Data>
    <Data n="I20187528851026">
      <Key v="0,0" t="Vector2" n="!$MP" />
      <Key v="1,1,1" t="Vector3" n="!$MZ" />
    </Data>
  </Data>
</DataRoot>