﻿<?xml version="1.0" encoding="utf-8"?>
<DataRoot n="I">
  <Data n="20188226343272">
    <Data n="$Elems">
      <Data n="20205609159718e">
        <Key v="20205464271286" t="String" n="$T" />
        <Key v="200,50" t="Vector2" n="!$P" />
        <Key v="Tb" t="String" n="Typ" />
        <Key v="add" t="String" n="Mod" />
        <Key v="X20205337791587" t="String" n="Att" />
        <Key v="-4" t="Int32" n="Val" />
      </Data>
      <Data n="20205609159719e">
        <Key v="20205464271286" t="String" n="$T" />
        <Key v="450,0" t="Vector2" n="!$P" />
        <Key v="Tb" t="String" n="Typ" />
        <Key v="add" t="String" n="Mod" />
        <Key v="X20205337445028" t="String" n="Att" />
        <Key v="-2" t="Int32" n="Val" />
      </Data>
      <Data n="20205609159720e">
        <Key v="20205464271286" t="String" n="$T" />
        <Key v="700,-50" t="Vector2" n="!$P" />
        <Key v="Tb" t="String" n="Typ" />
        <Key v="add" t="String" n="Mod" />
        <Key v="X20205339168558" t="String" n="Att" />
        <Key v="5" t="Int32" n="Val" />
      </Data>
      <Data n="20205609159721e">
        <Key v="20205464271286" t="String" n="$T" />
        <Key v="950,-100" t="Vector2" n="!$P" />
        <Key v="Tb" t="String" n="Typ" />
        <Key v="add" t="String" n="Mod" />
        <Key v="X20205339177495" t="String" n="Att" />
        <Key v="-5" t="Int32" n="Val" />
      </Data>
      <Data n="20205609159722e">
        <Key v="20205464271286" t="String" n="$T" />
        <Key v="1200,-150" t="Vector2" n="!$P" />
        <Key v="Tb" t="String" n="Typ" />
        <Key v="add" t="String" n="Mod" />
        <Key v="X20205339179859" t="String" n="Att" />
        <Key v="-5" t="Int32" n="Val" />
      </Data>
    </Data>
    <Data n="$Conns">
      <Data n="20205609159718c">
        <Key v="20205609159718e" t="String" n="$E" />
      </Data>
      <Data n="20205609159719c">
        <Key v="20205609159719e" t="String" n="$E" />
      </Data>
      <Data n="20205609159720c">
        <Key v="20205609159720e" t="String" n="$E" />
      </Data>
      <Data n="20205609159721c">
        <Key v="20205609159721e" t="String" n="$E" />
      </Data>
      <Data n="20205609159722c">
        <Key v="20205609159722e" t="String" n="$E" />
      </Data>
    </Data>
  </Data>
</DataRoot>