﻿<?xml version="1.0" encoding="utf-8"?>
<DataRoot n="">
  <Data n="!MAP">
    <Data n="_ROOTS">
      <Key v="-158,345" t="Vector2" n="!$MP" />
      <Key v="0.8,0.8,0.8" t="Vector3" n="!$MZ" />
    </Data>
    <Data n="Q20182372104430">
      <Key v="0,0" t="Vector2" n="!$MP" />
      <Key v="1,1,1" t="Vector3" n="!$MZ" />
    </Data>
    <Data n="Q20179421688679">
      <Key v="0,0" t="Vector2" n="!$MP" />
      <Key v="1,1,1" t="Vector3" n="!$MZ" />
    </Data>
    <Data n="Q20178538834212">
      <Key v="0,0" t="Vector2" n="!$MP" />
      <Key v="1,1,1" t="Vector3" n="!$MZ" />
    </Data>
    <Data n="Q20197739473346">
      <Key v="0,0" t="Vector2" n="!$MP" />
      <Key v="1,1,1" t="Vector3" n="!$MZ" />
    </Data>
  </Data>
</DataRoot>