﻿<?xml version="1.0" encoding="utf-8"?>
<DataRoot n="Q">
  <Data n="20179183842483">
    <Data n="$Elems">
      <Data n="20206568888611e">
        <Key v="300,0" t="Vector2" n="!$P" />
        <Key v="20206543682768" t="String" n="$T" />
        <Key v="Od knihovníka Waldaka jsme se dozvěděli, že by měla existovat nějaká kniha s názvem &quot;Zikova kronika&quot;, kde by mělo být mnohem více informací o čaroději Thémilovi. O této knize by něco mohl vědět hledač pokladů Dung. Ten se údajně ukrývá někde na Ostrově pirátů." t="String" n="%X" />
      </Data>
    </Data>
    <Data n="$Conns">
      <Data n="20206568888611c">
        <Key v="20206568888611e" t="String" n="$E" />
      </Data>
    </Data>
  </Data>
</DataRoot>