﻿<?xml version="1.0" encoding="utf-8"?>
<DataRoot n="Q">
  <Data n="20178075565265">
    <Data n="$Elems">
      <Data n="20206568888611e">
        <Key v="300,0" t="Vector2" n="!$P" />
        <Key v="20206543682768" t="String" n="$T" />
        <Key v="Hned po příjezdu jsme konfrontováni skupinou pirátů, která patří k tzv. Hardonovým mužům." t="String" n="%X" />
      </Data>
    </Data>
    <Data n="$Conns">
      <Data n="20206568888611c">
        <Key v="20206568888611e" t="String" n="$E" />
      </Data>
    </Data>
  </Data>
</DataRoot>