﻿<?xml version="1.0" encoding="utf-8"?>
<DataRoot n="">
  <Data n="!MAP">
    <Data n="_ROOTS">
      <Key v="-695,993" t="Vector2" n="!$MP" />
      <Key v="0.4,0.4,0.4" t="Vector3" n="!$MZ" />
    </Data>
    <Data n="X20205337532536">
      <Key v="-353,-52" t="Vector2" n="!$MP" />
      <Key v="1,1,1" t="Vector3" n="!$MZ" />
    </Data>
    <Data n="X20207088688918">
      <Key v="-701,736" t="Vector2" n="!$MP" />
      <Key v="1,1,1" t="Vector3" n="!$MZ" />
    </Data>
    <Data n="X20207088763520">
      <Key v="-514,70" t="Vector2" n="!$MP" />
      <Key v="1,1,1" t="Vector3" n="!$MZ" />
    </Data>
    <Data n="X20207089549040">
      <Key v="-457,15" t="Vector2" n="!$MP" />
      <Key v="1.1,1.1,1.1" t="Vector3" n="!$MZ" />
    </Data>
    <Data n="X20207089276802">
      <Key v="-578,-6" t="Vector2" n="!$MP" />
      <Key v="1,1,1" t="Vector3" n="!$MZ" />
    </Data>
    <Data n="X20207089544532">
      <Key v="-412,59" t="Vector2" n="!$MP" />
      <Key v="1,1,1" t="Vector3" n="!$MZ" />
    </Data>
    <Data n="X20207121171509">
      <Key v="-520,146" t="Vector2" n="!$MP" />
      <Key v="1.2,1.2,1.2" t="Vector3" n="!$MZ" />
    </Data>
    <Data n="X20207122029779">
      <Key v="-649,122" t="Vector2" n="!$MP" />
      <Key v="0.8,0.8,0.8" t="Vector3" n="!$MZ" />
    </Data>
    <Data n="X20207121510238">
      <Key v="-415,106" t="Vector2" n="!$MP" />
      <Key v="0.7,0.7,0.7" t="Vector3" n="!$MZ" />
    </Data>
    <Data n="X20207122161586">
      <Key v="-591,371" t="Vector2" n="!$MP" />
      <Key v="1.1,1.1,1.1" t="Vector3" n="!$MZ" />
    </Data>
    <Data n="X20207122209494">
      <Key v="-677,530" t="Vector2" n="!$MP" />
      <Key v="1,1,1" t="Vector3" n="!$MZ" />
    </Data>
    <Data n="X20207122236084">
      <Key v="-695,164" t="Vector2" n="!$MP" />
      <Key v="1,1,1" t="Vector3" n="!$MZ" />
    </Data>
    <Data n="X20207122292254">
      <Key v="-552,123" t="Vector2" n="!$MP" />
      <Key v="1,1,1" t="Vector3" n="!$MZ" />
    </Data>
    <Data n="X20207122502621">
      <Key v="-605,176" t="Vector2" n="!$MP" />
      <Key v="0.9,0.9,0.9" t="Vector3" n="!$MZ" />
    </Data>
    <Data n="X20207122660084">
      <Key v="-573,5" t="Vector2" n="!$MP" />
      <Key v="1.2,1.2,1.2" t="Vector3" n="!$MZ" />
    </Data>
    <Data n="X20207122724903">
      <Key v="-719,265" t="Vector2" n="!$MP" />
      <Key v="1.1,1.1,1.1" t="Vector3" n="!$MZ" />
    </Data>
    <Data n="X20207122829173">
      <Key v="-580,273" t="Vector2" n="!$MP" />
      <Key v="0.9,0.9,0.9" t="Vector3" n="!$MZ" />
    </Data>
    <Data n="X20207126472531">
      <Key v="-497,230" t="Vector2" n="!$MP" />
      <Key v="0.8,0.8,0.8" t="Vector3" n="!$MZ" />
    </Data>
    <Data n="X20205484658514">
      <Key v="-512,20" t="Vector2" n="!$MP" />
      <Key v="1,1,1" t="Vector3" n="!$MZ" />
    </Data>
    <Data n="X20207127065953">
      <Key v="-449,186" t="Vector2" n="!$MP" />
      <Key v="1.2,1.2,1.2" t="Vector3" n="!$MZ" />
    </Data>
    <Data n="X20205337435024">
      <Key v="0,0" t="Vector2" n="!$MP" />
      <Key v="1,1,1" t="Vector3" n="!$MZ" />
    </Data>
    <Data n="X20206395059561">
      <Key v="0,0" t="Vector2" n="!$MP" />
      <Key v="1,1,1" t="Vector3" n="!$MZ" />
    </Data>
    <Data n="X20205337466717">
      <Key v="0,0" t="Vector2" n="!$MP" />
      <Key v="1,1,1" t="Vector3" n="!$MZ" />
    </Data>
    <Data n="X20207135538815">
      <Key v="-652,-36" t="Vector2" n="!$MP" />
      <Key v="1,1,1" t="Vector3" n="!$MZ" />
    </Data>
    <Data n="X20207135649500">
      <Key v="-628,295" t="Vector2" n="!$MP" />
      <Key v="1.1,1.1,1.1" t="Vector3" n="!$MZ" />
    </Data>
    <Data n="X20207135677578">
      <Key v="-671,249" t="Vector2" n="!$MP" />
      <Key v="1.1,1.1,1.1" t="Vector3" n="!$MZ" />
    </Data>
    <Data n="X20207135752198">
      <Key v="-766,27" t="Vector2" n="!$MP" />
      <Key v="1,1,1" t="Vector3" n="!$MZ" />
    </Data>
    <Data n="X20207135779000">
      <Key v="-640,38" t="Vector2" n="!$MP" />
      <Key v="0.9,0.9,0.9" t="Vector3" n="!$MZ" />
    </Data>
    <Data n="X20207136111503">
      <Key v="-245,-38" t="Vector2" n="!$MP" />
      <Key v="1,1,1" t="Vector3" n="!$MZ" />
    </Data>
    <Data n="X20207120563040">
      <Key v="0,0" t="Vector2" n="!$MP" />
      <Key v="1,1,1" t="Vector3" n="!$MZ" />
    </Data>
    <Data n="X20207136231804">
      <Key v="-615,230" t="Vector2" n="!$MP" />
      <Key v="1,1,1" t="Vector3" n="!$MZ" />
    </Data>
    <Data n="X20207136281047">
      <Key v="0,0" t="Vector2" n="!$MP" />
      <Key v="1,1,1" t="Vector3" n="!$MZ" />
    </Data>
    <Data n="X20207136324740">
      <Key v="-613,258" t="Vector2" n="!$MP" />
      <Key v="0.9,0.9,0.9" t="Vector3" n="!$MZ" />
    </Data>
    <Data n="X20207136425832">
      <Key v="-577,121" t="Vector2" n="!$MP" />
      <Key v="0.8,0.8,0.8" t="Vector3" n="!$MZ" />
    </Data>
    <Data n="X20207136717145">
      <Key v="-567,-11" t="Vector2" n="!$MP" />
      <Key v="1.1,1.1,1.1" t="Vector3" n="!$MZ" />
    </Data>
    <Data n="X20207136735807">
      <Key v="-473,131" t="Vector2" n="!$MP" />
      <Key v="1.1,1.1,1.1" t="Vector3" n="!$MZ" />
    </Data>
    <Data n="X20207136859194">
      <Key v="-529,143" t="Vector2" n="!$MP" />
      <Key v="0.9,0.9,0.9" t="Vector3" n="!$MZ" />
    </Data>
    <Data n="X20206394576682">
      <Key v="-744,-11" t="Vector2" n="!$MP" />
      <Key v="1,1,1" t="Vector3" n="!$MZ" />
    </Data>
    <Data n="X20205554272755">
      <Key v="-587.8,147.2" t="Vector2" n="!$MP" />
      <Key v="0.8,0.8,0.8" t="Vector3" n="!$MZ" />
    </Data>
    <Data n="X20205504146404">
      <Key v="-434,199" t="Vector2" n="!$MP" />
      <Key v="0.9,0.9,0.9" t="Vector3" n="!$MZ" />
    </Data>
    <Data n="X20207137085967">
      <Key v="-589,47" t="Vector2" n="!$MP" />
      <Key v="1.1,1.1,1.1" t="Vector3" n="!$MZ" />
    </Data>
    <Data n="X20207137234439">
      <Key v="-387,-50" t="Vector2" n="!$MP" />
      <Key v="1,1,1" t="Vector3" n="!$MZ" />
    </Data>
    <Data n="X20206395223293">
      <Key v="-551,14" t="Vector2" n="!$MP" />
      <Key v="0.9,0.9,0.9" t="Vector3" n="!$MZ" />
    </Data>
    <Data n="X20205502317058">
      <Key v="-635,0" t="Vector2" n="!$MP" />
      <Key v="0.9,0.9,0.9" t="Vector3" n="!$MZ" />
    </Data>
    <Data n="X20206402135627">
      <Key v="-386,-51" t="Vector2" n="!$MP" />
      <Key v="1,1,1" t="Vector3" n="!$MZ" />
    </Data>
    <Data n="X20206394790170">
      <Key v="-768,543" t="Vector2" n="!$MP" />
      <Key v="1.1,1.1,1.1" t="Vector3" n="!$MZ" />
    </Data>
    <Data n="X20206394825558">
      <Key v="-616,358" t="Vector2" n="!$MP" />
      <Key v="0.9,0.9,0.9" t="Vector3" n="!$MZ" />
    </Data>
    <Data n="X20206394825679">
      <Key v="-858,478" t="Vector2" n="!$MP" />
      <Key v="1,1,1" t="Vector3" n="!$MZ" />
    </Data>
    <Data n="X20206394824641">
      <Key v="-567,413" t="Vector2" n="!$MP" />
      <Key v="1,1,1" t="Vector3" n="!$MZ" />
    </Data>
    <Data n="X20206394631508">
      <Key v="-793,33" t="Vector2" n="!$MP" />
      <Key v="1,1,1" t="Vector3" n="!$MZ" />
    </Data>
    <Data n="X20207188476467">
      <Key v="-509,236" t="Vector2" n="!$MP" />
      <Key v="0.8,0.8,0.8" t="Vector3" n="!$MZ" />
    </Data>
    <Data n="X20207188619020">
      <Key v="-455,56" t="Vector2" n="!$MP" />
      <Key v="0.9,0.9,0.9" t="Vector3" n="!$MZ" />
    </Data>
    <Data n="X20207190079062">
      <Key v="0,0" t="Vector2" n="!$MP" />
      <Key v="1,1,1" t="Vector3" n="!$MZ" />
    </Data>
    <Data n="X20205502628391">
      <Key v="-670,156" t="Vector2" n="!$MP" />
      <Key v="0.8,0.8,0.8" t="Vector3" n="!$MZ" />
    </Data>
    <Data n="X20207190088145">
      <Key v="0,0" t="Vector2" n="!$MP" />
      <Key v="1,1,1" t="Vector3" n="!$MZ" />
    </Data>
    <Data n="X20207190092645">
      <Key v="0,0" t="Vector2" n="!$MP" />
      <Key v="1,1,1" t="Vector3" n="!$MZ" />
    </Data>
    <Data n="X20205484691667">
      <Key v="-671,25" t="Vector2" n="!$MP" />
      <Key v="0.8,0.8,0.8" t="Vector3" n="!$MZ" />
    </Data>
    <Data n="X20205337796992">
      <Key v="-583,83" t="Vector2" n="!$MP" />
      <Key v="1,1,1" t="Vector3" n="!$MZ" />
    </Data>
    <Data n="X20205337442439">
      <Key v="-752,-46" t="Vector2" n="!$MP" />
      <Key v="0.9,0.9,0.9" t="Vector3" n="!$MZ" />
    </Data>
    <Data n="X20207207763939">
      <Key v="-484,82" t="Vector2" n="!$MP" />
      <Key v="1,1,1" t="Vector3" n="!$MZ" />
    </Data>
    <Data n="X20207207796368">
      <Key v="-630,-78" t="Vector2" n="!$MP" />
      <Key v="1,1,1" t="Vector3" n="!$MZ" />
    </Data>
    <Data n="X20207120567302">
      <Key v="0,0" t="Vector2" n="!$MP" />
      <Key v="1,1,1" t="Vector3" n="!$MZ" />
    </Data>
    <Data n="X20206561578485">
      <Key v="-695,-132" t="Vector2" n="!$MP" />
      <Key v="1,1,1" t="Vector3" n="!$MZ" />
    </Data>
    <Data n="X20206561454692">
      <Key v="-291,-152" t="Vector2" n="!$MP" />
      <Key v="1,1,1" t="Vector3" n="!$MZ" />
    </Data>
    <Data n="X20206561494226">
      <Key v="-325,-10" t="Vector2" n="!$MP" />
      <Key v="1,1,1" t="Vector3" n="!$MZ" />
    </Data>
    <Data n="X20206561513146">
      <Key v="-427,33" t="Vector2" n="!$MP" />
      <Key v="1,1,1" t="Vector3" n="!$MZ" />
    </Data>
    <Data n="X20206561543618">
      <Key v="-394,15" t="Vector2" n="!$MP" />
      <Key v="1,1,1" t="Vector3" n="!$MZ" />
    </Data>
    <Data n="X20206561555441">
      <Key v="-233,-11" t="Vector2" n="!$MP" />
      <Key v="1,1,1" t="Vector3" n="!$MZ" />
    </Data>
    <Data n="X20206517605654">
      <Key v="-494,-36" t="Vector2" n="!$MP" />
      <Key v="1,1,1" t="Vector3" n="!$MZ" />
    </Data>
    <Data n="X20207208137958">
      <Key v="-703,-161" t="Vector2" n="!$MP" />
      <Key v="1,1,1" t="Vector3" n="!$MZ" />
    </Data>
    <Data n="X20207208093260">
      <Key v="-598,-125" t="Vector2" n="!$MP" />
      <Key v="1.1,1.1,1.1" t="Vector3" n="!$MZ" />
    </Data>
    <Data n="X20207208142274">
      <Key v="0,0" t="Vector2" n="!$MP" />
      <Key v="1,1,1" t="Vector3" n="!$MZ" />
    </Data>
    <Data n="X20206539129830">
      <Key v="0,0" t="Vector2" n="!$MP" />
      <Key v="1,1,1" t="Vector3" n="!$MZ" />
    </Data>
    <Data n="X20206539135710">
      <Key v="0,0" t="Vector2" n="!$MP" />
      <Key v="1,1,1" t="Vector3" n="!$MZ" />
    </Data>
    <Data n="X20206539086563">
      <Key v="0,0" t="Vector2" n="!$MP" />
      <Key v="1,1,1" t="Vector3" n="!$MZ" />
    </Data>
    <Data n="X20206539077522">
      <Key v="0,0" t="Vector2" n="!$MP" />
      <Key v="1,1,1" t="Vector3" n="!$MZ" />
    </Data>
    <Data n="X20207208191363">
      <Key v="-379,-18" t="Vector2" n="!$MP" />
      <Key v="0.8,0.8,0.8" t="Vector3" n="!$MZ" />
    </Data>
    <Data n="X20207208823423">
      <Key v="-582,24" t="Vector2" n="!$MP" />
      <Key v="1,1,1" t="Vector3" n="!$MZ" />
    </Data>
    <Data n="X20207209102396">
      <Key v="-566,-39" t="Vector2" n="!$MP" />
      <Key v="0.8,0.8,0.8" t="Vector3" n="!$MZ" />
    </Data>
    <Data n="X20207209143357">
      <Key v="-525,102" t="Vector2" n="!$MP" />
      <Key v="0.8,0.8,0.8" t="Vector3" n="!$MZ" />
    </Data>
    <Data n="X20205339763247">
      <Key v="0,0" t="Vector2" n="!$MP" />
      <Key v="1,1,1" t="Vector3" n="!$MZ" />
    </Data>
    <Data n="X20207209646626">
      <Key v="-575,1" t="Vector2" n="!$MP" />
      <Key v="1,1,1" t="Vector3" n="!$MZ" />
    </Data>
    <Data n="X20207209776230">
      <Key v="-692,-96" t="Vector2" n="!$MP" />
      <Key v="1.2,1.2,1.2" t="Vector3" n="!$MZ" />
    </Data>
    <Data n="X20206402293587">
      <Key v="-340,80" t="Vector2" n="!$MP" />
      <Key v="1,1,1" t="Vector3" n="!$MZ" />
    </Data>
    <Data n="X20206395073990">
      <Key v="-651,-154" t="Vector2" n="!$MP" />
      <Key v="1.4,1.4,1.4" t="Vector3" n="!$MZ" />
    </Data>
    <Data n="X20205339778431">
      <Key v="-146,36" t="Vector2" n="!$MP" />
      <Key v="1,1,1" t="Vector3" n="!$MZ" />
    </Data>
    <Data n="X20207210067506">
      <Key v="-377,96" t="Vector2" n="!$MP" />
      <Key v="1.2,1.2,1.2" t="Vector3" n="!$MZ" />
    </Data>
    <Data n="X20207210353313">
      <Key v="-350,278" t="Vector2" n="!$MP" />
      <Key v="0.8,0.8,0.8" t="Vector3" n="!$MZ" />
    </Data>
    <Data n="X20207213689547">
      <Key v="-486,42" t="Vector2" n="!$MP" />
      <Key v="0.8,0.8,0.8" t="Vector3" n="!$MZ" />
    </Data>
    <Data n="X20207216058695">
      <Key v="-502,-25" t="Vector2" n="!$MP" />
      <Key v="1.2,1.2,1.2" t="Vector3" n="!$MZ" />
    </Data>
    <Data n="X20207216138014">
      <Key v="-838,-48" t="Vector2" n="!$MP" />
      <Key v="1.3,1.3,1.3" t="Vector3" n="!$MZ" />
    </Data>
    <Data n="X20205337712715">
      <Key v="-661,-23" t="Vector2" n="!$MP" />
      <Key v="1,1,1" t="Vector3" n="!$MZ" />
    </Data>
    <Data n="X20205339527587">
      <Key v="-609,60" t="Vector2" n="!$MP" />
      <Key v="1,1,1" t="Vector3" n="!$MZ" />
    </Data>
    <Data n="X20206539082064">
      <Key v="0,0" t="Vector2" n="!$MP" />
      <Key v="1,1,1" t="Vector3" n="!$MZ" />
    </Data>
    <Data n="X20207234008436">
      <Key v="-766,69" t="Vector2" n="!$MP" />
      <Key v="0.9,0.9,0.9" t="Vector3" n="!$MZ" />
    </Data>
    <Data n="X20207234670556">
      <Key v="-256,219" t="Vector2" n="!$MP" />
      <Key v="0.5,0.5,0.5" t="Vector3" n="!$MZ" />
    </Data>
    <Data n="X20205339665872">
      <Key v="-341,-23" t="Vector2" n="!$MP" />
      <Key v="1,1,1" t="Vector3" n="!$MZ" />
    </Data>
    <Data n="X20205339618815">
      <Key v="0,0" t="Vector2" n="!$MP" />
      <Key v="1,1,1" t="Vector3" n="!$MZ" />
    </Data>
    <Data n="X20205339297389">
      <Key v="-712,-17" t="Vector2" n="!$MP" />
      <Key v="1,1,1" t="Vector3" n="!$MZ" />
    </Data>
    <Data n="X20205339294224">
      <Key v="-613.3,-39.1" t="Vector2" n="!$MP" />
      <Key v="1.3,1.3,1.3" t="Vector3" n="!$MZ" />
    </Data>
    <Data n="X20205339299758">
      <Key v="-596,-26" t="Vector2" n="!$MP" />
      <Key v="1,1,1" t="Vector3" n="!$MZ" />
    </Data>
    <Data n="X20205339302055">
      <Key v="-633,73" t="Vector2" n="!$MP" />
      <Key v="1.2,1.2,1.2" t="Vector3" n="!$MZ" />
    </Data>
    <Data n="X20205339305800">
      <Key v="-400,-70" t="Vector2" n="!$MP" />
      <Key v="1,1,1" t="Vector3" n="!$MZ" />
    </Data>
    <Data n="X20205339627273">
      <Key v="0,0" t="Vector2" n="!$MP" />
      <Key v="1,1,1" t="Vector3" n="!$MZ" />
    </Data>
    <Data n="X20205339625082">
      <Key v="0,0" t="Vector2" n="!$MP" />
      <Key v="1,1,1" t="Vector3" n="!$MZ" />
    </Data>
    <Data n="X20205339179859">
      <Key v="-368,-4" t="Vector2" n="!$MP" />
      <Key v="1,1,1" t="Vector3" n="!$MZ" />
    </Data>
    <Data n="X20205339772638">
      <Key v="0,0" t="Vector2" n="!$MP" />
      <Key v="1,1,1" t="Vector3" n="!$MZ" />
    </Data>
    <Data n="X20207237547843">
      <Key v="-640,487" t="Vector2" n="!$MP" />
      <Key v="1.1,1.1,1.1" t="Vector3" n="!$MZ" />
    </Data>
    <Data n="X20207235590334">
      <Key v="-339,414" t="Vector2" n="!$MP" />
      <Key v="0.9,0.9,0.9" t="Vector3" n="!$MZ" />
    </Data>
    <Data n="X20207283191733">
      <Key v="-410,206" t="Vector2" n="!$MP" />
      <Key v="0.7,0.7,0.7" t="Vector3" n="!$MZ" />
    </Data>
    <Data n="X20207523154721">
      <Key v="-627,-227" t="Vector2" n="!$MP" />
      <Key v="0.7,0.7,0.7" t="Vector3" n="!$MZ" />
    </Data>
    <Data n="X20205337377236">
      <Key v="0,0" t="Vector2" n="!$MP" />
      <Key v="1,1,1" t="Vector3" n="!$MZ" />
    </Data>
    <Data n="X20205337455624">
      <Key v="0,0" t="Vector2" n="!$MP" />
      <Key v="1,1,1" t="Vector3" n="!$MZ" />
    </Data>
    <Data n="X20205337801212">
      <Key v="0,0" t="Vector2" n="!$MP" />
      <Key v="1,1,1" t="Vector3" n="!$MZ" />
    </Data>
    <Data n="X20205337450350">
      <Key v="-522,107" t="Vector2" n="!$MP" />
      <Key v="1,1,1" t="Vector3" n="!$MZ" />
    </Data>
    <Data n="X20205339164517">
      <Key v="-425,-31" t="Vector2" n="!$MP" />
      <Key v="1,1,1" t="Vector3" n="!$MZ" />
    </Data>
    <Data n="X20205337791587">
      <Key v="0,0" t="Vector2" n="!$MP" />
      <Key v="1,1,1" t="Vector3" n="!$MZ" />
    </Data>
    <Data n="X20205339207370">
      <Key v="0,0" t="Vector2" n="!$MP" />
      <Key v="1,1,1" t="Vector3" n="!$MZ" />
    </Data>
    <Data n="X20205339204564">
      <Key v="0,0" t="Vector2" n="!$MP" />
      <Key v="1,1,1" t="Vector3" n="!$MZ" />
    </Data>
    <Data n="X20205339584631">
      <Key v="0,0" t="Vector2" n="!$MP" />
      <Key v="1,1,1" t="Vector3" n="!$MZ" />
    </Data>
    <Data n="X20205339593247">
      <Key v="0,0" t="Vector2" n="!$MP" />
      <Key v="1,1,1" t="Vector3" n="!$MZ" />
    </Data>
    <Data n="X20205339195764">
      <Key v="-669,-13" t="Vector2" n="!$MP" />
      <Key v="1,1,1" t="Vector3" n="!$MZ" />
    </Data>
    <Data n="X20205339561028">
      <Key v="-762,15" t="Vector2" n="!$MP" />
      <Key v="1.1,1.1,1.1" t="Vector3" n="!$MZ" />
    </Data>
    <Data n="X20205339571257">
      <Key v="0,0" t="Vector2" n="!$MP" />
      <Key v="1,1,1" t="Vector3" n="!$MZ" />
    </Data>
    <Data n="X20205341769177">
      <Key v="-52,17" t="Vector2" n="!$MP" />
      <Key v="1,1,1" t="Vector3" n="!$MZ" />
    </Data>
    <Data n="X20208034306329">
      <Key v="-252,-39" t="Vector2" n="!$MP" />
      <Key v="1,1,1" t="Vector3" n="!$MZ" />
    </Data>
    <Data n="X20205339177495">
      <Key v="0,0" t="Vector2" n="!$MP" />
      <Key v="1,1,1" t="Vector3" n="!$MZ" />
    </Data>
    <Data n="X20205339182699">
      <Key v="0,0" t="Vector2" n="!$MP" />
      <Key v="1,1,1" t="Vector3" n="!$MZ" />
    </Data>
    <Data n="X20205339760982">
      <Key v="0,0" t="Vector2" n="!$MP" />
      <Key v="1,1,1" t="Vector3" n="!$MZ" />
    </Data>
    <Data n="X20206583646370">
      <Key v="0,0" t="Vector2" n="!$MP" />
      <Key v="1,1,1" t="Vector3" n="!$MZ" />
    </Data>
    <Data n="X20206561700652">
      <Key v="0,0" t="Vector2" n="!$MP" />
      <Key v="1,1,1" t="Vector3" n="!$MZ" />
    </Data>
    <Data n="X20205337440745">
      <Key v="-659,-78" t="Vector2" n="!$MP" />
      <Key v="0.7,0.7,0.7" t="Vector3" n="!$MZ" />
    </Data>
    <Data n="X20205337445028">
      <Key v="-618,27" t="Vector2" n="!$MP" />
      <Key v="0.9,0.9,0.9" t="Vector3" n="!$MZ" />
    </Data>
    <Data n="X20205337419919">
      <Key v="-644,82" t="Vector2" n="!$MP" />
      <Key v="0.9,0.9,0.9" t="Vector3" n="!$MZ" />
    </Data>
    <Data n="X20205337433255">
      <Key v="-1364,-107" t="Vector2" n="!$MP" />
      <Key v="1,1,1" t="Vector3" n="!$MZ" />
    </Data>
    <Data n="X20205337429248">
      <Key v="-728,-33" t="Vector2" n="!$MP" />
      <Key v="1,1,1" t="Vector3" n="!$MZ" />
    </Data>
    <Data n="X20205337370397">
      <Key v="0,0" t="Vector2" n="!$MP" />
      <Key v="1,1,1" t="Vector3" n="!$MZ" />
    </Data>
    <Data n="X20205337374305">
      <Key v="0,0" t="Vector2" n="!$MP" />
      <Key v="1,1,1" t="Vector3" n="!$MZ" />
    </Data>
    <Data n="X20205337380698">
      <Key v="0,0" t="Vector2" n="!$MP" />
      <Key v="1,1,1" t="Vector3" n="!$MZ" />
    </Data>
    <Data n="X20205337269344">
      <Key v="0,0" t="Vector2" n="!$MP" />
      <Key v="1,1,1" t="Vector3" n="!$MZ" />
    </Data>
    <Data n="X20208034306412">
      <Key v="0,0" t="Vector2" n="!$MP" />
      <Key v="1,1,1" t="Vector3" n="!$MZ" />
    </Data>
    <Data n="X20208034299240">
      <Key v="0,0" t="Vector2" n="!$MP" />
      <Key v="1,1,1" t="Vector3" n="!$MZ" />
    </Data>
  </Data>
</DataRoot>