﻿<?xml version="1.0" encoding="utf-8"?>
<DataRoot n="X">
  <Data n="20207235590334">
    <Data n="$Elems">
      <Data n="20207209406428e">
        <Key v="20205484483351" t="String" n="$T" />
        <Key v="200,450" t="Vector2" n="!$P" />
        <Key v="cg2" t="String" n="!BA" />
        <Key v="pře" t="String" n="!!Eff" />
        <Key v="X20207122161586,X20207122292254,X20207122209494" t="String" n="Eff" />
      </Data>
      <Data n="20207240151713e">
        <Key v="20205502245113" t="String" n="$T" />
        <Key v="450,450" t="Vector2" n="!$P" />
        <Key v="SL" t="String" n="Typ" />
        <Key v="1" t="Int32" n="D" />
        <Key v="Stealth" t="String" n="X" />
      </Data>
      <Data n="20207240154011e">
        <Key v="20205502245113" t="String" n="$T" />
        <Key v="950,450" t="Vector2" n="!$P" />
        <Key v="SL" t="String" n="Typ" />
        <Key v="1" t="Int32" n="D" />
        <Key v="Wait" t="String" n="X" />
      </Data>
      <Data n="20207240154549e">
        <Key v="20205502245113" t="String" n="$T" />
        <Key v="700,450" t="Vector2" n="!$P" />
        <Key v="SL" t="String" n="Typ" />
        <Key v="1" t="Int32" n="D" />
        <Key v="Rest" t="String" n="X" />
      </Data>
      <Data n="20207234026631e">
        <Key v="20205410728894" t="String" n="$T" />
        <Key v="200,300" t="Vector2" n="!$P" />
        <Key v="1" t="Int32" n="!IC" />
        <Key v="Tb" t="String" n="Typ" />
      </Data>
      <Data n="20207234757415e">
        <Key v="20205410728894" t="String" n="$T" />
        <Key v="450,300" t="Vector2" n="!$P" />
        <Key v="proti" t="String" n="!!Att" />
        <Key v="X20205339618815" t="String" n="Att" />
      </Data>
      <Data n="20207234765993e">
        <Key v="20205344030099" t="String" n="$T" />
        <Key v="700,300" t="Vector2" n="!$P" />
        <Key v="set" t="String" n="Mod" />
        <Key v="0" t="Decimal" n="Val" />
        <Key v="0" t="String" n="!UV" />
      </Data>
      <Data n="20207234741668e">
        <Key v="20205410728894" t="String" n="$T" />
        <Key v="200,200" t="Vector2" n="!$P" />
        <Key v="1" t="Int32" n="!IC" />
        <Key v="Tm" t="String" n="Typ" />
      </Data>
      <Data n="20207234742418e">
        <Key v="20205410728894" t="String" n="$T" />
        <Key v="450,200" t="Vector2" n="!$P" />
        <Key v="och" t="String" n="!!Att" />
        <Key v="X20205339177495" t="String" n="Att" />
      </Data>
      <Data n="20207234742669e">
        <Key v="20205344030099" t="String" n="$T" />
        <Key v="700,200" t="Vector2" n="!$P" />
        <Key v="set" t="String" n="Mod" />
        <Key v="100" t="Decimal" n="Val" />
        <Key v="0" t="String" n="!UV" />
      </Data>
      <Data n="20207234742940e">
        <Key v="20205410728894" t="String" n="$T" />
        <Key v="950,200" t="Vector2" n="!$P" />
        <Key v="1" t="Int32" n="!IC" />
        <Key v="Tb" t="String" n="Typ" />
      </Data>
      <Data n="20207234743361e">
        <Key v="20205344030099" t="String" n="$T" />
        <Key v="1200,200" t="Vector2" n="!$P" />
        <Key v="set" t="String" n="Mod" />
        <Key v="100" t="Decimal" n="Val" />
        <Key v="0" t="String" n="!UV" />
      </Data>
      <Data n="20207234748003e">
        <Key v="20205410728894" t="String" n="$T" />
        <Key v="200,100" t="Vector2" n="!$P" />
        <Key v="1" t="Int32" n="!IC" />
        <Key v="Tm" t="String" n="Typ" />
      </Data>
      <Data n="20207234752728e">
        <Key v="20205410728894" t="String" n="$T" />
        <Key v="450,100" t="Vector2" n="!$P" />
        <Key v="och" t="String" n="!!Att" />
        <Key v="X20205339182699" t="String" n="Att" />
      </Data>
      <Data n="20207234753616e">
        <Key v="20205344030099" t="String" n="$T" />
        <Key v="700,100" t="Vector2" n="!$P" />
        <Key v="set" t="String" n="Mod" />
        <Key v="100" t="Decimal" n="Val" />
        <Key v="0" t="String" n="!UV" />
      </Data>
      <Data n="20207234754191e">
        <Key v="20205410728894" t="String" n="$T" />
        <Key v="950,100" t="Vector2" n="!$P" />
        <Key v="1" t="Int32" n="!IC" />
        <Key v="Tb" t="String" n="Typ" />
      </Data>
      <Data n="20207234754642e">
        <Key v="20205344030099" t="String" n="$T" />
        <Key v="1200,100" t="Vector2" n="!$P" />
        <Key v="set" t="String" n="Mod" />
        <Key v="100" t="Decimal" n="Val" />
        <Key v="0" t="String" n="!UV" />
      </Data>
      <Data n="20207240125970e">
        <Key v="20205410728894" t="String" n="$T" />
        <Key v="150,0" t="Vector2" n="!$P" />
        <Key v="1" t="Int32" n="!IV" />
        <Key v="0" t="Int32" n="V" />
      </Data>
      <Data n="20207240182561e">
        <Key v="20205344030099" t="String" n="$T" />
        <Key v="400,0" t="Vector2" n="!$P" />
        <Key v="add" t="String" n="Mod" />
        <Key v="1" t="Decimal" n="Val" />
        <Key v="0" t="String" n="!UV" />
        <Key v="1" t="Int32" n="PL" />
      </Data>
      <Data n="20207240175308e">
        <Key v="20205410728894" t="String" n="$T" />
        <Key v="150,-150" t="Vector2" n="!$P" />
        <Key v="1" t="Int32" n="!IV" />
        <Key v="1" t="Int32" n="V" />
      </Data>
      <Data n="20207240177185e">
        <Key v="20205344030099" t="String" n="$T" />
        <Key v="400,-150" t="Vector2" n="!$P" />
        <Key v="add" t="String" n="Mod" />
        <Key v="1" t="Decimal" n="Val" />
        <Key v="2" t="String" n="!UV" />
        <Key v="MaxDur" t="String" n="Key" />
      </Data>
      <Data n="20207234032353e">
        <Key v="20205484464552" t="String" n="$T" />
        <Key v="150,-300" t="Vector2" n="!$P" />
        <Key v="1" t="Int32" n="!IT" />
        <Key v="Before" t="String" n="Trig" />
      </Data>
      <Data n="20207234033454e">
        <Key v="20205344030099" t="String" n="$T" />
        <Key v="850,-300" t="Vector2" n="!$P" />
        <Key v="add" t="String" n="Mod" />
        <Key v="1" t="Decimal" n="Val" />
        <Key v="0" t="String" n="!UV" />
        <Key v="1" t="Int32" n="!K" />
        <Key v="1" t="Int32" n="!NP" />
        <Key v="olej" t="String" n="!!Att" />
        <Key v="X20207089549040" t="String" n="Att" />
      </Data>
      <Data n="20207234040039e">
        <Key v="20205344030099" t="String" n="$T" />
        <Key v="650,-300" t="Vector2" n="!$P" />
        <Key v="add" t="String" n="Mod" />
        <Key v="2" t="Decimal" n="Val" />
        <Key v="0" t="String" n="!UV" />
        <Key v="1" t="Int32" n="!K" />
        <Key v="1" t="Int32" n="!NP" />
        <Key v="hoř" t="String" n="!!Att" />
        <Key v="X20207089276802" t="String" n="Att" />
      </Data>
      <Data n="20207234042858e">
        <Key v="20205344030099" t="String" n="$T" />
        <Key v="1050,-300" t="Vector2" n="!$P" />
        <Key v="add" t="String" n="Mod" />
        <Key v="-3" t="Decimal" n="Val" />
        <Key v="0" t="String" n="!UV" />
        <Key v="1" t="Int32" n="!K" />
        <Key v="1" t="Int32" n="!NP" />
        <Key v="prom" t="String" n="!!Att" />
        <Key v="X20207088763520" t="String" n="Att" />
      </Data>
      <Data n="20207234106597e">
        <Key v="20205410728894" t="String" n="$T" />
        <Key v="400,-300" t="Vector2" n="!$P" />
        <Key v="ef" t="String" n="!!Att" />
        <Key v="X20206583646370" t="String" n="Att" />
      </Data>
      <Data n="20207234786590e">
        <Key v="20205502245113" t="String" n="$T" />
        <Key v="350,-400" t="Vector2" n="!$P" />
        <Key v="DE" t="String" n="Typ" />
        <Key v="Rem" t="String" n="Act" />
        <Key v="pře" t="String" n="!!Eff" />
        <Key v="X20207089276802,X20207089549040,X20207122292254,X20207122161586,X20207088763520,X20207122209494" t="String" n="Eff" />
      </Data>
      <Data n="20207234895502e">
        <Key v="20205484464552" t="String" n="$T" />
        <Key v="100,-400" t="Vector2" n="!$P" />
        <Key v="1" t="Int32" n="!IT" />
        <Key v="Apply" t="String" n="Trig" />
      </Data>
      <Data n="20207240134323e">
        <Key v="20205484464552" t="String" n="$T" />
        <Key v="50,-600" t="Vector2" n="!$P" />
        <Key v="1" t="Int32" n="!IT" />
        <Key v="RoundStart" t="String" n="Trig" />
      </Data>
      <Data n="20207240141191e">
        <Key v="20207116075055" t="String" n="$T" />
        <Key v="350,-600" t="Vector2" n="!$P" />
        <Key v="1" t="Int32" n="!IsD" />
        <Key v="0" t="Int32" n="Bns" />
        <Key v="Burn" t="String" n="DmgT" />
        <Key v="1" t="Int32" n="Php" />
        <Key v="1" t="Int32" n="DstE" />
      </Data>
      <Data n="20207240113738e">
        <Key v="20205502245113" t="String" n="$T" />
        <Key v="250,-750" t="Vector2" n="!$P" />
        <Key v="DE" t="String" n="Typ" />
        <Key v="pop" t="String" n="!!Eff" />
        <Key v="Cre" t="String" n="Act" />
        <Key v="X20207122236084" t="String" n="Eff" />
        <Key v="1" t="Int32" n="PI" />
        <Key v="1" t="Int32" n="P" />
      </Data>
      <Data n="20207240115310e">
        <Key v="20205484464552" t="String" n="$T" />
        <Key v="0,-750" t="Vector2" n="!$P" />
        <Key v="1" t="Int32" n="!IT" />
        <Key v="End" t="String" n="Trig" />
      </Data>
    </Data>
    <Data n="$Conns">
      <Data n="20207209749315c">
        <Key v="20207209406428e" t="String" n="$E" />
      </Data>
      <Data n="20207234026635c">
        <Key v="20207234026631e" t="String" n="$E" />
      </Data>
      <Data n="20207234033028c">
        <Key v="20207234032353e" t="String" n="$E" />
      </Data>
      <Data n="20207234743703c">
        <Key v="20207234742418e" t="String" n="$S" />
        <Key v="20207234742669e" t="String" n="$E" />
      </Data>
      <Data n="20207234699256c">
        <Key v="20207234040039e" t="String" n="$S" />
        <Key v="20207234033454e" t="String" n="$E" />
      </Data>
      <Data n="20207234742110c">
        <Key v="20207234741668e" t="String" n="$E" />
      </Data>
      <Data n="20207234109637c">
        <Key v="20207234032353e" t="String" n="$S" />
        <Key v="20207234106597e" t="String" n="$E" />
      </Data>
      <Data n="20207234699448c">
        <Key v="20207234033454e" t="String" n="$S" />
        <Key v="20207234042858e" t="String" n="$E" />
      </Data>
      <Data n="20207234698026c">
        <Key v="20207234106597e" t="String" n="$S" />
        <Key v="20207234040039e" t="String" n="$E" />
      </Data>
      <Data n="20207234743907c">
        <Key v="20207234741668e" t="String" n="$S" />
        <Key v="20207234742418e" t="String" n="$E" />
      </Data>
      <Data n="20207234744158c">
        <Key v="20207234742669e" t="String" n="$S" />
        <Key v="20207234742940e" t="String" n="$E" />
      </Data>
      <Data n="20207234744667c">
        <Key v="20207234742940e" t="String" n="$S" />
        <Key v="20207234743361e" t="String" n="$E" />
      </Data>
      <Data n="20207234748528c">
        <Key v="20207234748003e" t="String" n="$E" />
      </Data>
      <Data n="20207234753483c">
        <Key v="20207234748003e" t="String" n="$S" />
        <Key v="20207234752728e" t="String" n="$E" />
      </Data>
      <Data n="20207234753937c">
        <Key v="20207234752728e" t="String" n="$S" />
        <Key v="20207234753616e" t="String" n="$E" />
      </Data>
      <Data n="20207234754525c">
        <Key v="20207234753616e" t="String" n="$S" />
        <Key v="20207234754191e" t="String" n="$E" />
      </Data>
      <Data n="20207234754971c">
        <Key v="20207234754191e" t="String" n="$S" />
        <Key v="20207234754642e" t="String" n="$E" />
      </Data>
      <Data n="20207234757749c">
        <Key v="20207234026631e" t="String" n="$S" />
        <Key v="20207234757415e" t="String" n="$E" />
      </Data>
      <Data n="20207234766786c">
        <Key v="20207234757415e" t="String" n="$S" />
        <Key v="20207234765993e" t="String" n="$E" />
      </Data>
      <Data n="20207234899969c">
        <Key v="20207234895502e" t="String" n="$S" />
        <Key v="20207234786590e" t="String" n="$E" />
      </Data>
      <Data n="20207234896107c">
        <Key v="20207234895502e" t="String" n="$E" />
      </Data>
      <Data n="20207240116753c">
        <Key v="20207240115310e" t="String" n="$S" />
        <Key v="20207240113738e" t="String" n="$E" />
      </Data>
      <Data n="20207240116966c">
        <Key v="20207240115310e" t="String" n="$E" />
      </Data>
      <Data n="20207240127871c">
        <Key v="20207240125970e" t="String" n="$E" />
      </Data>
      <Data n="20207240135937c">
        <Key v="20207240134323e" t="String" n="$E" />
      </Data>
      <Data n="20207240141725c">
        <Key v="20207240134323e" t="String" n="$S" />
        <Key v="20207240141191e" t="String" n="$E" />
      </Data>
      <Data n="20207240151717c">
        <Key v="20207209406428e" t="String" n="$S" />
        <Key v="20207240151713e" t="String" n="$E" />
      </Data>
      <Data n="20207240163244c">
        <Key v="20207240154549e" t="String" n="$S" />
        <Key v="20207240154011e" t="String" n="$E" />
      </Data>
      <Data n="20207240163081c">
        <Key v="20207240151713e" t="String" n="$S" />
        <Key v="20207240154549e" t="String" n="$E" />
      </Data>
      <Data n="20207240175788c">
        <Key v="20207240175308e" t="String" n="$E" />
      </Data>
      <Data n="20207240177636c">
        <Key v="20207240175308e" t="String" n="$S" />
        <Key v="20207240177185e" t="String" n="$E" />
      </Data>
      <Data n="20207240182565c">
        <Key v="20207240125970e" t="String" n="$S" />
        <Key v="20207240182561e" t="String" n="$E" />
      </Data>
    </Data>
  </Data>
</DataRoot>