﻿<?xml version="1.0" encoding="utf-8"?>
<DataRoot n="X">
  <Data n="20205337455624">
    <Key v="-422,-13" t="Vector2" n="!$MP" />
    <Key v="1.1,1.1,1.1" t="Vector3" n="!$MZ" />
    <Data n="$Elems">
      <Data n="20205344456198e">
        <Key v="20205344030099" t="String" n="$T" />
        <Key v="200,50" t="Vector2" n="!$P" />
        <Key v="add" t="String" n="Mod" />
        <Key v="X20205337269344" t="String" n="Att" />
        <Key v="5" t="Decimal" n="Val" />
        <Key v="1" t="Int32" n="!K" />
        <Key v="0" t="String" n="!UV" />
      </Data>
      <Data n="20205485538040e">
        <Key v="20205484483351" t="String" n="$T" />
        <Key v="450,50" t="Vector2" n="!$P" />
        <Key v="sa3" t="String" n="X" />
      </Data>
    </Data>
    <Data n="$Conns">
      <Data n="20205344481361c">
        <Key v="20205344456198e" t="String" n="$E" />
      </Data>
      <Data n="20205485538465c">
        <Key v="20205344456198e" t="String" n="$S" />
        <Key v="20205485538040e" t="String" n="$E" />
      </Data>
    </Data>
  </Data>
</DataRoot>