﻿<?xml version="1.0" encoding="utf-8"?>
<DataRoot n="X">
  <Data n="20207210067506">
    <Data n="$Elems">
      <Data n="20207210262121e">
        <Key v="20205410728894" t="String" n="$T" />
        <Key v="200,500" t="Vector2" n="!$P" />
        <Key v="1" t="Int32" n="!IC" />
        <Key v="Tb" t="String" n="Typ" />
      </Data>
      <Data n="20207210263076e">
        <Key v="20205410728894" t="String" n="$T" />
        <Key v="450,500" t="Vector2" n="!$P" />
        <Key v="och" t="String" n="!!Att" />
        <Key v="X20205339168558" t="String" n="Att" />
      </Data>
      <Data n="20207210266529e">
        <Key v="20205344030099" t="String" n="$T" />
        <Key v="700,500" t="Vector2" n="!$P" />
        <Key v="add" t="String" n="Mod" />
        <Key v="-25" t="Decimal" n="Val" />
        <Key v="0" t="String" n="!UV" />
      </Data>
      <Data n="20207429286001e">
        <Key v="20205410728894" t="String" n="$T" />
        <Key v="450,400" t="Vector2" n="!$P" />
        <Key v="hod" t="String" n="!!Att" />
        <Key v="X20205339297389" t="String" n="Att" />
      </Data>
      <Data n="20207429292098e">
        <Key v="20205344030099" t="String" n="$T" />
        <Key v="700,400" t="Vector2" n="!$P" />
        <Key v="mod" t="String" n="Mod" />
        <Key v="-0.5" t="Decimal" n="Val" />
        <Key v="0" t="String" n="!UV" />
      </Data>
      <Data n="20207429286277e">
        <Key v="20205410728894" t="String" n="$T" />
        <Key v="450,300" t="Vector2" n="!$P" />
        <Key v="hod" t="String" n="!!Att" />
        <Key v="X20205339299758" t="String" n="Att" />
      </Data>
      <Data n="20207429294296e">
        <Key v="20205344030099" t="String" n="$T" />
        <Key v="700,300" t="Vector2" n="!$P" />
        <Key v="mod" t="String" n="Mod" />
        <Key v="-0.5" t="Decimal" n="Val" />
        <Key v="0" t="String" n="!UV" />
      </Data>
      <Data n="20207429316970e">
        <Key v="20205410728894" t="String" n="$T" />
        <Key v="450,200" t="Vector2" n="!$P" />
        <Key v="kv" t="String" n="!!Att" />
        <Key v="X20205337532536" t="String" n="Att" />
      </Data>
      <Data n="20207429318300e">
        <Key v="20205344030099" t="String" n="$T" />
        <Key v="700,200" t="Vector2" n="!$P" />
        <Key v="mod" t="String" n="Mod" />
        <Key v="-0.5" t="Decimal" n="Val" />
        <Key v="0" t="String" n="!UV" />
      </Data>
      <Data n="20207209406428e">
        <Key v="20205484483351" t="String" n="$T" />
        <Key v="200,100" t="Vector2" n="!$P" />
        <Key v="cg1" t="String" n="!BA" />
        <Key v="EndCond" t="String" n="Act" />
        <Key v="EWld" t="String" n="EC" />
      </Data>
      <Data n="20207210198920e">
        <Key v="20205484483351" t="String" n="$T" />
        <Key v="450,100" t="Vector2" n="!$P" />
        <Key v="cg2" t="String" n="!BA" />
        <Key v="nah" t="String" n="!!Eff" />
        <Key v="X20207210067506" t="String" n="Eff" />
      </Data>
      <Data n="20207210236436e">
        <Key v="20205502245113" t="String" n="$T" />
        <Key v="200,0" t="Vector2" n="!$P" />
        <Key v="SL" t="String" n="Typ" />
        <Key v="1" t="Int32" n="D" />
        <Key v="Rest" t="String" n="X" />
      </Data>
      <Data n="20207210252767e">
        <Key v="20205502245113" t="String" n="$T" />
        <Key v="450,0" t="Vector2" n="!$P" />
        <Key v="SL" t="String" n="Typ" />
        <Key v="1" t="Int32" n="D" />
        <Key v="Regen" t="String" n="X" />
      </Data>
      <Data n="20207220024425e">
        <Key v="20205484464552" t="String" n="$T" />
        <Key v="200,-150" t="Vector2" n="!$P" />
        <Key v="1" t="Int32" n="!IT" />
        <Key v="Before" t="String" n="Trig" />
      </Data>
      <Data n="20207220026314e">
        <Key v="20205410728894" t="String" n="$T" />
        <Key v="450,-150" t="Vector2" n="!$P" />
        <Key v="ef" t="String" n="!!Att" />
        <Key v="X20206583646370" t="String" n="Att" />
      </Data>
      <Data n="20207220027845e">
        <Key v="20205344030099" t="String" n="$T" />
        <Key v="700,-150" t="Vector2" n="!$P" />
        <Key v="add" t="String" n="Mod" />
        <Key v="1" t="Decimal" n="Val" />
        <Key v="0" t="String" n="!UV" />
        <Key v="1" t="Int32" n="!K" />
        <Key v="1" t="Int32" n="!NP" />
        <Key v="om" t="String" n="!!Att" />
        <Key v="X20207122292254" t="String" n="Att" />
      </Data>
      <Data n="20207220031602e">
        <Key v="20205344030099" t="String" n="$T" />
        <Key v="900,-150" t="Vector2" n="!$P" />
        <Key v="add" t="String" n="Mod" />
        <Key v="1" t="Decimal" n="Val" />
        <Key v="0" t="String" n="!UV" />
        <Key v="1" t="Int32" n="!K" />
        <Key v="1" t="Int32" n="!NP" />
        <Key v="pop" t="String" n="!!Att" />
        <Key v="X20207122236084" t="String" n="Att" />
      </Data>
      <Data n="20207210088899e">
        <Key v="20205502245113" t="String" n="$T" />
        <Key v="450,-300" t="Vector2" n="!$P" />
        <Key v="RE" t="String" n="Typ" />
        <Key v="Body,Nature" t="String" n="Elem" />
      </Data>
      <Data n="20207136143927e">
        <Key v="20205484464552" t="String" n="$T" />
        <Key v="200,-300" t="Vector2" n="!$P" />
        <Key v="1" t="Int32" n="!IT" />
        <Key v="Apply" t="String" n="Trig" />
      </Data>
    </Data>
    <Data n="$Conns">
      <Data n="20207210200688c">
        <Key v="20207209406428e" t="String" n="$S" />
        <Key v="20207210198920e" t="String" n="$E" />
      </Data>
      <Data n="20207210089237c">
        <Key v="20207136143927e" t="String" n="$S" />
        <Key v="20207210088899e" t="String" n="$E" />
      </Data>
      <Data n="20207136145938c">
        <Key v="20207136143927e" t="String" n="$E" />
      </Data>
      <Data n="20207209406779c">
        <Key v="20207209406428e" t="String" n="$E" />
      </Data>
      <Data n="20207210237016c">
        <Key v="20207210236436e" t="String" n="$E" />
      </Data>
      <Data n="20207210253293c">
        <Key v="20207210236436e" t="String" n="$S" />
        <Key v="20207210252767e" t="String" n="$E" />
      </Data>
      <Data n="20207210262125c">
        <Key v="20207210262121e" t="String" n="$E" />
      </Data>
      <Data n="20207210263080c">
        <Key v="20207210262121e" t="String" n="$S" />
        <Key v="20207210263076e" t="String" n="$E" />
      </Data>
      <Data n="20207210266534c">
        <Key v="20207210263076e" t="String" n="$S" />
        <Key v="20207210266529e" t="String" n="$E" />
      </Data>
      <Data n="20207220025514c">
        <Key v="20207220024425e" t="String" n="$E" />
      </Data>
      <Data n="20207220026319c">
        <Key v="20207220024425e" t="String" n="$S" />
        <Key v="20207220026314e" t="String" n="$E" />
      </Data>
      <Data n="20207220027849c">
        <Key v="20207220026314e" t="String" n="$S" />
        <Key v="20207220027845e" t="String" n="$E" />
      </Data>
      <Data n="20207220032036c">
        <Key v="20207220027845e" t="String" n="$S" />
        <Key v="20207220031602e" t="String" n="$E" />
      </Data>
      <Data n="20207429287169c">
        <Key v="20207210262121e" t="String" n="$S" />
        <Key v="20207429286001e" t="String" n="$E" />
      </Data>
      <Data n="20207429287344c">
        <Key v="20207210262121e" t="String" n="$S" />
        <Key v="20207429286277e" t="String" n="$E" />
      </Data>
      <Data n="20207429293967c">
        <Key v="20207429286001e" t="String" n="$S" />
        <Key v="20207429292098e" t="String" n="$E" />
      </Data>
      <Data n="20207429294626c">
        <Key v="20207429286277e" t="String" n="$S" />
        <Key v="20207429294296e" t="String" n="$E" />
      </Data>
      <Data n="20207429316974c">
        <Key v="20207210262121e" t="String" n="$S" />
        <Key v="20207429316970e" t="String" n="$E" />
      </Data>
      <Data n="20207429318639c">
        <Key v="20207429316970e" t="String" n="$S" />
        <Key v="20207429318300e" t="String" n="$E" />
      </Data>
    </Data>
  </Data>
</DataRoot>