﻿<?xml version="1.0" encoding="utf-8"?>
<DataRoot n="X">
  <Data n="20207210353313">
    <Data n="$Elems">
      <Data n="20207210262121e">
        <Key v="20205410728894" t="String" n="$T" />
        <Key v="200,150" t="Vector2" n="!$P" />
        <Key v="1" t="Int32" n="!IC" />
        <Key v="Tb" t="String" n="Typ" />
      </Data>
      <Data n="20207210263076e">
        <Key v="20205410728894" t="String" n="$T" />
        <Key v="450,150" t="Vector2" n="!$P" />
        <Key v="um" t="String" n="!!Att" />
        <Key v="X20205337712715" t="String" n="Att" />
      </Data>
      <Data n="20207210266529e">
        <Key v="20205344030099" t="String" n="$T" />
        <Key v="700,150" t="Vector2" n="!$P" />
        <Key v="mod" t="String" n="Mod" />
        <Key v="-0.25" t="Decimal" n="Val" />
        <Key v="0" t="String" n="!UV" />
      </Data>
      <Data n="20207209406428e">
        <Key v="20205484483351" t="String" n="$T" />
        <Key v="200,50" t="Vector2" n="!$P" />
        <Key v="cg1" t="String" n="!BA" />
        <Key v="EndCond" t="String" n="Act" />
        <Key v="EWld" t="String" n="EC" />
      </Data>
      <Data n="20207210198920e">
        <Key v="20205484483351" t="String" n="$T" />
        <Key v="700,50" t="Vector2" n="!$P" />
        <Key v="cg2" t="String" n="!BA" />
        <Key v="na" t="String" n="!!Eff" />
        <Key v="X20207122660084,X20207210353313" t="String" n="Eff" />
      </Data>
      <Data n="20207210236436e">
        <Key v="20205502245113" t="String" n="$T" />
        <Key v="950,50" t="Vector2" n="!$P" />
        <Key v="SL" t="String" n="Typ" />
        <Key v="1" t="Int32" n="D" />
        <Key v="React" t="String" n="X" />
      </Data>
      <Data n="20207216019303e">
        <Key v="20205484483351" t="String" n="$T" />
        <Key v="450,50" t="Vector2" n="!$P" />
        <Key v="cg1" t="String" n="!BA" />
        <Key v="EndCond" t="String" n="Act" />
        <Key v="ECon" t="String" n="EC" />
      </Data>
      <Data n="20207210396272e">
        <Key v="20205410728894" t="String" n="$T" />
        <Key v="250,-100" t="Vector2" n="!$P" />
        <Key v="1" t="Int32" n="!IV" />
        <Key v="0" t="Int32" n="V" />
      </Data>
      <Data n="20207210398295e">
        <Key v="20205344030099" t="String" n="$T" />
        <Key v="500,-100" t="Vector2" n="!$P" />
        <Key v="add" t="String" n="Mod" />
        <Key v="0.3" t="Decimal" n="Val" />
        <Key v="0" t="String" n="!UV" />
        <Key v="1" t="Int32" n="!K" />
        <Key v="1" t="Int32" n="!NP" />
        <Key v="X20205337442439" t="String" n="Att" />
      </Data>
      <Data n="20207210399141e">
        <Key v="20205484483351" t="String" n="$T" />
        <Key v="750,-100" t="Vector2" n="!$P" />
        <Key v="sa1" t="String" n="X" />
      </Data>
      <Data n="20207316505643e">
        <Key v="20205410728894" t="String" n="$T" />
        <Key v="250,-250" t="Vector2" n="!$P" />
        <Key v="1" t="Int32" n="!IV" />
        <Key v="1" t="Int32" n="V" />
      </Data>
      <Data n="20207316511005e">
        <Key v="20205344030099" t="String" n="$T" />
        <Key v="500,-250" t="Vector2" n="!$P" />
        <Key v="add" t="String" n="Mod" />
        <Key v="2" t="Decimal" n="Val" />
        <Key v="2" t="String" n="!UV" />
        <Key v="Power" t="String" n="Key" />
      </Data>
      <Data n="20207210503824e">
        <Key v="20205484464552" t="String" n="$T" />
        <Key v="200,-400" t="Vector2" n="!$P" />
        <Key v="1" t="Int32" n="!IT" />
        <Key v="Before" t="String" n="Trig" />
      </Data>
      <Data n="20207210510367e">
        <Key v="20205410728894" t="String" n="$T" />
        <Key v="450,-400" t="Vector2" n="!$P" />
        <Key v="ef" t="String" n="!!Att" />
        <Key v="X20206583646370" t="String" n="Att" />
      </Data>
      <Data n="20207210516965e">
        <Key v="20205344030099" t="String" n="$T" />
        <Key v="700,-400" t="Vector2" n="!$P" />
        <Key v="add" t="String" n="Mod" />
        <Key v="2" t="Decimal" n="Val" />
        <Key v="0" t="String" n="!UV" />
        <Key v="1" t="Int32" n="!K" />
        <Key v="1" t="Int32" n="!NP" />
        <Key v="vr" t="String" n="!!Att" />
        <Key v="X20207122660084" t="String" n="Att" />
      </Data>
      <Data n="20207210390684e">
        <Key v="20205410728894" t="String" n="$T" />
        <Key v="700,-550" t="Vector2" n="!$P" />
        <Key v="Ta" t="String" n="Typ" />
        <Key v="1" t="Int32" n="!IC" />
      </Data>
      <Data n="20207136143927e">
        <Key v="20205484464552" t="String" n="$T" />
        <Key v="200,-550" t="Vector2" n="!$P" />
        <Key v="1" t="Int32" n="!IT" />
        <Key v="Apply" t="String" n="Trig" />
      </Data>
      <Data n="20207210387410e">
        <Key v="20205410728894" t="String" n="$T" />
        <Key v="450,-550" t="Vector2" n="!$P" />
        <Key v="X20205337442439" t="String" n="Att" />
      </Data>
      <Data n="20207210392927e">
        <Key v="20205344030099" t="String" n="$T" />
        <Key v="950,-550" t="Vector2" n="!$P" />
        <Key v="add" t="String" n="Mod" />
        <Key v="-1" t="Decimal" n="Val" />
        <Key v="1" t="String" n="!UV" />
        <Key v="0" t="Decimal" n="Var" />
      </Data>
      <Data n="20207210417532e">
        <Key v="20205502245113" t="String" n="$T" />
        <Key v="1200,-550" t="Vector2" n="!$P" />
        <Key v="DE" t="String" n="Typ" />
        <Key v="Rem" t="String" n="Act" />
        <Key v="vrávor" t="String" n="!!Eff" />
        <Key v="X20207122660084" t="String" n="Eff" />
      </Data>
      <Data n="20207315302138e">
        <Key v="20205484464552" t="String" n="$T" />
        <Key v="200,-650" t="Vector2" n="!$P" />
        <Key v="1" t="Int32" n="!IT" />
        <Key v="Fail" t="String" n="Trig" />
      </Data>
      <Data n="20207315347369e">
        <Key v="20205502245113" t="String" n="$T" />
        <Key v="450,-650" t="Vector2" n="!$P" />
        <Key v="DE" t="String" n="Typ" />
        <Key v="Cre" t="String" n="Act" />
        <Key v="vr" t="String" n="!!Eff" />
        <Key v="X20207122660084" t="String" n="Eff" />
        <Key v="1" t="Int32" n="PI" />
      </Data>
    </Data>
    <Data n="$Conns">
      <Data n="20207210388156c">
        <Key v="20207136143927e" t="String" n="$S" />
        <Key v="20207210387410e" t="String" n="$E" />
      </Data>
      <Data n="20207136145938c">
        <Key v="20207136143927e" t="String" n="$E" />
      </Data>
      <Data n="20207209406779c">
        <Key v="20207209406428e" t="String" n="$E" />
      </Data>
      <Data n="20207210391693c">
        <Key v="20207210387410e" t="String" n="$S" />
        <Key v="20207210390684e" t="String" n="$E" />
      </Data>
      <Data n="20207210412073c">
        <Key v="20207210198920e" t="String" n="$S" />
        <Key v="20207210236436e" t="String" n="$E" />
      </Data>
      <Data n="20207210393407c">
        <Key v="20207210390684e" t="String" n="$S" />
        <Key v="20207210392927e" t="String" n="$E" />
      </Data>
      <Data n="20207210262125c">
        <Key v="20207210262121e" t="String" n="$E" />
      </Data>
      <Data n="20207210263080c">
        <Key v="20207210262121e" t="String" n="$S" />
        <Key v="20207210263076e" t="String" n="$E" />
      </Data>
      <Data n="20207210266534c">
        <Key v="20207210263076e" t="String" n="$S" />
        <Key v="20207210266529e" t="String" n="$E" />
      </Data>
      <Data n="20207210397327c">
        <Key v="20207210396272e" t="String" n="$E" />
      </Data>
      <Data n="20207210400092c">
        <Key v="20207210398295e" t="String" n="$S" />
        <Key v="20207210399141e" t="String" n="$E" />
      </Data>
      <Data n="20207210400304c">
        <Key v="20207210396272e" t="String" n="$S" />
        <Key v="20207210398295e" t="String" n="$E" />
      </Data>
      <Data n="20207210417536c">
        <Key v="20207210392927e" t="String" n="$S" />
        <Key v="20207210417532e" t="String" n="$E" />
      </Data>
      <Data n="20207210504375c">
        <Key v="20207210503824e" t="String" n="$E" />
      </Data>
      <Data n="20207210510371c">
        <Key v="20207210503824e" t="String" n="$S" />
        <Key v="20207210510367e" t="String" n="$E" />
      </Data>
      <Data n="20207210523721c">
        <Key v="20207210510367e" t="String" n="$S" />
        <Key v="20207210516965e" t="String" n="$E" />
      </Data>
      <Data n="20207216020153c">
        <Key v="20207209406428e" t="String" n="$S" />
        <Key v="20207216019303e" t="String" n="$E" />
      </Data>
      <Data n="20207216020358c">
        <Key v="20207216019303e" t="String" n="$S" />
        <Key v="20207210198920e" t="String" n="$E" />
      </Data>
      <Data n="20207315302618c">
        <Key v="20207315302138e" t="String" n="$E" />
      </Data>
      <Data n="20207315347807c">
        <Key v="20207315302138e" t="String" n="$S" />
        <Key v="20207315347369e" t="String" n="$E" />
      </Data>
      <Data n="20207316506176c">
        <Key v="20207316505643e" t="String" n="$E" />
      </Data>
      <Data n="20207316511010c">
        <Key v="20207316505643e" t="String" n="$S" />
        <Key v="20207316511005e" t="String" n="$E" />
      </Data>
    </Data>
  </Data>
</DataRoot>