﻿<?xml version="1.0" encoding="utf-8"?>
<DataRoot n="X">
  <Data n="20207207796368">
    <Data n="$Elems">
      <Data n="20207121455644e">
        <Key v="20205410801114" t="String" n="$T" />
        <Key v="300,500" t="Vector2" n="!$P" />
      </Data>
      <Data n="20207091437219e">
        <Key v="20207091356882" t="String" n="$T" />
        <Key v="200,200" t="Vector2" n="!$P" />
        <Key v="Air" t="String" n="Cst" />
        <Key v="2" t="Int32" n="Val" />
      </Data>
      <Data n="20207091558625e">
        <Key v="20207091356882" t="String" n="$T" />
        <Key v="450,200" t="Vector2" n="!$P" />
        <Key v="AB" t="String" n="Cst" />
        <Key v="4" t="Int32" n="Val" />
      </Data>
      <Data n="20207091566206e">
        <Key v="20207091356882" t="String" n="$T" />
        <Key v="700,200" t="Vector2" n="!$P" />
        <Key v="Mana" t="String" n="Cst" />
        <Key v="2" t="Int32" n="Val" />
      </Data>
      <Data n="20207088737777e">
        <Key v="20205484464552" t="String" n="$T" />
        <Key v="150,50" t="Vector2" n="!$P" />
        <Key v="Battle" t="String" n="Cond" />
      </Data>
      <Data n="20207119693022e">
        <Key v="20207116075055" t="String" n="$T" />
        <Key v="450,50" t="Vector2" n="!$P" />
        <Key v="Ally,Party,Self" t="String" n="Trg" />
        <Key v="5" t="Int32" n="MaxRng" />
        <Key v="Hx1" t="String" n="Area" />
      </Data>
      <Data n="20207122773174e">
        <Key v="20205502245113" t="String" n="$T" />
        <Key v="1100,50" t="Vector2" n="!$P" />
        <Key v="DE" t="String" n="Typ" />
        <Key v="Rem" t="String" n="Act" />
        <Key v="X20207122660084" t="String" n="Eff" />
        <Key v="om" t="String" n="!!Eff" />
      </Data>
      <Data n="20207122798830e">
        <Key v="20205502245113" t="String" n="$T" />
        <Key v="800,50" t="Vector2" n="!$P" />
        <Key v="DE" t="String" n="Typ" />
        <Key v="Cre" t="String" n="Act" />
        <Key v="0" t="Int32" n="PI" />
        <Key v="X20207207763939" t="String" n="Eff" />
        <Key v="ka" t="String" n="!!Eff" />
      </Data>
      <Data n="20207091625404e">
        <Key v="20205410728894" t="String" n="$T" />
        <Key v="200,-150" t="Vector2" n="!$P" />
        <Key v="1" t="Int32" n="!IV" />
        <Key v="0" t="Int32" n="V" />
      </Data>
      <Data n="20207091638369e">
        <Key v="20205344030099" t="String" n="$T" />
        <Key v="450,-150" t="Vector2" n="!$P" />
        <Key v="add" t="String" n="Mod" />
        <Key v="1" t="Decimal" n="Val" />
        <Key v="2" t="String" n="!UV" />
        <Key v="Air" t="String" n="Key" />
      </Data>
    </Data>
    <Data n="$Conns">
      <Data n="20207122805123c">
        <Key v="20207119693022e" t="String" n="$S" />
        <Key v="20207122798830e" t="String" n="$E" />
      </Data>
      <Data n="20207088738278c">
        <Key v="20207088737777e" t="String" n="$E" />
      </Data>
      <Data n="20207091437698c">
        <Key v="20207091437219e" t="String" n="$E" />
      </Data>
      <Data n="20207091565010c">
        <Key v="20207091437219e" t="String" n="$S" />
        <Key v="20207091558625e" t="String" n="$E" />
      </Data>
      <Data n="20207091566210c">
        <Key v="20207091558625e" t="String" n="$S" />
        <Key v="20207091566206e" t="String" n="$E" />
      </Data>
      <Data n="20207091628982c">
        <Key v="20207091625404e" t="String" n="$E" />
      </Data>
      <Data n="20207122627030c">
        <Key v="20207091625404e" t="String" n="$S" />
        <Key v="20207091638369e" t="String" n="$E" />
      </Data>
      <Data n="20207120390539c">
        <Key v="20207088737777e" t="String" n="$S" />
        <Key v="20207119693022e" t="String" n="$E" />
      </Data>
      <Data n="20207121456299c">
        <Key v="20207121455644e" t="String" n="$E" />
      </Data>
      <Data n="20207122805677c">
        <Key v="20207122798830e" t="String" n="$S" />
        <Key v="20207122773174e" t="String" n="$E" />
      </Data>
    </Data>
  </Data>
</DataRoot>