﻿<?xml version="1.0" encoding="utf-8"?>
<DataRoot n="X">
  <Data n="20207136717145">
    <Data n="$Elems">
      <Data n="20207429208476e">
        <Key v="20205410728894" t="String" n="$T" />
        <Key v="200,250" t="Vector2" n="!$P" />
        <Key v="1" t="Int32" n="!IC" />
        <Key v="Tb" t="String" n="Typ" />
      </Data>
      <Data n="20207429209768e">
        <Key v="20205410728894" t="String" n="$T" />
        <Key v="450,250" t="Vector2" n="!$P" />
        <Key v="hod" t="String" n="!!Att" />
        <Key v="X20205339305800" t="String" n="Att" />
      </Data>
      <Data n="20207429211866e">
        <Key v="20205344030099" t="String" n="$T" />
        <Key v="700,250" t="Vector2" n="!$P" />
        <Key v="mod" t="String" n="Mod" />
        <Key v="-0.5" t="Decimal" n="Val" />
        <Key v="0" t="String" n="!UV" />
      </Data>
      <Data n="20207136753109e">
        <Key v="20205502245113" t="String" n="$T" />
        <Key v="200,150" t="Vector2" n="!$P" />
        <Key v="DP" t="String" n="Typ" />
        <Key v="vyř" t="String" n="!!Eff" />
        <Key v="X20207127065953" t="String" n="Eff" />
      </Data>
      <Data n="20207209718175e">
        <Key v="20205484483351" t="String" n="$T" />
        <Key v="450,150" t="Vector2" n="!$P" />
        <Key v="cg2" t="String" n="!BA" />
        <Key v="zma" t="String" n="!!Eff" />
        <Key v="X20207136324740,X20207136717145" t="String" n="Eff" />
      </Data>
      <Data n="20207520007959e">
        <Key v="20205484483351" t="String" n="$T" />
        <Key v="700,150" t="Vector2" n="!$P" />
        <Key v="cg3" t="String" n="!BA" />
        <Key v="Spirit" t="String" n="Elem" />
      </Data>
      <Data n="20207209410782e">
        <Key v="20205484483351" t="String" n="$T" />
        <Key v="200,50" t="Vector2" n="!$P" />
        <Key v="cg1" t="String" n="!BA" />
        <Key v="EndCond" t="String" n="Act" />
        <Key v="EWld" t="String" n="EC" />
      </Data>
      <Data n="20207220175490e">
        <Key v="20205484464552" t="String" n="$T" />
        <Key v="200,-100" t="Vector2" n="!$P" />
        <Key v="1" t="Int32" n="!IT" />
        <Key v="Before" t="String" n="Trig" />
      </Data>
      <Data n="20207220177484e">
        <Key v="20205410728894" t="String" n="$T" />
        <Key v="450,-100" t="Vector2" n="!$P" />
        <Key v="ef" t="String" n="!!Att" />
        <Key v="X20206583646370" t="String" n="Att" />
      </Data>
      <Data n="20207220178747e">
        <Key v="20205344030099" t="String" n="$T" />
        <Key v="700,-100" t="Vector2" n="!$P" />
        <Key v="add" t="String" n="Mod" />
        <Key v="1" t="Decimal" n="Val" />
        <Key v="0" t="String" n="!UV" />
        <Key v="1" t="Int32" n="!K" />
        <Key v="1" t="Int32" n="!NP" />
        <Key v="str" t="String" n="!!Att" />
        <Key v="X20207136324740" t="String" n="Att" />
      </Data>
      <Data n="20207136751600e">
        <Key v="20205484464552" t="String" n="$T" />
        <Key v="200,-250" t="Vector2" n="!$P" />
        <Key v="1" t="Int32" n="!IT" />
        <Key v="Apply" t="String" n="Trig" />
      </Data>
      <Data n="20207136768389e">
        <Key v="20205484483351" t="String" n="$T" />
        <Key v="450,-250" t="Vector2" n="!$P" />
        <Key v="cg1" t="String" n="!BA" />
        <Key v="Cancel" t="String" n="Act" />
      </Data>
      <Data n="20207519887775e">
        <Key v="20205502245113" t="String" n="$T" />
        <Key v="700,-250" t="Vector2" n="!$P" />
        <Key v="DE" t="String" n="Typ" />
        <Key v="Rem" t="String" n="Act" />
        <Key v="str" t="String" n="!!Eff" />
        <Key v="X20207136324740" t="String" n="Eff" />
      </Data>
    </Data>
    <Data n="$Conns">
      <Data n="20207136751604c">
        <Key v="20207136751600e" t="String" n="$E" />
      </Data>
      <Data n="20207136756696c">
        <Key v="20207136753109e" t="String" n="$E" />
      </Data>
      <Data n="20207136768394c">
        <Key v="20207136751600e" t="String" n="$S" />
        <Key v="20207136768389e" t="String" n="$E" />
      </Data>
      <Data n="20207209411128c">
        <Key v="20207209410782e" t="String" n="$E" />
      </Data>
      <Data n="20207209718605c">
        <Key v="20207136753109e" t="String" n="$S" />
        <Key v="20207209718175e" t="String" n="$E" />
      </Data>
      <Data n="20207220175866c">
        <Key v="20207220175490e" t="String" n="$E" />
      </Data>
      <Data n="20207220177488c">
        <Key v="20207220175490e" t="String" n="$S" />
        <Key v="20207220177484e" t="String" n="$E" />
      </Data>
      <Data n="20207220179265c">
        <Key v="20207220177484e" t="String" n="$S" />
        <Key v="20207220178747e" t="String" n="$E" />
      </Data>
      <Data n="20207429208480c">
        <Key v="20207429208476e" t="String" n="$E" />
      </Data>
      <Data n="20207429210110c">
        <Key v="20207429208476e" t="String" n="$S" />
        <Key v="20207429209768e" t="String" n="$E" />
      </Data>
      <Data n="20207429211870c">
        <Key v="20207429209768e" t="String" n="$S" />
        <Key v="20207429211866e" t="String" n="$E" />
      </Data>
      <Data n="20207519887780c">
        <Key v="20207136768389e" t="String" n="$S" />
        <Key v="20207519887775e" t="String" n="$E" />
      </Data>
      <Data n="20207520007964c">
        <Key v="20207209718175e" t="String" n="$S" />
        <Key v="20207520007959e" t="String" n="$E" />
      </Data>
    </Data>
  </Data>
</DataRoot>