﻿<?xml version="1.0" encoding="utf-8"?>
<DataRoot n="X">
  <Data n="20207283191733">
    <Data n="$Elems">
      <Data n="20207091437219e">
        <Key v="20207091356882" t="String" n="$T" />
        <Key v="200,200" t="Vector2" n="!$P" />
        <Key v="Fire" t="String" n="Cst" />
        <Key v="2" t="Int32" n="Val" />
      </Data>
      <Data n="20207091558625e">
        <Key v="20207091356882" t="String" n="$T" />
        <Key v="450,200" t="Vector2" n="!$P" />
        <Key v="AB" t="String" n="Cst" />
        <Key v="5" t="Int32" n="Val" />
      </Data>
      <Data n="20207091566206e">
        <Key v="20207091356882" t="String" n="$T" />
        <Key v="700,200" t="Vector2" n="!$P" />
        <Key v="Mana" t="String" n="Cst" />
        <Key v="8" t="Int32" n="Val" />
      </Data>
      <Data n="20207088737777e">
        <Key v="20205484464552" t="String" n="$T" />
        <Key v="200,100" t="Vector2" n="!$P" />
        <Key v="Battle" t="String" n="Cond" />
      </Data>
      <Data n="20207119693022e">
        <Key v="20207116075055" t="String" n="$T" />
        <Key v="500,100" t="Vector2" n="!$P" />
        <Key v="Weapon" t="String" n="DmgT" />
        <Key v="1" t="Int32" n="!IsD" />
        <Key v="2" t="Int32" n="Dice" />
        <Key v="1" t="Int32" n="Pent" />
        <Key v="6" t="Int32" n="DTyp" />
        <Key v="Enemy,Obj,Hex,Ally,Party" t="String" n="Trg" />
        <Key v="1" t="Int32" n="IsP" />
        <Key v="0" t="Int32" n="Bns" />
        <Key v="10" t="Int32" n="MaxRng" />
        <Key v="2" t="Int32" n="MinRng" />
        <Key v="1" t="Int32" n="Mss" />
        <Key v="Hx1" t="String" n="Area" />
      </Data>
      <Data n="20207088757144e">
        <Key v="20205502245113" t="String" n="$T" />
        <Key v="800,100" t="Vector2" n="!$P" />
        <Key v="DE" t="String" n="Typ" />
        <Key v="2" t="Int32" n="PI" />
        <Key v="Cre" t="String" n="Act" />
        <Key v="X20207235590334" t="String" n="Eff" />
        <Key v="pro" t="String" n="!!Eff" />
      </Data>
      <Data n="20207283318218e">
        <Key v="20205502245113" t="String" n="$T" />
        <Key v="1050,100" t="Vector2" n="!$P" />
        <Key v="DE" t="String" n="Typ" />
        <Key v="3" t="Int32" n="PI" />
        <Key v="Cre" t="String" n="Act" />
        <Key v="X20207122236084" t="String" n="Eff" />
        <Key v="pop" t="String" n="!!Eff" />
      </Data>
      <Data n="20207283370747e">
        <Key v="20205484483351" t="String" n="$T" />
        <Key v="1300,100" t="Vector2" n="!$P" />
        <Key v="cg1" t="String" n="!BA" />
        <Key v="Heat" t="String" n="Act" />
      </Data>
      <Data n="20207283379021e">
        <Key v="20205484483351" t="String" n="$T" />
        <Key v="1550,100" t="Vector2" n="!$P" />
        <Key v="cg1" t="String" n="!BA" />
        <Key v="Ignite" t="String" n="Act" />
      </Data>
      <Data n="20207091610265e">
        <Key v="20205410728894" t="String" n="$T" />
        <Key v="200,-200" t="Vector2" n="!$P" />
        <Key v="1" t="Int32" n="!IV" />
        <Key v="0" t="Int32" n="V" />
      </Data>
      <Data n="20207091632497e">
        <Key v="20205344030099" t="String" n="$T" />
        <Key v="700,-200" t="Vector2" n="!$P" />
        <Key v="add" t="String" n="Mod" />
        <Key v="0.5" t="Decimal" n="Val" />
        <Key v="2" t="String" n="!UV" />
        <Key v="Fire" t="String" n="Key" />
      </Data>
      <Data n="20207091653662e">
        <Key v="20205484483351" t="String" n="$T" />
        <Key v="950,-200" t="Vector2" n="!$P" />
        <Key v="sa1" t="String" n="X" />
      </Data>
      <Data n="20207283299076e">
        <Key v="20205344030099" t="String" n="$T" />
        <Key v="450,-200" t="Vector2" n="!$P" />
        <Key v="add" t="String" n="Mod" />
        <Key v="6" t="Decimal" n="Val" />
        <Key v="0" t="String" n="!UV" />
      </Data>
      <Data n="20207091625404e">
        <Key v="20205410728894" t="String" n="$T" />
        <Key v="200,-300" t="Vector2" n="!$P" />
        <Key v="1" t="Int32" n="!IV" />
        <Key v="1" t="Int32" n="V" />
      </Data>
      <Data n="20207091657444e">
        <Key v="20205344030099" t="String" n="$T" />
        <Key v="450,-300" t="Vector2" n="!$P" />
        <Key v="add" t="String" n="Mod" />
        <Key v="40" t="Decimal" n="Val" />
        <Key v="0" t="String" n="!UV" />
      </Data>
      <Data n="20207091629958e">
        <Key v="20205410728894" t="String" n="$T" />
        <Key v="200,-400" t="Vector2" n="!$P" />
        <Key v="1" t="Int32" n="!IV" />
        <Key v="2" t="Int32" n="V" />
      </Data>
      <Data n="20207091662770e">
        <Key v="20205344030099" t="String" n="$T" />
        <Key v="450,-400" t="Vector2" n="!$P" />
        <Key v="set" t="String" n="Mod" />
        <Key v="0" t="Decimal" n="Val" />
        <Key v="0" t="String" n="!UV" />
      </Data>
      <Data n="20207120890451e">
        <Key v="20205410728894" t="String" n="$T" />
        <Key v="200,-500" t="Vector2" n="!$P" />
        <Key v="1" t="Int32" n="!IV" />
        <Key v="3" t="Int32" n="V" />
      </Data>
      <Data n="20207120890763e">
        <Key v="20205344030099" t="String" n="$T" />
        <Key v="450,-500" t="Vector2" n="!$P" />
        <Key v="add" t="String" n="Mod" />
        <Key v="0.2" t="Decimal" n="Val" />
        <Key v="2" t="String" n="!UV" />
        <Key v="Punct" t="String" n="Key" />
      </Data>
      <Data n="20207283329090e">
        <Key v="20205484483351" t="String" n="$T" />
        <Key v="700,-500" t="Vector2" n="!$P" />
        <Key v="sa1" t="String" n="X" />
      </Data>
      <Data n="20207121455644e">
        <Key v="20205410801114" t="String" n="$T" />
        <Key v="300,-700" t="Vector2" n="!$P" />
      </Data>
    </Data>
    <Data n="$Conns">
      <Data n="20207283238153c">
        <Key v="20207119693022e" t="String" n="$S" />
        <Key v="20207088757144e" t="String" n="$E" />
      </Data>
      <Data n="20207088738278c">
        <Key v="20207088737777e" t="String" n="$E" />
      </Data>
      <Data n="20207091437698c">
        <Key v="20207091437219e" t="String" n="$E" />
      </Data>
      <Data n="20207091565010c">
        <Key v="20207091437219e" t="String" n="$S" />
        <Key v="20207091558625e" t="String" n="$E" />
      </Data>
      <Data n="20207091566210c">
        <Key v="20207091558625e" t="String" n="$S" />
        <Key v="20207091566206e" t="String" n="$E" />
      </Data>
      <Data n="20207091612372c">
        <Key v="20207091610265e" t="String" n="$E" />
      </Data>
      <Data n="20207091628982c">
        <Key v="20207091625404e" t="String" n="$E" />
      </Data>
      <Data n="20207091631188c">
        <Key v="20207091629958e" t="String" n="$E" />
      </Data>
      <Data n="20207283300244c">
        <Key v="20207091610265e" t="String" n="$S" />
        <Key v="20207283299076e" t="String" n="$E" />
      </Data>
      <Data n="20207122630195c">
        <Key v="20207091625404e" t="String" n="$S" />
        <Key v="20207091657444e" t="String" n="$E" />
      </Data>
      <Data n="20207283318698c">
        <Key v="20207088757144e" t="String" n="$S" />
        <Key v="20207283318218e" t="String" n="$E" />
      </Data>
      <Data n="20207091653666c">
        <Key v="20207091632497e" t="String" n="$S" />
        <Key v="20207091653662e" t="String" n="$E" />
      </Data>
      <Data n="20207091662774c">
        <Key v="20207091629958e" t="String" n="$S" />
        <Key v="20207091662770e" t="String" n="$E" />
      </Data>
      <Data n="20207120390539c">
        <Key v="20207088737777e" t="String" n="$S" />
        <Key v="20207119693022e" t="String" n="$E" />
      </Data>
      <Data n="20207120891189c">
        <Key v="20207120890451e" t="String" n="$S" />
        <Key v="20207120890763e" t="String" n="$E" />
      </Data>
      <Data n="20207120891718c">
        <Key v="20207120890451e" t="String" n="$E" />
      </Data>
      <Data n="20207283329582c">
        <Key v="20207120890763e" t="String" n="$S" />
        <Key v="20207283329090e" t="String" n="$E" />
      </Data>
      <Data n="20207121456299c">
        <Key v="20207121455644e" t="String" n="$E" />
      </Data>
      <Data n="20207283379459c">
        <Key v="20207283370747e" t="String" n="$S" />
        <Key v="20207283379021e" t="String" n="$E" />
      </Data>
      <Data n="20207283370751c">
        <Key v="20207283318218e" t="String" n="$S" />
        <Key v="20207283370747e" t="String" n="$E" />
      </Data>
      <Data n="20207283300423c">
        <Key v="20207283299076e" t="String" n="$S" />
        <Key v="20207091632497e" t="String" n="$E" />
      </Data>
    </Data>
  </Data>
</DataRoot>