﻿<?xml version="1.0" encoding="utf-8"?>
<DataRoot n="X">
  <Data n="20207136859194">
    <Data n="$Elems">
      <Data n="20207088811254e">
        <Key v="20205344030099" t="String" n="$T" />
        <Key v="750,150" t="Vector2" n="!$P" />
        <Key v="add" t="String" n="Mod" />
        <Key v="-25" t="Decimal" n="Val" />
        <Key v="0" t="String" n="!UV" />
      </Data>
      <Data n="20207088788863e">
        <Key v="20205410728894" t="String" n="$T" />
        <Key v="200,150" t="Vector2" n="!$P" />
        <Key v="1" t="Int32" n="!IC" />
        <Key v="Tb" t="String" n="Typ" />
      </Data>
      <Data n="20207088810466e">
        <Key v="20205410728894" t="String" n="$T" />
        <Key v="500,150" t="Vector2" n="!$P" />
        <Key v="ochr" t="String" n="!!Att" />
        <Key v="X20205339177495" t="String" n="Att" />
      </Data>
      <Data n="20207136886551e">
        <Key v="20205410728894" t="String" n="$T" />
        <Key v="500,50" t="Vector2" n="!$P" />
        <Key v="ša" t="String" n="!!Att" />
        <Key v="X20205339195764" t="String" n="Att" />
      </Data>
      <Data n="20207136891835e">
        <Key v="20205344030099" t="String" n="$T" />
        <Key v="750,50" t="Vector2" n="!$P" />
        <Key v="add" t="String" n="Mod" />
        <Key v="-5" t="Decimal" n="Val" />
        <Key v="0" t="String" n="!UV" />
        <Key v="1" t="Int32" n="PL" />
      </Data>
      <Data n="20207136459749e">
        <Key v="20205502245113" t="String" n="$T" />
        <Key v="200,0" t="Vector2" n="!$P" />
        <Key v="SL" t="String" n="Typ" />
        <Key v="React" t="String" n="X" />
        <Key v="1" t="Int32" n="D" />
      </Data>
      <Data n="20207188779360e">
        <Key v="20205484464552" t="String" n="$T" />
        <Key v="200,-150" t="Vector2" n="!$P" />
        <Key v="1" t="Int32" n="!IF" />
        <Key v="1" t="Int32" n="!IT" />
        <Key v="Apply" t="String" n="Trig" />
      </Data>
      <Data n="20207188781133e">
        <Key v="20205484483351" t="String" n="$T" />
        <Key v="450,-150" t="Vector2" n="!$P" />
        <Key v="cg1" t="String" n="!BA" />
        <Key v="Cancel" t="String" n="Act" />
      </Data>
      <Data n="20207137003437e">
        <Key v="20205344030099" t="String" n="$T" />
        <Key v="950,-250" t="Vector2" n="!$P" />
        <Key v="add" t="String" n="Mod" />
        <Key v="1" t="Decimal" n="Val" />
        <Key v="0" t="String" n="!UV" />
      </Data>
      <Data n="20207136899479e">
        <Key v="20205484464552" t="String" n="$T" />
        <Key v="200,-250" t="Vector2" n="!$P" />
        <Key v="1" t="Int32" n="!IT" />
        <Key v="CostAttack" t="String" n="Trig" />
      </Data>
      <Data n="20207137005609e">
        <Key v="20205410728894" t="String" n="$T" />
        <Key v="700,-250" t="Vector2" n="!$P" />
        <Key v="1" t="Int32" n="!IC" />
        <Key v="Tc" t="String" n="Typ" />
      </Data>
      <Data n="20207137010355e">
        <Key v="20205410728894" t="String" n="$T" />
        <Key v="450,-250" t="Vector2" n="!$P" />
        <Key v="akč" t="String" n="!!Att" />
        <Key v="X20205337442439" t="String" n="Att" />
      </Data>
      <Data n="20207091416067e">
        <Key v="20205410801114" t="String" n="$T" />
        <Key v="250,-400" t="Vector2" n="!$P" />
      </Data>
    </Data>
    <Data n="$Conns">
      <Data n="20207088789222c">
        <Key v="20207088788863e" t="String" n="$E" />
      </Data>
      <Data n="20207088810470c">
        <Key v="20207088788863e" t="String" n="$S" />
        <Key v="20207088810466e" t="String" n="$E" />
      </Data>
      <Data n="20207091418215c">
        <Key v="20207088810466e" t="String" n="$S" />
        <Key v="20207088811254e" t="String" n="$E" />
      </Data>
      <Data n="20207137049685c">
        <Key v="20207137005609e" t="String" n="$S" />
        <Key v="20207137003437e" t="String" n="$E" />
      </Data>
      <Data n="20207091416888c">
        <Key v="20207091416067e" t="String" n="$E" />
      </Data>
      <Data n="20207136899483c">
        <Key v="20207136899479e" t="String" n="$E" />
      </Data>
      <Data n="20207136459755c">
        <Key v="20207136459749e" t="String" n="$E" />
      </Data>
      <Data n="20207136886555c">
        <Key v="20207088788863e" t="String" n="$S" />
        <Key v="20207136886551e" t="String" n="$E" />
      </Data>
      <Data n="20207136891839c">
        <Key v="20207136886551e" t="String" n="$S" />
        <Key v="20207136891835e" t="String" n="$E" />
      </Data>
      <Data n="20207137048568c">
        <Key v="20207137010355e" t="String" n="$S" />
        <Key v="20207137005609e" t="String" n="$E" />
      </Data>
      <Data n="20207137048288c">
        <Key v="20207136899479e" t="String" n="$S" />
        <Key v="20207137010355e" t="String" n="$E" />
      </Data>
      <Data n="20207188779364c">
        <Key v="20207188779360e" t="String" n="$E" />
      </Data>
      <Data n="20207188781137c">
        <Key v="20207188779360e" t="String" n="$S" />
        <Key v="20207188781133e" t="String" n="$E" />
      </Data>
    </Data>
  </Data>
</DataRoot>