﻿<?xml version="1.0" encoding="utf-8"?>
<DataRoot n="X">
  <Data n="20206402135627">
    <Key v="-527,272" t="Vector2" n="!$MP" />
    <Key v="1,1,1" t="Vector3" n="!$MZ" />
    <Data n="$Elems">
      <Data n="20205484702614e">
        <Key v="20205410728894" t="String" n="$T" />
        <Key v="200,200" t="Vector2" n="!$P" />
        <Key v="síla" t="String" n="!!Att" />
        <Key v="X20205337269344" t="String" n="Att" />
        <Key v="1" t="Int32" n="BO" />
      </Data>
      <Data n="20205484745213e">
        <Key v="20205344030099" t="String" n="$T" />
        <Key v="700,200" t="Vector2" n="!$P" />
        <Key v="add" t="String" n="Mod" />
        <Key v="8" t="Decimal" n="Val" />
      </Data>
      <Data n="20205484745701e">
        <Key v="20205344030099" t="String" n="$T" />
        <Key v="1200,200" t="Vector2" n="!$P" />
        <Key v="add" t="String" n="Mod" />
        <Key v="18" t="Decimal" n="Val" />
      </Data>
      <Data n="20205515686689e">
        <Key v="20205410728894" t="String" n="$T" />
        <Key v="950,200" t="Vector2" n="!$P" />
        <Key v="1" t="Int32" n="!IC" />
        <Key v="Tm" t="String" n="Typ" />
      </Data>
      <Data n="20205529742018e">
        <Key v="20205410728894" t="String" n="$T" />
        <Key v="450,200" t="Vector2" n="!$P" />
        <Key v="1" t="Int32" n="!IC" />
        <Key v="Tb" t="String" n="Typ" />
      </Data>
      <Data n="20205484765451e">
        <Key v="20205410728894" t="String" n="$T" />
        <Key v="200,100" t="Vector2" n="!$P" />
        <Key v="obr" t="String" n="!!Att" />
        <Key v="X20205337370397" t="String" n="Att" />
        <Key v="1" t="Int32" n="BO" />
      </Data>
      <Data n="20205484768821e">
        <Key v="20205344030099" t="String" n="$T" />
        <Key v="700,100" t="Vector2" n="!$P" />
        <Key v="add" t="String" n="Mod" />
        <Key v="1" t="Decimal" n="Val" />
      </Data>
      <Data n="20205484769146e">
        <Key v="20205344030099" t="String" n="$T" />
        <Key v="1200,100" t="Vector2" n="!$P" />
        <Key v="add" t="String" n="Mod" />
        <Key v="11" t="Decimal" n="Val" />
      </Data>
      <Data n="20205515689675e">
        <Key v="20205410728894" t="String" n="$T" />
        <Key v="950,100" t="Vector2" n="!$P" />
        <Key v="1" t="Int32" n="!IC" />
        <Key v="Tm" t="String" n="Typ" />
      </Data>
      <Data n="20205529871166e">
        <Key v="20205410728894" t="String" n="$T" />
        <Key v="450,100" t="Vector2" n="!$P" />
        <Key v="1" t="Int32" n="!IC" />
        <Key v="Tb" t="String" n="Typ" />
      </Data>
      <Data n="20205484770593e">
        <Key v="20205410728894" t="String" n="$T" />
        <Key v="200,0" t="Vector2" n="!$P" />
        <Key v="odo" t="String" n="!!Att" />
        <Key v="X20205337374305" t="String" n="Att" />
        <Key v="1" t="Int32" n="BO" />
      </Data>
      <Data n="20205484773066e">
        <Key v="20205344030099" t="String" n="$T" />
        <Key v="700,0" t="Vector2" n="!$P" />
        <Key v="add" t="String" n="Mod" />
        <Key v="10" t="Decimal" n="Val" />
      </Data>
      <Data n="20205484774484e">
        <Key v="20205344030099" t="String" n="$T" />
        <Key v="1200,0" t="Vector2" n="!$P" />
        <Key v="add" t="String" n="Mod" />
        <Key v="20" t="Decimal" n="Val" />
      </Data>
      <Data n="20205515691251e">
        <Key v="20205410728894" t="String" n="$T" />
        <Key v="950,0" t="Vector2" n="!$P" />
        <Key v="1" t="Int32" n="!IC" />
        <Key v="Tm" t="String" n="Typ" />
      </Data>
      <Data n="20205529871254e">
        <Key v="20205410728894" t="String" n="$T" />
        <Key v="450,0" t="Vector2" n="!$P" />
        <Key v="1" t="Int32" n="!IC" />
        <Key v="Tb" t="String" n="Typ" />
      </Data>
      <Data n="20205484770914e">
        <Key v="20205410728894" t="String" n="$T" />
        <Key v="200,-100" t="Vector2" n="!$P" />
        <Key v="int" t="String" n="!!Att" />
        <Key v="X20205337377236" t="String" n="Att" />
        <Key v="1" t="Int32" n="BO" />
      </Data>
      <Data n="20205484773379e">
        <Key v="20205344030099" t="String" n="$T" />
        <Key v="700,-100" t="Vector2" n="!$P" />
        <Key v="add" t="String" n="Mod" />
        <Key v="2" t="Decimal" n="Val" />
        <Key v="0" t="String" n="!UV" />
      </Data>
      <Data n="20205484774776e">
        <Key v="20205344030099" t="String" n="$T" />
        <Key v="1200,-100" t="Vector2" n="!$P" />
        <Key v="add" t="String" n="Mod" />
        <Key v="12" t="Decimal" n="Val" />
        <Key v="0" t="String" n="!UV" />
      </Data>
      <Data n="20205515691422e">
        <Key v="20205410728894" t="String" n="$T" />
        <Key v="950,-100" t="Vector2" n="!$P" />
        <Key v="1" t="Int32" n="!IC" />
        <Key v="Tm" t="String" n="Typ" />
      </Data>
      <Data n="20205529873664e">
        <Key v="20205410728894" t="String" n="$T" />
        <Key v="450,-100" t="Vector2" n="!$P" />
        <Key v="1" t="Int32" n="!IC" />
        <Key v="Tb" t="String" n="Typ" />
      </Data>
      <Data n="20205484771231e">
        <Key v="20205410728894" t="String" n="$T" />
        <Key v="200,-200" t="Vector2" n="!$P" />
        <Key v="oso" t="String" n="!!Att" />
        <Key v="X20205337380698" t="String" n="Att" />
        <Key v="1" t="Int32" n="BO" />
      </Data>
      <Data n="20205484774122e">
        <Key v="20205344030099" t="String" n="$T" />
        <Key v="700,-200" t="Vector2" n="!$P" />
        <Key v="add" t="String" n="Mod" />
        <Key v="4" t="Decimal" n="Val" />
        <Key v="0" t="String" n="!UV" />
      </Data>
      <Data n="20205484775264e">
        <Key v="20205344030099" t="String" n="$T" />
        <Key v="1200,-200" t="Vector2" n="!$P" />
        <Key v="add" t="String" n="Mod" />
        <Key v="14" t="Decimal" n="Val" />
        <Key v="0" t="String" n="!UV" />
      </Data>
      <Data n="20205515691530e">
        <Key v="20205410728894" t="String" n="$T" />
        <Key v="950,-200" t="Vector2" n="!$P" />
        <Key v="1" t="Int32" n="!IC" />
        <Key v="Tm" t="String" n="Typ" />
      </Data>
      <Data n="20205529873960e">
        <Key v="20205410728894" t="String" n="$T" />
        <Key v="450,-200" t="Vector2" n="!$P" />
        <Key v="1" t="Int32" n="!IC" />
        <Key v="Tb" t="String" n="Typ" />
      </Data>
      <Data n="20205502311207e">
        <Key v="20205502245113" t="String" n="$T" />
        <Key v="200,-350" t="Vector2" n="!$P" />
        <Key v="DP" t="String" n="Typ" />
        <Key v="X20206395223293,X20206394790170,X20206402293587" t="String" n="Eff" />
      </Data>
      <Data n="20206402302703e">
        <Key v="20205502245113" t="String" n="$T" />
        <Key v="450,-350" t="Vector2" n="!$P" />
        <Key v="DP" t="String" n="Typ" />
        <Key v="X20206395180560,X20206395059561" t="String" n="Eff" />
      </Data>
    </Data>
    <Data n="$Conns">
      <Data n="20205529865274c">
        <Key v="20205484702614e" t="String" n="$E" />
      </Data>
      <Data n="20205515690009c">
        <Key v="20205484768821e" t="String" n="$S" />
        <Key v="20205515689675e" t="String" n="$E" />
      </Data>
      <Data n="20205529862547c">
        <Key v="20205484702614e" t="String" n="$S" />
        <Key v="20205529742018e" t="String" n="$E" />
      </Data>
      <Data n="20205529868264c">
        <Key v="20205484770593e" t="String" n="$E" />
      </Data>
      <Data n="20205515693462c">
        <Key v="20205515691422e" t="String" n="$S" />
        <Key v="20205484774776e" t="String" n="$E" />
      </Data>
      <Data n="20205529862742c">
        <Key v="20205529742018e" t="String" n="$S" />
        <Key v="20205484745213e" t="String" n="$E" />
      </Data>
      <Data n="20205529865749c">
        <Key v="20205484765451e" t="String" n="$E" />
      </Data>
      <Data n="20205529868739c">
        <Key v="20205484770914e" t="String" n="$E" />
      </Data>
      <Data n="20205515693286c">
        <Key v="20205484773379e" t="String" n="$S" />
        <Key v="20205515691422e" t="String" n="$E" />
      </Data>
      <Data n="20205515693082c">
        <Key v="20205515691251e" t="String" n="$S" />
        <Key v="20205484774484e" t="String" n="$E" />
      </Data>
      <Data n="20205515692865c">
        <Key v="20205484773066e" t="String" n="$S" />
        <Key v="20205515691251e" t="String" n="$E" />
      </Data>
      <Data n="20205529873164c">
        <Key v="20205484770593e" t="String" n="$S" />
        <Key v="20205529871254e" t="String" n="$E" />
      </Data>
      <Data n="20205529874302c">
        <Key v="20205484771231e" t="String" n="$S" />
        <Key v="20205529873960e" t="String" n="$E" />
      </Data>
      <Data n="20205529874465c">
        <Key v="20205484770914e" t="String" n="$S" />
        <Key v="20205529873664e" t="String" n="$E" />
      </Data>
      <Data n="20205502312329c">
        <Key v="20205502311207e" t="String" n="$E" />
      </Data>
      <Data n="20205515687144c">
        <Key v="20205484745213e" t="String" n="$S" />
        <Key v="20205515686689e" t="String" n="$E" />
      </Data>
      <Data n="20205515687394c">
        <Key v="20205515686689e" t="String" n="$S" />
        <Key v="20205484745701e" t="String" n="$E" />
      </Data>
      <Data n="20205515690201c">
        <Key v="20205515689675e" t="String" n="$S" />
        <Key v="20205484769146e" t="String" n="$E" />
      </Data>
      <Data n="20205515693875c">
        <Key v="20205484774122e" t="String" n="$S" />
        <Key v="20205515691530e" t="String" n="$E" />
      </Data>
      <Data n="20205515694066c">
        <Key v="20205515691530e" t="String" n="$S" />
        <Key v="20205484775264e" t="String" n="$E" />
      </Data>
      <Data n="20205529872092c">
        <Key v="20205484765451e" t="String" n="$S" />
        <Key v="20205529871166e" t="String" n="$E" />
      </Data>
      <Data n="20205529869336c">
        <Key v="20205484771231e" t="String" n="$E" />
      </Data>
      <Data n="20205529872284c">
        <Key v="20205529871166e" t="String" n="$S" />
        <Key v="20205484768821e" t="String" n="$E" />
      </Data>
      <Data n="20205529874640c">
        <Key v="20205529871254e" t="String" n="$S" />
        <Key v="20205484773066e" t="String" n="$E" />
      </Data>
      <Data n="20205529874840c">
        <Key v="20205529873664e" t="String" n="$S" />
        <Key v="20205484773379e" t="String" n="$E" />
      </Data>
      <Data n="20205529875516c">
        <Key v="20205529873960e" t="String" n="$S" />
        <Key v="20205484774122e" t="String" n="$E" />
      </Data>
      <Data n="20206402302707c">
        <Key v="20205502311207e" t="String" n="$S" />
        <Key v="20206402302703e" t="String" n="$E" />
      </Data>
    </Data>
  </Data>
</DataRoot>