﻿<?xml version="1.0" encoding="utf-8"?>
<DataRoot n="X">
  <Data n="20207208191363">
    <Data n="$Elems">
      <Data n="20207121455644e">
        <Key v="20205410801114" t="String" n="$T" />
        <Key v="300,500" t="Vector2" n="!$P" />
      </Data>
      <Data n="20207091437219e">
        <Key v="20207091356882" t="String" n="$T" />
        <Key v="200,200" t="Vector2" n="!$P" />
        <Key v="Air" t="String" n="Cst" />
        <Key v="1" t="Int32" n="Val" />
      </Data>
      <Data n="20207091558625e">
        <Key v="20207091356882" t="String" n="$T" />
        <Key v="450,200" t="Vector2" n="!$P" />
        <Key v="AB" t="String" n="Cst" />
        <Key v="4" t="Int32" n="Val" />
      </Data>
      <Data n="20207091566206e">
        <Key v="20207091356882" t="String" n="$T" />
        <Key v="700,200" t="Vector2" n="!$P" />
        <Key v="Mana" t="String" n="Cst" />
        <Key v="5" t="Int32" n="Val" />
      </Data>
      <Data n="20207088737777e">
        <Key v="20205484464552" t="String" n="$T" />
        <Key v="200,100" t="Vector2" n="!$P" />
        <Key v="Battle" t="String" n="Cond" />
      </Data>
      <Data n="20207119693022e">
        <Key v="20207116075055" t="String" n="$T" />
        <Key v="500,100" t="Vector2" n="!$P" />
        <Key v="Weapon" t="String" n="DmgT" />
        <Key v="1" t="Int32" n="!IsD" />
        <Key v="4" t="Int32" n="Dice" />
        <Key v="0" t="Int32" n="Pent" />
        <Key v="2" t="Int32" n="DTyp" />
        <Key v="Enemy,Obj,Ally,Party" t="String" n="Trg" />
        <Key v="1" t="Int32" n="IsP" />
        <Key v="1" t="Int32" n="MaxRng" />
        <Key v="1" t="Int32" n="MinRng" />
        <Key v="Hx1" t="String" n="Area" />
      </Data>
      <Data n="20207088757144e">
        <Key v="20205502245113" t="String" n="$T" />
        <Key v="850,100" t="Vector2" n="!$P" />
        <Key v="DE" t="String" n="Typ" />
        <Key v="1" t="Int32" n="PI" />
        <Key v="Cre" t="String" n="Act" />
        <Key v="X20207122660084" t="String" n="Eff" />
      </Data>
      <Data n="20207208405984e">
        <Key v="20205484483351" t="String" n="$T" />
        <Key v="1600,100" t="Vector2" n="!$P" />
        <Key v="cg1" t="String" n="!BA" />
        <Key v="Knockback" t="String" n="Act" />
        <Key v="2" t="Decimal" n="Var" />
      </Data>
      <Data n="20207208811438e">
        <Key v="20205502245113" t="String" n="$T" />
        <Key v="1100,100" t="Vector2" n="!$P" />
        <Key v="DE" t="String" n="Typ" />
        <Key v="Cre" t="String" n="Act" />
        <Key v="X20207208823423" t="String" n="Eff" />
        <Key v="ka" t="String" n="!!Eff" />
      </Data>
      <Data n="20207209119069e">
        <Key v="20205484483351" t="String" n="$T" />
        <Key v="1350,100" t="Vector2" n="!$P" />
        <Key v="cg1" t="String" n="!BA" />
        <Key v="Interrupt" t="String" n="Act" />
      </Data>
      <Data n="20207091625404e">
        <Key v="20205410728894" t="String" n="$T" />
        <Key v="200,-150" t="Vector2" n="!$P" />
        <Key v="1" t="Int32" n="!IV" />
        <Key v="0" t="Int32" n="V" />
      </Data>
      <Data n="20207091657444e">
        <Key v="20205344030099" t="String" n="$T" />
        <Key v="450,-150" t="Vector2" n="!$P" />
        <Key v="add" t="String" n="Mod" />
        <Key v="100" t="Decimal" n="Val" />
        <Key v="0" t="String" n="!UV" />
      </Data>
      <Data n="20207091610265e">
        <Key v="20205410728894" t="String" n="$T" />
        <Key v="200,-300" t="Vector2" n="!$P" />
        <Key v="1" t="Int32" n="!IV" />
        <Key v="1" t="Int32" n="V" />
      </Data>
      <Data n="20207091632497e">
        <Key v="20205344030099" t="String" n="$T" />
        <Key v="700,-300" t="Vector2" n="!$P" />
        <Key v="add" t="String" n="Mod" />
        <Key v="1" t="Decimal" n="Val" />
        <Key v="2" t="String" n="!UV" />
        <Key v="Air" t="String" n="Key" />
      </Data>
      <Data n="20207122550188e">
        <Key v="20205344030099" t="String" n="$T" />
        <Key v="450,-300" t="Vector2" n="!$P" />
        <Key v="add" t="String" n="Mod" />
        <Key v="1" t="Decimal" n="Val" />
        <Key v="0" t="String" n="!UV" />
      </Data>
      <Data n="20207208411330e">
        <Key v="20205410728894" t="String" n="$T" />
        <Key v="200,-450" t="Vector2" n="!$P" />
        <Key v="1" t="Int32" n="!IV" />
        <Key v="2" t="Int32" n="V" />
      </Data>
      <Data n="20207208415046e">
        <Key v="20205344030099" t="String" n="$T" />
        <Key v="700,-450" t="Vector2" n="!$P" />
        <Key v="add" t="String" n="Mod" />
        <Key v="0.25" t="Decimal" n="Val" />
        <Key v="2" t="String" n="!UV" />
        <Key v="Air" t="String" n="Key" />
      </Data>
      <Data n="20207208420713e">
        <Key v="20205344030099" t="String" n="$T" />
        <Key v="450,-450" t="Vector2" n="!$P" />
        <Key v="add" t="String" n="Mod" />
        <Key v="2" t="Decimal" n="Val" />
        <Key v="0" t="String" n="!UV" />
      </Data>
    </Data>
    <Data n="$Conns">
      <Data n="20207119871231c">
        <Key v="20207119693022e" t="String" n="$S" />
        <Key v="20207088757144e" t="String" n="$E" />
      </Data>
      <Data n="20207088738278c">
        <Key v="20207088737777e" t="String" n="$E" />
      </Data>
      <Data n="20207091437698c">
        <Key v="20207091437219e" t="String" n="$E" />
      </Data>
      <Data n="20207091565010c">
        <Key v="20207091437219e" t="String" n="$S" />
        <Key v="20207091558625e" t="String" n="$E" />
      </Data>
      <Data n="20207091566210c">
        <Key v="20207091558625e" t="String" n="$S" />
        <Key v="20207091566206e" t="String" n="$E" />
      </Data>
      <Data n="20207091612372c">
        <Key v="20207091610265e" t="String" n="$E" />
      </Data>
      <Data n="20207091628982c">
        <Key v="20207091625404e" t="String" n="$E" />
      </Data>
      <Data n="20207208421172c">
        <Key v="20207208411330e" t="String" n="$S" />
        <Key v="20207208420713e" t="String" n="$E" />
      </Data>
      <Data n="20207122555476c">
        <Key v="20207091610265e" t="String" n="$S" />
        <Key v="20207122550188e" t="String" n="$E" />
      </Data>
      <Data n="20207120390539c">
        <Key v="20207088737777e" t="String" n="$S" />
        <Key v="20207119693022e" t="String" n="$E" />
      </Data>
      <Data n="20207122625821c">
        <Key v="20207091625404e" t="String" n="$S" />
        <Key v="20207091657444e" t="String" n="$E" />
      </Data>
      <Data n="20207208413152c">
        <Key v="20207208411330e" t="String" n="$E" />
      </Data>
      <Data n="20207121456299c">
        <Key v="20207121455644e" t="String" n="$E" />
      </Data>
      <Data n="20207208421372c">
        <Key v="20207208420713e" t="String" n="$S" />
        <Key v="20207208415046e" t="String" n="$E" />
      </Data>
      <Data n="20207122556623c">
        <Key v="20207122550188e" t="String" n="$S" />
        <Key v="20207091632497e" t="String" n="$E" />
      </Data>
      <Data n="20207208811996c">
        <Key v="20207088757144e" t="String" n="$S" />
        <Key v="20207208811438e" t="String" n="$E" />
      </Data>
      <Data n="20207209123940c">
        <Key v="20207208811438e" t="String" n="$S" />
        <Key v="20207209119069e" t="String" n="$E" />
      </Data>
      <Data n="20207209124861c">
        <Key v="20207209119069e" t="String" n="$S" />
        <Key v="20207208405984e" t="String" n="$E" />
      </Data>
    </Data>
  </Data>
</DataRoot>