﻿<?xml version="1.0" encoding="utf-8"?>
<DataRoot n="X">
  <Data n="20207216058695">
    <Data n="$Elems">
      <Data n="20207316437321e">
        <Key v="20205410728894" t="String" n="$T" />
        <Key v="200,200" t="Vector2" n="!$P" />
        <Key v="1" t="Int32" n="!IV" />
        <Key v="0" t="Int32" n="V" />
      </Data>
      <Data n="20207316439293e">
        <Key v="20205344030099" t="String" n="$T" />
        <Key v="450,200" t="Vector2" n="!$P" />
        <Key v="add" t="String" n="Mod" />
        <Key v="2" t="Decimal" n="Val" />
        <Key v="2" t="String" n="!UV" />
        <Key v="Power" t="String" n="Key" />
        <Key v="vr" t="String" n="!!Att" />
      </Data>
      <Data n="20207210503824e">
        <Key v="20205484464552" t="String" n="$T" />
        <Key v="200,50" t="Vector2" n="!$P" />
        <Key v="1" t="Int32" n="!IT" />
        <Key v="Before" t="String" n="Trig" />
      </Data>
      <Data n="20207210510367e">
        <Key v="20205410728894" t="String" n="$T" />
        <Key v="450,50" t="Vector2" n="!$P" />
        <Key v="ef" t="String" n="!!Att" />
        <Key v="X20206583646370" t="String" n="Att" />
      </Data>
      <Data n="20207210516965e">
        <Key v="20205344030099" t="String" n="$T" />
        <Key v="700,50" t="Vector2" n="!$P" />
        <Key v="add" t="String" n="Mod" />
        <Key v="1" t="Decimal" n="Val" />
        <Key v="0" t="String" n="!UV" />
        <Key v="1" t="Int32" n="!K" />
        <Key v="1" t="Int32" n="!NP" />
        <Key v="vr" t="String" n="!!Att" />
        <Key v="X20207122660084" t="String" n="Att" />
      </Data>
      <Data n="20207216086261e">
        <Key v="20205344030099" t="String" n="$T" />
        <Key v="900,50" t="Vector2" n="!$P" />
        <Key v="add" t="String" n="Mod" />
        <Key v="1" t="Decimal" n="Val" />
        <Key v="0" t="String" n="!UV" />
        <Key v="1" t="Int32" n="!K" />
        <Key v="1" t="Int32" n="!NP" />
        <Key v="om" t="String" n="!!Att" />
        <Key v="X20207135538815" t="String" n="Att" />
      </Data>
      <Data n="20207136143927e">
        <Key v="20205484464552" t="String" n="$T" />
        <Key v="200,-50" t="Vector2" n="!$P" />
        <Key v="1" t="Int32" n="!IT" />
        <Key v="Apply" t="String" n="Trig" />
      </Data>
      <Data n="20207216096203e">
        <Key v="20205484483351" t="String" n="$T" />
        <Key v="450,-50" t="Vector2" n="!$P" />
        <Key v="cg1" t="String" n="!BA" />
        <Key v="Disarm" t="String" n="Act" />
      </Data>
      <Data n="20207315368363e">
        <Key v="20205484464552" t="String" n="$T" />
        <Key v="200,-150" t="Vector2" n="!$P" />
        <Key v="1" t="Int32" n="!IT" />
        <Key v="Fail" t="String" n="Trig" />
      </Data>
      <Data n="20207315369122e">
        <Key v="20205502245113" t="String" n="$T" />
        <Key v="450,-150" t="Vector2" n="!$P" />
        <Key v="DE" t="String" n="Typ" />
        <Key v="Cre" t="String" n="Act" />
        <Key v="vr" t="String" n="!!Eff" />
        <Key v="X20207122660084" t="String" n="Eff" />
        <Key v="0" t="Int32" n="PI" />
      </Data>
    </Data>
    <Data n="$Conns">
      <Data n="20207216086670c">
        <Key v="20207210516965e" t="String" n="$S" />
        <Key v="20207216086261e" t="String" n="$E" />
      </Data>
      <Data n="20207136145938c">
        <Key v="20207136143927e" t="String" n="$E" />
      </Data>
      <Data n="20207216096683c">
        <Key v="20207136143927e" t="String" n="$S" />
        <Key v="20207216096203e" t="String" n="$E" />
      </Data>
      <Data n="20207210504375c">
        <Key v="20207210503824e" t="String" n="$E" />
      </Data>
      <Data n="20207210510371c">
        <Key v="20207210503824e" t="String" n="$S" />
        <Key v="20207210510367e" t="String" n="$E" />
      </Data>
      <Data n="20207210523721c">
        <Key v="20207210510367e" t="String" n="$S" />
        <Key v="20207210516965e" t="String" n="$E" />
      </Data>
      <Data n="20207315368771c">
        <Key v="20207315368363e" t="String" n="$E" />
      </Data>
      <Data n="20207315369655c">
        <Key v="20207315368363e" t="String" n="$S" />
        <Key v="20207315369122e" t="String" n="$E" />
      </Data>
      <Data n="20207316437821c">
        <Key v="20207316437321e" t="String" n="$E" />
      </Data>
      <Data n="20207316440119c">
        <Key v="20207316437321e" t="String" n="$S" />
        <Key v="20207316439293e" t="String" n="$E" />
      </Data>
    </Data>
  </Data>
</DataRoot>