﻿<?xml version="1.0" encoding="utf-8"?>
<DataRoot n="X">
  <Data n="20207208823423">
    <Data n="$Elems">
      <Data n="20207208835538e">
        <Key v="20207116075055" t="String" n="$T" />
        <Key v="450,50" t="Vector2" n="!$P" />
        <Key v="Weapon" t="String" n="DmgT" />
        <Key v="1" t="Int32" n="!IsD" />
        <Key v="2" t="Int32" n="Dice" />
        <Key v="0" t="Int32" n="Pent" />
        <Key v="2" t="Int32" n="DTyp" />
        <Key v="1" t="Int32" n="IsP" />
        <Key v="1" t="Int32" n="MaxRng" />
        <Key v="1" t="Int32" n="MinRng" />
        <Key v="1" t="Int32" n="Bns" />
      </Data>
      <Data n="20207208836276e">
        <Key v="20205484464552" t="String" n="$T" />
        <Key v="150,50" t="Vector2" n="!$P" />
        <Key v="1" t="Int32" n="!IT" />
        <Key v="Collide" t="String" n="Trig" />
      </Data>
      <Data n="20207208841314e">
        <Key v="20205502245113" t="String" n="$T" />
        <Key v="750,50" t="Vector2" n="!$P" />
        <Key v="DE" t="String" n="Typ" />
        <Key v="1" t="Int32" n="PI" />
        <Key v="Cre" t="String" n="Act" />
        <Key v="X20207122660084" t="String" n="Eff" />
      </Data>
      <Data n="20207209135612e">
        <Key v="20205484483351" t="String" n="$T" />
        <Key v="1000,50" t="Vector2" n="!$P" />
        <Key v="cg1" t="String" n="!BA" />
        <Key v="Interrupt" t="String" n="Act" />
      </Data>
      <Data n="20207208851948e">
        <Key v="20205410728894" t="String" n="$T" />
        <Key v="150,-50" t="Vector2" n="!$P" />
        <Key v="1" t="Int32" n="!IV" />
        <Key v="0" t="Int32" n="V" />
      </Data>
      <Data n="20207208854734e">
        <Key v="20205344030099" t="String" n="$T" />
        <Key v="400,-50" t="Vector2" n="!$P" />
        <Key v="add" t="String" n="Mod" />
        <Key v="100" t="Decimal" n="Val" />
        <Key v="0" t="String" n="!UV" />
      </Data>
      <Data n="20207208846051e">
        <Key v="20205344030099" t="String" n="$T" />
        <Key v="400,-150" t="Vector2" n="!$P" />
        <Key v="add" t="String" n="Mod" />
        <Key v="2" t="Decimal" n="Val" />
        <Key v="2" t="String" n="!UV" />
        <Key v="Distance" t="String" n="Key" />
      </Data>
      <Data n="20207208846818e">
        <Key v="20205410728894" t="String" n="$T" />
        <Key v="150,-150" t="Vector2" n="!$P" />
        <Key v="1" t="Int32" n="!IV" />
        <Key v="1" t="Int32" n="V" />
      </Data>
    </Data>
    <Data n="$Conns">
      <Data n="20207208836735c">
        <Key v="20207208836276e" t="String" n="$E" />
      </Data>
      <Data n="20207208837135c">
        <Key v="20207208836276e" t="String" n="$S" />
        <Key v="20207208835538e" t="String" n="$E" />
      </Data>
      <Data n="20207208841877c">
        <Key v="20207208835538e" t="String" n="$S" />
        <Key v="20207208841314e" t="String" n="$E" />
      </Data>
      <Data n="20207208848649c">
        <Key v="20207208846818e" t="String" n="$E" />
      </Data>
      <Data n="20207208849404c">
        <Key v="20207208846818e" t="String" n="$S" />
        <Key v="20207208846051e" t="String" n="$E" />
      </Data>
      <Data n="20207208852382c">
        <Key v="20207208851948e" t="String" n="$E" />
      </Data>
      <Data n="20207208855760c">
        <Key v="20207208851948e" t="String" n="$S" />
        <Key v="20207208854734e" t="String" n="$E" />
      </Data>
      <Data n="20207209135617c">
        <Key v="20207208841314e" t="String" n="$S" />
        <Key v="20207209135612e" t="String" n="$E" />
      </Data>
    </Data>
  </Data>
</DataRoot>