﻿<?xml version="1.0" encoding="utf-8"?>
<DataRoot n="X">
  <Data n="20207234008436">
    <Data n="$Elems">
      <Data n="20207135465981e">
        <Key v="20205502245113" t="String" n="$T" />
        <Key v="200,150" t="Vector2" n="!$P" />
        <Key v="DP" t="String" n="Typ" />
        <Key v="vyřaz" t="String" n="!!Eff" />
        <Key v="X20207135752198" t="String" n="Eff" />
      </Data>
      <Data n="20207209406428e">
        <Key v="20205484483351" t="String" n="$T" />
        <Key v="450,150" t="Vector2" n="!$P" />
        <Key v="cg2" t="String" n="!BA" />
        <Key v="para" t="String" n="!!Eff" />
        <Key v="X20207234008436" t="String" n="Eff" />
      </Data>
      <Data n="20207234026631e">
        <Key v="20205410728894" t="String" n="$T" />
        <Key v="200,50" t="Vector2" n="!$P" />
        <Key v="1" t="Int32" n="!IC" />
        <Key v="Tb" t="String" n="Typ" />
      </Data>
      <Data n="20207234027895e">
        <Key v="20205410728894" t="String" n="$T" />
        <Key v="450,50" t="Vector2" n="!$P" />
        <Key v="ochra" t="String" n="!!Att" />
        <Key v="X20205339179859" t="String" n="Att" />
      </Data>
      <Data n="20207234029884e">
        <Key v="20205344030099" t="String" n="$T" />
        <Key v="700,50" t="Vector2" n="!$P" />
        <Key v="add" t="String" n="Mod" />
        <Key v="50" t="Decimal" n="Val" />
        <Key v="0" t="String" n="!UV" />
      </Data>
      <Data n="20207234032353e">
        <Key v="20205484464552" t="String" n="$T" />
        <Key v="200,-100" t="Vector2" n="!$P" />
        <Key v="1" t="Int32" n="!IT" />
        <Key v="Before" t="String" n="Trig" />
      </Data>
      <Data n="20207234033454e">
        <Key v="20205344030099" t="String" n="$T" />
        <Key v="700,-100" t="Vector2" n="!$P" />
        <Key v="add" t="String" n="Mod" />
        <Key v="2" t="Decimal" n="Val" />
        <Key v="0" t="String" n="!UV" />
        <Key v="1" t="Int32" n="!K" />
        <Key v="1" t="Int32" n="!NP" />
        <Key v="vod" t="String" n="!!Att" />
        <Key v="X20207089544532" t="String" n="Att" />
      </Data>
      <Data n="20207234040039e">
        <Key v="20205344030099" t="String" n="$T" />
        <Key v="900,-100" t="Vector2" n="!$P" />
        <Key v="add" t="String" n="Mod" />
        <Key v="1" t="Decimal" n="Val" />
        <Key v="0" t="String" n="!UV" />
        <Key v="1" t="Int32" n="!K" />
        <Key v="1" t="Int32" n="!NP" />
        <Key v="prom" t="String" n="!!Att" />
        <Key v="X20207088763520" t="String" n="Att" />
      </Data>
      <Data n="20207234042858e">
        <Key v="20205344030099" t="String" n="$T" />
        <Key v="1100,-100" t="Vector2" n="!$P" />
        <Key v="add" t="String" n="Mod" />
        <Key v="-2" t="Decimal" n="Val" />
        <Key v="0" t="String" n="!UV" />
        <Key v="1" t="Int32" n="!K" />
        <Key v="1" t="Int32" n="!NP" />
        <Key v="naol" t="String" n="!!Att" />
        <Key v="X20207089549040" t="String" n="Att" />
      </Data>
      <Data n="20207234106597e">
        <Key v="20205410728894" t="String" n="$T" />
        <Key v="450,-100" t="Vector2" n="!$P" />
        <Key v="ef" t="String" n="!!Att" />
        <Key v="X20206583646370" t="String" n="Att" />
      </Data>
      <Data n="20207209756563e">
        <Key v="20205410728894" t="String" n="$T" />
        <Key v="450,-250" t="Vector2" n="!$P" />
        <Key v="ini" t="String" n="!!Att" />
        <Key v="X20205337445028" t="String" n="Att" />
      </Data>
      <Data n="20207136143927e">
        <Key v="20205484464552" t="String" n="$T" />
        <Key v="200,-250" t="Vector2" n="!$P" />
        <Key v="1" t="Int32" n="!IT" />
        <Key v="Apply" t="String" n="Trig" />
      </Data>
      <Data n="20207209758677e">
        <Key v="20205410728894" t="String" n="$T" />
        <Key v="700,-250" t="Vector2" n="!$P" />
        <Key v="1" t="Int32" n="!IC" />
        <Key v="Ta" t="String" n="Typ" />
      </Data>
      <Data n="20207209761284e">
        <Key v="20205344030099" t="String" n="$T" />
        <Key v="950,-250" t="Vector2" n="!$P" />
        <Key v="add" t="String" n="Mod" />
        <Key v="-1" t="Decimal" n="Val" />
        <Key v="1" t="String" n="!UV" />
        <Key v="0" t="Decimal" n="Var" />
      </Data>
      <Data n="20207234067667e">
        <Key v="20205410728894" t="String" n="$T" />
        <Key v="1200,-250" t="Vector2" n="!$P" />
        <Key v="X20205337442439" t="String" n="Att" />
      </Data>
      <Data n="20207234069227e">
        <Key v="20205344030099" t="String" n="$T" />
        <Key v="1450,-250" t="Vector2" n="!$P" />
        <Key v="add" t="String" n="Mod" />
        <Key v="-1" t="Decimal" n="Val" />
        <Key v="1" t="String" n="!UV" />
        <Key v="0" t="Decimal" n="Var" />
      </Data>
      <Data n="20207234055031e">
        <Key v="20205344030099" t="String" n="$T" />
        <Key v="450,-350" t="Vector2" n="!$P" />
        <Key v="add" t="String" n="Mod" />
        <Key v="1" t="Decimal" n="Val" />
        <Key v="0" t="String" n="!UV" />
        <Key v="1" t="Int32" n="!K" />
        <Key v="1" t="Int32" n="!NP" />
        <Key v="vod" t="String" n="!!Att" />
        <Key v="X20207089544532" t="String" n="Att" />
      </Data>
      <Data n="20207234055669e">
        <Key v="20205410728894" t="String" n="$T" />
        <Key v="200,-350" t="Vector2" n="!$P" />
        <Key v="1" t="Int32" n="!IV" />
        <Key v="0" t="Int32" n="V" />
      </Data>
    </Data>
    <Data n="$Conns">
      <Data n="20207135466552c">
        <Key v="20207135465981e" t="String" n="$E" />
      </Data>
      <Data n="20207209749315c">
        <Key v="20207135465981e" t="String" n="$S" />
        <Key v="20207209406428e" t="String" n="$E" />
      </Data>
      <Data n="20207209757013c">
        <Key v="20207136143927e" t="String" n="$S" />
        <Key v="20207209756563e" t="String" n="$E" />
      </Data>
      <Data n="20207136145938c">
        <Key v="20207136143927e" t="String" n="$E" />
      </Data>
      <Data n="20207209758682c">
        <Key v="20207209756563e" t="String" n="$S" />
        <Key v="20207209758677e" t="String" n="$E" />
      </Data>
      <Data n="20207209761288c">
        <Key v="20207209758677e" t="String" n="$S" />
        <Key v="20207209761284e" t="String" n="$E" />
      </Data>
      <Data n="20207234067671c">
        <Key v="20207209761284e" t="String" n="$S" />
        <Key v="20207234067667e" t="String" n="$E" />
      </Data>
      <Data n="20207234026635c">
        <Key v="20207234026631e" t="String" n="$E" />
      </Data>
      <Data n="20207234027899c">
        <Key v="20207234026631e" t="String" n="$S" />
        <Key v="20207234027895e" t="String" n="$E" />
      </Data>
      <Data n="20207234029888c">
        <Key v="20207234027895e" t="String" n="$S" />
        <Key v="20207234029884e" t="String" n="$E" />
      </Data>
      <Data n="20207234033028c">
        <Key v="20207234032353e" t="String" n="$E" />
      </Data>
      <Data n="20207234040406c">
        <Key v="20207234033454e" t="String" n="$S" />
        <Key v="20207234040039e" t="String" n="$E" />
      </Data>
      <Data n="20207234043296c">
        <Key v="20207234040039e" t="String" n="$S" />
        <Key v="20207234042858e" t="String" n="$E" />
      </Data>
      <Data n="20207234056958c">
        <Key v="20207234055669e" t="String" n="$E" />
      </Data>
      <Data n="20207234057408c">
        <Key v="20207234055669e" t="String" n="$S" />
        <Key v="20207234055031e" t="String" n="$E" />
      </Data>
      <Data n="20207234069652c">
        <Key v="20207234067667e" t="String" n="$S" />
        <Key v="20207234069227e" t="String" n="$E" />
      </Data>
      <Data n="20207234109637c">
        <Key v="20207234032353e" t="String" n="$S" />
        <Key v="20207234106597e" t="String" n="$E" />
      </Data>
      <Data n="20207234110075c">
        <Key v="20207234106597e" t="String" n="$S" />
        <Key v="20207234033454e" t="String" n="$E" />
      </Data>
    </Data>
  </Data>
</DataRoot>