﻿<?xml version="1.0" encoding="utf-8"?>
<DataRoot n="X">
  <Data n="20207213689547">
    <Data n="$Elems">
      <Data n="20207088813418e">
        <Key v="20205344030099" t="String" n="$T" />
        <Key v="750,100" t="Vector2" n="!$P" />
        <Key v="add" t="String" n="Mod" />
        <Key v="-2" t="Decimal" n="Val" />
        <Key v="0" t="String" n="!UV" />
        <Key v="1" t="Int32" n="PL" />
      </Data>
      <Data n="20207088788863e">
        <Key v="20205410728894" t="String" n="$T" />
        <Key v="250,100" t="Vector2" n="!$P" />
        <Key v="1" t="Int32" n="!IC" />
        <Key v="Tb" t="String" n="Typ" />
      </Data>
      <Data n="20207088810466e">
        <Key v="20205410728894" t="String" n="$T" />
        <Key v="500,100" t="Vector2" n="!$P" />
        <Key v="uh" t="String" n="!!Att" />
        <Key v="X20205337791587" t="String" n="Att" />
      </Data>
      <Data n="20207213717422e">
        <Key v="20205410728894" t="String" n="$T" />
        <Key v="500,-50" t="Vector2" n="!$P" />
        <Key v="kri" t="String" n="!!Att" />
        <Key v="X20205339207370" t="String" n="Att" />
      </Data>
      <Data n="20207213718568e">
        <Key v="20205344030099" t="String" n="$T" />
        <Key v="750,-50" t="Vector2" n="!$P" />
        <Key v="add" t="String" n="Mod" />
        <Key v="-2" t="Decimal" n="Val" />
        <Key v="0" t="String" n="!UV" />
        <Key v="1" t="Int32" n="PL" />
      </Data>
      <Data n="20207213733899e">
        <Key v="20205502245113" t="String" n="$T" />
        <Key v="250,-50" t="Vector2" n="!$P" />
        <Key v="SL" t="String" n="Typ" />
        <Key v="1" t="Int32" n="D" />
        <Key v="Stealth" t="String" n="X" />
      </Data>
      <Data n="20207213737752e">
        <Key v="20205484483351" t="String" n="$T" />
        <Key v="250,-200" t="Vector2" n="!$P" />
        <Key v="cg1" t="String" n="!BA" />
        <Key v="EndCond" t="String" n="Act" />
        <Key v="EDmg" t="String" n="EC" />
        <Key v="1" t="Int32" n="H" />
      </Data>
      <Data n="20207091431455e">
        <Key v="20205410801114" t="String" n="$T" />
        <Key v="250,-400" t="Vector2" n="!$P" />
      </Data>
    </Data>
    <Data n="$Conns">
      <Data n="20207088789222c">
        <Key v="20207088788863e" t="String" n="$E" />
      </Data>
      <Data n="20207091432143c">
        <Key v="20207091431455e" t="String" n="$E" />
      </Data>
      <Data n="20207088810470c">
        <Key v="20207088788863e" t="String" n="$S" />
        <Key v="20207088810466e" t="String" n="$E" />
      </Data>
      <Data n="20207088814315c">
        <Key v="20207088810466e" t="String" n="$S" />
        <Key v="20207088813418e" t="String" n="$E" />
      </Data>
      <Data n="20207213717426c">
        <Key v="20207088788863e" t="String" n="$S" />
        <Key v="20207213717422e" t="String" n="$E" />
      </Data>
      <Data n="20207213720833c">
        <Key v="20207213717422e" t="String" n="$S" />
        <Key v="20207213718568e" t="String" n="$E" />
      </Data>
      <Data n="20207213736104c">
        <Key v="20207213733899e" t="String" n="$E" />
      </Data>
      <Data n="20207213737756c">
        <Key v="20207213737752e" t="String" n="$E" />
      </Data>
    </Data>
  </Data>
</DataRoot>