﻿<?xml version="1.0" encoding="utf-8"?>
<DataRoot n="Q">
  <Data n="20162245462062">
    <Data n="$Elems">
      <Data n="20206568888611e">
        <Key v="300,0" t="Vector2" n="!$P" />
        <Key v="20206543682768" t="String" n="$T" />
        <Key v="Quest lze získat po diskuzi s Onotem. Bud prostřednictvím úspěchu v řečnictví, nebo po doporučení od Zeise." t="String" n="%X" />
      </Data>
    </Data>
    <Data n="$Conns">
      <Data n="20206568888611c">
        <Key v="20206568888611e" t="String" n="$E" />
      </Data>
    </Data>
  </Data>
</DataRoot>