﻿<?xml version="1.0" encoding="utf-8"?>
<DataRoot n="Q">
  <Data n="20202985059558">
    <Key v="-506,150" t="Vector2" n="!$MP" />
    <Key v="0.4,0.4,0.4" t="Vector3" n="!$MZ" />
    <Data n="$Elems">
      <Data n="20206568387375e">
        <Key v="20206568134463" t="String" n="$T" />
        <Key v="900,250" t="Vector2" n="!$P" />
        <Key v="Získej pro Niomy byliny" t="String" n="%Tsk" />
        <Key v="CkI" t="String" n="GT" />
        <Key v="SkH" t="String" n="T" />
        <Key v="10" t="Int32" n="C" />
        <Key v="oko" t="String" n="!!It" />
        <Key v="I20161645420830" t="String" n="It" />
        <Key v="1" t="Int32" n="Av" />
        <Key v="1" t="Int32" n="Rp" />
      </Data>
      <Data n="20206568456225e">
        <Key v="20206543682768" t="String" n="$T" />
        <Key v="1350,250" t="Vector2" n="!$P" />
      </Data>
      <Data n="20206543896952e">
        <Key v="20206543682768" t="String" n="$T" />
        <Key v="300,50" t="Vector2" n="!$P" />
      </Data>
      <Data n="20206568087786e">
        <Key v="20206543694295" t="String" n="$T" />
        <Key v="2700,50" t="Vector2" n="!$P" />
      </Data>
      <Data n="20206568468686e">
        <Key v="_EGate" t="String" n="$T" />
        <Key v="1800,50" t="Vector2" n="!$P" />
        <Key v="G3" t="String" n="GT" />
        <Key v="2" t="Int32" n="Con" />
      </Data>
      <Data n="20206568485650e">
        <Key v="20206543682768" t="String" n="$T" />
        <Key v="2250,50" t="Vector2" n="!$P" />
      </Data>
      <Data n="20206568474211e">
        <Key v="20206568134463" t="String" n="$T" />
        <Key v="900,-150" t="Vector2" n="!$P" />
        <Key v="Získej pro Niomy byliny" t="String" n="%Tsk" />
        <Key v="CkI" t="String" n="GT" />
        <Key v="SkH" t="String" n="T" />
        <Key v="15" t="Int32" n="C" />
        <Key v="an" t="String" n="!!It" />
        <Key v="I20161626463106" t="String" n="It" />
        <Key v="1" t="Int32" n="Av" />
        <Key v="1" t="Int32" n="Rp" />
      </Data>
      <Data n="20206568476422e">
        <Key v="20206543682768" t="String" n="$T" />
        <Key v="1350,-150" t="Vector2" n="!$P" />
      </Data>
    </Data>
    <Data n="$Conns">
      <Data n="20206568428368c">
        <Key v="20206543896952e" t="String" n="$S" />
        <Key v="20206568387375e" t="String" n="$E" />
      </Data>
      <Data n="20206543896956c">
        <Key v="20206543896952e" t="String" n="$E" />
      </Data>
      <Data n="20206568486234c">
        <Key v="20206568468686e" t="String" n="$S" />
        <Key v="20206568485650e" t="String" n="$E" />
      </Data>
      <Data n="20206568456588c">
        <Key v="20206568387375e" t="String" n="$S" />
        <Key v="20206568456225e" t="String" n="$E" />
      </Data>
      <Data n="20206568473244c">
        <Key v="20206568456225e" t="String" n="$S" />
        <Key v="20206568468686e" t="String" n="$E" />
      </Data>
      <Data n="20206568489658c">
        <Key v="20206543896952e" t="String" n="$S" />
        <Key v="20206568474211e" t="String" n="$E" />
      </Data>
      <Data n="20206568477777c">
        <Key v="20206568474211e" t="String" n="$S" />
        <Key v="20206568476422e" t="String" n="$E" />
      </Data>
      <Data n="20206568478027c">
        <Key v="20206568476422e" t="String" n="$S" />
        <Key v="20206568468686e" t="String" n="$E" />
      </Data>
      <Data n="20206568487001c">
        <Key v="20206568485650e" t="String" n="$S" />
        <Key v="20206568087786e" t="String" n="$E" />
      </Data>
    </Data>
  </Data>
</DataRoot>