﻿<?xml version="1.0" encoding="utf-8"?>
<DataRoot n="E">
  <Data n="20168991524260">
    <Data n="$Elems">
      <Data n="20206514582399e">
        <Key v="300,100" t="Vector2" n="!$P" />
        <Key v="20206353320369" t="String" n="$T" />
        <Key v="CkP" t="String" n="GT" />
        <Key v="A_T_01" t="String" n="Z" />
        <Key v="1" t="String" n="I" />
        <Key v="CkC" t="String" n="Fil" />
      </Data>
      <Data n="20206514582400e">
        <Key v="300,-100" t="Vector2" n="!$P" />
        <Key v="20206353096456" t="String" n="$T" />
        <Key v="Vyhodnoť X = 4" t="String" n="!%Txt" />
        <Key v="" t="String" n="GT" />
      </Data>
      <Data n="20206514582401e">
        <Key v="650,-100" t="Vector2" n="!$P" />
        <Key v="20206353096456" t="String" n="$T" />
        <Key v="Vyhodnocení &gt;= 2 - precti text A_T_01_a" t="String" n="!%Txt" />
        <Key v="" t="String" n="GT" />
      </Data>
      <Data n="20206514582402e">
        <Key v="1000,-100" t="Vector2" n="!$P" />
        <Key v="20206353096456" t="String" n="$T" />
        <Key v="Vyhodnocení &lt; 2 - precti text A_T_01_b" t="String" n="!%Txt" />
        <Key v="" t="String" n="GT" />
      </Data>
    </Data>
    <Data n="$Conns">
      <Data n="20206514582399c">
        <Key v="20206514582399e" t="String" n="$E" />
      </Data>
      <Data n="20206514582400c">
        <Key v="20206514582400e" t="String" n="$E" />
      </Data>
      <Data n="20206514582401c">
        <Key v="20206514582401e" t="String" n="$E" />
        <Key v="20206514582400e" t="String" n="$S" />
      </Data>
      <Data n="20206514582402c">
        <Key v="20206514582402e" t="String" n="$E" />
        <Key v="20206514582401e" t="String" n="$S" />
      </Data>
    </Data>
  </Data>
</DataRoot>