﻿<?xml version="1.0" encoding="utf-8"?>
<DataRoot n="E">
  <Data n="20188222444180">
    <Data n="$Elems">
      <Data n="20206514582404e">
        <Key v="300,-100" t="Vector2" n="!$P" />
        <Key v="20206353096456" t="String" n="$T" />
        <Key v="CkS" t="String" n="GT" />
        <Key v="SpC" t="String" n="T" />
        <Key v="Condra_[-68,111,-43]" t="String" n="TZ" />
        <Key v="1" t="String" n="A" />
        <Key v="CkD" t="String" n="Fil" />
      </Data>
      <Data n="20206514582405e">
        <Key v="650,-100" t="Vector2" n="!$P" />
        <Key v="20206353096456" t="String" n="$T" />
        <Key v="CkP" t="String" n="GT" />
        <Key v="Doprovod_Hook" t="String" n="Z" />
        <Key v="0" t="String" n="TR" />
      </Data>
    </Data>
    <Data n="$Conns">
      <Data n="20206514582404c">
        <Key v="20206514582404e" t="String" n="$E" />
      </Data>
      <Data n="20206514582405c">
        <Key v="20206514582405e" t="String" n="$E" />
        <Key v="20206514582404e" t="String" n="$S" />
      </Data>
    </Data>
  </Data>
</DataRoot>