﻿<?xml version="1.0" encoding="utf-8"?>
<DataRoot n="E">
  <Data n="20193640386534">
    <Data n="$Elems">
      <Data n="20206514582405e">
        <Key v="300,-100" t="Vector2" n="!$P" />
        <Key v="20206353096456" t="String" n="$T" />
        <Key v="CkC" t="String" n="GT" />
        <Key v="SaG" t="String" n="T" />
        <Key v="C20177573375789" t="String" n="Cont" />
        <Key v="Manto_rostliny_oblast" t="String" n="TZ" />
      </Data>
      <Data n="20206514582406e">
        <Key v="650,-100" t="Vector2" n="!$P" />
        <Key v="20206353096456" t="String" n="$T" />
        <Key v="CkC" t="String" n="GT" />
        <Key v="SaG" t="String" n="T" />
        <Key v="C20177573375789" t="String" n="Cont" />
        <Key v="Manto_rostliny_oblast" t="String" n="TZ" />
      </Data>
      <Data n="20206514582407e">
        <Key v="1000,-100" t="Vector2" n="!$P" />
        <Key v="20206353096456" t="String" n="$T" />
        <Key v="CkC" t="String" n="GT" />
        <Key v="SaG" t="String" n="T" />
        <Key v="C20177574288855" t="String" n="Cont" />
        <Key v="Manto_rostliny_oblast" t="String" n="TZ" />
      </Data>
      <Data n="20206514582408e">
        <Key v="1350,-100" t="Vector2" n="!$P" />
        <Key v="20206353096456" t="String" n="$T" />
        <Key v="CkC" t="String" n="GT" />
        <Key v="SaG" t="String" n="T" />
        <Key v="C20177574565207" t="String" n="Cont" />
        <Key v="Manto_rostliny_oblast" t="String" n="TZ" />
      </Data>
      <Data n="20206514582409e">
        <Key v="1700,-100" t="Vector2" n="!$P" />
        <Key v="20206353096456" t="String" n="$T" />
        <Key v="CkC" t="String" n="GT" />
        <Key v="SaG" t="String" n="T" />
        <Key v="C20177574720851" t="String" n="Cont" />
        <Key v="Manto_rostliny_oblast" t="String" n="TZ" />
      </Data>
    </Data>
    <Data n="$Conns">
      <Data n="20206514582405c">
        <Key v="20206514582405e" t="String" n="$E" />
      </Data>
      <Data n="20206514582406c">
        <Key v="20206514582406e" t="String" n="$E" />
        <Key v="20206514582405e" t="String" n="$S" />
      </Data>
      <Data n="20206514582407c">
        <Key v="20206514582407e" t="String" n="$E" />
        <Key v="20206514582406e" t="String" n="$S" />
      </Data>
      <Data n="20206514582408c">
        <Key v="20206514582408e" t="String" n="$E" />
        <Key v="20206514582407e" t="String" n="$S" />
      </Data>
      <Data n="20206514582409c">
        <Key v="20206514582409e" t="String" n="$E" />
        <Key v="20206514582408e" t="String" n="$S" />
      </Data>
    </Data>
  </Data>
</DataRoot>