﻿<?xml version="1.0" encoding="utf-8"?>
<DataRoot n="E">
  <Data n="20182826229453">
    <Data n="$Elems">
      <Data n="20206514582402e">
        <Key v="300,100" t="Vector2" n="!$P" />
        <Key v="20206353320369" t="String" n="$T" />
        <Key v="CkP" t="String" n="GT" />
        <Key v="ShadowCave_Start" t="String" n="Z" />
      </Data>
      <Data n="20206514582403e">
        <Key v="300,-100" t="Vector2" n="!$P" />
        <Key v="20206353096456" t="String" n="$T" />
        <Key v="CkE" t="String" n="GT" />
        <Key v="SaS" t="String" n="T" />
        <Key v="E20182826229845" t="String" n="Ev" />
      </Data>
      <Data n="20206514582404e">
        <Key v="650,-100" t="Vector2" n="!$P" />
        <Key v="20206353096456" t="String" n="$T" />
        <Key v="CkE" t="String" n="GT" />
        <Key v="SaD" t="String" n="T" />
        <Key v="E20182826229453" t="String" n="Ev" />
      </Data>
    </Data>
    <Data n="$Conns">
      <Data n="20206514582402c">
        <Key v="20206514582402e" t="String" n="$E" />
      </Data>
      <Data n="20206514582403c">
        <Key v="20206514582403e" t="String" n="$E" />
      </Data>
      <Data n="20206514582404c">
        <Key v="20206514582404e" t="String" n="$E" />
        <Key v="20206514582403e" t="String" n="$S" />
      </Data>
    </Data>
  </Data>
</DataRoot>