﻿<?xml version="1.0" encoding="utf-8"?>
<DataRoot n="E">
  <Data n="20187956163629">
    <Data n="$Elems">
      <Data n="20206514582404e">
        <Key v="300,-100" t="Vector2" n="!$P" />
        <Key v="20206353096456" t="String" n="$T" />
        <Key v="CkS" t="String" n="GT" />
        <Key v="SpC" t="String" n="T" />
        <Key v="Condra_[-83,-26,109]" t="String" n="TZ" />
        <Key v="CkD" t="String" n="Fil" />
      </Data>
    </Data>
    <Data n="$Conns">
      <Data n="20206514582404c">
        <Key v="20206514582404e" t="String" n="$E" />
      </Data>
    </Data>
  </Data>
</DataRoot>