﻿<?xml version="1.0" encoding="utf-8"?>
<DataRoot n="C">
  <Data n="20187528700900">
    <Data n="$Elems">
      <Data n="20206446810402e">
        <Key v="350,250" t="Vector2" n="!$P" />
        <Key v="20205821755979" t="String" n="$T" />
        <Key v="I20187529154972" t="String" n="Itm" />
        <Key v="1" t="Decimal" n="MinC" />
        <Key v="Q1" t="String" n="MinQ" />
        <Key v="Q1" t="String" n="MaxQ" />
        <Key v="Bff2" t="String" n="MinI" />
        <Key v="Bff2" t="String" n="MaxI" />
        <Key v="D1" t="String" n="Dur" />
      </Data>
      <Data n="20206446810403e">
        <Key v="350,0" t="Vector2" n="!$P" />
        <Key v="20205847042741" t="String" n="$T" />
        <Key v="T5Gems" t="String" n="Sub" />
        <Key v="Ir0" t="String" n="MinR" />
        <Key v="Ir2" t="String" n="MaxR" />
        <Key v="1" t="Decimal" n="MinC" />
        <Key v="Q0" t="String" n="MinQ" />
        <Key v="Q1" t="String" n="MaxQ" />
        <Key v="Bff2" t="String" n="MinI" />
        <Key v="Bff2" t="String" n="MaxI" />
        <Key v="D1" t="String" n="Dur" />
      </Data>
      <Data n="20206446810404e">
        <Key v="300,-250" t="Vector2" n="!$P" />
        <Key v="_EGate" t="String" n="$T" />
        <Key v="G2" t="String" n="GT" />
        <Key v="50" t="Decimal" n="Rng" />
      </Data>
      <Data n="20206446810405e">
        <Key v="700,-250" t="Vector2" n="!$P" />
        <Key v="20205847042741" t="String" n="$T" />
        <Key v="T5Gems" t="String" n="Sub" />
        <Key v="Ir0" t="String" n="MinR" />
        <Key v="Ir2" t="String" n="MaxR" />
        <Key v="1" t="Decimal" n="MinC" />
        <Key v="Q0" t="String" n="MinQ" />
        <Key v="Q1" t="String" n="MaxQ" />
        <Key v="Bff2" t="String" n="MinI" />
        <Key v="Bff2" t="String" n="MaxI" />
        <Key v="D1" t="String" n="Dur" />
      </Data>
      <Data n="20206446810406e">
        <Key v="300,-500" t="Vector2" n="!$P" />
        <Key v="_EGate" t="String" n="$T" />
        <Key v="G2" t="String" n="GT" />
        <Key v="25" t="Decimal" n="Rng" />
      </Data>
      <Data n="20206446810407e">
        <Key v="700,-500" t="Vector2" n="!$P" />
        <Key v="20205847042741" t="String" n="$T" />
        <Key v="T5Gems" t="String" n="Sub" />
        <Key v="Ir0" t="String" n="MinR" />
        <Key v="Ir2" t="String" n="MaxR" />
        <Key v="1" t="Decimal" n="MinC" />
        <Key v="Q0" t="String" n="MinQ" />
        <Key v="Q1" t="String" n="MaxQ" />
        <Key v="Bff2" t="String" n="MinI" />
        <Key v="Bff2" t="String" n="MaxI" />
        <Key v="D1" t="String" n="Dur" />
      </Data>
      <Data n="20206446810408e">
        <Key v="350,-750" t="Vector2" n="!$P" />
        <Key v="20205847042741" t="String" n="$T" />
        <Key v="TLoot" t="String" n="Typ" />
        <Key v="Ir0" t="String" n="MinR" />
        <Key v="Ir2" t="String" n="MaxR" />
        <Key v="2" t="Decimal" n="MinC" />
        <Key v="Q0" t="String" n="MinQ" />
        <Key v="Q1" t="String" n="MaxQ" />
        <Key v="Bff2" t="String" n="MinI" />
        <Key v="Bff2" t="String" n="MaxI" />
        <Key v="D1" t="String" n="Dur" />
      </Data>
      <Data n="20206446810409e">
        <Key v="350,-1000" t="Vector2" n="!$P" />
        <Key v="20205847042741" t="String" n="$T" />
        <Key v="TLoot" t="String" n="Typ" />
        <Key v="Ir0" t="String" n="MinR" />
        <Key v="Ir2" t="String" n="MaxR" />
        <Key v="2" t="Decimal" n="MinC" />
        <Key v="Q0" t="String" n="MinQ" />
        <Key v="Q1" t="String" n="MaxQ" />
        <Key v="Bff2" t="String" n="MinI" />
        <Key v="Bff2" t="String" n="MaxI" />
        <Key v="D1" t="String" n="Dur" />
      </Data>
    </Data>
    <Data n="$Conns">
      <Data n="20206446810402c">
        <Key v="20206446810402e" t="String" n="$E" />
      </Data>
      <Data n="20206446810403c">
        <Key v="20206446810403e" t="String" n="$E" />
      </Data>
      <Data n="20206446810404c">
        <Key v="20206446810404e" t="String" n="$E" />
      </Data>
      <Data n="20206446810405c">
        <Key v="20206446810405e" t="String" n="$E" />
        <Key v="20206446810404e" t="String" n="$S" />
      </Data>
      <Data n="20206446810406c">
        <Key v="20206446810406e" t="String" n="$E" />
      </Data>
      <Data n="20206446810407c">
        <Key v="20206446810407e" t="String" n="$E" />
        <Key v="20206446810406e" t="String" n="$S" />
      </Data>
      <Data n="20206446810408c">
        <Key v="20206446810408e" t="String" n="$E" />
      </Data>
      <Data n="20206446810409c">
        <Key v="20206446810409e" t="String" n="$E" />
      </Data>
    </Data>
  </Data>
</DataRoot>