﻿<?xml version="1.0" encoding="utf-8"?>
<DataRoot n="C">
  <Data n="20173156049266">
    <Data n="$Elems">
      <Data n="20206446810380e">
        <Key v="350,250" t="Vector2" n="!$P" />
        <Key v="20205821755979" t="String" n="$T" />
        <Key v="I20168893315212" t="String" n="Itm" />
        <Key v="1" t="Decimal" n="MinC" />
        <Key v="Q1" t="String" n="MinQ" />
        <Key v="Q1" t="String" n="MaxQ" />
        <Key v="Bff2" t="String" n="MinI" />
        <Key v="Bff2" t="String" n="MaxI" />
        <Key v="D1" t="String" n="Dur" />
      </Data>
      <Data n="20206446810381e">
        <Key v="350,0" t="Vector2" n="!$P" />
        <Key v="20205821755979" t="String" n="$T" />
        <Key v="I20167190507613" t="String" n="Itm" />
        <Key v="1" t="Decimal" n="MinC" />
        <Key v="Q1" t="String" n="MinQ" />
        <Key v="Q1" t="String" n="MaxQ" />
        <Key v="Bff2" t="String" n="MinI" />
        <Key v="Bff2" t="String" n="MaxI" />
        <Key v="D1" t="String" n="Dur" />
      </Data>
    </Data>
    <Data n="$Conns">
      <Data n="20206446810380c">
        <Key v="20206446810380e" t="String" n="$E" />
      </Data>
      <Data n="20206446810381c">
        <Key v="20206446810381e" t="String" n="$E" />
      </Data>
    </Data>
  </Data>
</DataRoot>