﻿<?xml version="1.0" encoding="utf-8"?>
<DataRoot n="C">
  <Data n="20172651582431">
    <Data n="$Elems">
      <Data n="20206446810378e">
        <Key v="350,250" t="Vector2" n="!$P" />
        <Key v="20205821758760" t="String" n="$T" />
        <Key v="C20172651431110" t="String" n="Itm" />
        <Key v="1" t="Decimal" n="MinC" />
      </Data>
      <Data n="20206446810379e">
        <Key v="350,0" t="Vector2" n="!$P" />
        <Key v="20205821758760" t="String" n="$T" />
        <Key v="C20172651478316" t="String" n="Itm" />
        <Key v="1" t="Decimal" n="MinC" />
      </Data>
      <Data n="20206446810380e">
        <Key v="350,-250" t="Vector2" n="!$P" />
        <Key v="20205821758760" t="String" n="$T" />
        <Key v="C20172651531048" t="String" n="Itm" />
        <Key v="1" t="Decimal" n="MinC" />
      </Data>
      <Data n="20206446810381e">
        <Key v="350,-500" t="Vector2" n="!$P" />
        <Key v="20205821758760" t="String" n="$T" />
        <Key v="C20172651484700" t="String" n="Itm" />
        <Key v="1" t="Decimal" n="MinC" />
      </Data>
      <Data n="20206446810382e">
        <Key v="350,-750" t="Vector2" n="!$P" />
        <Key v="20205821758760" t="String" n="$T" />
        <Key v="C20172651524611" t="String" n="Itm" />
        <Key v="1" t="Decimal" n="MinC" />
      </Data>
      <Data n="20206446810383e">
        <Key v="350,-1000" t="Vector2" n="!$P" />
        <Key v="20205821758760" t="String" n="$T" />
        <Key v="C20172651538155" t="String" n="Itm" />
        <Key v="1" t="Decimal" n="MinC" />
      </Data>
      <Data n="20206446810386e">
        <Key v="350,-1250" t="Vector2" n="!$P" />
        <Key v="20205821758760" t="String" n="$T" />
        <Key v="C20172651538155" t="String" n="Itm" />
        <Key v="1" t="Decimal" n="MinC" />
      </Data>
    </Data>
    <Data n="$Conns">
      <Data n="20206446810378c">
        <Key v="20206446810378e" t="String" n="$E" />
      </Data>
      <Data n="20206446810379c">
        <Key v="20206446810379e" t="String" n="$E" />
      </Data>
      <Data n="20206446810380c">
        <Key v="20206446810380e" t="String" n="$E" />
      </Data>
      <Data n="20206446810381c">
        <Key v="20206446810381e" t="String" n="$E" />
      </Data>
      <Data n="20206446810382c">
        <Key v="20206446810382e" t="String" n="$E" />
      </Data>
      <Data n="20206446810385c">
        <Key v="20206446810383e" t="String" n="$E" />
      </Data>
      <Data n="20206446810386c">
        <Key v="20206446810386e" t="String" n="$E" />
      </Data>
    </Data>
  </Data>
</DataRoot>