﻿<?xml version="1.0" encoding="utf-8"?>
<DataRoot n="C">
  <Data n="20177574363930">
    <Data n="$Elems">
      <Data n="20206446810387e">
        <Key v="300,250" t="Vector2" n="!$P" />
        <Key v="_EGate" t="String" n="$T" />
        <Key v="G2" t="String" n="GT" />
        <Key v="40" t="Decimal" n="Rng" />
      </Data>
      <Data n="20206446810388e">
        <Key v="700,250" t="Vector2" n="!$P" />
        <Key v="20205821755979" t="String" n="$T" />
        <Key v="I20177532181723" t="String" n="Itm" />
        <Key v="1" t="Decimal" n="MinC" />
        <Key v="Q0" t="String" n="MinQ" />
        <Key v="Q1" t="String" n="MaxQ" />
        <Key v="Bff2" t="String" n="MinI" />
        <Key v="Bff2" t="String" n="MaxI" />
        <Key v="D1" t="String" n="Dur" />
      </Data>
      <Data n="20206446810389e">
        <Key v="300,0" t="Vector2" n="!$P" />
        <Key v="_EGate" t="String" n="$T" />
        <Key v="G2" t="String" n="GT" />
        <Key v="40" t="Decimal" n="Rng" />
      </Data>
      <Data n="20206446810390e">
        <Key v="700,0" t="Vector2" n="!$P" />
        <Key v="20205821755979" t="String" n="$T" />
        <Key v="I20177532193433" t="String" n="Itm" />
        <Key v="2" t="Decimal" n="MinC" />
        <Key v="Q1" t="String" n="MinQ" />
        <Key v="Q1" t="String" n="MaxQ" />
        <Key v="Bff2" t="String" n="MinI" />
        <Key v="Bff2" t="String" n="MaxI" />
        <Key v="D1" t="String" n="Dur" />
      </Data>
      <Data n="20206446810391e">
        <Key v="300,-250" t="Vector2" n="!$P" />
        <Key v="_EGate" t="String" n="$T" />
        <Key v="G2" t="String" n="GT" />
        <Key v="40" t="Decimal" n="Rng" />
      </Data>
      <Data n="20206446810392e">
        <Key v="700,-250" t="Vector2" n="!$P" />
        <Key v="20205821755979" t="String" n="$T" />
        <Key v="I20177532223579" t="String" n="Itm" />
        <Key v="1" t="Decimal" n="MinC" />
        <Key v="Q1" t="String" n="MinQ" />
        <Key v="Q1" t="String" n="MaxQ" />
        <Key v="Bff2" t="String" n="MinI" />
        <Key v="Bff2" t="String" n="MaxI" />
        <Key v="D1" t="String" n="Dur" />
      </Data>
      <Data n="20206446810393e">
        <Key v="300,-500" t="Vector2" n="!$P" />
        <Key v="_EGate" t="String" n="$T" />
        <Key v="G2" t="String" n="GT" />
        <Key v="40" t="Decimal" n="Rng" />
      </Data>
      <Data n="20206446810394e">
        <Key v="700,-500" t="Vector2" n="!$P" />
        <Key v="20205821755979" t="String" n="$T" />
        <Key v="I20177241249541" t="String" n="Itm" />
        <Key v="3" t="Decimal" n="MinC" />
        <Key v="Q1" t="String" n="MinQ" />
        <Key v="Q1" t="String" n="MaxQ" />
        <Key v="Bff2" t="String" n="MinI" />
        <Key v="Bff2" t="String" n="MaxI" />
        <Key v="D1" t="String" n="Dur" />
      </Data>
      <Data n="20206446810395e">
        <Key v="300,-750" t="Vector2" n="!$P" />
        <Key v="_EGate" t="String" n="$T" />
        <Key v="G2" t="String" n="GT" />
        <Key v="40" t="Decimal" n="Rng" />
      </Data>
      <Data n="20206446810396e">
        <Key v="700,-750" t="Vector2" n="!$P" />
        <Key v="20205821755979" t="String" n="$T" />
        <Key v="I20177532242023" t="String" n="Itm" />
        <Key v="3" t="Decimal" n="MinC" />
        <Key v="Q1" t="String" n="MinQ" />
        <Key v="Q1" t="String" n="MaxQ" />
        <Key v="Bff2" t="String" n="MinI" />
        <Key v="Bff2" t="String" n="MaxI" />
        <Key v="D1" t="String" n="Dur" />
      </Data>
      <Data n="20206446810397e">
        <Key v="300,-1000" t="Vector2" n="!$P" />
        <Key v="_EGate" t="String" n="$T" />
        <Key v="G2" t="String" n="GT" />
        <Key v="40" t="Decimal" n="Rng" />
      </Data>
      <Data n="20206446810398e">
        <Key v="700,-1000" t="Vector2" n="!$P" />
        <Key v="20205821755979" t="String" n="$T" />
        <Key v="I20177532246356" t="String" n="Itm" />
        <Key v="3" t="Decimal" n="MinC" />
        <Key v="Q1" t="String" n="MinQ" />
        <Key v="Q1" t="String" n="MaxQ" />
        <Key v="Bff2" t="String" n="MinI" />
        <Key v="Bff2" t="String" n="MaxI" />
        <Key v="D1" t="String" n="Dur" />
      </Data>
      <Data n="20206446810399e">
        <Key v="300,-1250" t="Vector2" n="!$P" />
        <Key v="_EGate" t="String" n="$T" />
        <Key v="G2" t="String" n="GT" />
        <Key v="25" t="Decimal" n="Rng" />
      </Data>
      <Data n="20206446810400e">
        <Key v="700,-1250" t="Vector2" n="!$P" />
        <Key v="20205821755979" t="String" n="$T" />
        <Key v="I20177530894888" t="String" n="Itm" />
        <Key v="1" t="Decimal" n="MinC" />
        <Key v="Q1" t="String" n="MinQ" />
        <Key v="Q1" t="String" n="MaxQ" />
        <Key v="Bff2" t="String" n="MinI" />
        <Key v="Bff2" t="String" n="MaxI" />
        <Key v="D1" t="String" n="Dur" />
      </Data>
      <Data n="20206446810401e">
        <Key v="300,-1500" t="Vector2" n="!$P" />
        <Key v="_EGate" t="String" n="$T" />
        <Key v="G2" t="String" n="GT" />
        <Key v="40" t="Decimal" n="Rng" />
      </Data>
      <Data n="20206446810402e">
        <Key v="700,-1500" t="Vector2" n="!$P" />
        <Key v="20205821755979" t="String" n="$T" />
        <Key v="I20167286292708" t="String" n="Itm" />
        <Key v="2" t="Decimal" n="MinC" />
        <Key v="Q1" t="String" n="MinQ" />
        <Key v="Q1" t="String" n="MaxQ" />
        <Key v="Bff2" t="String" n="MinI" />
        <Key v="Bff2" t="String" n="MaxI" />
        <Key v="D1" t="String" n="Dur" />
      </Data>
      <Data n="20206446810403e">
        <Key v="300,-1750" t="Vector2" n="!$P" />
        <Key v="_EGate" t="String" n="$T" />
        <Key v="G2" t="String" n="GT" />
        <Key v="25" t="Decimal" n="Rng" />
      </Data>
      <Data n="20206446810405e">
        <Key v="700,-1750" t="Vector2" n="!$P" />
        <Key v="20205821755979" t="String" n="$T" />
        <Key v="I20177532251544" t="String" n="Itm" />
        <Key v="1" t="Decimal" n="MinC" />
        <Key v="Q1" t="String" n="MinQ" />
        <Key v="Q1" t="String" n="MaxQ" />
        <Key v="Bff2" t="String" n="MinI" />
        <Key v="Bff2" t="String" n="MaxI" />
        <Key v="D1" t="String" n="Dur" />
      </Data>
    </Data>
    <Data n="$Conns">
      <Data n="20206446810387c">
        <Key v="20206446810387e" t="String" n="$E" />
      </Data>
      <Data n="20206446810388c">
        <Key v="20206446810388e" t="String" n="$E" />
        <Key v="20206446810387e" t="String" n="$S" />
      </Data>
      <Data n="20206446810389c">
        <Key v="20206446810389e" t="String" n="$E" />
      </Data>
      <Data n="20206446810390c">
        <Key v="20206446810390e" t="String" n="$E" />
        <Key v="20206446810389e" t="String" n="$S" />
      </Data>
      <Data n="20206446810391c">
        <Key v="20206446810391e" t="String" n="$E" />
      </Data>
      <Data n="20206446810392c">
        <Key v="20206446810392e" t="String" n="$E" />
        <Key v="20206446810391e" t="String" n="$S" />
      </Data>
      <Data n="20206446810393c">
        <Key v="20206446810393e" t="String" n="$E" />
      </Data>
      <Data n="20206446810394c">
        <Key v="20206446810394e" t="String" n="$E" />
        <Key v="20206446810393e" t="String" n="$S" />
      </Data>
      <Data n="20206446810395c">
        <Key v="20206446810395e" t="String" n="$E" />
      </Data>
      <Data n="20206446810396c">
        <Key v="20206446810396e" t="String" n="$E" />
        <Key v="20206446810395e" t="String" n="$S" />
      </Data>
      <Data n="20206446810397c">
        <Key v="20206446810397e" t="String" n="$E" />
      </Data>
      <Data n="20206446810398c">
        <Key v="20206446810398e" t="String" n="$E" />
        <Key v="20206446810397e" t="String" n="$S" />
      </Data>
      <Data n="20206446810399c">
        <Key v="20206446810399e" t="String" n="$E" />
      </Data>
      <Data n="20206446810400c">
        <Key v="20206446810400e" t="String" n="$E" />
        <Key v="20206446810399e" t="String" n="$S" />
      </Data>
      <Data n="20206446810401c">
        <Key v="20206446810401e" t="String" n="$E" />
      </Data>
      <Data n="20206446810402c">
        <Key v="20206446810402e" t="String" n="$E" />
        <Key v="20206446810401e" t="String" n="$S" />
      </Data>
      <Data n="20206446810404c">
        <Key v="20206446810403e" t="String" n="$E" />
      </Data>
      <Data n="20206446810405c">
        <Key v="20206446810405e" t="String" n="$E" />
        <Key v="20206446810403e" t="String" n="$S" />
      </Data>
    </Data>
  </Data>
</DataRoot>