﻿<?xml version="1.0" encoding="utf-8"?>
<DataRoot n="X">
  <Data n="20205339294224">
    <Key v="-557,-90" t="Vector2" n="!$MP" />
    <Key v="1,1,1" t="Vector3" n="!$MZ" />
    <Data n="$Elems">
      <Data n="20205485510917e">
        <Key v="20205484483351" t="String" n="$T" />
        <Key v="650,50" t="Vector2" n="!$P" />
        <Key v="sa3" t="String" n="X" />
      </Data>
      <Data n="20207236685136e">
        <Key v="20205484483351" t="String" n="$T" />
        <Key v="900,50" t="Vector2" n="!$P" />
        <Key v="sa1" t="String" n="X" />
      </Data>
      <Data n="20207236716813e">
        <Key v="20205344030099" t="String" n="$T" />
        <Key v="150,50" t="Vector2" n="!$P" />
        <Key v="add" t="String" n="Mod" />
        <Key v="1" t="Decimal" n="Val" />
        <Key v="1" t="String" n="!UV" />
        <Key v="0" t="Decimal" n="Var" />
      </Data>
      <Data n="20207523096091e">
        <Key v="20205344030099" t="String" n="$T" />
        <Key v="400,50" t="Vector2" n="!$P" />
        <Key v="add" t="String" n="Mod" />
        <Key v="1" t="Decimal" n="Val" />
        <Key v="0" t="String" n="!UV" />
      </Data>
      <Data n="20205484280395e">
        <Key v="20205344030099" t="String" n="$T" />
        <Key v="400,-100" t="Vector2" n="!$P" />
        <Key v="add" t="String" n="Mod" />
        <Key v="1" t="Decimal" n="Val" />
        <Key v="X20205337377236" t="String" n="Att" />
        <Key v="1" t="Int32" n="!K" />
        <Key v="0" t="String" n="!UV" />
      </Data>
      <Data n="20205484284527e">
        <Key v="20205344030099" t="String" n="$T" />
        <Key v="650,-100" t="Vector2" n="!$P" />
        <Key v="add" t="String" n="Mod" />
        <Key v="-5" t="Decimal" n="Val" />
      </Data>
      <Data n="20205484589843e">
        <Key v="20205484483351" t="String" n="$T" />
        <Key v="900,-100" t="Vector2" n="!$P" />
        <Key v="sa0" t="String" n="X" />
      </Data>
      <Data n="20207236679543e">
        <Key v="20205410728894" t="String" n="$T" />
        <Key v="150,-100" t="Vector2" n="!$P" />
        <Key v="1" t="Int32" n="!IV" />
        <Key v="0" t="Int32" n="V" />
      </Data>
    </Data>
    <Data n="$Conns">
      <Data n="20207236685528c">
        <Key v="20205485510917e" t="String" n="$S" />
        <Key v="20207236685136e" t="String" n="$E" />
      </Data>
      <Data n="20205484285478c">
        <Key v="20205484280395e" t="String" n="$S" />
        <Key v="20205484284527e" t="String" n="$E" />
      </Data>
      <Data n="20205484590343c">
        <Key v="20205484284527e" t="String" n="$S" />
        <Key v="20205484589843e" t="String" n="$E" />
      </Data>
      <Data n="20207236717552c">
        <Key v="20207236716813e" t="String" n="$E" />
      </Data>
      <Data n="20207236679885c">
        <Key v="20207236679543e" t="String" n="$E" />
      </Data>
      <Data n="20207236681266c">
        <Key v="20207236679543e" t="String" n="$S" />
        <Key v="20205484280395e" t="String" n="$E" />
      </Data>
      <Data n="20207523098055c">
        <Key v="20207236716813e" t="String" n="$S" />
        <Key v="20207523096091e" t="String" n="$E" />
      </Data>
      <Data n="20207523098247c">
        <Key v="20207523096091e" t="String" n="$S" />
        <Key v="20205485510917e" t="String" n="$E" />
      </Data>
    </Data>
  </Data>
</DataRoot>