﻿<?xml version="1.0" encoding="utf-8"?>
<DataRoot n="X">
  <Data n="20207136735807">
    <Data n="$Elems">
      <Data n="20207136782218e">
        <Key v="20205502245113" t="String" n="$T" />
        <Key v="200,100" t="Vector2" n="!$P" />
        <Key v="DP" t="String" n="Typ" />
        <Key v="vyř" t="String" n="!!Eff" />
        <Key v="X20207135779000" t="String" n="Eff" />
      </Data>
      <Data n="20207136807040e">
        <Key v="20205502245113" t="String" n="$T" />
        <Key v="450,100" t="Vector2" n="!$P" />
        <Key v="SL" t="String" n="Typ" />
        <Key v="Controlled" t="String" n="X" />
      </Data>
      <Data n="20207209390527e">
        <Key v="20205484483351" t="String" n="$T" />
        <Key v="200,0" t="Vector2" n="!$P" />
        <Key v="cg1" t="String" n="!BA" />
        <Key v="EndCond" t="String" n="Act" />
        <Key v="EWld" t="String" n="EC" />
      </Data>
      <Data n="20207220155302e">
        <Key v="20205484464552" t="String" n="$T" />
        <Key v="150,-150" t="Vector2" n="!$P" />
        <Key v="1" t="Int32" n="!IT" />
        <Key v="Before" t="String" n="Trig" />
      </Data>
      <Data n="20207220156432e">
        <Key v="20205410728894" t="String" n="$T" />
        <Key v="400,-150" t="Vector2" n="!$P" />
        <Key v="ef" t="String" n="!!Att" />
        <Key v="X20206583646370" t="String" n="Att" />
      </Data>
      <Data n="20207220157829e">
        <Key v="20205344030099" t="String" n="$T" />
        <Key v="650,-150" t="Vector2" n="!$P" />
        <Key v="add" t="String" n="Mod" />
        <Key v="1" t="Decimal" n="Val" />
        <Key v="0" t="String" n="!UV" />
        <Key v="1" t="Int32" n="!K" />
        <Key v="1" t="Int32" n="!NP" />
        <Key v="otu" t="String" n="!!Att" />
        <Key v="X20207135649500" t="String" n="Att" />
      </Data>
      <Data n="20207136784875e">
        <Key v="20205484464552" t="String" n="$T" />
        <Key v="150,-250" t="Vector2" n="!$P" />
        <Key v="1" t="Int32" n="!IT" />
        <Key v="Apply" t="String" n="Trig" />
      </Data>
      <Data n="20207136786272e">
        <Key v="20205484483351" t="String" n="$T" />
        <Key v="400,-250" t="Vector2" n="!$P" />
        <Key v="cg1" t="String" n="!BA" />
        <Key v="Cancel" t="String" n="Act" />
      </Data>
    </Data>
    <Data n="$Conns">
      <Data n="20207136782594c">
        <Key v="20207136782218e" t="String" n="$E" />
      </Data>
      <Data n="20207136784879c">
        <Key v="20207136784875e" t="String" n="$E" />
      </Data>
      <Data n="20207136787339c">
        <Key v="20207136784875e" t="String" n="$S" />
        <Key v="20207136786272e" t="String" n="$E" />
      </Data>
      <Data n="20207209394376c">
        <Key v="20207209390527e" t="String" n="$E" />
      </Data>
      <Data n="20207209393504c">
        <Key v="20207136782218e" t="String" n="$S" />
        <Key v="20207136807040e" t="String" n="$E" />
      </Data>
      <Data n="20207220155677c">
        <Key v="20207220155302e" t="String" n="$E" />
      </Data>
      <Data n="20207220156816c">
        <Key v="20207220155302e" t="String" n="$S" />
        <Key v="20207220156432e" t="String" n="$E" />
      </Data>
      <Data n="20207220158263c">
        <Key v="20207220156432e" t="String" n="$S" />
        <Key v="20207220157829e" t="String" n="$E" />
      </Data>
    </Data>
  </Data>
</DataRoot>