﻿<?xml version="1.0" encoding="utf-8"?>
<DataRoot n="X">
  <Data n="20207122829173">
    <Data n="$Elems">
      <Data n="20207122860842e">
        <Key v="20205410728894" t="String" n="$T" />
        <Key v="200,50" t="Vector2" n="!$P" />
        <Key v="1" t="Int32" n="!IC" />
        <Key v="Tb" t="String" n="Typ" />
      </Data>
      <Data n="20207122866084e">
        <Key v="20205410728894" t="String" n="$T" />
        <Key v="500,50" t="Vector2" n="!$P" />
        <Key v="X20205339302055" t="String" n="Att" />
      </Data>
      <Data n="20207122884046e">
        <Key v="20205344030099" t="String" n="$T" />
        <Key v="750,50" t="Vector2" n="!$P" />
        <Key v="add" t="String" n="Mod" />
        <Key v="1" t="Decimal" n="Val" />
        <Key v="1" t="String" n="!UV" />
        <Key v="0" t="Decimal" n="Var" />
      </Data>
      <Data n="20207187155264e">
        <Key v="20205344030099" t="String" n="$T" />
        <Key v="750,-100" t="Vector2" n="!$P" />
        <Key v="add" t="String" n="Mod" />
        <Key v="25" t="Decimal" n="Val" />
        <Key v="0" t="String" n="!UV" />
      </Data>
      <Data n="20207187152565e">
        <Key v="20205344030099" t="String" n="$T" />
        <Key v="1250,-100" t="Vector2" n="!$P" />
        <Key v="add" t="String" n="Mod" />
        <Key v="10" t="Decimal" n="Val" />
        <Key v="0" t="String" n="!UV" />
      </Data>
      <Data n="20207122874529e">
        <Key v="20205410728894" t="String" n="$T" />
        <Key v="500,-100" t="Vector2" n="!$P" />
        <Key v="X20205339168558" t="String" n="Att" />
        <Key v="och" t="String" n="!!Att" />
      </Data>
      <Data n="20207122892604e">
        <Key v="20205410728894" t="String" n="$T" />
        <Key v="1000,-100" t="Vector2" n="!$P" />
        <Key v="1" t="Int32" n="!IC" />
        <Key v="Tm" t="String" n="Typ" />
      </Data>
      <Data n="20207209368712e">
        <Key v="20205484483351" t="String" n="$T" />
        <Key v="200,-200" t="Vector2" n="!$P" />
        <Key v="cg1" t="String" n="!BA" />
        <Key v="EndCond" t="String" n="Act" />
        <Key v="EWld" t="String" n="EC" />
      </Data>
      <Data n="20207187141577e">
        <Key v="20205410728894" t="String" n="$T" />
        <Key v="200,-350" t="Vector2" n="!$P" />
        <Key v="1" t="Int32" n="!IV" />
        <Key v="0" t="Int32" n="V" />
      </Data>
      <Data n="20207187157290e">
        <Key v="20205344030099" t="String" n="$T" />
        <Key v="450,-350" t="Vector2" n="!$P" />
        <Key v="add" t="String" n="Mod" />
        <Key v="1" t="Decimal" n="Val" />
        <Key v="0" t="String" n="!UV" />
      </Data>
      <Data n="20207187158571e">
        <Key v="20205344030099" t="String" n="$T" />
        <Key v="700,-350" t="Vector2" n="!$P" />
        <Key v="add" t="String" n="Mod" />
        <Key v="0.34" t="Decimal" n="Val" />
        <Key v="0" t="String" n="!UV" />
        <Key v="1" t="Int32" n="PL" />
      </Data>
      <Data n="20207187159375e">
        <Key v="20205484483351" t="String" n="$T" />
        <Key v="950,-350" t="Vector2" n="!$P" />
        <Key v="sa1" t="String" n="X" />
      </Data>
      <Data n="20207187150518e">
        <Key v="20205410801114" t="String" n="$T" />
        <Key v="250,-500" t="Vector2" n="!$P" />
      </Data>
    </Data>
    <Data n="$Conns">
      <Data n="20207122864954c">
        <Key v="20207122860842e" t="String" n="$E" />
      </Data>
      <Data n="20207122866088c">
        <Key v="20207122860842e" t="String" n="$S" />
        <Key v="20207122866084e" t="String" n="$E" />
      </Data>
      <Data n="20207122874884c">
        <Key v="20207122860842e" t="String" n="$S" />
        <Key v="20207122874529e" t="String" n="$E" />
      </Data>
      <Data n="20207187172675c">
        <Key v="20207122892604e" t="String" n="$S" />
        <Key v="20207187152565e" t="String" n="$E" />
      </Data>
      <Data n="20207122885201c">
        <Key v="20207122866084e" t="String" n="$S" />
        <Key v="20207122884046e" t="String" n="$E" />
      </Data>
      <Data n="20207187173550c">
        <Key v="20207122874529e" t="String" n="$S" />
        <Key v="20207187155264e" t="String" n="$E" />
      </Data>
      <Data n="20207187173388c">
        <Key v="20207187155264e" t="String" n="$S" />
        <Key v="20207122892604e" t="String" n="$E" />
      </Data>
      <Data n="20207187142995c">
        <Key v="20207187141577e" t="String" n="$E" />
      </Data>
      <Data n="20207187150522c">
        <Key v="20207187150518e" t="String" n="$E" />
      </Data>
      <Data n="20207187157841c">
        <Key v="20207187141577e" t="String" n="$S" />
        <Key v="20207187157290e" t="String" n="$E" />
      </Data>
      <Data n="20207187159230c">
        <Key v="20207187157290e" t="String" n="$S" />
        <Key v="20207187158571e" t="String" n="$E" />
      </Data>
      <Data n="20207187159813c">
        <Key v="20207187158571e" t="String" n="$S" />
        <Key v="20207187159375e" t="String" n="$E" />
      </Data>
      <Data n="20207209368716c">
        <Key v="20207209368712e" t="String" n="$E" />
      </Data>
    </Data>
  </Data>
</DataRoot>