﻿<?xml version="1.0" encoding="utf-8"?>
<DataRoot n="X">
  <Data n="20205339584631">
    <Key v="0,0" t="Vector2" n="!$MP" />
    <Key v="1,1,1" t="Vector3" n="!$MZ" />
    <Data n="$Elems">
      <Data n="20205485618759e">
        <Key v="20205344030099" t="String" n="$T" />
        <Key v="150,50" t="Vector2" n="!$P" />
        <Key v="add" t="String" n="Mod" />
        <Key v="10" t="Decimal" n="Val" />
      </Data>
    </Data>
    <Data n="$Conns">
      <Data n="20205485618993c">
        <Key v="20205485618759e" t="String" n="$E" />
      </Data>
    </Data>
  </Data>
</DataRoot>