﻿<?xml version="1.0" encoding="utf-8"?>
<DataRoot n="X">
  <Data n="20206402293587">
    <Key v="-606,-53" t="Vector2" n="!$MP" />
    <Key v="1.1,1.1,1.1" t="Vector3" n="!$MZ" />
    <Data n="$Elems">
      <Data n="20206394704400e">
        <Key v="20205410728894" t="String" n="$T" />
        <Key v="200,50" t="Vector2" n="!$P" />
        <Key v="vidi" t="String" n="!!Att" />
        <Key v="X20205339778431" t="String" n="Att" />
      </Data>
      <Data n="20206394704554e">
        <Key v="20205410728894" t="String" n="$T" />
        <Key v="450,50" t="Vector2" n="!$P" />
        <Key v="1" t="Int32" n="!IC" />
        <Key v="Tb" t="String" n="Typ" />
      </Data>
      <Data n="20206394705768e">
        <Key v="20205344030099" t="String" n="$T" />
        <Key v="700,50" t="Vector2" n="!$P" />
        <Key v="add" t="String" n="Mod" />
        <Key v="1" t="Decimal" n="Val" />
      </Data>
      <Data n="20207210039565e">
        <Key v="20205410801114" t="String" n="$T" />
        <Key v="250,-50" t="Vector2" n="!$P" />
      </Data>
    </Data>
    <Data n="$Conns">
      <Data n="20207552672894c">
        <Key v="20206394704400e" t="String" n="$E" />
      </Data>
      <Data n="20206394709179c">
        <Key v="20206394704400e" t="String" n="$S" />
        <Key v="20206394704554e" t="String" n="$E" />
      </Data>
      <Data n="20206394709884c">
        <Key v="20206394704554e" t="String" n="$S" />
        <Key v="20206394705768e" t="String" n="$E" />
      </Data>
      <Data n="20207210040253c">
        <Key v="20207210039565e" t="String" n="$E" />
      </Data>
    </Data>
  </Data>
</DataRoot>