﻿<?xml version="1.0" encoding="utf-8"?>
<DataRoot n="X">
  <Data n="20207088763520">
    <Data n="$Elems">
      <Data n="20207088811254e">
        <Key v="20205344030099" t="String" n="$T" />
        <Key v="750,50" t="Vector2" n="!$P" />
        <Key v="add" t="String" n="Mod" />
        <Key v="-8" t="Decimal" n="Val" />
        <Key v="0" t="String" n="!UV" />
      </Data>
      <Data n="20207088813418e">
        <Key v="20205344030099" t="String" n="$T" />
        <Key v="1000,50" t="Vector2" n="!$P" />
        <Key v="add" t="String" n="Mod" />
        <Key v="-2" t="Decimal" n="Val" />
        <Key v="0" t="String" n="!UV" />
        <Key v="1" t="Int32" n="PL" />
      </Data>
      <Data n="20207088788863e">
        <Key v="20205410728894" t="String" n="$T" />
        <Key v="200,50" t="Vector2" n="!$P" />
        <Key v="1" t="Int32" n="!IC" />
        <Key v="Tb" t="String" n="Typ" />
      </Data>
      <Data n="20207088810466e">
        <Key v="20205410728894" t="String" n="$T" />
        <Key v="500,50" t="Vector2" n="!$P" />
        <Key v="ochr" t="String" n="!!Att" />
        <Key v="X20205339179859" t="String" n="Att" />
      </Data>
      <Data n="20207239757531e">
        <Key v="20205484464552" t="String" n="$T" />
        <Key v="200,-50" t="Vector2" n="!$P" />
        <Key v="1" t="Int32" n="!IF" />
        <Key v="1" t="Int32" n="!IT" />
        <Key v="Apply" t="String" n="Trig" />
      </Data>
      <Data n="20207239759875e">
        <Key v="20205502245113" t="String" n="$T" />
        <Key v="450,-50" t="Vector2" n="!$P" />
        <Key v="DE" t="String" n="Typ" />
        <Key v="Neg" t="String" n="Act" />
        <Key v="3" t="Int32" n="PI" />
        <Key v="X20207235590334" t="String" n="Eff" />
      </Data>
      <Data n="20207091425070e">
        <Key v="20205410801114" t="String" n="$T" />
        <Key v="250,-200" t="Vector2" n="!$P" />
      </Data>
    </Data>
    <Data n="$Conns">
      <Data n="20207088789222c">
        <Key v="20207088788863e" t="String" n="$E" />
      </Data>
      <Data n="20207088810470c">
        <Key v="20207088788863e" t="String" n="$S" />
        <Key v="20207088810466e" t="String" n="$E" />
      </Data>
      <Data n="20207091427010c">
        <Key v="20207088810466e" t="String" n="$S" />
        <Key v="20207088811254e" t="String" n="$E" />
      </Data>
      <Data n="20207088814315c">
        <Key v="20207088811254e" t="String" n="$S" />
        <Key v="20207088813418e" t="String" n="$E" />
      </Data>
      <Data n="20207091425729c">
        <Key v="20207091425070e" t="String" n="$E" />
      </Data>
      <Data n="20207239759220c">
        <Key v="20207239757531e" t="String" n="$E" />
      </Data>
      <Data n="20207239759879c">
        <Key v="20207239757531e" t="String" n="$S" />
        <Key v="20207239759875e" t="String" n="$E" />
      </Data>
    </Data>
  </Data>
</DataRoot>