﻿<?xml version="1.0" encoding="utf-8"?>
<DataRoot n="X">
  <Data n="20205339207370">
    <Data n="$Elems">
      <Data n="20206447742314e">
        <Key v="20205344030099" t="String" n="$T" />
        <Key v="200,50" t="Vector2" n="!$P" />
        <Key v="add" t="String" n="Mod" />
        <Key v="1" t="Decimal" n="Val" />
        <Key v="0" t="String" n="!UV" />
        <Key v="1" t="Int32" n="!K" />
        <Key v="1" t="Int32" n="!NP" />
        <Key v="uh" t="String" n="!!Att" />
        <Key v="X20205337791587" t="String" n="Att" />
      </Data>
    </Data>
    <Data n="$Conns">
      <Data n="20206447743106c">
        <Key v="20206447742314e" t="String" n="$E" />
      </Data>
    </Data>
    <Key v="-239,94" t="Vector2" n="!$MP" />
    <Key v="1.1,1.1,1.1" t="Vector3" n="!$MZ" />
  </Data>
</DataRoot>