﻿<?xml version="1.0" encoding="utf-8"?>
<DataRoot n="X">
  <Data n="20207188619020">
    <Data n="$Elems">
      <Data n="20207088811254e">
        <Key v="20205344030099" t="String" n="$T" />
        <Key v="750,200" t="Vector2" n="!$P" />
        <Key v="add" t="String" n="Mod" />
        <Key v="-25" t="Decimal" n="Val" />
        <Key v="0" t="String" n="!UV" />
      </Data>
      <Data n="20207088788863e">
        <Key v="20205410728894" t="String" n="$T" />
        <Key v="200,200" t="Vector2" n="!$P" />
        <Key v="1" t="Int32" n="!IC" />
        <Key v="Tb" t="String" n="Typ" />
      </Data>
      <Data n="20207088810466e">
        <Key v="20205410728894" t="String" n="$T" />
        <Key v="500,200" t="Vector2" n="!$P" />
        <Key v="och" t="String" n="!!Att" />
        <Key v="X20205339173683" t="String" n="Att" />
      </Data>
      <Data n="20207188563901e">
        <Key v="20205410728894" t="String" n="$T" />
        <Key v="500,100" t="Vector2" n="!$P" />
        <Key v="ini" t="String" n="!!Att" />
        <Key v="X20205337445028" t="String" n="Att" />
      </Data>
      <Data n="20207188566241e">
        <Key v="20205344030099" t="String" n="$T" />
        <Key v="750,100" t="Vector2" n="!$P" />
        <Key v="mod" t="String" n="Mod" />
        <Key v="-0.25" t="Decimal" n="Val" />
        <Key v="0" t="String" n="!UV" />
      </Data>
      <Data n="20207188664235e">
        <Key v="20205410728894" t="String" n="$T" />
        <Key v="500,0" t="Vector2" n="!$P" />
        <Key v="hod" t="String" n="!!Att" />
        <Key v="X20205339302055" t="String" n="Att" />
      </Data>
      <Data n="20207188666086e">
        <Key v="20205344030099" t="String" n="$T" />
        <Key v="750,0" t="Vector2" n="!$P" />
        <Key v="mod" t="String" n="Mod" />
        <Key v="-0.05" t="Decimal" n="Val" />
        <Key v="0" t="String" n="!UV" />
        <Key v="1" t="Int32" n="PL" />
      </Data>
      <Data n="20207136640703e">
        <Key v="20205410728894" t="String" n="$T" />
        <Key v="150,-100" t="Vector2" n="!$P" />
        <Key v="1" t="Int32" n="!IV" />
        <Key v="0" t="Int32" n="V" />
      </Data>
      <Data n="20207136641875e">
        <Key v="20205344030099" t="String" n="$T" />
        <Key v="400,-100" t="Vector2" n="!$P" />
        <Key v="add" t="String" n="Mod" />
        <Key v="1" t="Decimal" n="Val" />
        <Key v="0" t="String" n="!UV" />
        <Key v="1" t="Int32" n="PL" />
      </Data>
      <Data n="20207136468377e">
        <Key v="20205484464552" t="String" n="$T" />
        <Key v="150,-250" t="Vector2" n="!$P" />
        <Key v="1" t="Int32" n="!IT" />
        <Key v="RoundStart" t="String" n="Trig" />
      </Data>
      <Data n="20207136472148e">
        <Key v="20207116075055" t="String" n="$T" />
        <Key v="450,-250" t="Vector2" n="!$P" />
        <Key v="1" t="Int32" n="!IsD" />
        <Key v="0" t="Int32" n="Bns" />
        <Key v="Blight" t="String" n="DmgT" />
        <Key v="1" t="Int32" n="Php" />
      </Data>
      <Data n="20207091416067e">
        <Key v="20205410801114" t="String" n="$T" />
        <Key v="150,-400" t="Vector2" n="!$P" />
      </Data>
    </Data>
    <Data n="$Conns">
      <Data n="20207088789222c">
        <Key v="20207088788863e" t="String" n="$E" />
      </Data>
      <Data n="20207088810470c">
        <Key v="20207088788863e" t="String" n="$S" />
        <Key v="20207088810466e" t="String" n="$E" />
      </Data>
      <Data n="20207091418215c">
        <Key v="20207088810466e" t="String" n="$S" />
        <Key v="20207088811254e" t="String" n="$E" />
      </Data>
      <Data n="20207091416888c">
        <Key v="20207091416067e" t="String" n="$E" />
      </Data>
      <Data n="20207188564247c">
        <Key v="20207088788863e" t="String" n="$S" />
        <Key v="20207188563901e" t="String" n="$E" />
      </Data>
      <Data n="20207188566620c">
        <Key v="20207188563901e" t="String" n="$S" />
        <Key v="20207188566241e" t="String" n="$E" />
      </Data>
      <Data n="20207136468382c">
        <Key v="20207136468377e" t="String" n="$E" />
      </Data>
      <Data n="20207136472677c">
        <Key v="20207136468377e" t="String" n="$S" />
        <Key v="20207136472148e" t="String" n="$E" />
      </Data>
      <Data n="20207136641241c">
        <Key v="20207136640703e" t="String" n="$E" />
      </Data>
      <Data n="20207136642300c">
        <Key v="20207136640703e" t="String" n="$S" />
        <Key v="20207136641875e" t="String" n="$E" />
      </Data>
      <Data n="20207188664735c">
        <Key v="20207088788863e" t="String" n="$S" />
        <Key v="20207188664235e" t="String" n="$E" />
      </Data>
      <Data n="20207188666449c">
        <Key v="20207188664235e" t="String" n="$S" />
        <Key v="20207188666086e" t="String" n="$E" />
      </Data>
    </Data>
  </Data>
</DataRoot>