﻿<?xml version="1.0" encoding="utf-8"?>
<DataRoot n="X">
  <Data n="20205337466717">
    <Key v="-339,-46" t="Vector2" n="!$MP" />
    <Key v="1,1,1" t="Vector3" n="!$MZ" />
    <Data n="$Elems">
      <Data n="20205410666144e">
        <Key v="20205344030099" t="String" n="$T" />
        <Key v="200,50" t="Vector2" n="!$P" />
        <Key v="add" t="String" n="Mod" />
        <Key v="X20205337269344" t="String" n="Att" />
        <Key v="0.6" t="Decimal" n="Val" />
        <Key v="1" t="Int32" n="!K" />
        <Key v="0" t="String" n="!UV" />
      </Data>
      <Data n="20205410666445e">
        <Key v="20205344030099" t="String" n="$T" />
        <Key v="450,50" t="Vector2" n="!$P" />
        <Key v="add" t="String" n="Mod" />
        <Key v="2" t="Decimal" n="Val" />
      </Data>
      <Data n="20205485542043e">
        <Key v="20205484483351" t="String" n="$T" />
        <Key v="200,-100" t="Vector2" n="!$P" />
        <Key v="sa3" t="String" n="X" />
      </Data>
      <Data n="20205491662235e">
        <Key v="20205484483351" t="String" n="$T" />
        <Key v="450,-100" t="Vector2" n="!$P" />
        <Key v="sa1" t="String" n="X" />
      </Data>
    </Data>
    <Data n="$Conns">
      <Data n="20205410666862c">
        <Key v="20205410666144e" t="String" n="$S" />
        <Key v="20205410666445e" t="String" n="$E" />
      </Data>
      <Data n="20205410667254c">
        <Key v="20205410666144e" t="String" n="$E" />
      </Data>
      <Data n="20205491662681c">
        <Key v="20205485542043e" t="String" n="$S" />
        <Key v="20205491662235e" t="String" n="$E" />
      </Data>
      <Data n="20205491663678c">
        <Key v="20205485542043e" t="String" n="$E" />
      </Data>
    </Data>
  </Data>
</DataRoot>