﻿<?xml version="1.0" encoding="utf-8"?>
<DataRoot n="X">
  <Data n="20205337433255">
    <Key v="-634,-73" t="Vector2" n="!$MP" />
    <Key v="0.9,0.9,0.9" t="Vector3" n="!$MZ" />
    <Data n="$Elems">
      <Data n="20205463892418e">
        <Key v="20205344030099" t="String" n="$T" />
        <Key v="200,100" t="Vector2" n="!$P" />
        <Key v="add" t="String" n="Mod" />
        <Key v="3" t="Decimal" n="Val" />
        <Key v="X20205337374305" t="String" n="Att" />
        <Key v="1" t="Int32" n="!K" />
        <Key v="0" t="String" n="!UV" />
      </Data>
      <Data n="20205463892531e">
        <Key v="20205344030099" t="String" n="$T" />
        <Key v="450,100" t="Vector2" n="!$P" />
        <Key v="add" t="String" n="Mod" />
        <Key v="1" t="Decimal" n="Val" />
        <Key v="X20205337269344" t="String" n="Att" />
        <Key v="1" t="Int32" n="!K" />
        <Key v="0" t="String" n="!UV" />
      </Data>
      <Data n="20205463892614e">
        <Key v="20205344030099" t="String" n="$T" />
        <Key v="700,100" t="Vector2" n="!$P" />
        <Key v="add" t="String" n="Mod" />
        <Key v="0.5" t="Decimal" n="Val" />
        <Key v="X20205337370397" t="String" n="Att" />
        <Key v="1" t="Int32" n="!K" />
        <Key v="0" t="String" n="!UV" />
      </Data>
      <Data n="20205463892697e">
        <Key v="20205344030099" t="String" n="$T" />
        <Key v="950,100" t="Vector2" n="!$P" />
        <Key v="add" t="String" n="Mod" />
        <Key v="20" t="Decimal" n="Val" />
      </Data>
      <Data n="20205491646842e">
        <Key v="20205484483351" t="String" n="$T" />
        <Key v="1450,100" t="Vector2" n="!$P" />
        <Key v="sa1" t="String" n="X" />
      </Data>
      <Data n="20205464002014e">
        <Key v="20205344030099" t="String" n="$T" />
        <Key v="1200,100" t="Vector2" n="!$P" />
        <Key v="mod" t="String" n="Mod" />
        <Key v="0.12" t="Decimal" n="Val" />
        <Key v="1" t="Int32" n="PL" />
        <Key v="0" t="String" n="!UV" />
      </Data>
    </Data>
    <Data n="$Conns">
      <Data n="20205463893223c">
        <Key v="20205463892418e" t="String" n="$E" />
      </Data>
      <Data n="20205463893853c">
        <Key v="20205463892418e" t="String" n="$S" />
        <Key v="20205463892531e" t="String" n="$E" />
      </Data>
      <Data n="20205463894779c">
        <Key v="20205463892531e" t="String" n="$S" />
        <Key v="20205463892614e" t="String" n="$E" />
      </Data>
      <Data n="20205463895179c">
        <Key v="20205463892614e" t="String" n="$S" />
        <Key v="20205463892697e" t="String" n="$E" />
      </Data>
      <Data n="20205503048350c">
        <Key v="20205464002014e" t="String" n="$S" />
        <Key v="20205491646842e" t="String" n="$E" />
      </Data>
      <Data n="20205503047833c">
        <Key v="20205463892697e" t="String" n="$S" />
        <Key v="20205464002014e" t="String" n="$E" />
      </Data>
    </Data>
  </Data>
</DataRoot>