﻿<?xml version="1.0" encoding="utf-8"?>
<DataRoot n="X">
  <Data n="20205339571257">
    <Key v="-441,130" t="Vector2" n="!$MP" />
    <Key v="1.1,1.1,1.1" t="Vector3" n="!$MZ" />
    <Data n="$Elems">
      <Data n="20205530121237e">
        <Key v="20205344030099" t="String" n="$T" />
        <Key v="400,50" t="Vector2" n="!$P" />
        <Key v="add" t="String" n="Mod" />
        <Key v="X20205337269344" t="String" n="Att" />
        <Key v="2" t="Decimal" n="Val" />
        <Key v="1" t="Int32" n="!K" />
        <Key v="0" t="String" n="!UV" />
      </Data>
      <Data n="20205535075250e">
        <Key v="20205484464552" t="String" n="$T" />
        <Key v="150,50" t="Vector2" n="!$P" />
        <Key v="Melee" t="String" n="Cond" />
      </Data>
    </Data>
    <Data n="$Conns">
      <Data n="20205535077168c">
        <Key v="20205535075250e" t="String" n="$E" />
      </Data>
      <Data n="20205535077344c">
        <Key v="20205535075250e" t="String" n="$S" />
        <Key v="20205530121237e" t="String" n="$E" />
      </Data>
    </Data>
  </Data>
</DataRoot>