﻿<?xml version="1.0" encoding="utf-8"?>
<DataRoot n="X">
  <Data n="20205484691667">
    <Key v="-718,186" t="Vector2" n="!$MP" />
    <Key v="0.9,0.9,0.9" t="Vector3" n="!$MZ" />
    <Data n="$Elems">
      <Data n="20205502175370e">
        <Key v="20205410728894" t="String" n="$T" />
        <Key v="500,50" t="Vector2" n="!$P" />
        <Key v="1" t="Int32" n="BO" />
        <Key v="síl" t="String" n="!!Att" />
        <Key v="X20205337269344" t="String" n="Att" />
      </Data>
      <Data n="20205502183677e">
        <Key v="20205344030099" t="String" n="$T" />
        <Key v="1000,50" t="Vector2" n="!$P" />
        <Key v="add" t="String" n="Mod" />
        <Key v="-1" t="Decimal" n="Val" />
      </Data>
      <Data n="20205502189165e">
        <Key v="20205344030099" t="String" n="$T" />
        <Key v="1500,50" t="Vector2" n="!$P" />
        <Key v="add" t="String" n="Mod" />
        <Key v="-1" t="Decimal" n="Val" />
      </Data>
      <Data n="20205515672468e">
        <Key v="20205410728894" t="String" n="$T" />
        <Key v="1250,50" t="Vector2" n="!$P" />
        <Key v="1" t="Int32" n="!IC" />
        <Key v="Tm" t="String" n="Typ" />
      </Data>
      <Data n="20205529884311e">
        <Key v="20205410728894" t="String" n="$T" />
        <Key v="750,50" t="Vector2" n="!$P" />
        <Key v="1" t="Int32" n="!IC" />
        <Key v="Tb" t="String" n="Typ" />
      </Data>
      <Data n="20205577722481e">
        <Key v="20205484464552" t="String" n="$T" />
        <Key v="200,0" t="Vector2" n="!$P" />
        <Key v="1" t="Int32" n="!IF" />
        <Key v="Human" t="String" n="F" />
      </Data>
      <Data n="20205502191859e">
        <Key v="20205410728894" t="String" n="$T" />
        <Key v="500,-50" t="Vector2" n="!$P" />
        <Key v="1" t="Int32" n="BO" />
        <Key v="obr" t="String" n="!!Att" />
        <Key v="X20205337370397" t="String" n="Att" />
      </Data>
      <Data n="20205502192384e">
        <Key v="20205344030099" t="String" n="$T" />
        <Key v="1000,-50" t="Vector2" n="!$P" />
        <Key v="add" t="String" n="Mod" />
        <Key v="1" t="Decimal" n="Val" />
      </Data>
      <Data n="20205502192722e">
        <Key v="20205344030099" t="String" n="$T" />
        <Key v="1500,-50" t="Vector2" n="!$P" />
        <Key v="add" t="String" n="Mod" />
        <Key v="1" t="Decimal" n="Val" />
      </Data>
      <Data n="20205515676830e">
        <Key v="20205410728894" t="String" n="$T" />
        <Key v="1250,-50" t="Vector2" n="!$P" />
        <Key v="1" t="Int32" n="!IC" />
        <Key v="Tm" t="String" n="Typ" />
      </Data>
      <Data n="20205529885137e">
        <Key v="20205410728894" t="String" n="$T" />
        <Key v="750,-50" t="Vector2" n="!$P" />
        <Key v="1" t="Int32" n="!IC" />
        <Key v="Tb" t="String" n="Typ" />
      </Data>
      <Data n="20206394853970e">
        <Key v="20205484464552" t="String" n="$T" />
        <Key v="200,-150" t="Vector2" n="!$P" />
        <Key v="1" t="Int32" n="!IF" />
        <Key v="Gnome" t="String" n="F" />
      </Data>
      <Data n="20206394876594e">
        <Key v="20205410728894" t="String" n="$T" />
        <Key v="500,-150" t="Vector2" n="!$P" />
        <Key v="1" t="Int32" n="BO" />
        <Key v="síl" t="String" n="!!Att" />
        <Key v="X20205337269344" t="String" n="Att" />
      </Data>
      <Data n="20206394877465e">
        <Key v="20205410728894" t="String" n="$T" />
        <Key v="750,-150" t="Vector2" n="!$P" />
        <Key v="1" t="Int32" n="!IC" />
        <Key v="Tb" t="String" n="Typ" />
      </Data>
      <Data n="20206394878962e">
        <Key v="20205344030099" t="String" n="$T" />
        <Key v="1000,-150" t="Vector2" n="!$P" />
        <Key v="add" t="String" n="Mod" />
        <Key v="1" t="Decimal" n="Val" />
      </Data>
      <Data n="20206394881052e">
        <Key v="20205410728894" t="String" n="$T" />
        <Key v="1250,-150" t="Vector2" n="!$P" />
        <Key v="1" t="Int32" n="!IC" />
        <Key v="Tm" t="String" n="Typ" />
      </Data>
      <Data n="20206394882749e">
        <Key v="20205344030099" t="String" n="$T" />
        <Key v="1500,-150" t="Vector2" n="!$P" />
        <Key v="add" t="String" n="Mod" />
        <Key v="1" t="Decimal" n="Val" />
      </Data>
      <Data n="20206394883946e">
        <Key v="20205410728894" t="String" n="$T" />
        <Key v="500,-250" t="Vector2" n="!$P" />
        <Key v="1" t="Int32" n="BO" />
        <Key v="odo" t="String" n="!!Att" />
        <Key v="X20205337374305" t="String" n="Att" />
      </Data>
      <Data n="20206394884233e">
        <Key v="20205410728894" t="String" n="$T" />
        <Key v="750,-250" t="Vector2" n="!$P" />
        <Key v="1" t="Int32" n="!IC" />
        <Key v="Tb" t="String" n="Typ" />
      </Data>
      <Data n="20206394884496e">
        <Key v="20205344030099" t="String" n="$T" />
        <Key v="1000,-250" t="Vector2" n="!$P" />
        <Key v="add" t="String" n="Mod" />
        <Key v="1" t="Decimal" n="Val" />
      </Data>
      <Data n="20206394884751e">
        <Key v="20205410728894" t="String" n="$T" />
        <Key v="1250,-250" t="Vector2" n="!$P" />
        <Key v="1" t="Int32" n="!IC" />
        <Key v="Tm" t="String" n="Typ" />
      </Data>
      <Data n="20206394884989e">
        <Key v="20205344030099" t="String" n="$T" />
        <Key v="1500,-250" t="Vector2" n="!$P" />
        <Key v="add" t="String" n="Mod" />
        <Key v="1" t="Decimal" n="Val" />
      </Data>
      <Data n="20206394889872e">
        <Key v="20205410728894" t="String" n="$T" />
        <Key v="500,-350" t="Vector2" n="!$P" />
        <Key v="1" t="Int32" n="BO" />
        <Key v="obr" t="String" n="!!Att" />
        <Key v="X20205337370397" t="String" n="Att" />
      </Data>
      <Data n="20206394890147e">
        <Key v="20205410728894" t="String" n="$T" />
        <Key v="750,-350" t="Vector2" n="!$P" />
        <Key v="1" t="Int32" n="!IC" />
        <Key v="Tb" t="String" n="Typ" />
      </Data>
      <Data n="20206394890414e">
        <Key v="20205344030099" t="String" n="$T" />
        <Key v="1000,-350" t="Vector2" n="!$P" />
        <Key v="add" t="String" n="Mod" />
        <Key v="-2" t="Decimal" n="Val" />
      </Data>
      <Data n="20206394890664e">
        <Key v="20205410728894" t="String" n="$T" />
        <Key v="1250,-350" t="Vector2" n="!$P" />
        <Key v="1" t="Int32" n="!IC" />
        <Key v="Tm" t="String" n="Typ" />
      </Data>
      <Data n="20206394890918e">
        <Key v="20205344030099" t="String" n="$T" />
        <Key v="1500,-350" t="Vector2" n="!$P" />
        <Key v="add" t="String" n="Mod" />
        <Key v="-2" t="Decimal" n="Val" />
      </Data>
    </Data>
    <Data n="$Conns">
      <Data n="20205529886150c">
        <Key v="20205502191859e" t="String" n="$S" />
        <Key v="20205529885137e" t="String" n="$E" />
      </Data>
      <Data n="20205529886538c">
        <Key v="20205502175370e" t="String" n="$S" />
        <Key v="20205529884311e" t="String" n="$E" />
      </Data>
      <Data n="20205515677769c">
        <Key v="20205502192384e" t="String" n="$S" />
        <Key v="20205515676830e" t="String" n="$E" />
      </Data>
      <Data n="20205515679195c">
        <Key v="20205515676830e" t="String" n="$S" />
        <Key v="20205502192722e" t="String" n="$E" />
      </Data>
      <Data n="20205515672761c">
        <Key v="20205502183677e" t="String" n="$S" />
        <Key v="20205515672468e" t="String" n="$E" />
      </Data>
      <Data n="20205515673257c">
        <Key v="20205515672468e" t="String" n="$S" />
        <Key v="20205502189165e" t="String" n="$E" />
      </Data>
      <Data n="20205529886801c">
        <Key v="20205529884311e" t="String" n="$S" />
        <Key v="20205502183677e" t="String" n="$E" />
      </Data>
      <Data n="20205529887372c">
        <Key v="20205529885137e" t="String" n="$S" />
        <Key v="20205502192384e" t="String" n="$E" />
      </Data>
      <Data n="20205577738866c">
        <Key v="20205577722481e" t="String" n="$E" />
      </Data>
      <Data n="20205577739162c">
        <Key v="20205577722481e" t="String" n="$S" />
        <Key v="20205502175370e" t="String" n="$E" />
      </Data>
      <Data n="20205577740109c">
        <Key v="20205577722481e" t="String" n="$S" />
        <Key v="20205502191859e" t="String" n="$E" />
      </Data>
      <Data n="20206394854492c">
        <Key v="20206394853970e" t="String" n="$E" />
      </Data>
      <Data n="20206394877023c">
        <Key v="20206394853970e" t="String" n="$S" />
        <Key v="20206394876594e" t="String" n="$E" />
      </Data>
      <Data n="20206394877820c">
        <Key v="20206394876594e" t="String" n="$S" />
        <Key v="20206394877465e" t="String" n="$E" />
      </Data>
      <Data n="20206394879309c">
        <Key v="20206394877465e" t="String" n="$S" />
        <Key v="20206394878962e" t="String" n="$E" />
      </Data>
      <Data n="20206394881502c">
        <Key v="20206394878962e" t="String" n="$S" />
        <Key v="20206394881052e" t="String" n="$E" />
      </Data>
      <Data n="20206394883187c">
        <Key v="20206394881052e" t="String" n="$S" />
        <Key v="20206394882749e" t="String" n="$E" />
      </Data>
      <Data n="20206394885377c">
        <Key v="20206394883946e" t="String" n="$S" />
        <Key v="20206394884233e" t="String" n="$E" />
      </Data>
      <Data n="20206394885548c">
        <Key v="20206394853970e" t="String" n="$S" />
        <Key v="20206394883946e" t="String" n="$E" />
      </Data>
      <Data n="20206394885831c">
        <Key v="20206394884233e" t="String" n="$S" />
        <Key v="20206394884496e" t="String" n="$E" />
      </Data>
      <Data n="20206394886015c">
        <Key v="20206394884496e" t="String" n="$S" />
        <Key v="20206394884751e" t="String" n="$E" />
      </Data>
      <Data n="20206394886219c">
        <Key v="20206394884751e" t="String" n="$S" />
        <Key v="20206394884989e" t="String" n="$E" />
      </Data>
      <Data n="20206394891640c">
        <Key v="20206394853970e" t="String" n="$S" />
        <Key v="20206394889872e" t="String" n="$E" />
      </Data>
      <Data n="20206394891874c">
        <Key v="20206394889872e" t="String" n="$S" />
        <Key v="20206394890147e" t="String" n="$E" />
      </Data>
      <Data n="20206394892049c">
        <Key v="20206394890147e" t="String" n="$S" />
        <Key v="20206394890414e" t="String" n="$E" />
      </Data>
      <Data n="20206394892207c">
        <Key v="20206394890414e" t="String" n="$S" />
        <Key v="20206394890664e" t="String" n="$E" />
      </Data>
      <Data n="20206394892749c">
        <Key v="20206394890664e" t="String" n="$S" />
        <Key v="20206394890918e" t="String" n="$E" />
      </Data>
    </Data>
  </Data>
</DataRoot>