﻿<?xml version="1.0" encoding="utf-8"?>
<DataRoot n="X">
  <Data n="20205339299758">
    <Key v="-698,-90" t="Vector2" n="!$MP" />
    <Key v="1,1,1" t="Vector3" n="!$MZ" />
    <Data n="$Elems">
      <Data n="20205485514591e">
        <Key v="20205484483351" t="String" n="$T" />
        <Key v="700,50" t="Vector2" n="!$P" />
        <Key v="sa3" t="String" n="X" />
      </Data>
      <Data n="20207236692534e">
        <Key v="20205484483351" t="String" n="$T" />
        <Key v="950,50" t="Vector2" n="!$P" />
        <Key v="sa1" t="String" n="X" />
      </Data>
      <Data n="20207236723415e">
        <Key v="20205344030099" t="String" n="$T" />
        <Key v="200,50" t="Vector2" n="!$P" />
        <Key v="add" t="String" n="Mod" />
        <Key v="1" t="Decimal" n="Val" />
        <Key v="1" t="String" n="!UV" />
        <Key v="0" t="Decimal" n="Var" />
      </Data>
      <Data n="20207523113744e">
        <Key v="20205344030099" t="String" n="$T" />
        <Key v="450,50" t="Vector2" n="!$P" />
        <Key v="add" t="String" n="Mod" />
        <Key v="1" t="Decimal" n="Val" />
        <Key v="0" t="String" n="!UV" />
      </Data>
      <Data n="20205484600514e">
        <Key v="20205344030099" t="String" n="$T" />
        <Key v="450,-100" t="Vector2" n="!$P" />
        <Key v="add" t="String" n="Mod" />
        <Key v="1" t="Decimal" n="Val" />
        <Key v="X20205337370397" t="String" n="Att" />
        <Key v="1" t="Int32" n="!K" />
        <Key v="0" t="String" n="!UV" />
      </Data>
      <Data n="20205484600648e">
        <Key v="20205344030099" t="String" n="$T" />
        <Key v="700,-100" t="Vector2" n="!$P" />
        <Key v="add" t="String" n="Mod" />
        <Key v="-5" t="Decimal" n="Val" />
      </Data>
      <Data n="20205484601081e">
        <Key v="20205484483351" t="String" n="$T" />
        <Key v="950,-100" t="Vector2" n="!$P" />
        <Key v="sa0" t="String" n="X" />
      </Data>
      <Data n="20207236688205e">
        <Key v="20205410728894" t="String" n="$T" />
        <Key v="200,-100" t="Vector2" n="!$P" />
        <Key v="1" t="Int32" n="!IV" />
        <Key v="0" t="Int32" n="V" />
      </Data>
    </Data>
    <Data n="$Conns">
      <Data n="20207236692538c">
        <Key v="20205485514591e" t="String" n="$S" />
        <Key v="20207236692534e" t="String" n="$E" />
      </Data>
      <Data n="20205484601499c">
        <Key v="20205484600514e" t="String" n="$S" />
        <Key v="20205484600648e" t="String" n="$E" />
      </Data>
      <Data n="20205484601999c">
        <Key v="20205484600648e" t="String" n="$S" />
        <Key v="20205484601081e" t="String" n="$E" />
      </Data>
      <Data n="20207236688209c">
        <Key v="20207236688205e" t="String" n="$E" />
      </Data>
      <Data n="20207236689414c">
        <Key v="20207236688205e" t="String" n="$S" />
        <Key v="20205484600514e" t="String" n="$E" />
      </Data>
      <Data n="20207236723611c">
        <Key v="20207236723415e" t="String" n="$E" />
      </Data>
      <Data n="20207523114498c">
        <Key v="20207236723415e" t="String" n="$S" />
        <Key v="20207523113744e" t="String" n="$E" />
      </Data>
      <Data n="20207523114690c">
        <Key v="20207523113744e" t="String" n="$S" />
        <Key v="20205485514591e" t="String" n="$E" />
      </Data>
    </Data>
  </Data>
</DataRoot>