﻿<?xml version="1.0" encoding="utf-8"?>
<DataRoot n="X">
  <Data n="20205337442439">
    <Key v="-740,-48" t="Vector2" n="!$MP" />
    <Key v="1,1,1" t="Vector3" n="!$MZ" />
    <Data n="$Elems">
      <Data n="20205410684272e">
        <Key v="20205344030099" t="String" n="$T" />
        <Key v="200,50" t="Vector2" n="!$P" />
        <Key v="add" t="String" n="Mod" />
        <Key v="0.6" t="Decimal" n="Val" />
        <Key v="X20205337370397" t="String" n="Att" />
        <Key v="" t="String" n="!!Att" />
        <Key v="1" t="Int32" n="!K" />
        <Key v="0" t="String" n="!UV" />
      </Data>
      <Data n="20205410685002e">
        <Key v="20205344030099" t="String" n="$T" />
        <Key v="450,50" t="Vector2" n="!$P" />
        <Key v="add" t="String" n="Mod" />
        <Key v="0.2" t="Decimal" n="Val" />
        <Key v="X20205337377236" t="String" n="Att" />
        <Key v="" t="String" n="!!Att" />
        <Key v="1" t="Int32" n="!K" />
        <Key v="0" t="String" n="!UV" />
      </Data>
      <Data n="20205410685794e">
        <Key v="20205344030099" t="String" n="$T" />
        <Key v="700,50" t="Vector2" n="!$P" />
        <Key v="add" t="String" n="Mod" />
        <Key v="0.2" t="Decimal" n="Val" />
        <Key v="X20205337269344" t="String" n="Att" />
        <Key v="1" t="Int32" n="!K" />
        <Key v="0" t="String" n="!UV" />
      </Data>
      <Data n="20205410691082e">
        <Key v="20205344030099" t="String" n="$T" />
        <Key v="950,50" t="Vector2" n="!$P" />
        <Key v="add" t="String" n="Mod" />
        <Key v="7" t="Decimal" n="Val" />
      </Data>
      <Data n="20205485523961e">
        <Key v="20205484483351" t="String" n="$T" />
        <Key v="1200,50" t="Vector2" n="!$P" />
        <Key v="sa3" t="String" n="X" />
      </Data>
      <Data n="20205491624940e">
        <Key v="20205484483351" t="String" n="$T" />
        <Key v="1450,50" t="Vector2" n="!$P" />
        <Key v="sa1" t="String" n="X" />
      </Data>
      <Data n="20205515384864e">
        <Key v="20205410728894" t="String" n="$T" />
        <Key v="200,-100" t="Vector2" n="!$P" />
        <Key v="1" t="Int32" n="!IC" />
        <Key v="Tm" t="String" n="Typ" />
      </Data>
      <Data n="20205463840949e">
        <Key v="20205344030099" t="String" n="$T" />
        <Key v="450,-100" t="Vector2" n="!$P" />
        <Key v="add" t="String" n="Mod" />
        <Key v="30" t="Decimal" n="Val" />
      </Data>
    </Data>
    <Data n="$Conns">
      <Data n="20205410684856c">
        <Key v="20205410684272e" t="String" n="$E" />
      </Data>
      <Data n="20205410685365c">
        <Key v="20205410684272e" t="String" n="$S" />
        <Key v="20205410685002e" t="String" n="$E" />
      </Data>
      <Data n="20205410685999c">
        <Key v="20205410685002e" t="String" n="$S" />
        <Key v="20205410685794e" t="String" n="$E" />
      </Data>
      <Data n="20205410691649c">
        <Key v="20205410685794e" t="String" n="$S" />
        <Key v="20205410691082e" t="String" n="$E" />
      </Data>
      <Data n="20205485524453c">
        <Key v="20205410691082e" t="String" n="$S" />
        <Key v="20205485523961e" t="String" n="$E" />
      </Data>
      <Data n="20205491625366c">
        <Key v="20205485523961e" t="String" n="$S" />
        <Key v="20205491624940e" t="String" n="$E" />
      </Data>
      <Data n="20205515404276c">
        <Key v="20205515384864e" t="String" n="$E" />
      </Data>
      <Data n="20205515435995c">
        <Key v="20205515384864e" t="String" n="$S" />
        <Key v="20205463840949e" t="String" n="$E" />
      </Data>
    </Data>
  </Data>
</DataRoot>