﻿<?xml version="1.0" encoding="utf-8"?>
<DataRoot n="X">
  <Data n="20205337440745">
    <Key v="-333,151" t="Vector2" n="!$MP" />
    <Key v="0.7,0.7,0.7" t="Vector3" n="!$MZ" />
    <Data n="$Elems">
      <Data n="20205464022590e">
        <Key v="20205344030099" t="String" n="$T" />
        <Key v="450,750" t="Vector2" n="!$P" />
        <Key v="add" t="String" n="Mod" />
        <Key v="1.5" t="Decimal" n="Val" />
        <Key v="X20205337269344" t="String" n="Att" />
        <Key v="1" t="Int32" n="!K" />
        <Key v="0" t="String" n="!UV" />
      </Data>
      <Data n="20205464025822e">
        <Key v="20205344030099" t="String" n="$T" />
        <Key v="700,750" t="Vector2" n="!$P" />
        <Key v="add" t="String" n="Mod" />
        <Key v="10" t="Decimal" n="Val" />
      </Data>
      <Data n="20205464063154e">
        <Key v="20205344030099" t="String" n="$T" />
        <Key v="950,750" t="Vector2" n="!$P" />
        <Key v="mod" t="String" n="Mod" />
        <Key v="0.1" t="Decimal" n="Val" />
        <Key v="0" t="String" n="!UV" />
        <Key v="1" t="Int32" n="PL" />
      </Data>
      <Data n="20205577820970e">
        <Key v="20205484464552" t="String" n="$T" />
        <Key v="200,750" t="Vector2" n="!$P" />
        <Key v="1" t="Int32" n="!IF" />
        <Key v="Rage" t="String" n="F" />
      </Data>
      <Data n="20205624038660e">
        <Key v="20205484464552" t="String" n="$T" />
        <Key v="450,600" t="Vector2" n="!$P" />
        <Key v="1" t="Int32" n="!IT" />
        <Key v="CalcAttack" t="String" n="Trig" />
      </Data>
      <Data n="20205624059115e">
        <Key v="20205410728894" t="String" n="$T" />
        <Key v="950,600" t="Vector2" n="!$P" />
        <Key v="energie" t="String" n="!!Att" />
        <Key v="X20205337440745" t="String" n="Att" />
      </Data>
      <Data n="20205624059741e">
        <Key v="20205410728894" t="String" n="$T" />
        <Key v="1200,600" t="Vector2" n="!$P" />
        <Key v="1" t="Int32" n="!IC" />
        <Key v="Ta" t="String" n="Typ" />
      </Data>
      <Data n="20205624060362e">
        <Key v="20205344030099" t="String" n="$T" />
        <Key v="1450,600" t="Vector2" n="!$P" />
        <Key v="add" t="String" n="Mod" />
        <Key v="1" t="Decimal" n="Val" />
        <Key v="hod" t="String" n="!!Att" />
      </Data>
      <Data n="20205624069515e">
        <Key v="20205484464552" t="String" n="$T" />
        <Key v="700,500" t="Vector2" n="!$P" />
        <Key v="Kill" t="String" n="Cond" />
      </Data>
      <Data n="20205624065112e">
        <Key v="20205410728894" t="String" n="$T" />
        <Key v="950,500" t="Vector2" n="!$P" />
        <Key v="energie" t="String" n="!!Att" />
        <Key v="X20205337440745" t="String" n="Att" />
      </Data>
      <Data n="20205624065454e">
        <Key v="20205410728894" t="String" n="$T" />
        <Key v="1200,500" t="Vector2" n="!$P" />
        <Key v="1" t="Int32" n="!IC" />
        <Key v="Ta" t="String" n="Typ" />
      </Data>
      <Data n="20205624065741e">
        <Key v="20205344030099" t="String" n="$T" />
        <Key v="1450,500" t="Vector2" n="!$P" />
        <Key v="add" t="String" n="Mod" />
        <Key v="3" t="Decimal" n="Val" />
        <Key v="hod" t="String" n="!!Att" />
      </Data>
      <Data n="20205624077043e">
        <Key v="20205484464552" t="String" n="$T" />
        <Key v="450,400" t="Vector2" n="!$P" />
        <Key v="1" t="Int32" n="!IT" />
        <Key v="GetHit" t="String" n="Trig" />
      </Data>
      <Data n="20205624089833e">
        <Key v="20205410728894" t="String" n="$T" />
        <Key v="950,400" t="Vector2" n="!$P" />
        <Key v="energie" t="String" n="!!Att" />
        <Key v="X20205337440745" t="String" n="Att" />
      </Data>
      <Data n="20205624090150e">
        <Key v="20205410728894" t="String" n="$T" />
        <Key v="1200,400" t="Vector2" n="!$P" />
        <Key v="1" t="Int32" n="!IC" />
        <Key v="Ta" t="String" n="Typ" />
      </Data>
      <Data n="20205624090450e">
        <Key v="20205344030099" t="String" n="$T" />
        <Key v="1450,400" t="Vector2" n="!$P" />
        <Key v="add" t="String" n="Mod" />
        <Key v="1" t="Decimal" n="Val" />
        <Key v="hod" t="String" n="!!Att" />
      </Data>
      <Data n="20205624093553e">
        <Key v="20205484464552" t="String" n="$T" />
        <Key v="700,300" t="Vector2" n="!$P" />
        <Key v="Resting" t="String" n="Cond" />
      </Data>
      <Data n="20205624097802e">
        <Key v="20205410728894" t="String" n="$T" />
        <Key v="950,300" t="Vector2" n="!$P" />
        <Key v="energie" t="String" n="!!Att" />
        <Key v="X20205337440745" t="String" n="Att" />
      </Data>
      <Data n="20205624098215e">
        <Key v="20205410728894" t="String" n="$T" />
        <Key v="1200,300" t="Vector2" n="!$P" />
        <Key v="1" t="Int32" n="!IC" />
        <Key v="Ta" t="String" n="Typ" />
      </Data>
      <Data n="20205624098874e">
        <Key v="20205344030099" t="String" n="$T" />
        <Key v="1450,300" t="Vector2" n="!$P" />
        <Key v="mod" t="String" n="Mod" />
        <Key v="-0.5" t="Decimal" n="Val" />
        <Key v="hod" t="String" n="!!Att" />
      </Data>
      <Data n="20205624143124e">
        <Key v="20205484464552" t="String" n="$T" />
        <Key v="450,300" t="Vector2" n="!$P" />
        <Key v="1" t="Int32" n="!IT" />
        <Key v="CalcAction" t="String" n="Trig" />
      </Data>
      <Data n="20205464032857e">
        <Key v="20205344030099" t="String" n="$T" />
        <Key v="450,100" t="Vector2" n="!$P" />
        <Key v="add" t="String" n="Mod" />
        <Key v="1" t="Decimal" n="Val" />
        <Key v="X20205337380698" t="String" n="Att" />
        <Key v="1" t="Int32" n="!K" />
        <Key v="0" t="String" n="!UV" />
      </Data>
      <Data n="20205464034279e">
        <Key v="20205344030099" t="String" n="$T" />
        <Key v="700,100" t="Vector2" n="!$P" />
        <Key v="add" t="String" n="Mod" />
        <Key v="5" t="Decimal" n="Val" />
      </Data>
      <Data n="20205464061369e">
        <Key v="20205344030099" t="String" n="$T" />
        <Key v="950,100" t="Vector2" n="!$P" />
        <Key v="mod" t="String" n="Mod" />
        <Key v="0.1" t="Decimal" n="Val" />
        <Key v="0" t="String" n="!UV" />
        <Key v="1" t="Int32" n="PL" />
      </Data>
      <Data n="20205577822058e">
        <Key v="20205484464552" t="String" n="$T" />
        <Key v="200,100" t="Vector2" n="!$P" />
        <Key v="1" t="Int32" n="!IF" />
        <Key v="Focus" t="String" n="F" />
      </Data>
      <Data n="20205623883538e">
        <Key v="20205484464552" t="String" n="$T" />
        <Key v="450,-50" t="Vector2" n="!$P" />
        <Key v="1" t="Int32" n="!IT" />
        <Key v="CalcAction" t="String" n="Trig" />
      </Data>
      <Data n="20205623888292e">
        <Key v="20205484464552" t="String" n="$T" />
        <Key v="700,-50" t="Vector2" n="!$P" />
        <Key v="Resting" t="String" n="Cond" />
      </Data>
      <Data n="20205623898905e">
        <Key v="20205410728894" t="String" n="$T" />
        <Key v="1200,-50" t="Vector2" n="!$P" />
        <Key v="1" t="Int32" n="!IC" />
        <Key v="Ta" t="String" n="Typ" />
      </Data>
      <Data n="20205623899443e">
        <Key v="20205344030099" t="String" n="$T" />
        <Key v="1450,-50" t="Vector2" n="!$P" />
        <Key v="add" t="String" n="Mod" />
        <Key v="1" t="Decimal" n="Val" />
        <Key v="1" t="Int32" n="!NP" />
        <Key v="hod" t="String" n="!!Att" />
        <Key v="X20205339305800" t="String" n="Att" />
        <Key v="1" t="Int32" n="!K" />
      </Data>
      <Data n="20205624012942e">
        <Key v="20205410728894" t="String" n="$T" />
        <Key v="950,-50" t="Vector2" n="!$P" />
        <Key v="energie" t="String" n="!!Att" />
        <Key v="X20205337440745" t="String" n="Att" />
      </Data>
      <Data n="20205464054067e">
        <Key v="20205344030099" t="String" n="$T" />
        <Key v="450,-200" t="Vector2" n="!$P" />
        <Key v="add" t="String" n="Mod" />
        <Key v="2" t="Decimal" n="Val" />
        <Key v="X20205337377236" t="String" n="Att" />
        <Key v="1" t="Int32" n="!K" />
        <Key v="0" t="String" n="!UV" />
      </Data>
      <Data n="20205464054392e">
        <Key v="20205344030099" t="String" n="$T" />
        <Key v="700,-200" t="Vector2" n="!$P" />
        <Key v="add" t="String" n="Mod" />
        <Key v="10" t="Decimal" n="Val" />
      </Data>
      <Data n="20205464060147e">
        <Key v="20205344030099" t="String" n="$T" />
        <Key v="950,-200" t="Vector2" n="!$P" />
        <Key v="mod" t="String" n="Mod" />
        <Key v="0.25" t="Decimal" n="Val" />
        <Key v="0" t="String" n="!UV" />
        <Key v="1" t="Int32" n="PL" />
      </Data>
      <Data n="20205577823001e">
        <Key v="20205484464552" t="String" n="$T" />
        <Key v="200,-200" t="Vector2" n="!$P" />
        <Key v="1" t="Int32" n="!IF" />
        <Key v="Mana" t="String" n="F" />
      </Data>
      <Data n="20205491640925e">
        <Key v="20205484483351" t="String" n="$T" />
        <Key v="450,-400" t="Vector2" n="!$P" />
        <Key v="sa1" t="String" n="X" />
      </Data>
      <Data n="20206440668565e">
        <Key v="20205484464552" t="String" n="$T" />
        <Key v="200,-400" t="Vector2" n="!$P" />
        <Key v="1" t="Int32" n="!IF" />
      </Data>
    </Data>
    <Data n="$Conns">
      <Data n="20205577826817c">
        <Key v="20205577823001e" t="String" n="$S" />
        <Key v="20205464054067e" t="String" n="$E" />
      </Data>
      <Data n="20205577826654c">
        <Key v="20205577823001e" t="String" n="$E" />
      </Data>
      <Data n="20205464026414c">
        <Key v="20205464022590e" t="String" n="$S" />
        <Key v="20205464025822e" t="String" n="$E" />
      </Data>
      <Data n="20205577826975c">
        <Key v="20205577822058e" t="String" n="$S" />
        <Key v="20205464032857e" t="String" n="$E" />
      </Data>
      <Data n="20205577826354c">
        <Key v="20205577820970e" t="String" n="$E" />
      </Data>
      <Data n="20205464035072c">
        <Key v="20205464032857e" t="String" n="$S" />
        <Key v="20205464034279e" t="String" n="$E" />
      </Data>
      <Data n="20205577827134c">
        <Key v="20205577820970e" t="String" n="$S" />
        <Key v="20205464022590e" t="String" n="$E" />
      </Data>
      <Data n="20205577826145c">
        <Key v="20205577822058e" t="String" n="$E" />
      </Data>
      <Data n="20205464054396c">
        <Key v="20205464054067e" t="String" n="$S" />
        <Key v="20205464054392e" t="String" n="$E" />
      </Data>
      <Data n="20205503014003c">
        <Key v="20205464054392e" t="String" n="$S" />
        <Key v="20205464060147e" t="String" n="$E" />
      </Data>
      <Data n="20205503011339c">
        <Key v="20205464025822e" t="String" n="$S" />
        <Key v="20205464063154e" t="String" n="$E" />
      </Data>
      <Data n="20205503012152c">
        <Key v="20205464034279e" t="String" n="$S" />
        <Key v="20205464061369e" t="String" n="$E" />
      </Data>
      <Data n="20205623883542c">
        <Key v="20205577822058e" t="String" n="$S" />
        <Key v="20205623883538e" t="String" n="$E" />
      </Data>
      <Data n="20205623888296c">
        <Key v="20205623883538e" t="String" n="$S" />
        <Key v="20205623888292e" t="String" n="$E" />
      </Data>
      <Data n="20205623899885c">
        <Key v="20205623898905e" t="String" n="$S" />
        <Key v="20205623899443e" t="String" n="$E" />
      </Data>
      <Data n="20205624016036c">
        <Key v="20205623888292e" t="String" n="$S" />
        <Key v="20205624012942e" t="String" n="$E" />
      </Data>
      <Data n="20205624016274c">
        <Key v="20205624012942e" t="String" n="$S" />
        <Key v="20205623898905e" t="String" n="$E" />
      </Data>
      <Data n="20205624041375c">
        <Key v="20205577820970e" t="String" n="$S" />
        <Key v="20205624038660e" t="String" n="$E" />
      </Data>
      <Data n="20205624064340c">
        <Key v="20205624059741e" t="String" n="$S" />
        <Key v="20205624060362e" t="String" n="$E" />
      </Data>
      <Data n="20205624085166c">
        <Key v="20205624038660e" t="String" n="$S" />
        <Key v="20205624069515e" t="String" n="$E" />
      </Data>
      <Data n="20205624064545c">
        <Key v="20205624059115e" t="String" n="$S" />
        <Key v="20205624059741e" t="String" n="$E" />
      </Data>
      <Data n="20205624072281c">
        <Key v="20205624069515e" t="String" n="$S" />
        <Key v="20205624065112e" t="String" n="$E" />
      </Data>
      <Data n="20205624064791c">
        <Key v="20205624038660e" t="String" n="$S" />
        <Key v="20205624059115e" t="String" n="$E" />
      </Data>
      <Data n="20205624085542c">
        <Key v="20205577820970e" t="String" n="$S" />
        <Key v="20205624077043e" t="String" n="$E" />
      </Data>
      <Data n="20205624072806c">
        <Key v="20205624065112e" t="String" n="$S" />
        <Key v="20205624065454e" t="String" n="$E" />
      </Data>
      <Data n="20205624073736c">
        <Key v="20205624065454e" t="String" n="$S" />
        <Key v="20205624065741e" t="String" n="$E" />
      </Data>
      <Data n="20205624091001c">
        <Key v="20205624090150e" t="String" n="$S" />
        <Key v="20205624090450e" t="String" n="$E" />
      </Data>
      <Data n="20205624091222c">
        <Key v="20205624089833e" t="String" n="$S" />
        <Key v="20205624090150e" t="String" n="$E" />
      </Data>
      <Data n="20205624091618c">
        <Key v="20205624077043e" t="String" n="$S" />
        <Key v="20205624089833e" t="String" n="$E" />
      </Data>
      <Data n="20205624102077c">
        <Key v="20205624098215e" t="String" n="$S" />
        <Key v="20205624098874e" t="String" n="$E" />
      </Data>
      <Data n="20205624102536c">
        <Key v="20205624097802e" t="String" n="$S" />
        <Key v="20205624098215e" t="String" n="$E" />
      </Data>
      <Data n="20205624103048c">
        <Key v="20205624093553e" t="String" n="$S" />
        <Key v="20205624097802e" t="String" n="$E" />
      </Data>
      <Data n="20205624143829c">
        <Key v="20205624143124e" t="String" n="$S" />
        <Key v="20205624093553e" t="String" n="$E" />
      </Data>
      <Data n="20205624144150c">
        <Key v="20205577820970e" t="String" n="$S" />
        <Key v="20205624143124e" t="String" n="$E" />
      </Data>
      <Data n="20206440671467c">
        <Key v="20206440668565e" t="String" n="$E" />
      </Data>
      <Data n="20206440896493c">
        <Key v="20206440668565e" t="String" n="$S" />
        <Key v="20205491640925e" t="String" n="$E" />
      </Data>
    </Data>
  </Data>
</DataRoot>